{"type":"FeatureCollection","id":"andor-112-2022-to-2025-emerged","crs":{"type":"name","properties":{"name":"urn:ogc:def:crs:OGC:1.3:CRS84"}},"features":[{"type":"Feature","properties":{"country_code":"TUR","city":"Pozant\u0131","id":"302482","downloaders":{"size":8002,"mobile":3444,"satellite":0,"tor":0,"tor_exit_nodes":0,"vpn":0,"relay":0,"proxy":0,"hosting":0,"service":0},"uploaders":{"size":6,"mobile":3,"satellite":0,"tor":0,"tor_exit_nodes":0,"vpn":0,"relay":0,"proxy":0,"hosting":0,"service":0}},"geometry":{"type":"Point","coordinates":[34.87167,37.42778]}},{"type":"Feature","properties":{"country_code":"DEU","city":"Bergheim","id":"2950438","downloaders":{"size":6325,"mobile":0,"satellite":0,"tor":0,"tor_exit_nodes":0,"vpn":0,"relay":0,"proxy":0,"hosting":0,"service":0},"uploaders":{"size":846,"mobile":0,"satellite":0,"tor":0,"tor_exit_nodes":0,"vpn":0,"relay":0,"proxy":0,"hosting":0,"service":0}},"geometry":{"type":"Point","coordinates":[6.63986,50.95572]}},{"type":"Feature","properties":{"country_code":"TUR","city":"Gesi","id":"314559","downloaders":{"size":4831,"mobile":1358,"satellite":0,"tor":0,"tor_exit_nodes":0,"vpn":0,"relay":0,"proxy":0,"hosting":0,"service":0},"uploaders":{"size":7,"mobile":1,"satellite":0,"tor":0,"tor_exit_nodes":0,"vpn":0,"relay":0,"proxy":0,"hosting":0,"service":0}},"geometry":{"type":"Point","coordinates":[35.65923,38.7918]}},{"type":"Feature","properties":{"country_code":"MEX","city":"Tlaxcala","id":"3815415","downloaders":{"size":2081,"mobile":0,"satellite":0,"tor":0,"tor_exit_nodes":0,"vpn":0,"relay":0,"proxy":0,"hosting":0,"service":0},"uploaders":{"size":8,"mobile":0,"satellite":0,"tor":0,"tor_exit_nodes":0,"vpn":0,"relay":0,"proxy":0,"hosting":0,"service":0}},"geometry":{"type":"Point","coordinates":[-98.23846,19.31777]}},{"type":"Feature","properties":{"country_code":"DEU","city":"Umkirch","id":"2820190","downloaders":{"size":1582,"mobile":0,"satellite":0,"tor":0,"tor_exit_nodes":0,"vpn":0,"relay":0,"proxy":0,"hosting":1582,"service":0},"uploaders":{"size":5,"mobile":0,"satellite":0,"tor":0,"tor_exit_nodes":0,"vpn":0,"relay":0,"proxy":0,"hosting":5,"service":0}},"geometry":{"type":"Point","coordinates":[7.76667,48.03333]}},{"type":"Feature","properties":{"country_code":"COL","city":"Yumbo","id":"3665657","downloaders":{"size":1350,"mobile":2,"satellite":0,"tor":0,"tor_exit_nodes":0,"vpn":0,"relay":0,"proxy":0,"hosting":0,"service":0},"uploaders":{"size":9,"mobile":0,"satellite":0,"tor":0,"tor_exit_nodes":0,"vpn":0,"relay":0,"proxy":0,"hosting":0,"service":0}},"geometry":{"type":"Point","coordinates":[-76.49146,3.58234]}},{"type":"Feature","properties":{"country_code":"KOR","city":"Naes\u014f","id":"1925936","downloaders":{"size":1251,"mobile":0,"satellite":0,"tor":0,"tor_exit_nodes":0,"vpn":0,"relay":0,"proxy":0,"hosting":0,"service":0},"uploaders":{"size":5,"mobile":0,"satellite":0,"tor":0,"tor_exit_nodes":0,"vpn":0,"relay":0,"proxy":0,"hosting":0,"service":0}},"geometry":{"type":"Point","coordinates":[128.52,35.24972]}},{"type":"Feature","properties":{"country_code":"DEU","city":"Ibbenbueren","id":"2896817","downloaders":{"size":1091,"mobile":0,"satellite":0,"tor":0,"tor_exit_nodes":0,"vpn":1,"relay":0,"proxy":0,"hosting":0,"service":0},"uploaders":{"size":145,"mobile":0,"satellite":0,"tor":0,"tor_exit_nodes":0,"vpn":0,"relay":0,"proxy":0,"hosting":0,"service":0}},"geometry":{"type":"Point","coordinates":[7.71457,52.27964]}},{"type":"Feature","properties":{"country_code":"KOR","city":"Jeongok","id":"1845556","downloaders":{"size":1073,"mobile":0,"satellite":0,"tor":0,"tor_exit_nodes":0,"vpn":0,"relay":0,"proxy":0,"hosting":0,"service":0},"uploaders":{"size":4,"mobile":0,"satellite":0,"tor":0,"tor_exit_nodes":0,"vpn":0,"relay":0,"proxy":0,"hosting":0,"service":0}},"geometry":{"type":"Point","coordinates":[127.07021,38.02596]}},{"type":"Feature","properties":{"country_code":"DEU","city":"Dorsten","id":"2935530","downloaders":{"size":956,"mobile":0,"satellite":0,"tor":0,"tor_exit_nodes":0,"vpn":0,"relay":0,"proxy":0,"hosting":42,"service":0},"uploaders":{"size":121,"mobile":0,"satellite":0,"tor":0,"tor_exit_nodes":0,"vpn":0,"relay":0,"proxy":0,"hosting":1,"service":0}},"geometry":{"type":"Point","coordinates":[6.96514,51.66166]}},{"type":"Feature","properties":{"country_code":"CHN","city":"Jiangyin","id":"1815251","downloaders":{"size":939,"mobile":0,"satellite":0,"tor":0,"tor_exit_nodes":0,"vpn":1,"relay":0,"proxy":0,"hosting":0,"service":0},"uploaders":{"size":5,"mobile":0,"satellite":0,"tor":0,"tor_exit_nodes":0,"vpn":0,"relay":0,"proxy":0,"hosting":0,"service":0}},"geometry":{"type":"Point","coordinates":[120.26302,31.91102]}},{"type":"Feature","properties":{"country_code":"DEU","city":"Coesfeld","id":"2939945","downloaders":{"size":927,"mobile":0,"satellite":0,"tor":0,"tor_exit_nodes":0,"vpn":0,"relay":0,"proxy":0,"hosting":0,"service":0},"uploaders":{"size":110,"mobile":0,"satellite":0,"tor":0,"tor_exit_nodes":0,"vpn":0,"relay":0,"proxy":0,"hosting":0,"service":0}},"geometry":{"type":"Point","coordinates":[7.16809,51.94349]}},{"type":"Feature","properties":{"country_code":"KOR","city":"Yanggu","id":"1832909","downloaders":{"size":840,"mobile":0,"satellite":0,"tor":0,"tor_exit_nodes":0,"vpn":0,"relay":0,"proxy":0,"hosting":0,"service":0},"uploaders":{"size":4,"mobile":0,"satellite":0,"tor":0,"tor_exit_nodes":0,"vpn":0,"relay":0,"proxy":0,"hosting":0,"service":0}},"geometry":{"type":"Point","coordinates":[127.98944,38.10583]}},{"type":"Feature","properties":{"country_code":"SGP","city":"Kampong Loyang","id":"1880586","downloaders":{"size":808,"mobile":0,"satellite":0,"tor":0,"tor_exit_nodes":0,"vpn":16,"relay":0,"proxy":0,"hosting":805,"service":0},"uploaders":{"size":7,"mobile":0,"satellite":0,"tor":0,"tor_exit_nodes":0,"vpn":0,"relay":0,"proxy":0,"hosting":6,"service":0}},"geometry":{"type":"Point","coordinates":[103.95944,1.37778]}},{"type":"Feature","properties":{"country_code":"FRA","city":"Cambrai","id":"3029030","downloaders":{"size":787,"mobile":285,"satellite":0,"tor":0,"tor_exit_nodes":0,"vpn":0,"relay":0,"proxy":0,"hosting":0,"service":0},"uploaders":{"size":4,"mobile":2,"satellite":0,"tor":0,"tor_exit_nodes":0,"vpn":0,"relay":0,"proxy":0,"hosting":0,"service":0}},"geometry":{"type":"Point","coordinates":[3.23472,50.17596]}},{"type":"Feature","properties":{"country_code":"RUS","city":"Lakinsk","id":"537107","downloaders":{"size":765,"mobile":0,"satellite":0,"tor":0,"tor_exit_nodes":0,"vpn":0,"relay":0,"proxy":0,"hosting":0,"service":0},"uploaders":{"size":13,"mobile":0,"satellite":0,"tor":0,"tor_exit_nodes":0,"vpn":0,"relay":0,"proxy":0,"hosting":0,"service":0}},"geometry":{"type":"Point","coordinates":[39.94848,56.01931]}},{"type":"Feature","properties":{"country_code":"BRA","city":"Cachoeiras de Macacu","id":"3468425","downloaders":{"size":764,"mobile":0,"satellite":0,"tor":0,"tor_exit_nodes":0,"vpn":0,"relay":0,"proxy":0,"hosting":0,"service":0},"uploaders":{"size":9,"mobile":0,"satellite":0,"tor":0,"tor_exit_nodes":0,"vpn":0,"relay":0,"proxy":0,"hosting":0,"service":0}},"geometry":{"type":"Point","coordinates":[-42.65306,-22.4625]}},{"type":"Feature","properties":{"country_code":"DEU","city":"Marl","id":"2873263","downloaders":{"size":753,"mobile":0,"satellite":0,"tor":0,"tor_exit_nodes":0,"vpn":0,"relay":0,"proxy":0,"hosting":21,"service":0},"uploaders":{"size":17,"mobile":0,"satellite":0,"tor":0,"tor_exit_nodes":0,"vpn":0,"relay":0,"proxy":0,"hosting":0,"service":0}},"geometry":{"type":"Point","coordinates":[7.09038,51.65671]}},{"type":"Feature","properties":{"country_code":"BRA","city":"Luc\u00e9lia","id":"3458390","downloaders":{"size":746,"mobile":0,"satellite":0,"tor":0,"tor_exit_nodes":0,"vpn":0,"relay":0,"proxy":0,"hosting":0,"service":0},"uploaders":{"size":5,"mobile":0,"satellite":0,"tor":0,"tor_exit_nodes":0,"vpn":0,"relay":0,"proxy":0,"hosting":0,"service":0}},"geometry":{"type":"Point","coordinates":[-51.01889,-21.72028]}},{"type":"Feature","properties":{"country_code":"DEU","city":"Mettingen","id":"2871540","downloaders":{"size":742,"mobile":0,"satellite":0,"tor":0,"tor_exit_nodes":0,"vpn":0,"relay":0,"proxy":0,"hosting":0,"service":0},"uploaders":{"size":84,"mobile":0,"satellite":0,"tor":0,"tor_exit_nodes":0,"vpn":0,"relay":0,"proxy":0,"hosting":0,"service":0}},"geometry":{"type":"Point","coordinates":[7.78333,52.31667]}},{"type":"Feature","properties":{"country_code":"VEN","city":"La Villa del Rosario","id":"3628966","downloaders":{"size":733,"mobile":0,"satellite":0,"tor":0,"tor_exit_nodes":0,"vpn":0,"relay":0,"proxy":0,"hosting":0,"service":0},"uploaders":{"size":36,"mobile":0,"satellite":0,"tor":0,"tor_exit_nodes":0,"vpn":0,"relay":0,"proxy":0,"hosting":0,"service":0}},"geometry":{"type":"Point","coordinates":[-72.31343,10.3258]}},{"type":"Feature","properties":{"country_code":"TUR","city":"Kurttepe","id":"305469","downloaders":{"size":722,"mobile":0,"satellite":0,"tor":0,"tor_exit_nodes":0,"vpn":0,"relay":0,"proxy":0,"hosting":0,"service":0},"uploaders":{"size":3,"mobile":0,"satellite":0,"tor":0,"tor_exit_nodes":0,"vpn":0,"relay":0,"proxy":0,"hosting":0,"service":0}},"geometry":{"type":"Point","coordinates":[35.2757,37.05472]}},{"type":"Feature","properties":{"country_code":"USA","city":"Concord","id":"4461574","downloaders":{"size":717,"mobile":0,"satellite":0,"tor":0,"tor_exit_nodes":0,"vpn":27,"relay":0,"proxy":0,"hosting":0,"service":0},"uploaders":{"size":6,"mobile":0,"satellite":0,"tor":0,"tor_exit_nodes":0,"vpn":1,"relay":0,"proxy":0,"hosting":0,"service":0}},"geometry":{"type":"Point","coordinates":[-80.58158,35.40888]}},{"type":"Feature","properties":{"country_code":"KOR","city":"Hwacheon","id":"1844045","downloaders":{"size":698,"mobile":7,"satellite":0,"tor":0,"tor_exit_nodes":0,"vpn":0,"relay":0,"proxy":0,"hosting":0,"service":0},"uploaders":{"size":5,"mobile":0,"satellite":0,"tor":0,"tor_exit_nodes":0,"vpn":0,"relay":0,"proxy":0,"hosting":0,"service":0}},"geometry":{"type":"Point","coordinates":[127.70632,38.10705]}},{"type":"Feature","properties":{"country_code":"KOR","city":"Yeongdeok","id":"1832578","downloaders":{"size":675,"mobile":0,"satellite":0,"tor":0,"tor_exit_nodes":0,"vpn":0,"relay":0,"proxy":0,"hosting":0,"service":0},"uploaders":{"size":7,"mobile":0,"satellite":0,"tor":0,"tor_exit_nodes":0,"vpn":0,"relay":0,"proxy":0,"hosting":0,"service":0}},"geometry":{"type":"Point","coordinates":[129.37,36.41366]}},{"type":"Feature","properties":{"country_code":"MEX","city":"Xicotepec de Ju\u00e1rez","id":"3514510","downloaders":{"size":675,"mobile":0,"satellite":0,"tor":0,"tor_exit_nodes":0,"vpn":0,"relay":0,"proxy":0,"hosting":0,"service":0},"uploaders":{"size":5,"mobile":0,"satellite":0,"tor":0,"tor_exit_nodes":0,"vpn":0,"relay":0,"proxy":0,"hosting":0,"service":0}},"geometry":{"type":"Point","coordinates":[-97.96111,20.27605]}},{"type":"Feature","properties":{"country_code":"MEX","city":"G\u00f3mez Palacio","id":"4005775","downloaders":{"size":653,"mobile":0,"satellite":0,"tor":0,"tor_exit_nodes":0,"vpn":0,"relay":0,"proxy":0,"hosting":0,"service":0},"uploaders":{"size":16,"mobile":0,"satellite":0,"tor":0,"tor_exit_nodes":0,"vpn":0,"relay":0,"proxy":0,"hosting":0,"service":0}},"geometry":{"type":"Point","coordinates":[-103.4996,25.56871]}},{"type":"Feature","properties":{"country_code":"MEX","city":"Ocotl\u00e1n","id":"3994489","downloaders":{"size":652,"mobile":0,"satellite":0,"tor":0,"tor_exit_nodes":0,"vpn":1,"relay":0,"proxy":0,"hosting":0,"service":0},"uploaders":{"size":3,"mobile":0,"satellite":0,"tor":0,"tor_exit_nodes":0,"vpn":0,"relay":0,"proxy":0,"hosting":0,"service":0}},"geometry":{"type":"Point","coordinates":[-102.76832,20.35116]}},{"type":"Feature","properties":{"country_code":"BIH","city":"Donji Vakuf","id":"3201376","downloaders":{"size":650,"mobile":0,"satellite":0,"tor":0,"tor_exit_nodes":0,"vpn":0,"relay":0,"proxy":0,"hosting":0,"service":0},"uploaders":{"size":18,"mobile":0,"satellite":0,"tor":0,"tor_exit_nodes":0,"vpn":0,"relay":0,"proxy":0,"hosting":0,"service":0}},"geometry":{"type":"Point","coordinates":[17.4,44.14361]}},{"type":"Feature","properties":{"country_code":"DEU","city":"Kaarst","id":"2894375","downloaders":{"size":635,"mobile":0,"satellite":0,"tor":0,"tor_exit_nodes":0,"vpn":13,"relay":0,"proxy":0,"hosting":13,"service":13},"uploaders":{"size":79,"mobile":0,"satellite":0,"tor":0,"tor_exit_nodes":0,"vpn":3,"relay":0,"proxy":0,"hosting":3,"service":3}},"geometry":{"type":"Point","coordinates":[6.61883,51.22929]}},{"type":"Feature","properties":{"country_code":"POL","city":"Siemianowice \u015al\u0105skie","id":"3086024","downloaders":{"size":628,"mobile":1,"satellite":0,"tor":0,"tor_exit_nodes":0,"vpn":4,"relay":0,"proxy":0,"hosting":0,"service":0},"uploaders":{"size":5,"mobile":0,"satellite":0,"tor":0,"tor_exit_nodes":0,"vpn":0,"relay":0,"proxy":0,"hosting":0,"service":0}},"geometry":{"type":"Point","coordinates":[19.02901,50.32738]}},{"type":"Feature","properties":{"country_code":"BIH","city":"\u017divinice","id":"3186423","downloaders":{"size":626,"mobile":1,"satellite":0,"tor":0,"tor_exit_nodes":0,"vpn":1,"relay":0,"proxy":0,"hosting":0,"service":0},"uploaders":{"size":3,"mobile":0,"satellite":0,"tor":0,"tor_exit_nodes":0,"vpn":0,"relay":0,"proxy":0,"hosting":0,"service":0}},"geometry":{"type":"Point","coordinates":[18.64978,44.44929]}},{"type":"Feature","properties":{"country_code":"BRA","city":"Mirassol","id":"3457095","downloaders":{"size":617,"mobile":0,"satellite":0,"tor":0,"tor_exit_nodes":0,"vpn":0,"relay":0,"proxy":0,"hosting":0,"service":0},"uploaders":{"size":8,"mobile":0,"satellite":0,"tor":0,"tor_exit_nodes":0,"vpn":0,"relay":0,"proxy":0,"hosting":0,"service":0}},"geometry":{"type":"Point","coordinates":[-49.52111,-20.81917]}},{"type":"Feature","properties":{"country_code":"HUN","city":"Cegl\u00e9d","id":"3054543","downloaders":{"size":608,"mobile":9,"satellite":0,"tor":0,"tor_exit_nodes":0,"vpn":2,"relay":0,"proxy":0,"hosting":0,"service":0},"uploaders":{"size":19,"mobile":0,"satellite":0,"tor":0,"tor_exit_nodes":0,"vpn":0,"relay":0,"proxy":0,"hosting":0,"service":0}},"geometry":{"type":"Point","coordinates":[19.79952,47.17266]}},{"type":"Feature","properties":{"country_code":"BRA","city":"Santo Ant\u00f4nio do Sudoeste","id":"3449479","downloaders":{"size":605,"mobile":0,"satellite":0,"tor":0,"tor_exit_nodes":0,"vpn":0,"relay":0,"proxy":0,"hosting":0,"service":0},"uploaders":{"size":19,"mobile":0,"satellite":0,"tor":0,"tor_exit_nodes":0,"vpn":0,"relay":0,"proxy":0,"hosting":0,"service":0}},"geometry":{"type":"Point","coordinates":[-53.72528,-26.07361]}},{"type":"Feature","properties":{"country_code":"DEU","city":"Lippstadt","id":"2876865","downloaders":{"size":602,"mobile":11,"satellite":0,"tor":0,"tor_exit_nodes":0,"vpn":0,"relay":0,"proxy":0,"hosting":15,"service":0},"uploaders":{"size":50,"mobile":0,"satellite":0,"tor":0,"tor_exit_nodes":0,"vpn":0,"relay":0,"proxy":0,"hosting":1,"service":0}},"geometry":{"type":"Point","coordinates":[8.34482,51.67369]}},{"type":"Feature","properties":{"country_code":"GBR","city":"Kenley","id":"2645821","downloaders":{"size":597,"mobile":0,"satellite":0,"tor":0,"tor_exit_nodes":0,"vpn":596,"relay":0,"proxy":0,"hosting":596,"service":596},"uploaders":{"size":20,"mobile":0,"satellite":0,"tor":0,"tor_exit_nodes":0,"vpn":20,"relay":0,"proxy":0,"hosting":20,"service":20}},"geometry":{"type":"Point","coordinates":[-0.10111,51.32643]}},{"type":"Feature","properties":{"country_code":"PER","city":"Ica","id":"3938527","downloaders":{"size":593,"mobile":25,"satellite":0,"tor":0,"tor_exit_nodes":0,"vpn":0,"relay":0,"proxy":0,"hosting":0,"service":0},"uploaders":{"size":3,"mobile":1,"satellite":0,"tor":0,"tor_exit_nodes":0,"vpn":0,"relay":0,"proxy":0,"hosting":0,"service":0}},"geometry":{"type":"Point","coordinates":[-75.73422,-14.07538]}},{"type":"Feature","properties":{"country_code":"DEU","city":"Delbr\u00fcck","id":"2938389","downloaders":{"size":588,"mobile":0,"satellite":0,"tor":0,"tor_exit_nodes":0,"vpn":0,"relay":0,"proxy":0,"hosting":0,"service":0},"uploaders":{"size":79,"mobile":0,"satellite":0,"tor":0,"tor_exit_nodes":0,"vpn":0,"relay":0,"proxy":0,"hosting":0,"service":0}},"geometry":{"type":"Point","coordinates":[8.56223,51.76503]}},{"type":"Feature","properties":{"country_code":"KOR","city":"Kunwi","id":"1842016","downloaders":{"size":569,"mobile":0,"satellite":0,"tor":0,"tor_exit_nodes":0,"vpn":0,"relay":0,"proxy":0,"hosting":0,"service":0},"uploaders":{"size":3,"mobile":0,"satellite":0,"tor":0,"tor_exit_nodes":0,"vpn":0,"relay":0,"proxy":0,"hosting":0,"service":0}},"geometry":{"type":"Point","coordinates":[128.57278,36.23472]}},{"type":"Feature","properties":{"country_code":"BRA","city":"Agudos do Sul","id":"3472822","downloaders":{"size":555,"mobile":0,"satellite":0,"tor":0,"tor_exit_nodes":0,"vpn":0,"relay":0,"proxy":0,"hosting":0,"service":0},"uploaders":{"size":3,"mobile":0,"satellite":0,"tor":0,"tor_exit_nodes":0,"vpn":0,"relay":0,"proxy":0,"hosting":0,"service":0}},"geometry":{"type":"Point","coordinates":[-49.33528,-25.9925]}},{"type":"Feature","properties":{"country_code":"RUS","city":"Neftegorsk","id":"522945","downloaders":{"size":544,"mobile":0,"satellite":0,"tor":0,"tor_exit_nodes":0,"vpn":0,"relay":0,"proxy":0,"hosting":0,"service":0},"uploaders":{"size":4,"mobile":0,"satellite":0,"tor":0,"tor_exit_nodes":0,"vpn":0,"relay":0,"proxy":0,"hosting":0,"service":0}},"geometry":{"type":"Point","coordinates":[51.16551,52.80135]}},{"type":"Feature","properties":{"country_code":"HUN","city":"Lenti","id":"3048847","downloaders":{"size":539,"mobile":0,"satellite":0,"tor":0,"tor_exit_nodes":0,"vpn":0,"relay":0,"proxy":0,"hosting":0,"service":0},"uploaders":{"size":5,"mobile":0,"satellite":0,"tor":0,"tor_exit_nodes":0,"vpn":0,"relay":0,"proxy":0,"hosting":0,"service":0}},"geometry":{"type":"Point","coordinates":[16.53863,46.62403]}},{"type":"Feature","properties":{"country_code":"KOR","city":"Yeoncheon","id":"1832699","downloaders":{"size":532,"mobile":0,"satellite":0,"tor":0,"tor_exit_nodes":0,"vpn":0,"relay":0,"proxy":0,"hosting":0,"service":0},"uploaders":{"size":4,"mobile":0,"satellite":0,"tor":0,"tor_exit_nodes":0,"vpn":0,"relay":0,"proxy":0,"hosting":0,"service":0}},"geometry":{"type":"Point","coordinates":[127.07727,38.10113]}},{"type":"Feature","properties":{"country_code":"BRA","city":"Amparo do S\u00e3o Francisco","id":"3472307","downloaders":{"size":529,"mobile":0,"satellite":0,"tor":0,"tor_exit_nodes":0,"vpn":0,"relay":0,"proxy":0,"hosting":0,"service":0},"uploaders":{"size":5,"mobile":0,"satellite":0,"tor":0,"tor_exit_nodes":0,"vpn":0,"relay":0,"proxy":0,"hosting":0,"service":0}},"geometry":{"type":"Point","coordinates":[-36.92972,-10.13389]}},{"type":"Feature","properties":{"country_code":"KOR","city":"Okcheon","id":"1839873","downloaders":{"size":528,"mobile":0,"satellite":0,"tor":0,"tor_exit_nodes":0,"vpn":1,"relay":0,"proxy":0,"hosting":0,"service":0},"uploaders":{"size":6,"mobile":0,"satellite":0,"tor":0,"tor_exit_nodes":0,"vpn":0,"relay":0,"proxy":0,"hosting":0,"service":0}},"geometry":{"type":"Point","coordinates":[127.568,36.3012]}},{"type":"Feature","properties":{"country_code":"DEU","city":"Ahaus","id":"2959279","downloaders":{"size":521,"mobile":0,"satellite":0,"tor":0,"tor_exit_nodes":0,"vpn":0,"relay":0,"proxy":0,"hosting":0,"service":0},"uploaders":{"size":65,"mobile":0,"satellite":0,"tor":0,"tor_exit_nodes":0,"vpn":0,"relay":0,"proxy":0,"hosting":0,"service":0}},"geometry":{"type":"Point","coordinates":[7.01344,52.07936]}},{"type":"Feature","properties":{"country_code":"BRA","city":"Castro","id":"3466704","downloaders":{"size":521,"mobile":0,"satellite":0,"tor":0,"tor_exit_nodes":0,"vpn":0,"relay":0,"proxy":0,"hosting":0,"service":0},"uploaders":{"size":3,"mobile":0,"satellite":0,"tor":0,"tor_exit_nodes":0,"vpn":0,"relay":0,"proxy":0,"hosting":0,"service":0}},"geometry":{"type":"Point","coordinates":[-50.01225,-24.78927]}},{"type":"Feature","properties":{"country_code":"KOR","city":"Imsil","id":"1843585","downloaders":{"size":513,"mobile":13,"satellite":0,"tor":0,"tor_exit_nodes":0,"vpn":38,"relay":0,"proxy":0,"hosting":0,"service":23},"uploaders":{"size":4,"mobile":0,"satellite":0,"tor":0,"tor_exit_nodes":0,"vpn":0,"relay":0,"proxy":0,"hosting":0,"service":0}},"geometry":{"type":"Point","coordinates":[127.27944,35.61306]}},{"type":"Feature","properties":{"country_code":"KOR","city":"Cheongyang","id":"1845492","downloaders":{"size":512,"mobile":0,"satellite":0,"tor":0,"tor_exit_nodes":0,"vpn":0,"relay":0,"proxy":0,"hosting":0,"service":0},"uploaders":{"size":4,"mobile":0,"satellite":0,"tor":0,"tor_exit_nodes":0,"vpn":0,"relay":0,"proxy":0,"hosting":0,"service":0}},"geometry":{"type":"Point","coordinates":[126.80365,36.45156]}},{"type":"Feature","properties":{"country_code":"USA","city":"Spotsylvania Courthouse","id":"4786952","downloaders":{"size":505,"mobile":0,"satellite":0,"tor":0,"tor_exit_nodes":0,"vpn":6,"relay":0,"proxy":0,"hosting":0,"service":0},"uploaders":{"size":10,"mobile":0,"satellite":0,"tor":0,"tor_exit_nodes":0,"vpn":0,"relay":0,"proxy":0,"hosting":0,"service":0}},"geometry":{"type":"Point","coordinates":[-77.58777,38.19791]}},{"type":"Feature","properties":{"country_code":"USA","city":"Fullerton","id":"5351247","downloaders":{"size":492,"mobile":0,"satellite":0,"tor":0,"tor_exit_nodes":0,"vpn":21,"relay":0,"proxy":0,"hosting":134,"service":0},"uploaders":{"size":6,"mobile":0,"satellite":0,"tor":0,"tor_exit_nodes":0,"vpn":0,"relay":0,"proxy":0,"hosting":3,"service":0}},"geometry":{"type":"Point","coordinates":[-117.8946,33.8873]}},{"type":"Feature","properties":{"country_code":"DEU","city":"Ingolstadt","id":"2895992","downloaders":{"size":491,"mobile":17,"satellite":0,"tor":0,"tor_exit_nodes":0,"vpn":5,"relay":0,"proxy":0,"hosting":0,"service":0},"uploaders":{"size":39,"mobile":0,"satellite":0,"tor":0,"tor_exit_nodes":0,"vpn":0,"relay":0,"proxy":0,"hosting":0,"service":0}},"geometry":{"type":"Point","coordinates":[11.42372,48.76508]}},{"type":"Feature","properties":{"country_code":"RUS","city":"Nikol\u2019skoye-na-Cheremshane","id":"521495","downloaders":{"size":489,"mobile":0,"satellite":0,"tor":0,"tor_exit_nodes":0,"vpn":4,"relay":0,"proxy":0,"hosting":0,"service":4},"uploaders":{"size":18,"mobile":0,"satellite":0,"tor":0,"tor_exit_nodes":0,"vpn":0,"relay":0,"proxy":0,"hosting":0,"service":0}},"geometry":{"type":"Point","coordinates":[49.23333,54.05]}},{"type":"Feature","properties":{"country_code":"USA","city":"Davenport","id":"4853423","downloaders":{"size":482,"mobile":0,"satellite":0,"tor":0,"tor_exit_nodes":0,"vpn":0,"relay":0,"proxy":0,"hosting":0,"service":0},"uploaders":{"size":8,"mobile":0,"satellite":0,"tor":0,"tor_exit_nodes":0,"vpn":0,"relay":0,"proxy":0,"hosting":0,"service":0}},"geometry":{"type":"Point","coordinates":[-90.57764,41.52364]}},{"type":"Feature","properties":{"country_code":"ECU","city":"Eloy Alfaro","id":"3658192","downloaders":{"size":476,"mobile":210,"satellite":0,"tor":0,"tor_exit_nodes":0,"vpn":0,"relay":0,"proxy":0,"hosting":0,"service":0},"uploaders":{"size":3,"mobile":1,"satellite":0,"tor":0,"tor_exit_nodes":0,"vpn":0,"relay":0,"proxy":0,"hosting":0,"service":0}},"geometry":{"type":"Point","coordinates":[-79.83987,-2.16919]}},{"type":"Feature","properties":{"country_code":"DEU","city":"Viersen","id":"2817311","downloaders":{"size":473,"mobile":13,"satellite":0,"tor":0,"tor_exit_nodes":0,"vpn":2,"relay":0,"proxy":0,"hosting":12,"service":0},"uploaders":{"size":44,"mobile":0,"satellite":0,"tor":0,"tor_exit_nodes":0,"vpn":0,"relay":0,"proxy":0,"hosting":0,"service":0}},"geometry":{"type":"Point","coordinates":[6.39441,51.25435]}},{"type":"Feature","properties":{"country_code":"MEX","city":"Ciudad del Carmen","id":"3530599","downloaders":{"size":469,"mobile":0,"satellite":0,"tor":0,"tor_exit_nodes":0,"vpn":0,"relay":0,"proxy":0,"hosting":0,"service":0},"uploaders":{"size":5,"mobile":0,"satellite":0,"tor":0,"tor_exit_nodes":0,"vpn":0,"relay":0,"proxy":0,"hosting":0,"service":0}},"geometry":{"type":"Point","coordinates":[-91.82991,18.64592]}},{"type":"Feature","properties":{"country_code":"DEU","city":"Korschenbroich","id":"2885397","downloaders":{"size":469,"mobile":5,"satellite":0,"tor":0,"tor_exit_nodes":0,"vpn":0,"relay":0,"proxy":0,"hosting":0,"service":0},"uploaders":{"size":41,"mobile":0,"satellite":0,"tor":0,"tor_exit_nodes":0,"vpn":0,"relay":0,"proxy":0,"hosting":0,"service":0}},"geometry":{"type":"Point","coordinates":[6.51352,51.19139]}},{"type":"Feature","properties":{"country_code":"TUR","city":"Sel\u00e7uklu","id":"312001","downloaders":{"size":452,"mobile":0,"satellite":0,"tor":0,"tor_exit_nodes":0,"vpn":7,"relay":0,"proxy":0,"hosting":0,"service":0},"uploaders":{"size":21,"mobile":0,"satellite":0,"tor":0,"tor_exit_nodes":0,"vpn":0,"relay":0,"proxy":0,"hosting":0,"service":0}},"geometry":{"type":"Point","coordinates":[32.49222,37.8842]}},{"type":"Feature","properties":{"country_code":"KOR","city":"Kurye","id":"1841976","downloaders":{"size":448,"mobile":0,"satellite":0,"tor":0,"tor_exit_nodes":0,"vpn":1,"relay":0,"proxy":0,"hosting":0,"service":0},"uploaders":{"size":3,"mobile":0,"satellite":0,"tor":0,"tor_exit_nodes":0,"vpn":0,"relay":0,"proxy":0,"hosting":0,"service":0}},"geometry":{"type":"Point","coordinates":[127.46444,35.20944]}},{"type":"Feature","properties":{"country_code":"USA","city":"Mercer Island","id":"5803139","downloaders":{"size":447,"mobile":0,"satellite":0,"tor":0,"tor_exit_nodes":0,"vpn":1,"relay":0,"proxy":0,"hosting":261,"service":0},"uploaders":{"size":8,"mobile":0,"satellite":0,"tor":0,"tor_exit_nodes":0,"vpn":1,"relay":0,"proxy":0,"hosting":0,"service":0}},"geometry":{"type":"Point","coordinates":[-122.22207,47.57065]}},{"type":"Feature","properties":{"country_code":"USA","city":"Compton","id":"5339066","downloaders":{"size":445,"mobile":0,"satellite":0,"tor":0,"tor_exit_nodes":0,"vpn":79,"relay":0,"proxy":0,"hosting":0,"service":0},"uploaders":{"size":30,"mobile":0,"satellite":0,"tor":0,"tor_exit_nodes":0,"vpn":26,"relay":0,"proxy":0,"hosting":0,"service":0}},"geometry":{"type":"Point","coordinates":[-118.2168,33.8796]}},{"type":"Feature","properties":{"country_code":"BRA","city":"Cajati","id":"3468157","downloaders":{"size":445,"mobile":0,"satellite":0,"tor":0,"tor_exit_nodes":0,"vpn":0,"relay":0,"proxy":0,"hosting":0,"service":0},"uploaders":{"size":3,"mobile":0,"satellite":0,"tor":0,"tor_exit_nodes":0,"vpn":0,"relay":0,"proxy":0,"hosting":0,"service":0}},"geometry":{"type":"Point","coordinates":[-48.12278,-24.73611]}},{"type":"Feature","properties":{"country_code":"COL","city":"Monter\u00eda","id":"3674453","downloaders":{"size":444,"mobile":38,"satellite":0,"tor":0,"tor_exit_nodes":0,"vpn":1,"relay":0,"proxy":0,"hosting":0,"service":0},"uploaders":{"size":5,"mobile":0,"satellite":0,"tor":0,"tor_exit_nodes":0,"vpn":0,"relay":0,"proxy":0,"hosting":0,"service":0}},"geometry":{"type":"Point","coordinates":[-75.87823,8.75081]}},{"type":"Feature","properties":{"country_code":"MEX","city":"Tala","id":"3982616","downloaders":{"size":442,"mobile":0,"satellite":0,"tor":0,"tor_exit_nodes":0,"vpn":2,"relay":0,"proxy":0,"hosting":0,"service":0},"uploaders":{"size":4,"mobile":0,"satellite":0,"tor":0,"tor_exit_nodes":0,"vpn":0,"relay":0,"proxy":0,"hosting":0,"service":0}},"geometry":{"type":"Point","coordinates":[-103.70148,20.65267]}},{"type":"Feature","properties":{"country_code":"HUN","city":"L\u00e1batlan","id":"3049036","downloaders":{"size":441,"mobile":0,"satellite":0,"tor":0,"tor_exit_nodes":0,"vpn":5,"relay":0,"proxy":0,"hosting":9,"service":0},"uploaders":{"size":3,"mobile":0,"satellite":0,"tor":0,"tor_exit_nodes":0,"vpn":0,"relay":0,"proxy":0,"hosting":0,"service":0}},"geometry":{"type":"Point","coordinates":[18.49623,47.74735]}},{"type":"Feature","properties":{"country_code":"HUN","city":"Zalakom\u00e1r","id":"3042621","downloaders":{"size":432,"mobile":0,"satellite":0,"tor":0,"tor_exit_nodes":0,"vpn":5,"relay":0,"proxy":0,"hosting":0,"service":0},"uploaders":{"size":6,"mobile":0,"satellite":0,"tor":0,"tor_exit_nodes":0,"vpn":0,"relay":0,"proxy":0,"hosting":0,"service":0}},"geometry":{"type":"Point","coordinates":[17.18094,46.53795]}},{"type":"Feature","properties":{"country_code":"USA","city":"High Point","id":"4471025","downloaders":{"size":422,"mobile":0,"satellite":0,"tor":0,"tor_exit_nodes":0,"vpn":12,"relay":0,"proxy":0,"hosting":0,"service":0},"uploaders":{"size":4,"mobile":0,"satellite":0,"tor":0,"tor_exit_nodes":0,"vpn":0,"relay":0,"proxy":0,"hosting":0,"service":0}},"geometry":{"type":"Point","coordinates":[-80.0107,35.9734]}},{"type":"Feature","properties":{"country_code":"FRA","city":"Moissy-Cramayel","id":"2993572","downloaders":{"size":420,"mobile":86,"satellite":0,"tor":0,"tor_exit_nodes":0,"vpn":0,"relay":0,"proxy":0,"hosting":228,"service":0},"uploaders":{"size":3,"mobile":1,"satellite":0,"tor":0,"tor_exit_nodes":0,"vpn":0,"relay":0,"proxy":0,"hosting":2,"service":0}},"geometry":{"type":"Point","coordinates":[2.60125,48.62605]}},{"type":"Feature","properties":{"country_code":"JPN","city":"Kita","id":"8469285","downloaders":{"size":419,"mobile":39,"satellite":0,"tor":0,"tor_exit_nodes":0,"vpn":10,"relay":0,"proxy":0,"hosting":37,"service":4},"uploaders":{"size":3,"mobile":0,"satellite":0,"tor":0,"tor_exit_nodes":0,"vpn":0,"relay":0,"proxy":0,"hosting":0,"service":0}},"geometry":{"type":"Point","coordinates":[139.73348,35.75264]}},{"type":"Feature","properties":{"country_code":"GBR","city":"Cranleigh","id":"2652082","downloaders":{"size":415,"mobile":1,"satellite":0,"tor":0,"tor_exit_nodes":0,"vpn":0,"relay":0,"proxy":0,"hosting":73,"service":0},"uploaders":{"size":44,"mobile":0,"satellite":0,"tor":0,"tor_exit_nodes":0,"vpn":0,"relay":0,"proxy":0,"hosting":0,"service":0}},"geometry":{"type":"Point","coordinates":[-0.48374,51.14209]}},{"type":"Feature","properties":{"country_code":"USA","city":"Woodstock","id":"4231874","downloaders":{"size":414,"mobile":0,"satellite":0,"tor":0,"tor_exit_nodes":0,"vpn":7,"relay":0,"proxy":0,"hosting":0,"service":0},"uploaders":{"size":37,"mobile":0,"satellite":0,"tor":0,"tor_exit_nodes":0,"vpn":0,"relay":0,"proxy":0,"hosting":0,"service":0}},"geometry":{"type":"Point","coordinates":[-84.51938,34.10149]}},{"type":"Feature","properties":{"country_code":"KOR","city":"Cheongsong gun","id":"1845519","downloaders":{"size":412,"mobile":0,"satellite":0,"tor":0,"tor_exit_nodes":0,"vpn":0,"relay":0,"proxy":0,"hosting":0,"service":0},"uploaders":{"size":3,"mobile":0,"satellite":0,"tor":0,"tor_exit_nodes":0,"vpn":0,"relay":0,"proxy":0,"hosting":0,"service":0}},"geometry":{"type":"Point","coordinates":[129.057,36.43351]}},{"type":"Feature","properties":{"country_code":"USA","city":"Saint Charles","id":"4406831","downloaders":{"size":398,"mobile":0,"satellite":0,"tor":0,"tor_exit_nodes":0,"vpn":38,"relay":0,"proxy":0,"hosting":3,"service":0},"uploaders":{"size":9,"mobile":0,"satellite":0,"tor":0,"tor_exit_nodes":0,"vpn":1,"relay":0,"proxy":0,"hosting":0,"service":0}},"geometry":{"type":"Point","coordinates":[-90.5065,38.8014]}},{"type":"Feature","properties":{"country_code":"USA","city":"Chalco","id":"5065495","downloaders":{"size":395,"mobile":0,"satellite":0,"tor":0,"tor_exit_nodes":0,"vpn":0,"relay":0,"proxy":0,"hosting":0,"service":0},"uploaders":{"size":26,"mobile":0,"satellite":0,"tor":0,"tor_exit_nodes":0,"vpn":0,"relay":0,"proxy":0,"hosting":0,"service":0}},"geometry":{"type":"Point","coordinates":[-96.1503,41.18389]}},{"type":"Feature","properties":{"country_code":"IDN","city":"Kelanabian","id":"7541337","downloaders":{"size":393,"mobile":0,"satellite":0,"tor":0,"tor_exit_nodes":0,"vpn":0,"relay":0,"proxy":0,"hosting":0,"service":0},"uploaders":{"size":133,"mobile":0,"satellite":0,"tor":0,"tor_exit_nodes":0,"vpn":0,"relay":0,"proxy":0,"hosting":0,"service":0}},"geometry":{"type":"Point","coordinates":[115.1769,-8.7519]}},{"type":"Feature","properties":{"country_code":"DEU","city":"Wittmund","id":"2807218","downloaders":{"size":388,"mobile":0,"satellite":0,"tor":0,"tor_exit_nodes":0,"vpn":0,"relay":0,"proxy":0,"hosting":0,"service":0},"uploaders":{"size":17,"mobile":0,"satellite":0,"tor":0,"tor_exit_nodes":0,"vpn":0,"relay":0,"proxy":0,"hosting":0,"service":0}},"geometry":{"type":"Point","coordinates":[7.77839,53.57674]}},{"type":"Feature","properties":{"country_code":"UKR","city":"Mykhaylivka","id":"701233","downloaders":{"size":385,"mobile":0,"satellite":0,"tor":0,"tor_exit_nodes":0,"vpn":0,"relay":0,"proxy":0,"hosting":0,"service":0},"uploaders":{"size":33,"mobile":0,"satellite":0,"tor":0,"tor_exit_nodes":0,"vpn":0,"relay":0,"proxy":0,"hosting":0,"service":0}},"geometry":{"type":"Point","coordinates":[35.22207,47.26863]}},{"type":"Feature","properties":{"country_code":"DEU","city":"Neuss","id":"2864118","downloaders":{"size":380,"mobile":13,"satellite":0,"tor":0,"tor_exit_nodes":0,"vpn":2,"relay":0,"proxy":0,"hosting":33,"service":0},"uploaders":{"size":3,"mobile":0,"satellite":0,"tor":0,"tor_exit_nodes":0,"vpn":0,"relay":0,"proxy":0,"hosting":1,"service":0}},"geometry":{"type":"Point","coordinates":[6.68504,51.19807]}},{"type":"Feature","properties":{"country_code":"DEU","city":"Landau in der Pfalz","id":"2881646","downloaders":{"size":380,"mobile":0,"satellite":0,"tor":0,"tor_exit_nodes":0,"vpn":24,"relay":0,"proxy":0,"hosting":21,"service":20},"uploaders":{"size":4,"mobile":0,"satellite":0,"tor":0,"tor_exit_nodes":0,"vpn":1,"relay":0,"proxy":0,"hosting":1,"service":1}},"geometry":{"type":"Point","coordinates":[8.11692,49.19844]}},{"type":"Feature","properties":{"country_code":"FRA","city":"Sarrebourg","id":"2975967","downloaders":{"size":379,"mobile":170,"satellite":0,"tor":0,"tor_exit_nodes":0,"vpn":0,"relay":0,"proxy":0,"hosting":0,"service":0},"uploaders":{"size":10,"mobile":8,"satellite":0,"tor":0,"tor_exit_nodes":0,"vpn":0,"relay":0,"proxy":0,"hosting":0,"service":0}},"geometry":{"type":"Point","coordinates":[7.0572,48.73558]}},{"type":"Feature","properties":{"country_code":"BRA","city":"Cambori\u00fa","id":"3467968","downloaders":{"size":375,"mobile":1,"satellite":0,"tor":0,"tor_exit_nodes":0,"vpn":0,"relay":0,"proxy":0,"hosting":0,"service":0},"uploaders":{"size":3,"mobile":0,"satellite":0,"tor":0,"tor_exit_nodes":0,"vpn":0,"relay":0,"proxy":0,"hosting":0,"service":0}},"geometry":{"type":"Point","coordinates":[-48.65444,-27.02528]}},{"type":"Feature","properties":{"country_code":"DEU","city":"Siegen","id":"2832495","downloaders":{"size":372,"mobile":36,"satellite":0,"tor":12,"tor_exit_nodes":12,"vpn":8,"relay":0,"proxy":0,"hosting":0,"service":0},"uploaders":{"size":3,"mobile":0,"satellite":0,"tor":0,"tor_exit_nodes":0,"vpn":0,"relay":0,"proxy":0,"hosting":0,"service":0}},"geometry":{"type":"Point","coordinates":[8.02431,50.87481]}},{"type":"Feature","properties":{"country_code":"BRA","city":"Assis Chateaubriand","id":"6316450","downloaders":{"size":370,"mobile":0,"satellite":0,"tor":0,"tor_exit_nodes":0,"vpn":1,"relay":0,"proxy":0,"hosting":0,"service":0},"uploaders":{"size":4,"mobile":0,"satellite":0,"tor":0,"tor_exit_nodes":0,"vpn":0,"relay":0,"proxy":0,"hosting":0,"service":0}},"geometry":{"type":"Point","coordinates":[-53.52139,-24.42]}},{"type":"Feature","properties":{"country_code":"ECU","city":"Portoviejo","id":"3652941","downloaders":{"size":362,"mobile":132,"satellite":0,"tor":0,"tor_exit_nodes":0,"vpn":0,"relay":0,"proxy":0,"hosting":0,"service":0},"uploaders":{"size":19,"mobile":17,"satellite":0,"tor":0,"tor_exit_nodes":0,"vpn":0,"relay":0,"proxy":0,"hosting":0,"service":0}},"geometry":{"type":"Point","coordinates":[-80.4544,-1.0546]}},{"type":"Feature","properties":{"country_code":"USA","city":"Levittown","id":"5124276","downloaders":{"size":359,"mobile":1,"satellite":0,"tor":0,"tor_exit_nodes":0,"vpn":0,"relay":0,"proxy":0,"hosting":0,"service":0},"uploaders":{"size":7,"mobile":0,"satellite":0,"tor":0,"tor_exit_nodes":0,"vpn":0,"relay":0,"proxy":0,"hosting":0,"service":0}},"geometry":{"type":"Point","coordinates":[-73.51429,40.72593]}},{"type":"Feature","properties":{"country_code":"USA","city":"Warren","id":"5175865","downloaders":{"size":359,"mobile":0,"satellite":0,"tor":0,"tor_exit_nodes":0,"vpn":1,"relay":0,"proxy":0,"hosting":0,"service":0},"uploaders":{"size":3,"mobile":0,"satellite":0,"tor":0,"tor_exit_nodes":0,"vpn":0,"relay":0,"proxy":0,"hosting":0,"service":0}},"geometry":{"type":"Point","coordinates":[-80.81842,41.23756]}},{"type":"Feature","properties":{"country_code":"DEU","city":"Kevelaer","id":"2891258","downloaders":{"size":354,"mobile":0,"satellite":0,"tor":0,"tor_exit_nodes":0,"vpn":3,"relay":0,"proxy":0,"hosting":0,"service":0},"uploaders":{"size":47,"mobile":0,"satellite":0,"tor":0,"tor_exit_nodes":0,"vpn":0,"relay":0,"proxy":0,"hosting":0,"service":0}},"geometry":{"type":"Point","coordinates":[6.24603,51.58243]}},{"type":"Feature","properties":{"country_code":"JPN","city":"Kashihara-shi","id":"1859951","downloaders":{"size":354,"mobile":1,"satellite":0,"tor":0,"tor_exit_nodes":0,"vpn":4,"relay":0,"proxy":0,"hosting":0,"service":1},"uploaders":{"size":6,"mobile":0,"satellite":0,"tor":0,"tor_exit_nodes":0,"vpn":0,"relay":0,"proxy":0,"hosting":0,"service":0}},"geometry":{"type":"Point","coordinates":[135.7929,34.50896]}},{"type":"Feature","properties":{"country_code":"UKR","city":"Melnytsya-Podilska","id":"701383","downloaders":{"size":353,"mobile":0,"satellite":0,"tor":0,"tor_exit_nodes":0,"vpn":0,"relay":0,"proxy":0,"hosting":0,"service":0},"uploaders":{"size":8,"mobile":0,"satellite":0,"tor":0,"tor_exit_nodes":0,"vpn":0,"relay":0,"proxy":0,"hosting":0,"service":0}},"geometry":{"type":"Point","coordinates":[26.16657,48.60816]}},{"type":"Feature","properties":{"country_code":"CRI","city":"Para\u00edso","id":"3622547","downloaders":{"size":351,"mobile":0,"satellite":0,"tor":0,"tor_exit_nodes":0,"vpn":0,"relay":0,"proxy":0,"hosting":0,"service":0},"uploaders":{"size":16,"mobile":0,"satellite":0,"tor":0,"tor_exit_nodes":0,"vpn":0,"relay":0,"proxy":0,"hosting":0,"service":0}},"geometry":{"type":"Point","coordinates":[-83.86655,9.83847]}},{"type":"Feature","properties":{"country_code":"DEU","city":"Westerkappeln","id":"2810289","downloaders":{"size":347,"mobile":0,"satellite":0,"tor":0,"tor_exit_nodes":0,"vpn":0,"relay":0,"proxy":0,"hosting":0,"service":0},"uploaders":{"size":44,"mobile":0,"satellite":0,"tor":0,"tor_exit_nodes":0,"vpn":0,"relay":0,"proxy":0,"hosting":0,"service":0}},"geometry":{"type":"Point","coordinates":[7.88333,52.31667]}},{"type":"Feature","properties":{"country_code":"KOR","city":"Yonghwa","id":"1832440","downloaders":{"size":346,"mobile":0,"satellite":0,"tor":0,"tor_exit_nodes":0,"vpn":0,"relay":0,"proxy":0,"hosting":0,"service":0},"uploaders":{"size":3,"mobile":0,"satellite":0,"tor":0,"tor_exit_nodes":0,"vpn":0,"relay":0,"proxy":0,"hosting":0,"service":0}},"geometry":{"type":"Point","coordinates":[127.7665,36.0213]}},{"type":"Feature","properties":{"country_code":"RUS","city":"Kirs","id":"548333","downloaders":{"size":344,"mobile":0,"satellite":0,"tor":0,"tor_exit_nodes":0,"vpn":1,"relay":0,"proxy":0,"hosting":0,"service":0},"uploaders":{"size":10,"mobile":0,"satellite":0,"tor":0,"tor_exit_nodes":0,"vpn":0,"relay":0,"proxy":0,"hosting":0,"service":0}},"geometry":{"type":"Point","coordinates":[52.24402,59.33829]}},{"type":"Feature","properties":{"country_code":"USA","city":"West Des Moines","id":"4881346","downloaders":{"size":342,"mobile":0,"satellite":0,"tor":0,"tor_exit_nodes":0,"vpn":14,"relay":1,"proxy":0,"hosting":1,"service":1},"uploaders":{"size":3,"mobile":0,"satellite":0,"tor":0,"tor_exit_nodes":0,"vpn":0,"relay":1,"proxy":0,"hosting":1,"service":1}},"geometry":{"type":"Point","coordinates":[-93.71133,41.57721]}},{"type":"Feature","properties":{"country_code":"SAU","city":"Buraydah","id":"107304","downloaders":{"size":342,"mobile":123,"satellite":0,"tor":0,"tor_exit_nodes":0,"vpn":0,"relay":0,"proxy":0,"hosting":0,"service":0},"uploaders":{"size":22,"mobile":7,"satellite":0,"tor":0,"tor_exit_nodes":0,"vpn":0,"relay":0,"proxy":0,"hosting":0,"service":0}},"geometry":{"type":"Point","coordinates":[43.97497,26.32599]}},{"type":"Feature","properties":{"country_code":"BRA","city":"Amp\u00e9re","id":"3472304","downloaders":{"size":341,"mobile":0,"satellite":0,"tor":0,"tor_exit_nodes":0,"vpn":3,"relay":0,"proxy":0,"hosting":0,"service":0},"uploaders":{"size":5,"mobile":0,"satellite":0,"tor":0,"tor_exit_nodes":0,"vpn":0,"relay":0,"proxy":0,"hosting":0,"service":0}},"geometry":{"type":"Point","coordinates":[-53.47278,-25.915]}},{"type":"Feature","properties":{"country_code":"DEU","city":"Raesfeld","id":"2850942","downloaders":{"size":339,"mobile":0,"satellite":0,"tor":0,"tor_exit_nodes":0,"vpn":1,"relay":0,"proxy":0,"hosting":0,"service":0},"uploaders":{"size":37,"mobile":0,"satellite":0,"tor":0,"tor_exit_nodes":0,"vpn":0,"relay":0,"proxy":0,"hosting":0,"service":0}},"geometry":{"type":"Point","coordinates":[6.85,51.76667]}},{"type":"Feature","properties":{"country_code":"USA","city":"Lakeville","id":"5034059","downloaders":{"size":336,"mobile":0,"satellite":0,"tor":0,"tor_exit_nodes":0,"vpn":6,"relay":0,"proxy":0,"hosting":2,"service":2},"uploaders":{"size":3,"mobile":0,"satellite":0,"tor":0,"tor_exit_nodes":0,"vpn":0,"relay":0,"proxy":0,"hosting":0,"service":0}},"geometry":{"type":"Point","coordinates":[-93.24272,44.64969]}},{"type":"Feature","properties":{"country_code":"USA","city":"Deltona","id":"4153146","downloaders":{"size":336,"mobile":0,"satellite":0,"tor":0,"tor_exit_nodes":0,"vpn":5,"relay":0,"proxy":0,"hosting":0,"service":0},"uploaders":{"size":5,"mobile":0,"satellite":0,"tor":0,"tor_exit_nodes":0,"vpn":0,"relay":0,"proxy":0,"hosting":0,"service":0}},"geometry":{"type":"Point","coordinates":[-81.26367,28.90054]}},{"type":"Feature","properties":{"country_code":"JPN","city":"Inazawa","id":"1861602","downloaders":{"size":335,"mobile":5,"satellite":0,"tor":0,"tor_exit_nodes":0,"vpn":25,"relay":0,"proxy":0,"hosting":0,"service":25},"uploaders":{"size":8,"mobile":0,"satellite":0,"tor":0,"tor_exit_nodes":0,"vpn":0,"relay":0,"proxy":0,"hosting":0,"service":0}},"geometry":{"type":"Point","coordinates":[136.78333,35.25]}},{"type":"Feature","properties":{"country_code":"CHN","city":"Shiyan","id":"1794903","downloaders":{"size":334,"mobile":0,"satellite":0,"tor":0,"tor_exit_nodes":0,"vpn":6,"relay":0,"proxy":0,"hosting":328,"service":0},"uploaders":{"size":3,"mobile":0,"satellite":0,"tor":0,"tor_exit_nodes":0,"vpn":0,"relay":0,"proxy":0,"hosting":3,"service":0}},"geometry":{"type":"Point","coordinates":[110.77806,32.6475]}},{"type":"Feature","properties":{"country_code":"RUS","city":"Igra","id":"557469","downloaders":{"size":333,"mobile":0,"satellite":0,"tor":0,"tor_exit_nodes":0,"vpn":0,"relay":0,"proxy":0,"hosting":0,"service":0},"uploaders":{"size":4,"mobile":0,"satellite":0,"tor":0,"tor_exit_nodes":0,"vpn":0,"relay":0,"proxy":0,"hosting":0,"service":0}},"geometry":{"type":"Point","coordinates":[53.0544,57.5549]}},{"type":"Feature","properties":{"country_code":"USA","city":"Little Elm","id":"4706736","downloaders":{"size":333,"mobile":0,"satellite":0,"tor":0,"tor_exit_nodes":0,"vpn":1,"relay":0,"proxy":0,"hosting":0,"service":0},"uploaders":{"size":5,"mobile":0,"satellite":0,"tor":0,"tor_exit_nodes":0,"vpn":0,"relay":0,"proxy":0,"hosting":0,"service":0}},"geometry":{"type":"Point","coordinates":[-96.93751,33.16262]}},{"type":"Feature","properties":{"country_code":"JPN","city":"Iwata","id":"1861171","downloaders":{"size":332,"mobile":14,"satellite":0,"tor":0,"tor_exit_nodes":0,"vpn":18,"relay":0,"proxy":0,"hosting":0,"service":16},"uploaders":{"size":5,"mobile":0,"satellite":0,"tor":0,"tor_exit_nodes":0,"vpn":0,"relay":0,"proxy":0,"hosting":0,"service":0}},"geometry":{"type":"Point","coordinates":[137.85,34.7]}},{"type":"Feature","properties":{"country_code":"USA","city":"Concord","id":"5084868","downloaders":{"size":331,"mobile":0,"satellite":0,"tor":0,"tor_exit_nodes":0,"vpn":283,"relay":0,"proxy":0,"hosting":283,"service":64},"uploaders":{"size":13,"mobile":0,"satellite":0,"tor":0,"tor_exit_nodes":0,"vpn":13,"relay":0,"proxy":0,"hosting":13,"service":4}},"geometry":{"type":"Point","coordinates":[-71.53757,43.20814]}},{"type":"Feature","properties":{"country_code":"KOR","city":"Jinan-gun","id":"1846114","downloaders":{"size":331,"mobile":0,"satellite":0,"tor":0,"tor_exit_nodes":0,"vpn":0,"relay":0,"proxy":0,"hosting":0,"service":0},"uploaders":{"size":4,"mobile":0,"satellite":0,"tor":0,"tor_exit_nodes":0,"vpn":0,"relay":0,"proxy":0,"hosting":0,"service":0}},"geometry":{"type":"Point","coordinates":[127.42528,35.79167]}},{"type":"Feature","properties":{"country_code":"SRB","city":"Para\u0107in","id":"787215","downloaders":{"size":330,"mobile":1,"satellite":0,"tor":0,"tor_exit_nodes":0,"vpn":0,"relay":0,"proxy":0,"hosting":0,"service":0},"uploaders":{"size":6,"mobile":0,"satellite":0,"tor":0,"tor_exit_nodes":0,"vpn":0,"relay":0,"proxy":0,"hosting":0,"service":0}},"geometry":{"type":"Point","coordinates":[21.40778,43.86083]}},{"type":"Feature","properties":{"country_code":"USA","city":"Rose Hill","id":"4782864","downloaders":{"size":327,"mobile":0,"satellite":0,"tor":0,"tor_exit_nodes":0,"vpn":19,"relay":0,"proxy":0,"hosting":0,"service":0},"uploaders":{"size":11,"mobile":0,"satellite":0,"tor":0,"tor_exit_nodes":0,"vpn":0,"relay":0,"proxy":0,"hosting":0,"service":0}},"geometry":{"type":"Point","coordinates":[-77.11276,38.78872]}},{"type":"Feature","properties":{"country_code":"IND","city":"Ham\u012brpur","id":"1270454","downloaders":{"size":325,"mobile":0,"satellite":0,"tor":0,"tor_exit_nodes":0,"vpn":0,"relay":0,"proxy":0,"hosting":2,"service":0},"uploaders":{"size":7,"mobile":0,"satellite":0,"tor":0,"tor_exit_nodes":0,"vpn":0,"relay":0,"proxy":0,"hosting":0,"service":0}},"geometry":{"type":"Point","coordinates":[76.52506,31.68411]}},{"type":"Feature","properties":{"country_code":"NLD","city":"Urk","id":"2745932","downloaders":{"size":324,"mobile":0,"satellite":0,"tor":0,"tor_exit_nodes":0,"vpn":0,"relay":0,"proxy":0,"hosting":227,"service":0},"uploaders":{"size":4,"mobile":0,"satellite":0,"tor":0,"tor_exit_nodes":0,"vpn":0,"relay":0,"proxy":0,"hosting":4,"service":0}},"geometry":{"type":"Point","coordinates":[5.60139,52.6625]}},{"type":"Feature","properties":{"country_code":"FRA","city":"Digne-les-Bains","id":"3021382","downloaders":{"size":323,"mobile":28,"satellite":0,"tor":0,"tor_exit_nodes":0,"vpn":0,"relay":0,"proxy":0,"hosting":0,"service":0},"uploaders":{"size":4,"mobile":1,"satellite":0,"tor":0,"tor_exit_nodes":0,"vpn":0,"relay":0,"proxy":0,"hosting":0,"service":0}},"geometry":{"type":"Point","coordinates":[6.23199,44.09252]}},{"type":"Feature","properties":{"country_code":"USA","city":"Fairburn","id":"4194121","downloaders":{"size":321,"mobile":0,"satellite":0,"tor":0,"tor_exit_nodes":0,"vpn":261,"relay":0,"proxy":0,"hosting":261,"service":261},"uploaders":{"size":40,"mobile":0,"satellite":0,"tor":0,"tor_exit_nodes":0,"vpn":40,"relay":0,"proxy":0,"hosting":40,"service":40}},"geometry":{"type":"Point","coordinates":[-84.58104,33.56706]}},{"type":"Feature","properties":{"country_code":"USA","city":"Madison","id":"4074267","downloaders":{"size":318,"mobile":0,"satellite":0,"tor":0,"tor_exit_nodes":0,"vpn":1,"relay":0,"proxy":0,"hosting":0,"service":0},"uploaders":{"size":4,"mobile":0,"satellite":0,"tor":0,"tor_exit_nodes":0,"vpn":0,"relay":0,"proxy":0,"hosting":0,"service":0}},"geometry":{"type":"Point","coordinates":[-86.74833,34.69926]}},{"type":"Feature","properties":{"country_code":"HND","city":"Villanueva","id":"3600327","downloaders":{"size":318,"mobile":0,"satellite":0,"tor":0,"tor_exit_nodes":0,"vpn":0,"relay":0,"proxy":0,"hosting":0,"service":0},"uploaders":{"size":21,"mobile":0,"satellite":0,"tor":0,"tor_exit_nodes":0,"vpn":0,"relay":0,"proxy":0,"hosting":0,"service":0}},"geometry":{"type":"Point","coordinates":[-87.99383,15.31476]}},{"type":"Feature","properties":{"country_code":"USA","city":"Saginaw","id":"5007989","downloaders":{"size":317,"mobile":0,"satellite":0,"tor":0,"tor_exit_nodes":0,"vpn":0,"relay":1,"proxy":0,"hosting":1,"service":1},"uploaders":{"size":9,"mobile":0,"satellite":0,"tor":0,"tor_exit_nodes":0,"vpn":0,"relay":1,"proxy":0,"hosting":1,"service":1}},"geometry":{"type":"Point","coordinates":[-83.9745,43.4248]}},{"type":"Feature","properties":{"country_code":"RUS","city":"Priladozhskiy","id":"866055","downloaders":{"size":315,"mobile":0,"satellite":0,"tor":0,"tor_exit_nodes":0,"vpn":0,"relay":0,"proxy":0,"hosting":0,"service":0},"uploaders":{"size":7,"mobile":0,"satellite":0,"tor":0,"tor_exit_nodes":0,"vpn":0,"relay":0,"proxy":0,"hosting":0,"service":0}},"geometry":{"type":"Point","coordinates":[31.31751,59.87202]}},{"type":"Feature","properties":{"country_code":"POL","city":"Marki","id":"765191","downloaders":{"size":313,"mobile":6,"satellite":0,"tor":0,"tor_exit_nodes":0,"vpn":164,"relay":0,"proxy":0,"hosting":0,"service":0},"uploaders":{"size":5,"mobile":0,"satellite":0,"tor":0,"tor_exit_nodes":0,"vpn":0,"relay":0,"proxy":0,"hosting":0,"service":0}},"geometry":{"type":"Point","coordinates":[21.10474,52.32065]}},{"type":"Feature","properties":{"country_code":"USA","city":"Greenville","id":"4695066","downloaders":{"size":311,"mobile":0,"satellite":0,"tor":0,"tor_exit_nodes":0,"vpn":3,"relay":0,"proxy":0,"hosting":0,"service":0},"uploaders":{"size":3,"mobile":0,"satellite":0,"tor":0,"tor_exit_nodes":0,"vpn":0,"relay":0,"proxy":0,"hosting":0,"service":0}},"geometry":{"type":"Point","coordinates":[-96.1304,33.1854]}},{"type":"Feature","properties":{"country_code":"USA","city":"Arlington Heights","id":"4883555","downloaders":{"size":310,"mobile":2,"satellite":0,"tor":0,"tor_exit_nodes":0,"vpn":26,"relay":1,"proxy":0,"hosting":64,"service":1},"uploaders":{"size":5,"mobile":0,"satellite":0,"tor":0,"tor_exit_nodes":0,"vpn":0,"relay":1,"proxy":0,"hosting":2,"service":1}},"geometry":{"type":"Point","coordinates":[-87.9792,42.112]}},{"type":"Feature","properties":{"country_code":"USA","city":"Greenbelt","id":"4356847","downloaders":{"size":309,"mobile":0,"satellite":0,"tor":0,"tor_exit_nodes":0,"vpn":0,"relay":0,"proxy":0,"hosting":0,"service":0},"uploaders":{"size":5,"mobile":0,"satellite":0,"tor":0,"tor_exit_nodes":0,"vpn":0,"relay":0,"proxy":0,"hosting":0,"service":0}},"geometry":{"type":"Point","coordinates":[-76.87553,39.00455]}},{"type":"Feature","properties":{"country_code":"FRA","city":"D\u00e9ville-l\u00e8s-Rouen","id":"3021484","downloaders":{"size":308,"mobile":38,"satellite":0,"tor":0,"tor_exit_nodes":0,"vpn":0,"relay":0,"proxy":0,"hosting":2,"service":0},"uploaders":{"size":3,"mobile":0,"satellite":0,"tor":0,"tor_exit_nodes":0,"vpn":0,"relay":0,"proxy":0,"hosting":0,"service":0}},"geometry":{"type":"Point","coordinates":[1.05214,49.46942]}},{"type":"Feature","properties":{"country_code":"DEU","city":"Havixbeck","id":"2908597","downloaders":{"size":308,"mobile":0,"satellite":0,"tor":0,"tor_exit_nodes":0,"vpn":0,"relay":0,"proxy":0,"hosting":0,"service":0},"uploaders":{"size":51,"mobile":0,"satellite":0,"tor":0,"tor_exit_nodes":0,"vpn":0,"relay":0,"proxy":0,"hosting":0,"service":0}},"geometry":{"type":"Point","coordinates":[7.41667,51.98333]}},{"type":"Feature","properties":{"country_code":"HUN","city":"K\u00e9thely","id":"3050204","downloaders":{"size":305,"mobile":0,"satellite":0,"tor":0,"tor_exit_nodes":0,"vpn":0,"relay":0,"proxy":0,"hosting":0,"service":0},"uploaders":{"size":8,"mobile":0,"satellite":0,"tor":0,"tor_exit_nodes":0,"vpn":0,"relay":0,"proxy":0,"hosting":0,"service":0}},"geometry":{"type":"Point","coordinates":[17.39362,46.64605]}},{"type":"Feature","properties":{"country_code":"JPN","city":"Yashio","id":"1848499","downloaders":{"size":301,"mobile":27,"satellite":0,"tor":0,"tor_exit_nodes":0,"vpn":18,"relay":0,"proxy":0,"hosting":7,"service":6},"uploaders":{"size":3,"mobile":0,"satellite":0,"tor":0,"tor_exit_nodes":0,"vpn":0,"relay":0,"proxy":0,"hosting":0,"service":0}},"geometry":{"type":"Point","coordinates":[139.83905,35.82255]}},{"type":"Feature","properties":{"country_code":"DEU","city":"Leer","id":"2879697","downloaders":{"size":298,"mobile":1,"satellite":0,"tor":0,"tor_exit_nodes":0,"vpn":0,"relay":0,"proxy":0,"hosting":0,"service":0},"uploaders":{"size":42,"mobile":0,"satellite":0,"tor":0,"tor_exit_nodes":0,"vpn":0,"relay":0,"proxy":0,"hosting":0,"service":0}},"geometry":{"type":"Point","coordinates":[7.461,53.23157]}},{"type":"Feature","properties":{"country_code":"FRA","city":"Saint-Doulchard","id":"2980801","downloaders":{"size":293,"mobile":161,"satellite":0,"tor":0,"tor_exit_nodes":0,"vpn":0,"relay":0,"proxy":0,"hosting":0,"service":0},"uploaders":{"size":16,"mobile":0,"satellite":0,"tor":0,"tor_exit_nodes":0,"vpn":0,"relay":0,"proxy":0,"hosting":0,"service":0}},"geometry":{"type":"Point","coordinates":[2.352,47.10371]}},{"type":"Feature","properties":{"country_code":"DEU","city":"Gaildorf","id":"2923325","downloaders":{"size":292,"mobile":0,"satellite":0,"tor":0,"tor_exit_nodes":0,"vpn":0,"relay":0,"proxy":0,"hosting":274,"service":0},"uploaders":{"size":15,"mobile":0,"satellite":0,"tor":0,"tor_exit_nodes":0,"vpn":0,"relay":0,"proxy":0,"hosting":15,"service":0}},"geometry":{"type":"Point","coordinates":[9.76953,49.00027]}},{"type":"Feature","properties":{"country_code":"USA","city":"Marysville","id":"5162077","downloaders":{"size":292,"mobile":0,"satellite":0,"tor":0,"tor_exit_nodes":0,"vpn":4,"relay":0,"proxy":0,"hosting":0,"service":0},"uploaders":{"size":16,"mobile":0,"satellite":0,"tor":0,"tor_exit_nodes":0,"vpn":0,"relay":0,"proxy":0,"hosting":0,"service":0}},"geometry":{"type":"Point","coordinates":[-83.3622,40.2477]}},{"type":"Feature","properties":{"country_code":"USA","city":"Howard","id":"5257029","downloaders":{"size":292,"mobile":0,"satellite":0,"tor":0,"tor_exit_nodes":0,"vpn":0,"relay":0,"proxy":0,"hosting":0,"service":0},"uploaders":{"size":7,"mobile":0,"satellite":0,"tor":0,"tor_exit_nodes":0,"vpn":0,"relay":0,"proxy":0,"hosting":0,"service":0}},"geometry":{"type":"Point","coordinates":[-88.08816,44.5436]}},{"type":"Feature","properties":{"country_code":"USA","city":"Laurel","id":"4360369","downloaders":{"size":289,"mobile":0,"satellite":0,"tor":0,"tor_exit_nodes":0,"vpn":0,"relay":0,"proxy":0,"hosting":0,"service":0},"uploaders":{"size":5,"mobile":0,"satellite":0,"tor":0,"tor_exit_nodes":0,"vpn":0,"relay":0,"proxy":0,"hosting":0,"service":0}},"geometry":{"type":"Point","coordinates":[-76.84831,39.09928]}},{"type":"Feature","properties":{"country_code":"BGR","city":"Isperih","id":"730866","downloaders":{"size":288,"mobile":4,"satellite":0,"tor":0,"tor_exit_nodes":0,"vpn":0,"relay":0,"proxy":0,"hosting":1,"service":0},"uploaders":{"size":3,"mobile":0,"satellite":0,"tor":0,"tor_exit_nodes":0,"vpn":0,"relay":0,"proxy":0,"hosting":0,"service":0}},"geometry":{"type":"Point","coordinates":[26.83333,43.71667]}},{"type":"Feature","properties":{"country_code":"RUS","city":"Novolabinskaya","id":"518652","downloaders":{"size":287,"mobile":280,"satellite":0,"tor":0,"tor_exit_nodes":0,"vpn":0,"relay":0,"proxy":0,"hosting":0,"service":0},"uploaders":{"size":13,"mobile":13,"satellite":0,"tor":0,"tor_exit_nodes":0,"vpn":0,"relay":0,"proxy":0,"hosting":0,"service":0}},"geometry":{"type":"Point","coordinates":[39.89399,45.10956]}},{"type":"Feature","properties":{"country_code":"RUS","city":"Lyskovo","id":"532715","downloaders":{"size":287,"mobile":0,"satellite":0,"tor":0,"tor_exit_nodes":0,"vpn":0,"relay":0,"proxy":0,"hosting":0,"service":0},"uploaders":{"size":5,"mobile":0,"satellite":0,"tor":0,"tor_exit_nodes":0,"vpn":0,"relay":0,"proxy":0,"hosting":0,"service":0}},"geometry":{"type":"Point","coordinates":[45.04233,56.02927]}},{"type":"Feature","properties":{"country_code":"KOR","city":"Ingye","id":"11910359","downloaders":{"size":286,"mobile":0,"satellite":0,"tor":0,"tor_exit_nodes":0,"vpn":0,"relay":0,"proxy":0,"hosting":0,"service":0},"uploaders":{"size":3,"mobile":0,"satellite":0,"tor":0,"tor_exit_nodes":0,"vpn":0,"relay":0,"proxy":0,"hosting":0,"service":0}},"geometry":{"type":"Point","coordinates":[127.14135,35.41261]}},{"type":"Feature","properties":{"country_code":"BGR","city":"Teteven","id":"726464","downloaders":{"size":284,"mobile":0,"satellite":0,"tor":0,"tor_exit_nodes":0,"vpn":0,"relay":0,"proxy":0,"hosting":0,"service":0},"uploaders":{"size":3,"mobile":0,"satellite":0,"tor":0,"tor_exit_nodes":0,"vpn":0,"relay":0,"proxy":0,"hosting":0,"service":0}},"geometry":{"type":"Point","coordinates":[24.26667,42.91667]}},{"type":"Feature","properties":{"country_code":"BRA","city":"Itirapina","id":"3460553","downloaders":{"size":282,"mobile":0,"satellite":0,"tor":0,"tor_exit_nodes":0,"vpn":0,"relay":0,"proxy":0,"hosting":0,"service":0},"uploaders":{"size":7,"mobile":0,"satellite":0,"tor":0,"tor_exit_nodes":0,"vpn":0,"relay":0,"proxy":0,"hosting":0,"service":0}},"geometry":{"type":"Point","coordinates":[-47.82278,-22.25278]}},{"type":"Feature","properties":{"country_code":"BRA","city":"Seng\u00e9s","id":"3447848","downloaders":{"size":280,"mobile":0,"satellite":0,"tor":0,"tor_exit_nodes":0,"vpn":0,"relay":0,"proxy":0,"hosting":0,"service":0},"uploaders":{"size":6,"mobile":0,"satellite":0,"tor":0,"tor_exit_nodes":0,"vpn":0,"relay":0,"proxy":0,"hosting":0,"service":0}},"geometry":{"type":"Point","coordinates":[-49.46315,-24.11335]}},{"type":"Feature","properties":{"country_code":"DEU","city":"Xanten","id":"2805385","downloaders":{"size":279,"mobile":0,"satellite":0,"tor":0,"tor_exit_nodes":0,"vpn":0,"relay":0,"proxy":0,"hosting":0,"service":0},"uploaders":{"size":31,"mobile":0,"satellite":0,"tor":0,"tor_exit_nodes":0,"vpn":0,"relay":0,"proxy":0,"hosting":0,"service":0}},"geometry":{"type":"Point","coordinates":[6.45297,51.65877]}},{"type":"Feature","properties":{"country_code":"SVK","city":"Ke\u017emarok","id":"724503","downloaders":{"size":279,"mobile":0,"satellite":0,"tor":0,"tor_exit_nodes":0,"vpn":28,"relay":0,"proxy":0,"hosting":0,"service":0},"uploaders":{"size":3,"mobile":0,"satellite":0,"tor":0,"tor_exit_nodes":0,"vpn":0,"relay":0,"proxy":0,"hosting":0,"service":0}},"geometry":{"type":"Point","coordinates":[20.43352,49.13571]}},{"type":"Feature","properties":{"country_code":"FRA","city":"Br\u00e9tigny-sur-Orge","id":"3030257","downloaders":{"size":278,"mobile":225,"satellite":0,"tor":0,"tor_exit_nodes":0,"vpn":0,"relay":0,"proxy":0,"hosting":39,"service":0},"uploaders":{"size":3,"mobile":0,"satellite":0,"tor":0,"tor_exit_nodes":0,"vpn":0,"relay":0,"proxy":0,"hosting":2,"service":0}},"geometry":{"type":"Point","coordinates":[2.30593,48.61135]}},{"type":"Feature","properties":{"country_code":"CHN","city":"Chaohu","id":"1815427","downloaders":{"size":278,"mobile":0,"satellite":0,"tor":0,"tor_exit_nodes":0,"vpn":2,"relay":0,"proxy":0,"hosting":0,"service":0},"uploaders":{"size":10,"mobile":0,"satellite":0,"tor":0,"tor_exit_nodes":0,"vpn":0,"relay":0,"proxy":0,"hosting":0,"service":0}},"geometry":{"type":"Point","coordinates":[117.86667,31.6]}},{"type":"Feature","properties":{"country_code":"USA","city":"Loveland","id":"4517140","downloaders":{"size":277,"mobile":0,"satellite":0,"tor":0,"tor_exit_nodes":0,"vpn":12,"relay":0,"proxy":0,"hosting":0,"service":0},"uploaders":{"size":12,"mobile":0,"satellite":0,"tor":0,"tor_exit_nodes":0,"vpn":0,"relay":0,"proxy":0,"hosting":0,"service":0}},"geometry":{"type":"Point","coordinates":[-84.26383,39.26895]}},{"type":"Feature","properties":{"country_code":"HUN","city":"Balmaz\u00fajv\u00e1ros","id":"722636","downloaders":{"size":277,"mobile":6,"satellite":0,"tor":0,"tor_exit_nodes":0,"vpn":2,"relay":0,"proxy":0,"hosting":134,"service":0},"uploaders":{"size":8,"mobile":0,"satellite":0,"tor":0,"tor_exit_nodes":0,"vpn":0,"relay":0,"proxy":0,"hosting":0,"service":0}},"geometry":{"type":"Point","coordinates":[21.35,47.61667]}},{"type":"Feature","properties":{"country_code":"USA","city":"Buffalo","id":"5019588","downloaders":{"size":275,"mobile":0,"satellite":0,"tor":0,"tor_exit_nodes":0,"vpn":8,"relay":0,"proxy":0,"hosting":0,"service":0},"uploaders":{"size":7,"mobile":0,"satellite":0,"tor":0,"tor_exit_nodes":0,"vpn":1,"relay":0,"proxy":0,"hosting":0,"service":0}},"geometry":{"type":"Point","coordinates":[-93.87469,45.17191]}},{"type":"Feature","properties":{"country_code":"USA","city":"Neenah","id":"5264223","downloaders":{"size":270,"mobile":0,"satellite":0,"tor":0,"tor_exit_nodes":0,"vpn":0,"relay":0,"proxy":0,"hosting":0,"service":0},"uploaders":{"size":3,"mobile":0,"satellite":0,"tor":0,"tor_exit_nodes":0,"vpn":0,"relay":0,"proxy":0,"hosting":0,"service":0}},"geometry":{"type":"Point","coordinates":[-88.4792,44.1811]}},{"type":"Feature","properties":{"country_code":"CAN","city":"Mont-Laurier","id":"6077128","downloaders":{"size":267,"mobile":19,"satellite":0,"tor":0,"tor_exit_nodes":0,"vpn":0,"relay":0,"proxy":0,"hosting":0,"service":0},"uploaders":{"size":8,"mobile":1,"satellite":0,"tor":0,"tor_exit_nodes":0,"vpn":0,"relay":0,"proxy":0,"hosting":0,"service":0}},"geometry":{"type":"Point","coordinates":[-75.4993,46.55011]}},{"type":"Feature","properties":{"country_code":"USA","city":"Franklin","id":"4937276","downloaders":{"size":266,"mobile":1,"satellite":0,"tor":0,"tor_exit_nodes":0,"vpn":11,"relay":0,"proxy":0,"hosting":0,"service":0},"uploaders":{"size":3,"mobile":0,"satellite":0,"tor":0,"tor_exit_nodes":0,"vpn":0,"relay":0,"proxy":0,"hosting":0,"service":0}},"geometry":{"type":"Point","coordinates":[-71.39673,42.08343]}},{"type":"Feature","properties":{"country_code":"HUN","city":"Letenye","id":"3048820","downloaders":{"size":265,"mobile":0,"satellite":0,"tor":0,"tor_exit_nodes":0,"vpn":0,"relay":0,"proxy":0,"hosting":0,"service":0},"uploaders":{"size":3,"mobile":0,"satellite":0,"tor":0,"tor_exit_nodes":0,"vpn":0,"relay":0,"proxy":0,"hosting":0,"service":0}},"geometry":{"type":"Point","coordinates":[16.72583,46.43301]}},{"type":"Feature","properties":{"country_code":"USA","city":"Fairborn","id":"4511263","downloaders":{"size":264,"mobile":0,"satellite":0,"tor":0,"tor_exit_nodes":0,"vpn":0,"relay":0,"proxy":0,"hosting":0,"service":0},"uploaders":{"size":4,"mobile":0,"satellite":0,"tor":0,"tor_exit_nodes":0,"vpn":0,"relay":0,"proxy":0,"hosting":0,"service":0}},"geometry":{"type":"Point","coordinates":[-84.01938,39.82089]}},{"type":"Feature","properties":{"country_code":"USA","city":"Peoria","id":"5308480","downloaders":{"size":263,"mobile":0,"satellite":0,"tor":0,"tor_exit_nodes":0,"vpn":50,"relay":0,"proxy":0,"hosting":49,"service":48},"uploaders":{"size":16,"mobile":0,"satellite":0,"tor":0,"tor_exit_nodes":0,"vpn":12,"relay":0,"proxy":0,"hosting":12,"service":12}},"geometry":{"type":"Point","coordinates":[-112.23738,33.5806]}},{"type":"Feature","properties":{"country_code":"BRA","city":"Aquidauana","id":"3471896","downloaders":{"size":263,"mobile":0,"satellite":0,"tor":0,"tor_exit_nodes":0,"vpn":1,"relay":0,"proxy":0,"hosting":0,"service":0},"uploaders":{"size":3,"mobile":0,"satellite":0,"tor":0,"tor_exit_nodes":0,"vpn":0,"relay":0,"proxy":0,"hosting":0,"service":0}},"geometry":{"type":"Point","coordinates":[-55.78722,-20.47111]}},{"type":"Feature","properties":{"country_code":"USA","city":"Suwanee","id":"4225309","downloaders":{"size":261,"mobile":1,"satellite":0,"tor":0,"tor_exit_nodes":0,"vpn":2,"relay":0,"proxy":0,"hosting":0,"service":0},"uploaders":{"size":6,"mobile":0,"satellite":0,"tor":0,"tor_exit_nodes":0,"vpn":0,"relay":0,"proxy":0,"hosting":0,"service":0}},"geometry":{"type":"Point","coordinates":[-84.0713,34.05149]}},{"type":"Feature","properties":{"country_code":"FRA","city":"L'Isle-sur-la-Sorgue","id":"2998127","downloaders":{"size":261,"mobile":88,"satellite":0,"tor":0,"tor_exit_nodes":0,"vpn":0,"relay":0,"proxy":0,"hosting":0,"service":0},"uploaders":{"size":4,"mobile":2,"satellite":0,"tor":0,"tor_exit_nodes":0,"vpn":0,"relay":0,"proxy":0,"hosting":0,"service":0}},"geometry":{"type":"Point","coordinates":[5.05141,43.91971]}},{"type":"Feature","properties":{"country_code":"IRQ","city":"Ramadi","id":"98717","downloaders":{"size":259,"mobile":3,"satellite":0,"tor":0,"tor_exit_nodes":0,"vpn":1,"relay":0,"proxy":0,"hosting":0,"service":0},"uploaders":{"size":3,"mobile":2,"satellite":0,"tor":0,"tor_exit_nodes":0,"vpn":0,"relay":0,"proxy":0,"hosting":0,"service":0}},"geometry":{"type":"Point","coordinates":[43.30778,33.42056]}},{"type":"Feature","properties":{"country_code":"NOR","city":"Horten","id":"3151770","downloaders":{"size":258,"mobile":0,"satellite":0,"tor":0,"tor_exit_nodes":0,"vpn":94,"relay":0,"proxy":0,"hosting":0,"service":0},"uploaders":{"size":8,"mobile":0,"satellite":0,"tor":0,"tor_exit_nodes":0,"vpn":1,"relay":0,"proxy":0,"hosting":0,"service":0}},"geometry":{"type":"Point","coordinates":[10.48343,59.41721]}},{"type":"Feature","properties":{"country_code":"USA","city":"Stafford","id":"4787247","downloaders":{"size":256,"mobile":0,"satellite":0,"tor":0,"tor_exit_nodes":0,"vpn":0,"relay":0,"proxy":0,"hosting":0,"service":0},"uploaders":{"size":4,"mobile":0,"satellite":0,"tor":0,"tor_exit_nodes":0,"vpn":0,"relay":0,"proxy":0,"hosting":0,"service":0}},"geometry":{"type":"Point","coordinates":[-77.40832,38.42207]}},{"type":"Feature","properties":{"country_code":"USA","city":"South Jordan","id":"5781770","downloaders":{"size":254,"mobile":0,"satellite":0,"tor":0,"tor_exit_nodes":0,"vpn":1,"relay":0,"proxy":0,"hosting":0,"service":0},"uploaders":{"size":9,"mobile":0,"satellite":0,"tor":0,"tor_exit_nodes":0,"vpn":0,"relay":0,"proxy":0,"hosting":0,"service":0}},"geometry":{"type":"Point","coordinates":[-111.92966,40.56217]}},{"type":"Feature","properties":{"country_code":"USA","city":"Kathleen","id":"4160651","downloaders":{"size":254,"mobile":0,"satellite":0,"tor":0,"tor_exit_nodes":0,"vpn":7,"relay":0,"proxy":0,"hosting":0,"service":0},"uploaders":{"size":5,"mobile":0,"satellite":0,"tor":0,"tor_exit_nodes":0,"vpn":0,"relay":0,"proxy":0,"hosting":0,"service":0}},"geometry":{"type":"Point","coordinates":[-82.02314,28.12085]}},{"type":"Feature","properties":{"country_code":"IND","city":"Belagavi","id":"1276533","downloaders":{"size":253,"mobile":1,"satellite":0,"tor":0,"tor_exit_nodes":0,"vpn":0,"relay":0,"proxy":0,"hosting":0,"service":0},"uploaders":{"size":4,"mobile":0,"satellite":0,"tor":0,"tor_exit_nodes":0,"vpn":0,"relay":0,"proxy":0,"hosting":0,"service":0}},"geometry":{"type":"Point","coordinates":[74.50447,15.85212]}},{"type":"Feature","properties":{"country_code":"USA","city":"Oviedo","id":"4167348","downloaders":{"size":253,"mobile":0,"satellite":0,"tor":0,"tor_exit_nodes":0,"vpn":0,"relay":0,"proxy":0,"hosting":0,"service":0},"uploaders":{"size":6,"mobile":0,"satellite":0,"tor":0,"tor_exit_nodes":0,"vpn":0,"relay":0,"proxy":0,"hosting":0,"service":0}},"geometry":{"type":"Point","coordinates":[-81.20812,28.67]}},{"type":"Feature","properties":{"country_code":"USA","city":"Nellysford","id":"4775601","downloaders":{"size":252,"mobile":0,"satellite":0,"tor":0,"tor_exit_nodes":0,"vpn":0,"relay":0,"proxy":0,"hosting":0,"service":0},"uploaders":{"size":32,"mobile":0,"satellite":0,"tor":0,"tor_exit_nodes":0,"vpn":0,"relay":0,"proxy":0,"hosting":0,"service":0}},"geometry":{"type":"Point","coordinates":[-78.87224,37.89042]}},{"type":"Feature","properties":{"country_code":"USA","city":"Kendall","id":"4160711","downloaders":{"size":246,"mobile":0,"satellite":0,"tor":0,"tor_exit_nodes":0,"vpn":130,"relay":0,"proxy":0,"hosting":128,"service":128},"uploaders":{"size":27,"mobile":0,"satellite":0,"tor":0,"tor_exit_nodes":0,"vpn":19,"relay":0,"proxy":0,"hosting":19,"service":19}},"geometry":{"type":"Point","coordinates":[-80.31727,25.67927]}},{"type":"Feature","properties":{"country_code":"USA","city":"Shirley","id":"5138022","downloaders":{"size":246,"mobile":0,"satellite":0,"tor":0,"tor_exit_nodes":0,"vpn":1,"relay":0,"proxy":0,"hosting":0,"service":0},"uploaders":{"size":7,"mobile":0,"satellite":0,"tor":0,"tor_exit_nodes":0,"vpn":0,"relay":0,"proxy":0,"hosting":0,"service":0}},"geometry":{"type":"Point","coordinates":[-72.8676,40.80149]}},{"type":"Feature","properties":{"country_code":"DEU","city":"Bad Homburg vor der H\u00f6he","id":"2953436","downloaders":{"size":245,"mobile":0,"satellite":0,"tor":0,"tor_exit_nodes":0,"vpn":1,"relay":0,"proxy":0,"hosting":0,"service":0},"uploaders":{"size":6,"mobile":0,"satellite":0,"tor":0,"tor_exit_nodes":0,"vpn":0,"relay":0,"proxy":0,"hosting":0,"service":0}},"geometry":{"type":"Point","coordinates":[8.61816,50.22683]}},{"type":"Feature","properties":{"country_code":"MEX","city":"Huauchinango","id":"3526992","downloaders":{"size":243,"mobile":0,"satellite":0,"tor":0,"tor_exit_nodes":0,"vpn":0,"relay":0,"proxy":0,"hosting":0,"service":0},"uploaders":{"size":7,"mobile":0,"satellite":0,"tor":0,"tor_exit_nodes":0,"vpn":0,"relay":0,"proxy":0,"hosting":0,"service":0}},"geometry":{"type":"Point","coordinates":[-98.05491,20.17376]}},{"type":"Feature","properties":{"country_code":"USA","city":"Mead Valley","id":"5371858","downloaders":{"size":243,"mobile":0,"satellite":0,"tor":0,"tor_exit_nodes":0,"vpn":3,"relay":0,"proxy":0,"hosting":0,"service":2},"uploaders":{"size":5,"mobile":0,"satellite":0,"tor":0,"tor_exit_nodes":0,"vpn":2,"relay":0,"proxy":0,"hosting":0,"service":2}},"geometry":{"type":"Point","coordinates":[-117.29615,33.83335]}},{"type":"Feature","properties":{"country_code":"USA","city":"Cedar Park","id":"4679867","downloaders":{"size":241,"mobile":0,"satellite":0,"tor":0,"tor_exit_nodes":0,"vpn":5,"relay":0,"proxy":0,"hosting":0,"service":0},"uploaders":{"size":7,"mobile":0,"satellite":0,"tor":0,"tor_exit_nodes":0,"vpn":0,"relay":0,"proxy":0,"hosting":0,"service":0}},"geometry":{"type":"Point","coordinates":[-97.82029,30.5052]}},{"type":"Feature","properties":{"country_code":"NLD","city":"Wassenaar","id":"2744991","downloaders":{"size":241,"mobile":0,"satellite":0,"tor":0,"tor_exit_nodes":0,"vpn":167,"relay":0,"proxy":0,"hosting":171,"service":0},"uploaders":{"size":3,"mobile":0,"satellite":0,"tor":0,"tor_exit_nodes":0,"vpn":2,"relay":0,"proxy":0,"hosting":2,"service":0}},"geometry":{"type":"Point","coordinates":[4.40278,52.14583]}},{"type":"Feature","properties":{"country_code":"UKR","city":"Mariupol","id":"701822","downloaders":{"size":240,"mobile":0,"satellite":0,"tor":0,"tor_exit_nodes":0,"vpn":3,"relay":0,"proxy":0,"hosting":4,"service":3},"uploaders":{"size":7,"mobile":0,"satellite":0,"tor":0,"tor_exit_nodes":0,"vpn":2,"relay":0,"proxy":0,"hosting":2,"service":2}},"geometry":{"type":"Point","coordinates":[37.54131,47.09514]}},{"type":"Feature","properties":{"country_code":"NZL","city":"Onehunga","id":"6232212","downloaders":{"size":239,"mobile":0,"satellite":0,"tor":0,"tor_exit_nodes":0,"vpn":0,"relay":0,"proxy":0,"hosting":239,"service":0},"uploaders":{"size":34,"mobile":0,"satellite":0,"tor":0,"tor_exit_nodes":0,"vpn":0,"relay":0,"proxy":0,"hosting":34,"service":0}},"geometry":{"type":"Point","coordinates":[174.8002,-36.9182]}},{"type":"Feature","properties":{"country_code":"BRA","city":"S\u00e3o Manoel do Paran\u00e1","id":"8356454","downloaders":{"size":237,"mobile":0,"satellite":0,"tor":0,"tor_exit_nodes":0,"vpn":0,"relay":0,"proxy":0,"hosting":0,"service":0},"uploaders":{"size":3,"mobile":0,"satellite":0,"tor":0,"tor_exit_nodes":0,"vpn":0,"relay":0,"proxy":0,"hosting":0,"service":0}},"geometry":{"type":"Point","coordinates":[-52.64664,-23.39567]}},{"type":"Feature","properties":{"country_code":"NOR","city":"Maura","id":"3146270","downloaders":{"size":234,"mobile":0,"satellite":0,"tor":0,"tor_exit_nodes":0,"vpn":0,"relay":0,"proxy":0,"hosting":0,"service":0},"uploaders":{"size":4,"mobile":0,"satellite":0,"tor":0,"tor_exit_nodes":0,"vpn":0,"relay":0,"proxy":0,"hosting":0,"service":0}},"geometry":{"type":"Point","coordinates":[11.03192,60.2583]}},{"type":"Feature","properties":{"country_code":"JPN","city":"Ebina","id":"6822128","downloaders":{"size":232,"mobile":7,"satellite":0,"tor":0,"tor_exit_nodes":0,"vpn":11,"relay":0,"proxy":0,"hosting":5,"service":0},"uploaders":{"size":3,"mobile":0,"satellite":0,"tor":0,"tor_exit_nodes":0,"vpn":0,"relay":0,"proxy":0,"hosting":0,"service":0}},"geometry":{"type":"Point","coordinates":[139.39651,35.38121]}},{"type":"Feature","properties":{"country_code":"DEU","city":"Willich","id":"2808559","downloaders":{"size":231,"mobile":0,"satellite":0,"tor":0,"tor_exit_nodes":0,"vpn":4,"relay":0,"proxy":0,"hosting":1,"service":0},"uploaders":{"size":7,"mobile":0,"satellite":0,"tor":0,"tor_exit_nodes":0,"vpn":0,"relay":0,"proxy":0,"hosting":0,"service":0}},"geometry":{"type":"Point","coordinates":[6.54734,51.26371]}},{"type":"Feature","properties":{"country_code":"RUS","city":"Kavkazskaya","id":"551669","downloaders":{"size":229,"mobile":0,"satellite":0,"tor":0,"tor_exit_nodes":0,"vpn":3,"relay":0,"proxy":0,"hosting":0,"service":0},"uploaders":{"size":6,"mobile":0,"satellite":0,"tor":0,"tor_exit_nodes":0,"vpn":1,"relay":0,"proxy":0,"hosting":0,"service":0}},"geometry":{"type":"Point","coordinates":[40.66703,45.44392]}},{"type":"Feature","properties":{"country_code":"NOR","city":"Skarnes","id":"3139244","downloaders":{"size":228,"mobile":0,"satellite":0,"tor":0,"tor_exit_nodes":0,"vpn":0,"relay":0,"proxy":0,"hosting":0,"service":0},"uploaders":{"size":7,"mobile":0,"satellite":0,"tor":0,"tor_exit_nodes":0,"vpn":0,"relay":0,"proxy":0,"hosting":0,"service":0}},"geometry":{"type":"Point","coordinates":[11.68485,60.25391]}},{"type":"Feature","properties":{"country_code":"DEU","city":"Emstek","id":"2930426","downloaders":{"size":228,"mobile":0,"satellite":0,"tor":0,"tor_exit_nodes":0,"vpn":1,"relay":0,"proxy":0,"hosting":0,"service":0},"uploaders":{"size":26,"mobile":0,"satellite":0,"tor":0,"tor_exit_nodes":0,"vpn":0,"relay":0,"proxy":0,"hosting":0,"service":0}},"geometry":{"type":"Point","coordinates":[8.15,52.83333]}},{"type":"Feature","properties":{"country_code":"USA","city":"Weslaco","id":"4740629","downloaders":{"size":227,"mobile":0,"satellite":0,"tor":0,"tor_exit_nodes":0,"vpn":1,"relay":0,"proxy":0,"hosting":0,"service":0},"uploaders":{"size":11,"mobile":0,"satellite":0,"tor":0,"tor_exit_nodes":0,"vpn":0,"relay":0,"proxy":0,"hosting":0,"service":0}},"geometry":{"type":"Point","coordinates":[-97.9887,26.1694]}},{"type":"Feature","properties":{"country_code":"USA","city":"Fair Lawn","id":"5097773","downloaders":{"size":223,"mobile":0,"satellite":0,"tor":0,"tor_exit_nodes":0,"vpn":4,"relay":0,"proxy":0,"hosting":10,"service":0},"uploaders":{"size":3,"mobile":0,"satellite":0,"tor":0,"tor_exit_nodes":0,"vpn":0,"relay":0,"proxy":0,"hosting":0,"service":0}},"geometry":{"type":"Point","coordinates":[-74.13181,40.94038]}},{"type":"Feature","properties":{"country_code":"USA","city":"Carson City","id":"5501344","downloaders":{"size":223,"mobile":1,"satellite":0,"tor":0,"tor_exit_nodes":0,"vpn":0,"relay":0,"proxy":0,"hosting":0,"service":0},"uploaders":{"size":3,"mobile":0,"satellite":0,"tor":0,"tor_exit_nodes":0,"vpn":0,"relay":0,"proxy":0,"hosting":0,"service":0}},"geometry":{"type":"Point","coordinates":[-119.7526,39.2025]}},{"type":"Feature","properties":{"country_code":"CHN","city":"Qinghe","id":"2035320","downloaders":{"size":222,"mobile":0,"satellite":0,"tor":0,"tor_exit_nodes":0,"vpn":0,"relay":0,"proxy":0,"hosting":0,"service":0},"uploaders":{"size":7,"mobile":0,"satellite":0,"tor":0,"tor_exit_nodes":0,"vpn":0,"relay":0,"proxy":0,"hosting":0,"service":0}},"geometry":{"type":"Point","coordinates":[116.33326,40.02967]}},{"type":"Feature","properties":{"country_code":"USA","city":"Springs","id":"5139294","downloaders":{"size":222,"mobile":0,"satellite":0,"tor":0,"tor_exit_nodes":0,"vpn":0,"relay":0,"proxy":0,"hosting":0,"service":0},"uploaders":{"size":4,"mobile":0,"satellite":0,"tor":0,"tor_exit_nodes":0,"vpn":0,"relay":0,"proxy":0,"hosting":0,"service":0}},"geometry":{"type":"Point","coordinates":[-72.15924,41.01621]}},{"type":"Feature","properties":{"country_code":"USA","city":"Owosso","id":"5004792","downloaders":{"size":221,"mobile":0,"satellite":0,"tor":0,"tor_exit_nodes":0,"vpn":0,"relay":0,"proxy":0,"hosting":0,"service":0},"uploaders":{"size":8,"mobile":0,"satellite":0,"tor":0,"tor_exit_nodes":0,"vpn":0,"relay":0,"proxy":0,"hosting":0,"service":0}},"geometry":{"type":"Point","coordinates":[-84.17664,42.9978]}},{"type":"Feature","properties":{"country_code":"USA","city":"Gainesville","id":"4196586","downloaders":{"size":221,"mobile":0,"satellite":0,"tor":0,"tor_exit_nodes":0,"vpn":0,"relay":0,"proxy":0,"hosting":0,"service":0},"uploaders":{"size":5,"mobile":0,"satellite":0,"tor":0,"tor_exit_nodes":0,"vpn":0,"relay":0,"proxy":0,"hosting":0,"service":0}},"geometry":{"type":"Point","coordinates":[-83.82407,34.29788]}},{"type":"Feature","properties":{"country_code":"EST","city":"H\u00fc\u00fcru","id":"592077","downloaders":{"size":220,"mobile":0,"satellite":0,"tor":2,"tor_exit_nodes":0,"vpn":220,"relay":0,"proxy":0,"hosting":220,"service":220},"uploaders":{"size":60,"mobile":0,"satellite":0,"tor":0,"tor_exit_nodes":0,"vpn":60,"relay":0,"proxy":0,"hosting":60,"service":60}},"geometry":{"type":"Point","coordinates":[24.53986,59.37905]}},{"type":"Feature","properties":{"country_code":"DEU","city":"Nordwalde","id":"2861847","downloaders":{"size":220,"mobile":0,"satellite":0,"tor":0,"tor_exit_nodes":0,"vpn":0,"relay":0,"proxy":0,"hosting":0,"service":0},"uploaders":{"size":21,"mobile":0,"satellite":0,"tor":0,"tor_exit_nodes":0,"vpn":0,"relay":0,"proxy":0,"hosting":0,"service":0}},"geometry":{"type":"Point","coordinates":[7.48333,52.08333]}},{"type":"Feature","properties":{"country_code":"USA","city":"Woodbridge","id":"4794457","downloaders":{"size":219,"mobile":0,"satellite":0,"tor":0,"tor_exit_nodes":0,"vpn":1,"relay":0,"proxy":0,"hosting":0,"service":0},"uploaders":{"size":14,"mobile":0,"satellite":0,"tor":0,"tor_exit_nodes":0,"vpn":0,"relay":0,"proxy":0,"hosting":0,"service":0}},"geometry":{"type":"Point","coordinates":[-77.2497,38.65817]}},{"type":"Feature","properties":{"country_code":"JPN","city":"Miyoshidai","id":"11012851","downloaders":{"size":219,"mobile":2,"satellite":0,"tor":0,"tor_exit_nodes":0,"vpn":33,"relay":0,"proxy":0,"hosting":0,"service":0},"uploaders":{"size":4,"mobile":0,"satellite":0,"tor":0,"tor_exit_nodes":0,"vpn":1,"relay":0,"proxy":0,"hosting":0,"service":0}},"geometry":{"type":"Point","coordinates":[139.54437,35.83318]}},{"type":"Feature","properties":{"country_code":"RUS","city":"Tugulym","id":"1489057","downloaders":{"size":218,"mobile":0,"satellite":0,"tor":0,"tor_exit_nodes":0,"vpn":2,"relay":0,"proxy":0,"hosting":0,"service":0},"uploaders":{"size":6,"mobile":0,"satellite":0,"tor":0,"tor_exit_nodes":0,"vpn":0,"relay":0,"proxy":0,"hosting":0,"service":0}},"geometry":{"type":"Point","coordinates":[64.64702,57.05863]}},{"type":"Feature","properties":{"country_code":"DEU","city":"Limburg an der Lahn","id":"2877648","downloaders":{"size":218,"mobile":0,"satellite":0,"tor":0,"tor_exit_nodes":0,"vpn":0,"relay":0,"proxy":0,"hosting":6,"service":0},"uploaders":{"size":20,"mobile":0,"satellite":0,"tor":0,"tor_exit_nodes":0,"vpn":0,"relay":0,"proxy":0,"hosting":0,"service":0}},"geometry":{"type":"Point","coordinates":[8.0503,50.3836]}},{"type":"Feature","properties":{"country_code":"HUN","city":"Rajka","id":"3045991","downloaders":{"size":217,"mobile":0,"satellite":0,"tor":0,"tor_exit_nodes":0,"vpn":2,"relay":0,"proxy":0,"hosting":23,"service":0},"uploaders":{"size":3,"mobile":0,"satellite":0,"tor":0,"tor_exit_nodes":0,"vpn":0,"relay":0,"proxy":0,"hosting":0,"service":0}},"geometry":{"type":"Point","coordinates":[17.19821,47.99643]}},{"type":"Feature","properties":{"country_code":"USA","city":"Newark","id":"5164466","downloaders":{"size":217,"mobile":0,"satellite":0,"tor":0,"tor_exit_nodes":0,"vpn":0,"relay":0,"proxy":0,"hosting":0,"service":0},"uploaders":{"size":5,"mobile":0,"satellite":0,"tor":0,"tor_exit_nodes":0,"vpn":0,"relay":0,"proxy":0,"hosting":0,"service":0}},"geometry":{"type":"Point","coordinates":[-82.4046,40.0724]}},{"type":"Feature","properties":{"country_code":"IND","city":"Shamshabad","id":"7648816","downloaders":{"size":215,"mobile":1,"satellite":0,"tor":0,"tor_exit_nodes":0,"vpn":0,"relay":0,"proxy":0,"hosting":214,"service":0},"uploaders":{"size":8,"mobile":0,"satellite":0,"tor":0,"tor_exit_nodes":0,"vpn":0,"relay":0,"proxy":0,"hosting":8,"service":0}},"geometry":{"type":"Point","coordinates":[78.4112,17.1316]}},{"type":"Feature","properties":{"country_code":"DNK","city":"Haderslev","id":"2620964","downloaders":{"size":213,"mobile":0,"satellite":0,"tor":0,"tor_exit_nodes":0,"vpn":0,"relay":0,"proxy":0,"hosting":0,"service":0},"uploaders":{"size":4,"mobile":0,"satellite":0,"tor":0,"tor_exit_nodes":0,"vpn":0,"relay":0,"proxy":0,"hosting":0,"service":0}},"geometry":{"type":"Point","coordinates":[9.48771,55.24943]}},{"type":"Feature","properties":{"country_code":"DEU","city":"Geldern","id":"2921528","downloaders":{"size":213,"mobile":11,"satellite":0,"tor":0,"tor_exit_nodes":0,"vpn":9,"relay":0,"proxy":0,"hosting":0,"service":0},"uploaders":{"size":22,"mobile":0,"satellite":0,"tor":0,"tor_exit_nodes":0,"vpn":0,"relay":0,"proxy":0,"hosting":0,"service":0}},"geometry":{"type":"Point","coordinates":[6.32363,51.51908]}},{"type":"Feature","properties":{"country_code":"USA","city":"Holly Springs","id":"4471641","downloaders":{"size":211,"mobile":0,"satellite":0,"tor":0,"tor_exit_nodes":0,"vpn":4,"relay":0,"proxy":0,"hosting":0,"service":0},"uploaders":{"size":7,"mobile":0,"satellite":0,"tor":0,"tor_exit_nodes":0,"vpn":0,"relay":0,"proxy":0,"hosting":0,"service":0}},"geometry":{"type":"Point","coordinates":[-78.83362,35.65127]}},{"type":"Feature","properties":{"country_code":"GBR","city":"Ladywell","id":"11551041","downloaders":{"size":210,"mobile":209,"satellite":0,"tor":0,"tor_exit_nodes":0,"vpn":0,"relay":0,"proxy":0,"hosting":0,"service":0},"uploaders":{"size":51,"mobile":51,"satellite":0,"tor":0,"tor_exit_nodes":0,"vpn":0,"relay":0,"proxy":0,"hosting":0,"service":0}},"geometry":{"type":"Point","coordinates":[-0.02227,51.45452]}},{"type":"Feature","properties":{"country_code":"BRA","city":"S\u00e3o Jo\u00e3o do Sul","id":"3454860","downloaders":{"size":209,"mobile":0,"satellite":0,"tor":0,"tor_exit_nodes":0,"vpn":0,"relay":0,"proxy":0,"hosting":0,"service":0},"uploaders":{"size":4,"mobile":0,"satellite":0,"tor":0,"tor_exit_nodes":0,"vpn":0,"relay":0,"proxy":0,"hosting":0,"service":0}},"geometry":{"type":"Point","coordinates":[-49.81,-29.22333]}},{"type":"Feature","properties":{"country_code":"USA","city":"Middletown","id":"4518264","downloaders":{"size":208,"mobile":0,"satellite":0,"tor":0,"tor_exit_nodes":0,"vpn":6,"relay":0,"proxy":0,"hosting":0,"service":0},"uploaders":{"size":3,"mobile":0,"satellite":0,"tor":0,"tor_exit_nodes":0,"vpn":0,"relay":0,"proxy":0,"hosting":0,"service":0}},"geometry":{"type":"Point","coordinates":[-84.39828,39.51506]}},{"type":"Feature","properties":{"country_code":"USA","city":"Glens Falls","id":"5118693","downloaders":{"size":207,"mobile":0,"satellite":0,"tor":0,"tor_exit_nodes":0,"vpn":0,"relay":0,"proxy":0,"hosting":0,"service":0},"uploaders":{"size":6,"mobile":0,"satellite":0,"tor":0,"tor_exit_nodes":0,"vpn":0,"relay":0,"proxy":0,"hosting":0,"service":0}},"geometry":{"type":"Point","coordinates":[-73.64401,43.30952]}},{"type":"Feature","properties":{"country_code":"USA","city":"Harrisburg","id":"4470109","downloaders":{"size":206,"mobile":0,"satellite":0,"tor":0,"tor_exit_nodes":0,"vpn":0,"relay":0,"proxy":0,"hosting":0,"service":0},"uploaders":{"size":12,"mobile":0,"satellite":0,"tor":0,"tor_exit_nodes":0,"vpn":0,"relay":0,"proxy":0,"hosting":0,"service":0}},"geometry":{"type":"Point","coordinates":[-80.65784,35.32395]}},{"type":"Feature","properties":{"country_code":"USA","city":"La Ca\u00f1ada Flintridge","id":"5363859","downloaders":{"size":206,"mobile":0,"satellite":0,"tor":0,"tor_exit_nodes":0,"vpn":170,"relay":0,"proxy":0,"hosting":170,"service":0},"uploaders":{"size":22,"mobile":0,"satellite":0,"tor":0,"tor_exit_nodes":0,"vpn":22,"relay":0,"proxy":0,"hosting":22,"service":0}},"geometry":{"type":"Point","coordinates":[-118.18785,34.19917]}},{"type":"Feature","properties":{"country_code":"USA","city":"Foothill Farms","id":"5349803","downloaders":{"size":206,"mobile":1,"satellite":0,"tor":0,"tor_exit_nodes":0,"vpn":0,"relay":0,"proxy":0,"hosting":0,"service":0},"uploaders":{"size":23,"mobile":0,"satellite":0,"tor":0,"tor_exit_nodes":0,"vpn":0,"relay":0,"proxy":0,"hosting":0,"service":0}},"geometry":{"type":"Point","coordinates":[-121.35114,38.67877]}},{"type":"Feature","properties":{"country_code":"USA","city":"Middletown","id":"5126842","downloaders":{"size":205,"mobile":0,"satellite":0,"tor":0,"tor_exit_nodes":0,"vpn":4,"relay":0,"proxy":0,"hosting":0,"service":0},"uploaders":{"size":6,"mobile":0,"satellite":0,"tor":0,"tor_exit_nodes":0,"vpn":0,"relay":0,"proxy":0,"hosting":0,"service":0}},"geometry":{"type":"Point","coordinates":[-74.345,41.4886]}},{"type":"Feature","properties":{"country_code":"USA","city":"North Kansas City","id":"4400860","downloaders":{"size":205,"mobile":0,"satellite":0,"tor":0,"tor_exit_nodes":0,"vpn":0,"relay":0,"proxy":0,"hosting":183,"service":0},"uploaders":{"size":22,"mobile":0,"satellite":0,"tor":0,"tor_exit_nodes":0,"vpn":0,"relay":0,"proxy":0,"hosting":22,"service":0}},"geometry":{"type":"Point","coordinates":[-94.56218,39.13]}},{"type":"Feature","properties":{"country_code":"RUS","city":"Krasnovishersk","id":"542184","downloaders":{"size":204,"mobile":0,"satellite":0,"tor":0,"tor_exit_nodes":0,"vpn":0,"relay":0,"proxy":0,"hosting":0,"service":0},"uploaders":{"size":7,"mobile":0,"satellite":0,"tor":0,"tor_exit_nodes":0,"vpn":0,"relay":0,"proxy":0,"hosting":0,"service":0}},"geometry":{"type":"Point","coordinates":[57.08286,60.40728]}},{"type":"Feature","properties":{"country_code":"DEU","city":"Nagold","id":"2867164","downloaders":{"size":204,"mobile":0,"satellite":0,"tor":0,"tor_exit_nodes":0,"vpn":0,"relay":0,"proxy":0,"hosting":0,"service":0},"uploaders":{"size":11,"mobile":0,"satellite":0,"tor":0,"tor_exit_nodes":0,"vpn":0,"relay":0,"proxy":0,"hosting":0,"service":0}},"geometry":{"type":"Point","coordinates":[8.72366,48.5498]}},{"type":"Feature","properties":{"country_code":"FRA","city":"Saint-Andr\u00e9-de-Corcy","id":"2981762","downloaders":{"size":203,"mobile":201,"satellite":0,"tor":0,"tor_exit_nodes":0,"vpn":0,"relay":0,"proxy":0,"hosting":0,"service":0},"uploaders":{"size":19,"mobile":19,"satellite":0,"tor":0,"tor_exit_nodes":0,"vpn":0,"relay":0,"proxy":0,"hosting":0,"service":0}},"geometry":{"type":"Point","coordinates":[4.95166,45.9259]}},{"type":"Feature","properties":{"country_code":"","city":"Gjilan","id":"790674","downloaders":{"size":202,"mobile":0,"satellite":0,"tor":0,"tor_exit_nodes":0,"vpn":0,"relay":0,"proxy":0,"hosting":0,"service":0},"uploaders":{"size":3,"mobile":0,"satellite":0,"tor":0,"tor_exit_nodes":0,"vpn":0,"relay":0,"proxy":0,"hosting":0,"service":0}},"geometry":{"type":"Point","coordinates":[21.46986,42.46045]}},{"type":"Feature","properties":{"country_code":"USA","city":"Burlington","id":"4458228","downloaders":{"size":201,"mobile":0,"satellite":0,"tor":0,"tor_exit_nodes":0,"vpn":0,"relay":1,"proxy":0,"hosting":1,"service":1},"uploaders":{"size":13,"mobile":0,"satellite":0,"tor":0,"tor_exit_nodes":0,"vpn":0,"relay":0,"proxy":0,"hosting":0,"service":0}},"geometry":{"type":"Point","coordinates":[-79.4889,36.0318]}},{"type":"Feature","properties":{"country_code":"HUN","city":"Iv\u00e1n","id":"3051038","downloaders":{"size":199,"mobile":0,"satellite":0,"tor":0,"tor_exit_nodes":0,"vpn":0,"relay":0,"proxy":0,"hosting":0,"service":0},"uploaders":{"size":3,"mobile":0,"satellite":0,"tor":0,"tor_exit_nodes":0,"vpn":0,"relay":0,"proxy":0,"hosting":0,"service":0}},"geometry":{"type":"Point","coordinates":[16.90598,47.44378]}},{"type":"Feature","properties":{"country_code":"HKG","city":"Sheung Shui","id":"1818845","downloaders":{"size":199,"mobile":0,"satellite":0,"tor":0,"tor_exit_nodes":0,"vpn":0,"relay":0,"proxy":0,"hosting":199,"service":0},"uploaders":{"size":6,"mobile":0,"satellite":0,"tor":0,"tor_exit_nodes":0,"vpn":0,"relay":0,"proxy":0,"hosting":6,"service":0}},"geometry":{"type":"Point","coordinates":[114.11667,22.51667]}},{"type":"Feature","properties":{"country_code":"USA","city":"Needham","id":"4945055","downloaders":{"size":199,"mobile":0,"satellite":0,"tor":0,"tor_exit_nodes":0,"vpn":5,"relay":0,"proxy":0,"hosting":1,"service":0},"uploaders":{"size":36,"mobile":0,"satellite":0,"tor":0,"tor_exit_nodes":0,"vpn":0,"relay":0,"proxy":0,"hosting":1,"service":0}},"geometry":{"type":"Point","coordinates":[-71.23283,42.28343]}},{"type":"Feature","properties":{"country_code":"USA","city":"Fountain Valley","id":"5350207","downloaders":{"size":198,"mobile":0,"satellite":0,"tor":0,"tor_exit_nodes":0,"vpn":63,"relay":0,"proxy":0,"hosting":0,"service":29},"uploaders":{"size":42,"mobile":0,"satellite":0,"tor":0,"tor_exit_nodes":0,"vpn":12,"relay":0,"proxy":0,"hosting":0,"service":5}},"geometry":{"type":"Point","coordinates":[-117.95367,33.70918]}},{"type":"Feature","properties":{"country_code":"USA","city":"Stonecrest","id":"11748973","downloaders":{"size":195,"mobile":0,"satellite":0,"tor":0,"tor_exit_nodes":0,"vpn":194,"relay":0,"proxy":0,"hosting":194,"service":194},"uploaders":{"size":40,"mobile":0,"satellite":0,"tor":0,"tor_exit_nodes":0,"vpn":40,"relay":0,"proxy":0,"hosting":40,"service":40}},"geometry":{"type":"Point","coordinates":[-84.13485,33.70849]}},{"type":"Feature","properties":{"country_code":"LIE","city":"Vaduz","id":"3042030","downloaders":{"size":195,"mobile":0,"satellite":0,"tor":0,"tor_exit_nodes":0,"vpn":31,"relay":0,"proxy":0,"hosting":195,"service":28},"uploaders":{"size":28,"mobile":0,"satellite":0,"tor":0,"tor_exit_nodes":0,"vpn":0,"relay":0,"proxy":0,"hosting":28,"service":0}},"geometry":{"type":"Point","coordinates":[9.52154,47.14151]}},{"type":"Feature","properties":{"country_code":"USA","city":"Trumbull","id":"4844459","downloaders":{"size":194,"mobile":0,"satellite":0,"tor":0,"tor_exit_nodes":0,"vpn":3,"relay":0,"proxy":0,"hosting":0,"service":0},"uploaders":{"size":6,"mobile":0,"satellite":0,"tor":0,"tor_exit_nodes":0,"vpn":0,"relay":0,"proxy":0,"hosting":0,"service":0}},"geometry":{"type":"Point","coordinates":[-73.20067,41.24287]}},{"type":"Feature","properties":{"country_code":"DEU","city":"Ennigerloh","id":"2930030","downloaders":{"size":194,"mobile":0,"satellite":0,"tor":0,"tor_exit_nodes":0,"vpn":0,"relay":0,"proxy":0,"hosting":0,"service":0},"uploaders":{"size":21,"mobile":0,"satellite":0,"tor":0,"tor_exit_nodes":0,"vpn":0,"relay":0,"proxy":0,"hosting":0,"service":0}},"geometry":{"type":"Point","coordinates":[8.03093,51.83843]}},{"type":"Feature","properties":{"country_code":"BRA","city":"Capelinha","id":"3467305","downloaders":{"size":194,"mobile":0,"satellite":0,"tor":0,"tor_exit_nodes":0,"vpn":1,"relay":0,"proxy":0,"hosting":0,"service":0},"uploaders":{"size":5,"mobile":0,"satellite":0,"tor":0,"tor_exit_nodes":0,"vpn":0,"relay":0,"proxy":0,"hosting":0,"service":0}},"geometry":{"type":"Point","coordinates":[-42.51583,-17.69139]}},{"type":"Feature","properties":{"country_code":"USA","city":"Batavia","id":"4884192","downloaders":{"size":193,"mobile":0,"satellite":0,"tor":0,"tor_exit_nodes":0,"vpn":0,"relay":0,"proxy":0,"hosting":0,"service":0},"uploaders":{"size":3,"mobile":0,"satellite":0,"tor":0,"tor_exit_nodes":0,"vpn":0,"relay":0,"proxy":0,"hosting":0,"service":0}},"geometry":{"type":"Point","coordinates":[-88.31257,41.85003]}},{"type":"Feature","properties":{"country_code":"USA","city":"Roy","id":"5780802","downloaders":{"size":193,"mobile":0,"satellite":0,"tor":0,"tor_exit_nodes":0,"vpn":172,"relay":0,"proxy":0,"hosting":180,"service":172},"uploaders":{"size":24,"mobile":0,"satellite":0,"tor":0,"tor_exit_nodes":0,"vpn":24,"relay":0,"proxy":0,"hosting":24,"service":24}},"geometry":{"type":"Point","coordinates":[-112.02633,41.16161]}},{"type":"Feature","properties":{"country_code":"ESP","city":"Santa Mar\u00eda del P\u00e1ramo","id":"3109778","downloaders":{"size":193,"mobile":145,"satellite":0,"tor":0,"tor_exit_nodes":0,"vpn":0,"relay":0,"proxy":0,"hosting":0,"service":0},"uploaders":{"size":9,"mobile":3,"satellite":0,"tor":0,"tor_exit_nodes":0,"vpn":0,"relay":0,"proxy":0,"hosting":0,"service":0}},"geometry":{"type":"Point","coordinates":[-5.75151,42.35512]}},{"type":"Feature","properties":{"country_code":"USA","city":"Snoqualmie","id":"5810995","downloaders":{"size":192,"mobile":0,"satellite":0,"tor":0,"tor_exit_nodes":0,"vpn":8,"relay":0,"proxy":0,"hosting":0,"service":0},"uploaders":{"size":7,"mobile":0,"satellite":0,"tor":0,"tor_exit_nodes":0,"vpn":1,"relay":0,"proxy":0,"hosting":0,"service":0}},"geometry":{"type":"Point","coordinates":[-121.82539,47.52871]}},{"type":"Feature","properties":{"country_code":"FRA","city":"Milly-la-For\u00eat","id":"2993843","downloaders":{"size":192,"mobile":85,"satellite":0,"tor":0,"tor_exit_nodes":0,"vpn":0,"relay":0,"proxy":0,"hosting":0,"service":0},"uploaders":{"size":6,"mobile":1,"satellite":0,"tor":0,"tor_exit_nodes":0,"vpn":0,"relay":0,"proxy":0,"hosting":0,"service":0}},"geometry":{"type":"Point","coordinates":[2.47015,48.404]}},{"type":"Feature","properties":{"country_code":"MAR","city":"Safi","id":"2537881","downloaders":{"size":191,"mobile":191,"satellite":0,"tor":0,"tor_exit_nodes":0,"vpn":0,"relay":0,"proxy":0,"hosting":0,"service":0},"uploaders":{"size":6,"mobile":6,"satellite":0,"tor":0,"tor_exit_nodes":0,"vpn":0,"relay":0,"proxy":0,"hosting":0,"service":0}},"geometry":{"type":"Point","coordinates":[-9.23718,32.29939]}},{"type":"Feature","properties":{"country_code":"JPN","city":"Tachikawa","id":"11611487","downloaders":{"size":191,"mobile":2,"satellite":0,"tor":0,"tor_exit_nodes":0,"vpn":2,"relay":0,"proxy":0,"hosting":1,"service":0},"uploaders":{"size":4,"mobile":0,"satellite":0,"tor":0,"tor_exit_nodes":0,"vpn":0,"relay":0,"proxy":0,"hosting":0,"service":0}},"geometry":{"type":"Point","coordinates":[139.41891,35.7091]}},{"type":"Feature","properties":{"country_code":"FRA","city":"Moissac","id":"2993586","downloaders":{"size":190,"mobile":49,"satellite":0,"tor":0,"tor_exit_nodes":0,"vpn":0,"relay":0,"proxy":0,"hosting":0,"service":0},"uploaders":{"size":3,"mobile":1,"satellite":0,"tor":0,"tor_exit_nodes":0,"vpn":0,"relay":0,"proxy":0,"hosting":0,"service":0}},"geometry":{"type":"Point","coordinates":[1.08474,44.1045]}},{"type":"Feature","properties":{"country_code":"RUS","city":"Annino","id":"581623","downloaders":{"size":190,"mobile":0,"satellite":0,"tor":0,"tor_exit_nodes":0,"vpn":0,"relay":0,"proxy":0,"hosting":0,"service":0},"uploaders":{"size":3,"mobile":0,"satellite":0,"tor":0,"tor_exit_nodes":0,"vpn":0,"relay":0,"proxy":0,"hosting":0,"service":0}},"geometry":{"type":"Point","coordinates":[30.05611,59.77056]}},{"type":"Feature","properties":{"country_code":"USA","city":"Fort Mitchell","id":"4292067","downloaders":{"size":189,"mobile":0,"satellite":0,"tor":0,"tor_exit_nodes":0,"vpn":2,"relay":0,"proxy":0,"hosting":0,"service":0},"uploaders":{"size":24,"mobile":0,"satellite":0,"tor":0,"tor_exit_nodes":0,"vpn":0,"relay":0,"proxy":0,"hosting":0,"service":0}},"geometry":{"type":"Point","coordinates":[-84.54744,39.0595]}},{"type":"Feature","properties":{"country_code":"RUS","city":"Konosha","id":"545353","downloaders":{"size":189,"mobile":0,"satellite":0,"tor":0,"tor_exit_nodes":0,"vpn":0,"relay":0,"proxy":0,"hosting":0,"service":0},"uploaders":{"size":9,"mobile":0,"satellite":0,"tor":0,"tor_exit_nodes":0,"vpn":0,"relay":0,"proxy":0,"hosting":0,"service":0}},"geometry":{"type":"Point","coordinates":[40.26322,60.97306]}},{"type":"Feature","properties":{"country_code":"HUN","city":"Hajd\u00fahadh\u00e1z","id":"720287","downloaders":{"size":189,"mobile":0,"satellite":0,"tor":0,"tor_exit_nodes":0,"vpn":0,"relay":0,"proxy":0,"hosting":0,"service":0},"uploaders":{"size":3,"mobile":0,"satellite":0,"tor":0,"tor_exit_nodes":0,"vpn":0,"relay":0,"proxy":0,"hosting":0,"service":0}},"geometry":{"type":"Point","coordinates":[21.66667,47.68333]}},{"type":"Feature","properties":{"country_code":"MEX","city":"Ameca","id":"4018582","downloaders":{"size":188,"mobile":0,"satellite":0,"tor":0,"tor_exit_nodes":0,"vpn":0,"relay":0,"proxy":0,"hosting":0,"service":0},"uploaders":{"size":3,"mobile":0,"satellite":0,"tor":0,"tor_exit_nodes":0,"vpn":0,"relay":0,"proxy":0,"hosting":0,"service":0}},"geometry":{"type":"Point","coordinates":[-104.0461,20.54783]}},{"type":"Feature","properties":{"country_code":"ESP","city":"La Lantejuela","id":"2515814","downloaders":{"size":188,"mobile":1,"satellite":0,"tor":0,"tor_exit_nodes":0,"vpn":22,"relay":0,"proxy":0,"hosting":0,"service":0},"uploaders":{"size":3,"mobile":0,"satellite":0,"tor":0,"tor_exit_nodes":0,"vpn":3,"relay":0,"proxy":0,"hosting":0,"service":0}},"geometry":{"type":"Point","coordinates":[-5.22477,37.3535]}},{"type":"Feature","properties":{"country_code":"USA","city":"Spanish Fork","id":"5781860","downloaders":{"size":188,"mobile":0,"satellite":0,"tor":0,"tor_exit_nodes":0,"vpn":7,"relay":0,"proxy":0,"hosting":0,"service":0},"uploaders":{"size":7,"mobile":0,"satellite":0,"tor":0,"tor_exit_nodes":0,"vpn":0,"relay":0,"proxy":0,"hosting":0,"service":0}},"geometry":{"type":"Point","coordinates":[-111.65492,40.11496]}},{"type":"Feature","properties":{"country_code":"BRA","city":"Canguaretama","id":"3403362","downloaders":{"size":187,"mobile":0,"satellite":0,"tor":0,"tor_exit_nodes":0,"vpn":0,"relay":0,"proxy":0,"hosting":0,"service":0},"uploaders":{"size":8,"mobile":0,"satellite":0,"tor":0,"tor_exit_nodes":0,"vpn":0,"relay":0,"proxy":0,"hosting":0,"service":0}},"geometry":{"type":"Point","coordinates":[-35.12889,-6.38]}},{"type":"Feature","properties":{"country_code":"USA","city":"Montgomery Village","id":"4362743","downloaders":{"size":187,"mobile":0,"satellite":0,"tor":0,"tor_exit_nodes":0,"vpn":0,"relay":0,"proxy":0,"hosting":0,"service":0},"uploaders":{"size":4,"mobile":0,"satellite":0,"tor":0,"tor_exit_nodes":0,"vpn":0,"relay":0,"proxy":0,"hosting":0,"service":0}},"geometry":{"type":"Point","coordinates":[-77.19526,39.17677]}},{"type":"Feature","properties":{"country_code":"USA","city":"Commack","id":"5113412","downloaders":{"size":187,"mobile":0,"satellite":0,"tor":0,"tor_exit_nodes":0,"vpn":0,"relay":0,"proxy":0,"hosting":0,"service":0},"uploaders":{"size":4,"mobile":0,"satellite":0,"tor":0,"tor_exit_nodes":0,"vpn":0,"relay":0,"proxy":0,"hosting":0,"service":0}},"geometry":{"type":"Point","coordinates":[-73.29289,40.84288]}},{"type":"Feature","properties":{"country_code":"USA","city":"Fox Chapel","id":"5190213","downloaders":{"size":187,"mobile":0,"satellite":0,"tor":0,"tor_exit_nodes":0,"vpn":0,"relay":0,"proxy":0,"hosting":0,"service":0},"uploaders":{"size":3,"mobile":0,"satellite":0,"tor":0,"tor_exit_nodes":0,"vpn":0,"relay":0,"proxy":0,"hosting":0,"service":0}},"geometry":{"type":"Point","coordinates":[-79.87977,40.5134]}},{"type":"Feature","properties":{"country_code":"DEU","city":"Neuburg an der Donau","id":"2866070","downloaders":{"size":186,"mobile":0,"satellite":0,"tor":0,"tor_exit_nodes":0,"vpn":0,"relay":0,"proxy":0,"hosting":0,"service":0},"uploaders":{"size":6,"mobile":0,"satellite":0,"tor":0,"tor_exit_nodes":0,"vpn":0,"relay":0,"proxy":0,"hosting":0,"service":0}},"geometry":{"type":"Point","coordinates":[11.18709,48.73218]}},{"type":"Feature","properties":{"country_code":"USA","city":"Spring Hill","id":"4279847","downloaders":{"size":186,"mobile":0,"satellite":0,"tor":0,"tor_exit_nodes":0,"vpn":3,"relay":0,"proxy":0,"hosting":0,"service":0},"uploaders":{"size":4,"mobile":0,"satellite":0,"tor":0,"tor_exit_nodes":0,"vpn":0,"relay":0,"proxy":0,"hosting":0,"service":0}},"geometry":{"type":"Point","coordinates":[-94.82552,38.74306]}},{"type":"Feature","properties":{"country_code":"POL","city":"Kietrz","id":"3096240","downloaders":{"size":186,"mobile":0,"satellite":0,"tor":0,"tor_exit_nodes":0,"vpn":0,"relay":0,"proxy":0,"hosting":0,"service":0},"uploaders":{"size":6,"mobile":0,"satellite":0,"tor":0,"tor_exit_nodes":0,"vpn":0,"relay":0,"proxy":0,"hosting":0,"service":0}},"geometry":{"type":"Point","coordinates":[18.00432,50.08042]}},{"type":"Feature","properties":{"country_code":"FRA","city":"Mont\u00e9vrain","id":"2992637","downloaders":{"size":185,"mobile":86,"satellite":0,"tor":0,"tor_exit_nodes":0,"vpn":2,"relay":0,"proxy":0,"hosting":0,"service":0},"uploaders":{"size":8,"mobile":5,"satellite":0,"tor":0,"tor_exit_nodes":0,"vpn":0,"relay":0,"proxy":0,"hosting":0,"service":0}},"geometry":{"type":"Point","coordinates":[2.75114,48.87415]}},{"type":"Feature","properties":{"country_code":"USA","city":"Ilion","id":"5121765","downloaders":{"size":185,"mobile":0,"satellite":0,"tor":0,"tor_exit_nodes":0,"vpn":0,"relay":0,"proxy":0,"hosting":0,"service":0},"uploaders":{"size":18,"mobile":0,"satellite":0,"tor":0,"tor_exit_nodes":0,"vpn":0,"relay":0,"proxy":0,"hosting":0,"service":0}},"geometry":{"type":"Point","coordinates":[-75.03543,43.01507]}},{"type":"Feature","properties":{"country_code":"MAR","city":"Settat","id":"2537406","downloaders":{"size":184,"mobile":10,"satellite":0,"tor":0,"tor_exit_nodes":0,"vpn":0,"relay":0,"proxy":0,"hosting":0,"service":0},"uploaders":{"size":10,"mobile":0,"satellite":0,"tor":0,"tor_exit_nodes":0,"vpn":0,"relay":0,"proxy":0,"hosting":0,"service":0}},"geometry":{"type":"Point","coordinates":[-7.61662,33.00103]}},{"type":"Feature","properties":{"country_code":"AUS","city":"Crookwell","id":"2169928","downloaders":{"size":184,"mobile":0,"satellite":0,"tor":0,"tor_exit_nodes":0,"vpn":0,"relay":0,"proxy":0,"hosting":0,"service":0},"uploaders":{"size":5,"mobile":0,"satellite":0,"tor":0,"tor_exit_nodes":0,"vpn":0,"relay":0,"proxy":0,"hosting":0,"service":0}},"geometry":{"type":"Point","coordinates":[149.47137,-34.45925]}},{"type":"Feature","properties":{"country_code":"FRA","city":"Dreux","id":"3020810","downloaders":{"size":184,"mobile":74,"satellite":0,"tor":0,"tor_exit_nodes":0,"vpn":0,"relay":0,"proxy":0,"hosting":0,"service":0},"uploaders":{"size":3,"mobile":0,"satellite":0,"tor":0,"tor_exit_nodes":0,"vpn":0,"relay":0,"proxy":0,"hosting":0,"service":0}},"geometry":{"type":"Point","coordinates":[1.36566,48.73649]}},{"type":"Feature","properties":{"country_code":"NLD","city":"Vlissingen","id":"2745392","downloaders":{"size":183,"mobile":0,"satellite":0,"tor":0,"tor_exit_nodes":0,"vpn":12,"relay":0,"proxy":0,"hosting":0,"service":0},"uploaders":{"size":29,"mobile":0,"satellite":0,"tor":0,"tor_exit_nodes":0,"vpn":0,"relay":0,"proxy":0,"hosting":0,"service":0}},"geometry":{"type":"Point","coordinates":[3.57361,51.4425]}},{"type":"Feature","properties":{"country_code":"FRA","city":"Marly","id":"2995656","downloaders":{"size":183,"mobile":2,"satellite":0,"tor":0,"tor_exit_nodes":0,"vpn":0,"relay":0,"proxy":0,"hosting":101,"service":0},"uploaders":{"size":8,"mobile":0,"satellite":0,"tor":0,"tor_exit_nodes":0,"vpn":0,"relay":0,"proxy":0,"hosting":1,"service":0}},"geometry":{"type":"Point","coordinates":[3.54959,50.34556]}},{"type":"Feature","properties":{"country_code":"POL","city":"Pruszcz Gda\u0144ski","id":"3088034","downloaders":{"size":183,"mobile":3,"satellite":0,"tor":0,"tor_exit_nodes":0,"vpn":1,"relay":0,"proxy":0,"hosting":0,"service":0},"uploaders":{"size":3,"mobile":0,"satellite":0,"tor":0,"tor_exit_nodes":0,"vpn":0,"relay":0,"proxy":0,"hosting":0,"service":0}},"geometry":{"type":"Point","coordinates":[18.63625,54.26217]}},{"type":"Feature","properties":{"country_code":"VNM","city":"V\u01b0\u01a1ng","id":"8612829","downloaders":{"size":183,"mobile":182,"satellite":0,"tor":0,"tor_exit_nodes":0,"vpn":0,"relay":0,"proxy":0,"hosting":0,"service":0},"uploaders":{"size":6,"mobile":6,"satellite":0,"tor":0,"tor_exit_nodes":0,"vpn":0,"relay":0,"proxy":0,"hosting":0,"service":0}},"geometry":{"type":"Point","coordinates":[106.11751,20.7011]}},{"type":"Feature","properties":{"country_code":"USA","city":"Maltby","id":"5802236","downloaders":{"size":183,"mobile":0,"satellite":0,"tor":0,"tor_exit_nodes":0,"vpn":159,"relay":0,"proxy":0,"hosting":159,"service":159},"uploaders":{"size":34,"mobile":0,"satellite":0,"tor":0,"tor_exit_nodes":0,"vpn":34,"relay":0,"proxy":0,"hosting":34,"service":34}},"geometry":{"type":"Point","coordinates":[-122.11318,47.8051]}},{"type":"Feature","properties":{"country_code":"JPN","city":"Sano","id":"1852964","downloaders":{"size":183,"mobile":2,"satellite":0,"tor":0,"tor_exit_nodes":0,"vpn":9,"relay":0,"proxy":0,"hosting":0,"service":0},"uploaders":{"size":3,"mobile":0,"satellite":0,"tor":0,"tor_exit_nodes":0,"vpn":0,"relay":0,"proxy":0,"hosting":0,"service":0}},"geometry":{"type":"Point","coordinates":[139.58333,36.31667]}},{"type":"Feature","properties":{"country_code":"USA","city":"Milford","id":"5101197","downloaders":{"size":183,"mobile":0,"satellite":0,"tor":0,"tor_exit_nodes":0,"vpn":0,"relay":0,"proxy":0,"hosting":0,"service":0},"uploaders":{"size":24,"mobile":0,"satellite":0,"tor":0,"tor_exit_nodes":0,"vpn":0,"relay":0,"proxy":0,"hosting":0,"service":0}},"geometry":{"type":"Point","coordinates":[-75.09462,40.56871]}},{"type":"Feature","properties":{"country_code":"USA","city":"Lilburn","id":"4205724","downloaders":{"size":182,"mobile":0,"satellite":0,"tor":0,"tor_exit_nodes":0,"vpn":0,"relay":0,"proxy":0,"hosting":0,"service":0},"uploaders":{"size":8,"mobile":0,"satellite":0,"tor":0,"tor_exit_nodes":0,"vpn":0,"relay":0,"proxy":0,"hosting":0,"service":0}},"geometry":{"type":"Point","coordinates":[-84.14297,33.8901]}},{"type":"Feature","properties":{"country_code":"BRA","city":"Palmeira","id":"3455425","downloaders":{"size":181,"mobile":0,"satellite":0,"tor":0,"tor_exit_nodes":0,"vpn":1,"relay":0,"proxy":0,"hosting":1,"service":0},"uploaders":{"size":6,"mobile":0,"satellite":0,"tor":0,"tor_exit_nodes":0,"vpn":0,"relay":0,"proxy":0,"hosting":0,"service":0}},"geometry":{"type":"Point","coordinates":[-50.00639,-25.42944]}},{"type":"Feature","properties":{"country_code":"USA","city":"Lawrence","id":"4260210","downloaders":{"size":180,"mobile":0,"satellite":0,"tor":0,"tor_exit_nodes":0,"vpn":0,"relay":0,"proxy":0,"hosting":0,"service":0},"uploaders":{"size":6,"mobile":0,"satellite":0,"tor":0,"tor_exit_nodes":0,"vpn":0,"relay":0,"proxy":0,"hosting":0,"service":0}},"geometry":{"type":"Point","coordinates":[-86.02526,39.83865]}},{"type":"Feature","properties":{"country_code":"USA","city":"Oceanside","id":"5129603","downloaders":{"size":179,"mobile":0,"satellite":0,"tor":0,"tor_exit_nodes":0,"vpn":1,"relay":0,"proxy":0,"hosting":0,"service":0},"uploaders":{"size":3,"mobile":0,"satellite":0,"tor":0,"tor_exit_nodes":0,"vpn":0,"relay":0,"proxy":0,"hosting":0,"service":0}},"geometry":{"type":"Point","coordinates":[-73.64013,40.63871]}},{"type":"Feature","properties":{"country_code":"USA","city":"Belmont","id":"4930282","downloaders":{"size":179,"mobile":0,"satellite":0,"tor":0,"tor_exit_nodes":0,"vpn":0,"relay":0,"proxy":0,"hosting":0,"service":0},"uploaders":{"size":11,"mobile":0,"satellite":0,"tor":0,"tor_exit_nodes":0,"vpn":0,"relay":0,"proxy":0,"hosting":0,"service":0}},"geometry":{"type":"Point","coordinates":[-71.17867,42.39593]}},{"type":"Feature","properties":{"country_code":"GBR","city":"Crowborough","id":"2651852","downloaders":{"size":178,"mobile":14,"satellite":0,"tor":0,"tor_exit_nodes":0,"vpn":2,"relay":0,"proxy":0,"hosting":48,"service":0},"uploaders":{"size":9,"mobile":0,"satellite":0,"tor":0,"tor_exit_nodes":0,"vpn":0,"relay":0,"proxy":0,"hosting":3,"service":0}},"geometry":{"type":"Point","coordinates":[0.16342,51.06098]}},{"type":"Feature","properties":{"country_code":"USA","city":"Emeryville","id":"5346462","downloaders":{"size":177,"mobile":0,"satellite":0,"tor":0,"tor_exit_nodes":0,"vpn":0,"relay":0,"proxy":0,"hosting":0,"service":0},"uploaders":{"size":16,"mobile":0,"satellite":0,"tor":0,"tor_exit_nodes":0,"vpn":0,"relay":0,"proxy":0,"hosting":0,"service":0}},"geometry":{"type":"Point","coordinates":[-122.28525,37.83132]}},{"type":"Feature","properties":{"country_code":"USA","city":"Coopertown","id":"4615331","downloaders":{"size":176,"mobile":0,"satellite":0,"tor":0,"tor_exit_nodes":0,"vpn":0,"relay":0,"proxy":0,"hosting":0,"service":0},"uploaders":{"size":27,"mobile":0,"satellite":0,"tor":0,"tor_exit_nodes":0,"vpn":0,"relay":0,"proxy":0,"hosting":0,"service":0}},"geometry":{"type":"Point","coordinates":[-86.96722,36.43755]}},{"type":"Feature","properties":{"country_code":"UKR","city":"Kal'mius'ke","id":"705186","downloaders":{"size":175,"mobile":0,"satellite":0,"tor":0,"tor_exit_nodes":0,"vpn":0,"relay":0,"proxy":0,"hosting":0,"service":0},"uploaders":{"size":7,"mobile":0,"satellite":0,"tor":0,"tor_exit_nodes":0,"vpn":0,"relay":0,"proxy":0,"hosting":0,"service":0}},"geometry":{"type":"Point","coordinates":[38.07753,47.6639]}},{"type":"Feature","properties":{"country_code":"USA","city":"Rochester","id":"5091872","downloaders":{"size":174,"mobile":0,"satellite":0,"tor":0,"tor_exit_nodes":0,"vpn":0,"relay":0,"proxy":0,"hosting":11,"service":0},"uploaders":{"size":3,"mobile":0,"satellite":0,"tor":0,"tor_exit_nodes":0,"vpn":0,"relay":0,"proxy":0,"hosting":0,"service":0}},"geometry":{"type":"Point","coordinates":[-70.97562,43.30453]}},{"type":"Feature","properties":{"country_code":"FRA","city":"Forbach","id":"3017805","downloaders":{"size":173,"mobile":31,"satellite":0,"tor":0,"tor_exit_nodes":0,"vpn":0,"relay":0,"proxy":0,"hosting":0,"service":0},"uploaders":{"size":3,"mobile":0,"satellite":0,"tor":0,"tor_exit_nodes":0,"vpn":0,"relay":0,"proxy":0,"hosting":0,"service":0}},"geometry":{"type":"Point","coordinates":[6.89255,49.18848]}},{"type":"Feature","properties":{"country_code":"USA","city":"Wilson","id":"4499389","downloaders":{"size":172,"mobile":0,"satellite":0,"tor":0,"tor_exit_nodes":0,"vpn":0,"relay":0,"proxy":0,"hosting":85,"service":0},"uploaders":{"size":5,"mobile":0,"satellite":0,"tor":0,"tor_exit_nodes":0,"vpn":0,"relay":0,"proxy":0,"hosting":0,"service":0}},"geometry":{"type":"Point","coordinates":[-77.91554,35.72127]}},{"type":"Feature","properties":{"country_code":"BGR","city":"Belene","id":"733359","downloaders":{"size":172,"mobile":0,"satellite":0,"tor":0,"tor_exit_nodes":0,"vpn":0,"relay":0,"proxy":0,"hosting":0,"service":0},"uploaders":{"size":3,"mobile":0,"satellite":0,"tor":0,"tor_exit_nodes":0,"vpn":0,"relay":0,"proxy":0,"hosting":0,"service":0}},"geometry":{"type":"Point","coordinates":[25.1343,43.65062]}},{"type":"Feature","properties":{"country_code":"DEU","city":"Beelen","id":"2951596","downloaders":{"size":172,"mobile":0,"satellite":0,"tor":0,"tor_exit_nodes":0,"vpn":0,"relay":0,"proxy":0,"hosting":0,"service":0},"uploaders":{"size":21,"mobile":0,"satellite":0,"tor":0,"tor_exit_nodes":0,"vpn":0,"relay":0,"proxy":0,"hosting":0,"service":0}},"geometry":{"type":"Point","coordinates":[8.11117,51.92906]}},{"type":"Feature","properties":{"country_code":"USA","city":"Danvers","id":"4934500","downloaders":{"size":171,"mobile":0,"satellite":0,"tor":0,"tor_exit_nodes":0,"vpn":2,"relay":0,"proxy":0,"hosting":0,"service":0},"uploaders":{"size":3,"mobile":0,"satellite":0,"tor":0,"tor_exit_nodes":0,"vpn":0,"relay":0,"proxy":0,"hosting":0,"service":0}},"geometry":{"type":"Point","coordinates":[-70.93005,42.57509]}},{"type":"Feature","properties":{"country_code":"RUS","city":"Raduzhny","id":"1540356","downloaders":{"size":171,"mobile":0,"satellite":0,"tor":0,"tor_exit_nodes":0,"vpn":0,"relay":0,"proxy":0,"hosting":0,"service":0},"uploaders":{"size":5,"mobile":0,"satellite":0,"tor":0,"tor_exit_nodes":0,"vpn":0,"relay":0,"proxy":0,"hosting":0,"service":0}},"geometry":{"type":"Point","coordinates":[77.475,62.09611]}},{"type":"Feature","properties":{"country_code":"JPN","city":"Mishima","id":"1856977","downloaders":{"size":171,"mobile":0,"satellite":0,"tor":0,"tor_exit_nodes":0,"vpn":2,"relay":0,"proxy":0,"hosting":0,"service":0},"uploaders":{"size":6,"mobile":0,"satellite":0,"tor":0,"tor_exit_nodes":0,"vpn":0,"relay":0,"proxy":0,"hosting":0,"service":0}},"geometry":{"type":"Point","coordinates":[138.91667,35.11667]}},{"type":"Feature","properties":{"country_code":"USA","city":"Crescent Springs","id":"4289028","downloaders":{"size":170,"mobile":0,"satellite":0,"tor":0,"tor_exit_nodes":0,"vpn":1,"relay":0,"proxy":0,"hosting":0,"service":0},"uploaders":{"size":3,"mobile":0,"satellite":0,"tor":0,"tor_exit_nodes":0,"vpn":0,"relay":0,"proxy":0,"hosting":0,"service":0}},"geometry":{"type":"Point","coordinates":[-84.58161,39.05145]}},{"type":"Feature","properties":{"country_code":"USA","city":"Kentwood","id":"4998018","downloaders":{"size":170,"mobile":0,"satellite":0,"tor":0,"tor_exit_nodes":0,"vpn":4,"relay":0,"proxy":0,"hosting":12,"service":0},"uploaders":{"size":3,"mobile":0,"satellite":0,"tor":0,"tor_exit_nodes":0,"vpn":0,"relay":0,"proxy":0,"hosting":0,"service":0}},"geometry":{"type":"Point","coordinates":[-85.64475,42.86947]}},{"type":"Feature","properties":{"country_code":"USA","city":"Loves Park","id":"4900579","downloaders":{"size":170,"mobile":0,"satellite":0,"tor":0,"tor_exit_nodes":0,"vpn":0,"relay":0,"proxy":0,"hosting":0,"service":0},"uploaders":{"size":16,"mobile":0,"satellite":0,"tor":0,"tor_exit_nodes":0,"vpn":0,"relay":0,"proxy":0,"hosting":0,"service":0}},"geometry":{"type":"Point","coordinates":[-89.05816,42.32002]}},{"type":"Feature","properties":{"country_code":"USA","city":"Lancaster","id":"5364940","downloaders":{"size":168,"mobile":0,"satellite":0,"tor":0,"tor_exit_nodes":0,"vpn":0,"relay":0,"proxy":0,"hosting":0,"service":0},"uploaders":{"size":3,"mobile":0,"satellite":0,"tor":0,"tor_exit_nodes":0,"vpn":0,"relay":0,"proxy":0,"hosting":0,"service":0}},"geometry":{"type":"Point","coordinates":[-118.13674,34.69804]}},{"type":"Feature","properties":{"country_code":"KEN","city":"Kiambu","id":"192710","downloaders":{"size":168,"mobile":0,"satellite":0,"tor":0,"tor_exit_nodes":0,"vpn":0,"relay":0,"proxy":0,"hosting":0,"service":0},"uploaders":{"size":50,"mobile":0,"satellite":0,"tor":0,"tor_exit_nodes":0,"vpn":0,"relay":0,"proxy":0,"hosting":0,"service":0}},"geometry":{"type":"Point","coordinates":[36.83556,-1.17139]}},{"type":"Feature","properties":{"country_code":"USA","city":"Beacon","id":"5108219","downloaders":{"size":168,"mobile":0,"satellite":0,"tor":0,"tor_exit_nodes":0,"vpn":0,"relay":0,"proxy":0,"hosting":0,"service":0},"uploaders":{"size":12,"mobile":0,"satellite":0,"tor":0,"tor_exit_nodes":0,"vpn":0,"relay":0,"proxy":0,"hosting":0,"service":0}},"geometry":{"type":"Point","coordinates":[-73.96958,41.50482]}},{"type":"Feature","properties":{"country_code":"USA","city":"Chester","id":"4752229","downloaders":{"size":168,"mobile":0,"satellite":0,"tor":0,"tor_exit_nodes":0,"vpn":2,"relay":0,"proxy":0,"hosting":0,"service":0},"uploaders":{"size":6,"mobile":0,"satellite":0,"tor":0,"tor_exit_nodes":0,"vpn":0,"relay":0,"proxy":0,"hosting":0,"service":0}},"geometry":{"type":"Point","coordinates":[-77.44165,37.35682]}},{"type":"Feature","properties":{"country_code":"USA","city":"Pacifica","id":"5380420","downloaders":{"size":166,"mobile":0,"satellite":0,"tor":0,"tor_exit_nodes":0,"vpn":0,"relay":0,"proxy":0,"hosting":0,"service":0},"uploaders":{"size":26,"mobile":0,"satellite":0,"tor":0,"tor_exit_nodes":0,"vpn":0,"relay":0,"proxy":0,"hosting":0,"service":0}},"geometry":{"type":"Point","coordinates":[-122.48692,37.61383]}},{"type":"Feature","properties":{"country_code":"USA","city":"Decatur","id":"4058553","downloaders":{"size":165,"mobile":0,"satellite":0,"tor":0,"tor_exit_nodes":0,"vpn":15,"relay":0,"proxy":0,"hosting":1,"service":0},"uploaders":{"size":4,"mobile":0,"satellite":0,"tor":0,"tor_exit_nodes":0,"vpn":0,"relay":0,"proxy":0,"hosting":0,"service":0}},"geometry":{"type":"Point","coordinates":[-87.0004,34.5484]}},{"type":"Feature","properties":{"country_code":"USA","city":"South Old Bridge","id":"5104835","downloaders":{"size":165,"mobile":0,"satellite":0,"tor":0,"tor_exit_nodes":0,"vpn":0,"relay":0,"proxy":0,"hosting":0,"service":0},"uploaders":{"size":7,"mobile":0,"satellite":0,"tor":0,"tor_exit_nodes":0,"vpn":0,"relay":0,"proxy":0,"hosting":0,"service":0}},"geometry":{"type":"Point","coordinates":[-74.35432,40.40816]}},{"type":"Feature","properties":{"country_code":"USA","city":"Turlock","id":"5404024","downloaders":{"size":164,"mobile":5,"satellite":0,"tor":0,"tor_exit_nodes":0,"vpn":0,"relay":0,"proxy":0,"hosting":0,"service":0},"uploaders":{"size":3,"mobile":0,"satellite":0,"tor":0,"tor_exit_nodes":0,"vpn":0,"relay":0,"proxy":0,"hosting":0,"service":0}},"geometry":{"type":"Point","coordinates":[-120.84659,37.49466]}},{"type":"Feature","properties":{"country_code":"DEU","city":"Velbert","id":"2817724","downloaders":{"size":164,"mobile":6,"satellite":0,"tor":0,"tor_exit_nodes":0,"vpn":18,"relay":0,"proxy":0,"hosting":0,"service":0},"uploaders":{"size":4,"mobile":1,"satellite":0,"tor":0,"tor_exit_nodes":0,"vpn":0,"relay":0,"proxy":0,"hosting":0,"service":0}},"geometry":{"type":"Point","coordinates":[7.04348,51.33537]}},{"type":"Feature","properties":{"country_code":"USA","city":"New Berlin","id":"5264381","downloaders":{"size":163,"mobile":0,"satellite":0,"tor":0,"tor_exit_nodes":0,"vpn":2,"relay":0,"proxy":0,"hosting":0,"service":0},"uploaders":{"size":5,"mobile":0,"satellite":0,"tor":0,"tor_exit_nodes":0,"vpn":0,"relay":0,"proxy":0,"hosting":0,"service":0}},"geometry":{"type":"Point","coordinates":[-88.10842,42.9764]}},{"type":"Feature","properties":{"country_code":"USA","city":"De Pere","id":"5250201","downloaders":{"size":163,"mobile":0,"satellite":0,"tor":0,"tor_exit_nodes":0,"vpn":1,"relay":0,"proxy":0,"hosting":0,"service":0},"uploaders":{"size":4,"mobile":0,"satellite":0,"tor":0,"tor_exit_nodes":0,"vpn":0,"relay":0,"proxy":0,"hosting":0,"service":0}},"geometry":{"type":"Point","coordinates":[-88.06038,44.44888]}},{"type":"Feature","properties":{"country_code":"JPN","city":"Ikoma","id":"1861749","downloaders":{"size":163,"mobile":0,"satellite":0,"tor":0,"tor_exit_nodes":0,"vpn":0,"relay":0,"proxy":0,"hosting":0,"service":0},"uploaders":{"size":3,"mobile":0,"satellite":0,"tor":0,"tor_exit_nodes":0,"vpn":0,"relay":0,"proxy":0,"hosting":0,"service":0}},"geometry":{"type":"Point","coordinates":[135.7,34.68333]}},{"type":"Feature","properties":{"country_code":"USA","city":"Milford","id":"4518307","downloaders":{"size":162,"mobile":0,"satellite":0,"tor":0,"tor_exit_nodes":0,"vpn":0,"relay":0,"proxy":0,"hosting":0,"service":0},"uploaders":{"size":3,"mobile":0,"satellite":0,"tor":0,"tor_exit_nodes":0,"vpn":0,"relay":0,"proxy":0,"hosting":0,"service":0}},"geometry":{"type":"Point","coordinates":[-84.29438,39.17534]}},{"type":"Feature","properties":{"country_code":"DEU","city":"Bautzen","id":"2951881","downloaders":{"size":162,"mobile":1,"satellite":0,"tor":0,"tor_exit_nodes":0,"vpn":58,"relay":0,"proxy":0,"hosting":0,"service":58},"uploaders":{"size":3,"mobile":0,"satellite":0,"tor":0,"tor_exit_nodes":0,"vpn":3,"relay":0,"proxy":0,"hosting":0,"service":3}},"geometry":{"type":"Point","coordinates":[14.43494,51.18035]}},{"type":"Feature","properties":{"country_code":"GBR","city":"Pitsea","id":"2640246","downloaders":{"size":162,"mobile":0,"satellite":0,"tor":0,"tor_exit_nodes":0,"vpn":0,"relay":0,"proxy":0,"hosting":0,"service":0},"uploaders":{"size":25,"mobile":0,"satellite":0,"tor":0,"tor_exit_nodes":0,"vpn":0,"relay":0,"proxy":0,"hosting":0,"service":0}},"geometry":{"type":"Point","coordinates":[0.50859,51.56387]}},{"type":"Feature","properties":{"country_code":"USA","city":"Macedonia","id":"5161539","downloaders":{"size":162,"mobile":0,"satellite":0,"tor":0,"tor_exit_nodes":0,"vpn":5,"relay":0,"proxy":0,"hosting":0,"service":0},"uploaders":{"size":5,"mobile":0,"satellite":0,"tor":0,"tor_exit_nodes":0,"vpn":0,"relay":0,"proxy":0,"hosting":0,"service":0}},"geometry":{"type":"Point","coordinates":[-81.50845,41.31367]}},{"type":"Feature","properties":{"country_code":"FIN","city":"Kotka","id":"650946","downloaders":{"size":162,"mobile":0,"satellite":0,"tor":0,"tor_exit_nodes":0,"vpn":0,"relay":0,"proxy":0,"hosting":0,"service":0},"uploaders":{"size":11,"mobile":0,"satellite":0,"tor":0,"tor_exit_nodes":0,"vpn":0,"relay":0,"proxy":0,"hosting":0,"service":0}},"geometry":{"type":"Point","coordinates":[26.94582,60.4664]}},{"type":"Feature","properties":{"country_code":"USA","city":"Lake Monticello","id":"4768313","downloaders":{"size":161,"mobile":0,"satellite":0,"tor":0,"tor_exit_nodes":0,"vpn":0,"relay":0,"proxy":0,"hosting":0,"service":0},"uploaders":{"size":26,"mobile":0,"satellite":0,"tor":0,"tor_exit_nodes":0,"vpn":0,"relay":0,"proxy":0,"hosting":0,"service":0}},"geometry":{"type":"Point","coordinates":[-78.33473,37.9232]}},{"type":"Feature","properties":{"country_code":"USA","city":"Yukon","id":"4556165","downloaders":{"size":161,"mobile":0,"satellite":0,"tor":0,"tor_exit_nodes":0,"vpn":0,"relay":0,"proxy":0,"hosting":0,"service":0},"uploaders":{"size":24,"mobile":0,"satellite":0,"tor":0,"tor_exit_nodes":0,"vpn":0,"relay":0,"proxy":0,"hosting":0,"service":0}},"geometry":{"type":"Point","coordinates":[-97.7323,35.4977]}},{"type":"Feature","properties":{"country_code":"USA","city":"Warrensburg","id":"4413595","downloaders":{"size":161,"mobile":0,"satellite":0,"tor":0,"tor_exit_nodes":0,"vpn":0,"relay":0,"proxy":0,"hosting":0,"service":0},"uploaders":{"size":3,"mobile":0,"satellite":0,"tor":0,"tor_exit_nodes":0,"vpn":0,"relay":0,"proxy":0,"hosting":0,"service":0}},"geometry":{"type":"Point","coordinates":[-93.73605,38.76279]}},{"type":"Feature","properties":{"country_code":"USA","city":"Thief River Falls","id":"5049970","downloaders":{"size":160,"mobile":0,"satellite":0,"tor":0,"tor_exit_nodes":0,"vpn":1,"relay":0,"proxy":0,"hosting":0,"service":0},"uploaders":{"size":3,"mobile":0,"satellite":0,"tor":0,"tor_exit_nodes":0,"vpn":0,"relay":0,"proxy":0,"hosting":0,"service":0}},"geometry":{"type":"Point","coordinates":[-96.18115,48.11914]}},{"type":"Feature","properties":{"country_code":"USA","city":"Hazel Dell","id":"5796984","downloaders":{"size":160,"mobile":0,"satellite":0,"tor":0,"tor_exit_nodes":0,"vpn":0,"relay":0,"proxy":0,"hosting":24,"service":0},"uploaders":{"size":5,"mobile":0,"satellite":0,"tor":0,"tor_exit_nodes":0,"vpn":0,"relay":0,"proxy":0,"hosting":0,"service":0}},"geometry":{"type":"Point","coordinates":[-122.66288,45.67151]}},{"type":"Feature","properties":{"country_code":"CRI","city":"Curridabat","id":"3623977","downloaders":{"size":159,"mobile":1,"satellite":0,"tor":0,"tor_exit_nodes":0,"vpn":0,"relay":0,"proxy":0,"hosting":0,"service":0},"uploaders":{"size":4,"mobile":0,"satellite":0,"tor":0,"tor_exit_nodes":0,"vpn":0,"relay":0,"proxy":0,"hosting":0,"service":0}},"geometry":{"type":"Point","coordinates":[-84.03595,9.9139]}},{"type":"Feature","properties":{"country_code":"BGR","city":"Suvorovo","id":"726591","downloaders":{"size":158,"mobile":0,"satellite":0,"tor":0,"tor_exit_nodes":0,"vpn":0,"relay":0,"proxy":0,"hosting":0,"service":0},"uploaders":{"size":19,"mobile":0,"satellite":0,"tor":0,"tor_exit_nodes":0,"vpn":0,"relay":0,"proxy":0,"hosting":0,"service":0}},"geometry":{"type":"Point","coordinates":[27.59908,43.33058]}},{"type":"Feature","properties":{"country_code":"JPN","city":"Kashiba","id":"6822120","downloaders":{"size":158,"mobile":16,"satellite":0,"tor":0,"tor_exit_nodes":0,"vpn":0,"relay":0,"proxy":0,"hosting":0,"service":0},"uploaders":{"size":4,"mobile":0,"satellite":0,"tor":0,"tor_exit_nodes":0,"vpn":0,"relay":0,"proxy":0,"hosting":0,"service":0}},"geometry":{"type":"Point","coordinates":[135.70925,34.53472]}},{"type":"Feature","properties":{"country_code":"FRA","city":"Thiais","id":"2972893","downloaders":{"size":158,"mobile":27,"satellite":0,"tor":0,"tor_exit_nodes":0,"vpn":17,"relay":0,"proxy":0,"hosting":0,"service":0},"uploaders":{"size":5,"mobile":1,"satellite":0,"tor":0,"tor_exit_nodes":0,"vpn":2,"relay":0,"proxy":0,"hosting":0,"service":0}},"geometry":{"type":"Point","coordinates":[2.3961,48.76496]}},{"type":"Feature","properties":{"country_code":"CHN","city":"Jiujiang","id":"1805179","downloaders":{"size":158,"mobile":0,"satellite":0,"tor":0,"tor_exit_nodes":0,"vpn":0,"relay":0,"proxy":0,"hosting":0,"service":0},"uploaders":{"size":4,"mobile":0,"satellite":0,"tor":0,"tor_exit_nodes":0,"vpn":0,"relay":0,"proxy":0,"hosting":0,"service":0}},"geometry":{"type":"Point","coordinates":[116.00206,29.70475]}},{"type":"Feature","properties":{"country_code":"FRA","city":"Montereau-Fault-Yonne","id":"2992671","downloaders":{"size":158,"mobile":145,"satellite":0,"tor":0,"tor_exit_nodes":0,"vpn":0,"relay":0,"proxy":0,"hosting":0,"service":0},"uploaders":{"size":3,"mobile":0,"satellite":0,"tor":0,"tor_exit_nodes":0,"vpn":0,"relay":0,"proxy":0,"hosting":0,"service":0}},"geometry":{"type":"Point","coordinates":[2.95,48.38333]}},{"type":"Feature","properties":{"country_code":"USA","city":"Manchester","id":"4838174","downloaders":{"size":157,"mobile":0,"satellite":0,"tor":0,"tor_exit_nodes":0,"vpn":0,"relay":0,"proxy":0,"hosting":0,"service":0},"uploaders":{"size":3,"mobile":0,"satellite":0,"tor":0,"tor_exit_nodes":0,"vpn":0,"relay":0,"proxy":0,"hosting":0,"service":0}},"geometry":{"type":"Point","coordinates":[-72.52148,41.77593]}},{"type":"Feature","properties":{"country_code":"USA","city":"Union City","id":"5105634","downloaders":{"size":156,"mobile":0,"satellite":0,"tor":0,"tor_exit_nodes":0,"vpn":4,"relay":0,"proxy":0,"hosting":0,"service":0},"uploaders":{"size":17,"mobile":0,"satellite":0,"tor":0,"tor_exit_nodes":0,"vpn":0,"relay":0,"proxy":0,"hosting":0,"service":0}},"geometry":{"type":"Point","coordinates":[-74.02375,40.77955]}},{"type":"Feature","properties":{"country_code":"USA","city":"Cherry Grove","id":"4508395","downloaders":{"size":156,"mobile":0,"satellite":0,"tor":0,"tor_exit_nodes":0,"vpn":2,"relay":0,"proxy":0,"hosting":0,"service":0},"uploaders":{"size":3,"mobile":0,"satellite":0,"tor":0,"tor_exit_nodes":0,"vpn":0,"relay":0,"proxy":0,"hosting":0,"service":0}},"geometry":{"type":"Point","coordinates":[-84.32188,39.07256]}},{"type":"Feature","properties":{"country_code":"IND","city":"Rasap\u016bdipalem","id":"1258393","downloaders":{"size":156,"mobile":122,"satellite":0,"tor":0,"tor_exit_nodes":0,"vpn":0,"relay":0,"proxy":0,"hosting":0,"service":0},"uploaders":{"size":5,"mobile":5,"satellite":0,"tor":0,"tor_exit_nodes":0,"vpn":0,"relay":0,"proxy":0,"hosting":0,"service":0}},"geometry":{"type":"Point","coordinates":[83.31622,17.73308]}},{"type":"Feature","properties":{"country_code":"USA","city":"West Jordan","id":"5784549","downloaders":{"size":156,"mobile":2,"satellite":0,"tor":0,"tor_exit_nodes":0,"vpn":82,"relay":0,"proxy":0,"hosting":82,"service":82},"uploaders":{"size":29,"mobile":1,"satellite":0,"tor":0,"tor_exit_nodes":0,"vpn":24,"relay":0,"proxy":0,"hosting":24,"service":24}},"geometry":{"type":"Point","coordinates":[-111.9391,40.60967]}},{"type":"Feature","properties":{"country_code":"COL","city":"Sincelejo","id":"3667983","downloaders":{"size":155,"mobile":82,"satellite":0,"tor":0,"tor_exit_nodes":0,"vpn":0,"relay":0,"proxy":0,"hosting":7,"service":0},"uploaders":{"size":3,"mobile":3,"satellite":0,"tor":0,"tor_exit_nodes":0,"vpn":0,"relay":0,"proxy":0,"hosting":0,"service":0}},"geometry":{"type":"Point","coordinates":[-75.3905,9.3045]}},{"type":"Feature","properties":{"country_code":"BRA","city":"S\u00e3o Jos\u00e9","id":"3448742","downloaders":{"size":155,"mobile":0,"satellite":0,"tor":0,"tor_exit_nodes":0,"vpn":0,"relay":0,"proxy":0,"hosting":0,"service":0},"uploaders":{"size":3,"mobile":0,"satellite":0,"tor":0,"tor_exit_nodes":0,"vpn":0,"relay":0,"proxy":0,"hosting":0,"service":0}},"geometry":{"type":"Point","coordinates":[-49.16383,-28.21344]}},{"type":"Feature","properties":{"country_code":"USA","city":"Cottage Grove","id":"5720755","downloaders":{"size":155,"mobile":0,"satellite":0,"tor":0,"tor_exit_nodes":0,"vpn":5,"relay":0,"proxy":0,"hosting":0,"service":0},"uploaders":{"size":5,"mobile":0,"satellite":0,"tor":0,"tor_exit_nodes":0,"vpn":0,"relay":0,"proxy":0,"hosting":0,"service":0}},"geometry":{"type":"Point","coordinates":[-123.05952,43.79762]}},{"type":"Feature","properties":{"country_code":"USA","city":"Horsham","id":"5194302","downloaders":{"size":154,"mobile":0,"satellite":0,"tor":0,"tor_exit_nodes":0,"vpn":18,"relay":0,"proxy":0,"hosting":0,"service":0},"uploaders":{"size":4,"mobile":0,"satellite":0,"tor":0,"tor_exit_nodes":0,"vpn":0,"relay":0,"proxy":0,"hosting":0,"service":0}},"geometry":{"type":"Point","coordinates":[-75.12851,40.17844]}},{"type":"Feature","properties":{"country_code":"DEU","city":"Gescher","id":"2920842","downloaders":{"size":154,"mobile":0,"satellite":0,"tor":0,"tor_exit_nodes":0,"vpn":0,"relay":0,"proxy":0,"hosting":1,"service":0},"uploaders":{"size":19,"mobile":0,"satellite":0,"tor":0,"tor_exit_nodes":0,"vpn":0,"relay":0,"proxy":0,"hosting":0,"service":0}},"geometry":{"type":"Point","coordinates":[7.00481,51.954]}},{"type":"Feature","properties":{"country_code":"USA","city":"Margate","id":"4163407","downloaders":{"size":153,"mobile":0,"satellite":0,"tor":0,"tor_exit_nodes":0,"vpn":1,"relay":0,"proxy":0,"hosting":0,"service":1},"uploaders":{"size":13,"mobile":0,"satellite":0,"tor":0,"tor_exit_nodes":0,"vpn":0,"relay":0,"proxy":0,"hosting":0,"service":0}},"geometry":{"type":"Point","coordinates":[-80.20644,26.24453]}},{"type":"Feature","properties":{"country_code":"JPN","city":"Minamiashigara","id":"6822114","downloaders":{"size":153,"mobile":41,"satellite":0,"tor":0,"tor_exit_nodes":0,"vpn":6,"relay":0,"proxy":0,"hosting":0,"service":6},"uploaders":{"size":3,"mobile":1,"satellite":0,"tor":0,"tor_exit_nodes":0,"vpn":2,"relay":0,"proxy":0,"hosting":0,"service":2}},"geometry":{"type":"Point","coordinates":[139.1096,35.31947]}},{"type":"Feature","properties":{"country_code":"FIN","city":"Hyrynsalmi","id":"656949","downloaders":{"size":153,"mobile":0,"satellite":0,"tor":0,"tor_exit_nodes":0,"vpn":0,"relay":0,"proxy":0,"hosting":0,"service":0},"uploaders":{"size":3,"mobile":0,"satellite":0,"tor":0,"tor_exit_nodes":0,"vpn":0,"relay":0,"proxy":0,"hosting":0,"service":0}},"geometry":{"type":"Point","coordinates":[28.53333,64.66667]}},{"type":"Feature","properties":{"country_code":"JPN","city":"Yonezawa","id":"2110498","downloaders":{"size":152,"mobile":0,"satellite":0,"tor":0,"tor_exit_nodes":0,"vpn":0,"relay":0,"proxy":0,"hosting":0,"service":0},"uploaders":{"size":4,"mobile":0,"satellite":0,"tor":0,"tor_exit_nodes":0,"vpn":0,"relay":0,"proxy":0,"hosting":0,"service":0}},"geometry":{"type":"Point","coordinates":[140.11667,37.91]}},{"type":"Feature","properties":{"country_code":"POL","city":"Nidzica","id":"764039","downloaders":{"size":152,"mobile":0,"satellite":0,"tor":0,"tor_exit_nodes":0,"vpn":0,"relay":0,"proxy":0,"hosting":0,"service":0},"uploaders":{"size":18,"mobile":0,"satellite":0,"tor":0,"tor_exit_nodes":0,"vpn":0,"relay":0,"proxy":0,"hosting":0,"service":0}},"geometry":{"type":"Point","coordinates":[20.42749,53.36052]}},{"type":"Feature","properties":{"country_code":"ESP","city":"Yuncos","id":"3104395","downloaders":{"size":152,"mobile":130,"satellite":0,"tor":0,"tor_exit_nodes":0,"vpn":0,"relay":0,"proxy":0,"hosting":0,"service":0},"uploaders":{"size":3,"mobile":1,"satellite":0,"tor":0,"tor_exit_nodes":0,"vpn":0,"relay":0,"proxy":0,"hosting":0,"service":0}},"geometry":{"type":"Point","coordinates":[-3.87106,40.0859]}},{"type":"Feature","properties":{"country_code":"BRA","city":"Ros\u00e1rio do Sul","id":"3450873","downloaders":{"size":150,"mobile":0,"satellite":0,"tor":0,"tor_exit_nodes":0,"vpn":0,"relay":0,"proxy":0,"hosting":0,"service":0},"uploaders":{"size":3,"mobile":0,"satellite":0,"tor":0,"tor_exit_nodes":0,"vpn":0,"relay":0,"proxy":0,"hosting":0,"service":0}},"geometry":{"type":"Point","coordinates":[-54.91417,-30.25833]}},{"type":"Feature","properties":{"country_code":"USA","city":"Belleville","id":"4985601","downloaders":{"size":149,"mobile":0,"satellite":0,"tor":0,"tor_exit_nodes":0,"vpn":26,"relay":0,"proxy":0,"hosting":0,"service":0},"uploaders":{"size":4,"mobile":0,"satellite":0,"tor":0,"tor_exit_nodes":0,"vpn":0,"relay":0,"proxy":0,"hosting":0,"service":0}},"geometry":{"type":"Point","coordinates":[-83.48521,42.20476]}},{"type":"Feature","properties":{"country_code":"USA","city":"Chapman","id":"5183855","downloaders":{"size":149,"mobile":0,"satellite":0,"tor":0,"tor_exit_nodes":0,"vpn":0,"relay":0,"proxy":0,"hosting":0,"service":0},"uploaders":{"size":3,"mobile":0,"satellite":0,"tor":0,"tor_exit_nodes":0,"vpn":0,"relay":0,"proxy":0,"hosting":0,"service":0}},"geometry":{"type":"Point","coordinates":[-75.40463,40.76065]}},{"type":"Feature","properties":{"country_code":"GBR","city":"Skelton","id":"2637746","downloaders":{"size":149,"mobile":0,"satellite":0,"tor":0,"tor_exit_nodes":0,"vpn":0,"relay":0,"proxy":0,"hosting":0,"service":0},"uploaders":{"size":33,"mobile":0,"satellite":0,"tor":0,"tor_exit_nodes":0,"vpn":0,"relay":0,"proxy":0,"hosting":0,"service":0}},"geometry":{"type":"Point","coordinates":[-0.98825,54.56062]}},{"type":"Feature","properties":{"country_code":"CZE","city":"Petrovice u Karvin\u00e9","id":"3068345","downloaders":{"size":149,"mobile":1,"satellite":0,"tor":0,"tor_exit_nodes":0,"vpn":4,"relay":0,"proxy":0,"hosting":0,"service":0},"uploaders":{"size":4,"mobile":1,"satellite":0,"tor":0,"tor_exit_nodes":0,"vpn":1,"relay":0,"proxy":0,"hosting":0,"service":0}},"geometry":{"type":"Point","coordinates":[18.54779,49.89587]}},{"type":"Feature","properties":{"country_code":"ARG","city":"San Ram\u00f3n de la Nueva Or\u00e1n","id":"3836620","downloaders":{"size":149,"mobile":8,"satellite":0,"tor":0,"tor_exit_nodes":0,"vpn":0,"relay":0,"proxy":0,"hosting":0,"service":0},"uploaders":{"size":7,"mobile":0,"satellite":0,"tor":0,"tor_exit_nodes":0,"vpn":0,"relay":0,"proxy":0,"hosting":0,"service":0}},"geometry":{"type":"Point","coordinates":[-64.32426,-23.13705]}},{"type":"Feature","properties":{"country_code":"USA","city":"Ancient Oaks","id":"5178280","downloaders":{"size":149,"mobile":0,"satellite":0,"tor":0,"tor_exit_nodes":0,"vpn":1,"relay":0,"proxy":0,"hosting":0,"service":0},"uploaders":{"size":3,"mobile":0,"satellite":0,"tor":0,"tor_exit_nodes":0,"vpn":0,"relay":0,"proxy":0,"hosting":0,"service":0}},"geometry":{"type":"Point","coordinates":[-75.58935,40.54732]}},{"type":"Feature","properties":{"country_code":"DEU","city":"Recke","id":"2849689","downloaders":{"size":149,"mobile":0,"satellite":0,"tor":0,"tor_exit_nodes":0,"vpn":0,"relay":0,"proxy":0,"hosting":0,"service":0},"uploaders":{"size":29,"mobile":0,"satellite":0,"tor":0,"tor_exit_nodes":0,"vpn":0,"relay":0,"proxy":0,"hosting":0,"service":0}},"geometry":{"type":"Point","coordinates":[7.72116,52.36885]}},{"type":"Feature","properties":{"country_code":"USA","city":"Hurst","id":"4699575","downloaders":{"size":148,"mobile":0,"satellite":0,"tor":0,"tor_exit_nodes":0,"vpn":0,"relay":0,"proxy":0,"hosting":148,"service":0},"uploaders":{"size":20,"mobile":0,"satellite":0,"tor":0,"tor_exit_nodes":0,"vpn":0,"relay":0,"proxy":0,"hosting":20,"service":0}},"geometry":{"type":"Point","coordinates":[-97.17057,32.82346]}},{"type":"Feature","properties":{"country_code":"USA","city":"Norwood","id":"4945952","downloaders":{"size":148,"mobile":1,"satellite":0,"tor":0,"tor_exit_nodes":0,"vpn":0,"relay":0,"proxy":0,"hosting":0,"service":0},"uploaders":{"size":3,"mobile":0,"satellite":0,"tor":0,"tor_exit_nodes":0,"vpn":0,"relay":0,"proxy":0,"hosting":0,"service":0}},"geometry":{"type":"Point","coordinates":[-71.1995,42.19454]}},{"type":"Feature","properties":{"country_code":"GBR","city":"Clevedon","id":"2652861","downloaders":{"size":148,"mobile":0,"satellite":0,"tor":0,"tor_exit_nodes":0,"vpn":0,"relay":0,"proxy":0,"hosting":1,"service":0},"uploaders":{"size":12,"mobile":0,"satellite":0,"tor":0,"tor_exit_nodes":0,"vpn":0,"relay":0,"proxy":0,"hosting":1,"service":0}},"geometry":{"type":"Point","coordinates":[-2.85786,51.44227]}},{"type":"Feature","properties":{"country_code":"USA","city":"Bayonet Point","id":"4146901","downloaders":{"size":148,"mobile":0,"satellite":0,"tor":0,"tor_exit_nodes":0,"vpn":0,"relay":0,"proxy":0,"hosting":0,"service":0},"uploaders":{"size":7,"mobile":0,"satellite":0,"tor":0,"tor_exit_nodes":0,"vpn":0,"relay":0,"proxy":0,"hosting":0,"service":0}},"geometry":{"type":"Point","coordinates":[-82.68343,28.32667]}},{"type":"Feature","properties":{"country_code":"USA","city":"Willimantic","id":"4845823","downloaders":{"size":148,"mobile":0,"satellite":0,"tor":0,"tor_exit_nodes":0,"vpn":0,"relay":0,"proxy":0,"hosting":0,"service":0},"uploaders":{"size":4,"mobile":0,"satellite":0,"tor":0,"tor_exit_nodes":0,"vpn":0,"relay":0,"proxy":0,"hosting":0,"service":0}},"geometry":{"type":"Point","coordinates":[-72.20813,41.71065]}},{"type":"Feature","properties":{"country_code":"TWN","city":"Linnei","id":"1672869","downloaders":{"size":147,"mobile":0,"satellite":0,"tor":0,"tor_exit_nodes":0,"vpn":0,"relay":0,"proxy":0,"hosting":0,"service":0},"uploaders":{"size":4,"mobile":0,"satellite":0,"tor":0,"tor_exit_nodes":0,"vpn":0,"relay":0,"proxy":0,"hosting":0,"service":0}},"geometry":{"type":"Point","coordinates":[120.61885,23.7615]}},{"type":"Feature","properties":{"country_code":"BGR","city":"Bratsigovo","id":"732924","downloaders":{"size":147,"mobile":0,"satellite":0,"tor":0,"tor_exit_nodes":0,"vpn":0,"relay":0,"proxy":0,"hosting":0,"service":0},"uploaders":{"size":7,"mobile":0,"satellite":0,"tor":0,"tor_exit_nodes":0,"vpn":0,"relay":0,"proxy":0,"hosting":0,"service":0}},"geometry":{"type":"Point","coordinates":[24.37557,42.02391]}},{"type":"Feature","properties":{"country_code":"USA","city":"Ephrata","id":"5188815","downloaders":{"size":147,"mobile":0,"satellite":0,"tor":0,"tor_exit_nodes":0,"vpn":0,"relay":0,"proxy":0,"hosting":0,"service":0},"uploaders":{"size":3,"mobile":0,"satellite":0,"tor":0,"tor_exit_nodes":0,"vpn":0,"relay":0,"proxy":0,"hosting":0,"service":0}},"geometry":{"type":"Point","coordinates":[-76.17884,40.17982]}},{"type":"Feature","properties":{"country_code":"USA","city":"Zephyrhills","id":"4178941","downloaders":{"size":147,"mobile":0,"satellite":0,"tor":0,"tor_exit_nodes":0,"vpn":0,"relay":0,"proxy":0,"hosting":1,"service":0},"uploaders":{"size":5,"mobile":0,"satellite":0,"tor":0,"tor_exit_nodes":0,"vpn":0,"relay":0,"proxy":0,"hosting":0,"service":0}},"geometry":{"type":"Point","coordinates":[-82.18119,28.23362]}},{"type":"Feature","properties":{"country_code":"BRA","city":"Maravilha","id":"3395426","downloaders":{"size":147,"mobile":0,"satellite":0,"tor":0,"tor_exit_nodes":0,"vpn":0,"relay":0,"proxy":0,"hosting":0,"service":0},"uploaders":{"size":6,"mobile":0,"satellite":0,"tor":0,"tor_exit_nodes":0,"vpn":0,"relay":0,"proxy":0,"hosting":0,"service":0}},"geometry":{"type":"Point","coordinates":[-37.35,-9.23556]}},{"type":"Feature","properties":{"country_code":"FRA","city":"Deuil-la-Barre","id":"3021516","downloaders":{"size":146,"mobile":72,"satellite":0,"tor":0,"tor_exit_nodes":0,"vpn":0,"relay":0,"proxy":0,"hosting":0,"service":0},"uploaders":{"size":3,"mobile":2,"satellite":0,"tor":0,"tor_exit_nodes":0,"vpn":0,"relay":0,"proxy":0,"hosting":0,"service":0}},"geometry":{"type":"Point","coordinates":[2.32722,48.97674]}},{"type":"Feature","properties":{"country_code":"USA","city":"Juneau","id":"5554072","downloaders":{"size":146,"mobile":0,"satellite":0,"tor":0,"tor_exit_nodes":0,"vpn":0,"relay":0,"proxy":0,"hosting":0,"service":0},"uploaders":{"size":6,"mobile":0,"satellite":0,"tor":0,"tor_exit_nodes":0,"vpn":0,"relay":0,"proxy":0,"hosting":0,"service":0}},"geometry":{"type":"Point","coordinates":[-134.41972,58.30194]}},{"type":"Feature","properties":{"country_code":"JPN","city":"Niihama","id":"1855425","downloaders":{"size":146,"mobile":11,"satellite":0,"tor":0,"tor_exit_nodes":0,"vpn":0,"relay":0,"proxy":0,"hosting":0,"service":0},"uploaders":{"size":3,"mobile":0,"satellite":0,"tor":0,"tor_exit_nodes":0,"vpn":0,"relay":0,"proxy":0,"hosting":0,"service":0}},"geometry":{"type":"Point","coordinates":[133.30522,33.96047]}},{"type":"Feature","properties":{"country_code":"ARG","city":"Avellaneda","id":"7535637","downloaders":{"size":146,"mobile":0,"satellite":0,"tor":0,"tor_exit_nodes":0,"vpn":138,"relay":0,"proxy":0,"hosting":138,"service":138},"uploaders":{"size":41,"mobile":0,"satellite":0,"tor":0,"tor_exit_nodes":0,"vpn":39,"relay":0,"proxy":0,"hosting":39,"service":39}},"geometry":{"type":"Point","coordinates":[-58.36744,-34.66018]}},{"type":"Feature","properties":{"country_code":"USA","city":"Mason City","id":"4866445","downloaders":{"size":145,"mobile":0,"satellite":0,"tor":0,"tor_exit_nodes":0,"vpn":1,"relay":0,"proxy":0,"hosting":0,"service":0},"uploaders":{"size":29,"mobile":0,"satellite":0,"tor":0,"tor_exit_nodes":0,"vpn":0,"relay":0,"proxy":0,"hosting":0,"service":0}},"geometry":{"type":"Point","coordinates":[-93.20104,43.15357]}},{"type":"Feature","properties":{"country_code":"USA","city":"Opelika","id":"4081644","downloaders":{"size":145,"mobile":0,"satellite":0,"tor":0,"tor_exit_nodes":0,"vpn":0,"relay":0,"proxy":0,"hosting":0,"service":0},"uploaders":{"size":6,"mobile":0,"satellite":0,"tor":0,"tor_exit_nodes":0,"vpn":0,"relay":0,"proxy":0,"hosting":0,"service":0}},"geometry":{"type":"Point","coordinates":[-85.37828,32.64541]}},{"type":"Feature","properties":{"country_code":"DEU","city":"H\u00fcnxe","id":"2897283","downloaders":{"size":145,"mobile":0,"satellite":0,"tor":0,"tor_exit_nodes":0,"vpn":0,"relay":0,"proxy":0,"hosting":0,"service":0},"uploaders":{"size":29,"mobile":0,"satellite":0,"tor":0,"tor_exit_nodes":0,"vpn":0,"relay":0,"proxy":0,"hosting":0,"service":0}},"geometry":{"type":"Point","coordinates":[6.69741,51.63405]}},{"type":"Feature","properties":{"country_code":"USA","city":"American Fork","id":"5844096","downloaders":{"size":144,"mobile":0,"satellite":0,"tor":0,"tor_exit_nodes":0,"vpn":11,"relay":0,"proxy":0,"hosting":0,"service":0},"uploaders":{"size":17,"mobile":0,"satellite":0,"tor":0,"tor_exit_nodes":0,"vpn":0,"relay":0,"proxy":0,"hosting":0,"service":0}},"geometry":{"type":"Point","coordinates":[-111.79576,40.3769]}},{"type":"Feature","properties":{"country_code":"NLD","city":"Middelharnis","id":"2750884","downloaders":{"size":144,"mobile":0,"satellite":0,"tor":0,"tor_exit_nodes":0,"vpn":113,"relay":0,"proxy":0,"hosting":113,"service":113},"uploaders":{"size":10,"mobile":0,"satellite":0,"tor":0,"tor_exit_nodes":0,"vpn":8,"relay":0,"proxy":0,"hosting":8,"service":8}},"geometry":{"type":"Point","coordinates":[4.16528,51.7575]}},{"type":"Feature","properties":{"country_code":"DEU","city":"Lingen","id":"2877088","downloaders":{"size":144,"mobile":0,"satellite":0,"tor":0,"tor_exit_nodes":0,"vpn":0,"relay":0,"proxy":0,"hosting":0,"service":0},"uploaders":{"size":15,"mobile":0,"satellite":0,"tor":0,"tor_exit_nodes":0,"vpn":0,"relay":0,"proxy":0,"hosting":0,"service":0}},"geometry":{"type":"Point","coordinates":[7.31845,52.52143]}},{"type":"Feature","properties":{"country_code":"USA","city":"Manchester","id":"4639224","downloaders":{"size":144,"mobile":0,"satellite":0,"tor":0,"tor_exit_nodes":0,"vpn":35,"relay":0,"proxy":0,"hosting":0,"service":0},"uploaders":{"size":3,"mobile":0,"satellite":0,"tor":0,"tor_exit_nodes":0,"vpn":0,"relay":0,"proxy":0,"hosting":0,"service":0}},"geometry":{"type":"Point","coordinates":[-86.0886,35.48174]}},{"type":"Feature","properties":{"country_code":"USA","city":"Whitmore Lake","id":"5014946","downloaders":{"size":144,"mobile":0,"satellite":0,"tor":0,"tor_exit_nodes":0,"vpn":1,"relay":0,"proxy":0,"hosting":0,"service":0},"uploaders":{"size":3,"mobile":0,"satellite":0,"tor":0,"tor_exit_nodes":0,"vpn":0,"relay":0,"proxy":0,"hosting":0,"service":0}},"geometry":{"type":"Point","coordinates":[-83.7453,42.4397]}},{"type":"Feature","properties":{"country_code":"DEU","city":"M\u00fcnster","id":"2867548","downloaders":{"size":143,"mobile":0,"satellite":0,"tor":0,"tor_exit_nodes":0,"vpn":89,"relay":0,"proxy":0,"hosting":89,"service":0},"uploaders":{"size":21,"mobile":0,"satellite":0,"tor":0,"tor_exit_nodes":0,"vpn":20,"relay":0,"proxy":0,"hosting":20,"service":0}},"geometry":{"type":"Point","coordinates":[8.86778,49.92278]}},{"type":"Feature","properties":{"country_code":"IND","city":"Quthbullapur","id":"7302845","downloaders":{"size":143,"mobile":0,"satellite":0,"tor":0,"tor_exit_nodes":0,"vpn":0,"relay":0,"proxy":0,"hosting":0,"service":0},"uploaders":{"size":6,"mobile":0,"satellite":0,"tor":0,"tor_exit_nodes":0,"vpn":0,"relay":0,"proxy":0,"hosting":0,"service":0}},"geometry":{"type":"Point","coordinates":[78.45818,17.50107]}},{"type":"Feature","properties":{"country_code":"PHL","city":"Majayjay","id":"1703450","downloaders":{"size":143,"mobile":0,"satellite":0,"tor":0,"tor_exit_nodes":0,"vpn":3,"relay":0,"proxy":0,"hosting":0,"service":0},"uploaders":{"size":3,"mobile":0,"satellite":0,"tor":0,"tor_exit_nodes":0,"vpn":0,"relay":0,"proxy":0,"hosting":0,"service":0}},"geometry":{"type":"Point","coordinates":[121.4729,14.1463]}},{"type":"Feature","properties":{"country_code":"USA","city":"Cottage Lake","id":"5790971","downloaders":{"size":143,"mobile":0,"satellite":0,"tor":0,"tor_exit_nodes":0,"vpn":8,"relay":0,"proxy":0,"hosting":0,"service":0},"uploaders":{"size":4,"mobile":0,"satellite":0,"tor":0,"tor_exit_nodes":0,"vpn":0,"relay":0,"proxy":0,"hosting":0,"service":0}},"geometry":{"type":"Point","coordinates":[-122.07735,47.74427]}},{"type":"Feature","properties":{"country_code":"USA","city":"Lehighton","id":"5197673","downloaders":{"size":143,"mobile":0,"satellite":0,"tor":0,"tor_exit_nodes":0,"vpn":1,"relay":0,"proxy":0,"hosting":0,"service":0},"uploaders":{"size":4,"mobile":0,"satellite":0,"tor":0,"tor_exit_nodes":0,"vpn":1,"relay":0,"proxy":0,"hosting":0,"service":0}},"geometry":{"type":"Point","coordinates":[-75.7138,40.8337]}},{"type":"Feature","properties":{"country_code":"DEU","city":"Krombach","id":"2883793","downloaders":{"size":142,"mobile":0,"satellite":0,"tor":0,"tor_exit_nodes":0,"vpn":142,"relay":0,"proxy":0,"hosting":0,"service":142},"uploaders":{"size":4,"mobile":0,"satellite":0,"tor":0,"tor_exit_nodes":0,"vpn":4,"relay":0,"proxy":0,"hosting":0,"service":4}},"geometry":{"type":"Point","coordinates":[9.20609,50.08319]}},{"type":"Feature","properties":{"country_code":"BRA","city":"S\u00e3o Jo\u00e3o dos Patos","id":"3388615","downloaders":{"size":142,"mobile":0,"satellite":0,"tor":0,"tor_exit_nodes":0,"vpn":0,"relay":0,"proxy":0,"hosting":0,"service":0},"uploaders":{"size":4,"mobile":0,"satellite":0,"tor":0,"tor_exit_nodes":0,"vpn":0,"relay":0,"proxy":0,"hosting":0,"service":0}},"geometry":{"type":"Point","coordinates":[-43.70222,-6.495]}},{"type":"Feature","properties":{"country_code":"GBR","city":"Bingley","id":"2655642","downloaders":{"size":142,"mobile":0,"satellite":0,"tor":0,"tor_exit_nodes":0,"vpn":0,"relay":0,"proxy":0,"hosting":0,"service":0},"uploaders":{"size":3,"mobile":0,"satellite":0,"tor":0,"tor_exit_nodes":0,"vpn":0,"relay":0,"proxy":0,"hosting":0,"service":0}},"geometry":{"type":"Point","coordinates":[-1.83857,53.84861]}},{"type":"Feature","properties":{"country_code":"USA","city":"New Lenox","id":"4903535","downloaders":{"size":141,"mobile":0,"satellite":0,"tor":0,"tor_exit_nodes":0,"vpn":0,"relay":0,"proxy":0,"hosting":0,"service":0},"uploaders":{"size":7,"mobile":0,"satellite":0,"tor":0,"tor_exit_nodes":0,"vpn":0,"relay":0,"proxy":0,"hosting":0,"service":0}},"geometry":{"type":"Point","coordinates":[-87.96561,41.51198]}},{"type":"Feature","properties":{"country_code":"DEU","city":"L\u00fcdinghausen","id":"2875417","downloaders":{"size":141,"mobile":0,"satellite":0,"tor":0,"tor_exit_nodes":0,"vpn":0,"relay":0,"proxy":0,"hosting":0,"service":0},"uploaders":{"size":18,"mobile":0,"satellite":0,"tor":0,"tor_exit_nodes":0,"vpn":0,"relay":0,"proxy":0,"hosting":0,"service":0}},"geometry":{"type":"Point","coordinates":[7.44379,51.7683]}},{"type":"Feature","properties":{"country_code":"USA","city":"Spring Hill","id":"4173838","downloaders":{"size":139,"mobile":1,"satellite":0,"tor":0,"tor_exit_nodes":0,"vpn":1,"relay":0,"proxy":0,"hosting":0,"service":0},"uploaders":{"size":7,"mobile":0,"satellite":0,"tor":0,"tor_exit_nodes":0,"vpn":0,"relay":0,"proxy":0,"hosting":0,"service":0}},"geometry":{"type":"Point","coordinates":[-82.52546,28.47688]}},{"type":"Feature","properties":{"country_code":"JPN","city":"Tsuruga","id":"1849592","downloaders":{"size":139,"mobile":2,"satellite":0,"tor":0,"tor_exit_nodes":0,"vpn":6,"relay":0,"proxy":0,"hosting":0,"service":0},"uploaders":{"size":3,"mobile":0,"satellite":0,"tor":0,"tor_exit_nodes":0,"vpn":3,"relay":0,"proxy":0,"hosting":0,"service":0}},"geometry":{"type":"Point","coordinates":[136.06331,35.653]}},{"type":"Feature","properties":{"country_code":"DEU","city":"Much","id":"2868936","downloaders":{"size":138,"mobile":3,"satellite":0,"tor":0,"tor_exit_nodes":0,"vpn":0,"relay":0,"proxy":0,"hosting":0,"service":0},"uploaders":{"size":3,"mobile":0,"satellite":0,"tor":0,"tor_exit_nodes":0,"vpn":0,"relay":0,"proxy":0,"hosting":0,"service":0}},"geometry":{"type":"Point","coordinates":[7.40306,50.90383]}},{"type":"Feature","properties":{"country_code":"USA","city":"New Albany","id":"5164202","downloaders":{"size":138,"mobile":0,"satellite":0,"tor":0,"tor_exit_nodes":0,"vpn":0,"relay":0,"proxy":0,"hosting":0,"service":0},"uploaders":{"size":19,"mobile":0,"satellite":0,"tor":0,"tor_exit_nodes":0,"vpn":0,"relay":0,"proxy":0,"hosting":0,"service":0}},"geometry":{"type":"Point","coordinates":[-82.80879,40.08117]}},{"type":"Feature","properties":{"country_code":"USA","city":"Elon","id":"4465285","downloaders":{"size":137,"mobile":0,"satellite":0,"tor":0,"tor_exit_nodes":0,"vpn":0,"relay":0,"proxy":0,"hosting":0,"service":0},"uploaders":{"size":19,"mobile":0,"satellite":0,"tor":0,"tor_exit_nodes":0,"vpn":0,"relay":0,"proxy":0,"hosting":0,"service":0}},"geometry":{"type":"Point","coordinates":[-79.50669,36.10291]}},{"type":"Feature","properties":{"country_code":"USA","city":"Hokendauqua","id":"5193863","downloaders":{"size":137,"mobile":0,"satellite":0,"tor":0,"tor_exit_nodes":0,"vpn":0,"relay":0,"proxy":0,"hosting":0,"service":0},"uploaders":{"size":17,"mobile":0,"satellite":0,"tor":0,"tor_exit_nodes":0,"vpn":0,"relay":0,"proxy":0,"hosting":0,"service":0}},"geometry":{"type":"Point","coordinates":[-75.49102,40.66204]}},{"type":"Feature","properties":{"country_code":"USA","city":"Pace","id":"4167424","downloaders":{"size":136,"mobile":0,"satellite":0,"tor":0,"tor_exit_nodes":0,"vpn":0,"relay":0,"proxy":0,"hosting":0,"service":0},"uploaders":{"size":3,"mobile":0,"satellite":0,"tor":0,"tor_exit_nodes":0,"vpn":0,"relay":0,"proxy":0,"hosting":0,"service":0}},"geometry":{"type":"Point","coordinates":[-87.16108,30.59936]}},{"type":"Feature","properties":{"country_code":"CZE","city":"Trojanovice","id":"3063955","downloaders":{"size":136,"mobile":0,"satellite":0,"tor":0,"tor_exit_nodes":0,"vpn":0,"relay":0,"proxy":0,"hosting":0,"service":0},"uploaders":{"size":30,"mobile":0,"satellite":0,"tor":0,"tor_exit_nodes":0,"vpn":0,"relay":0,"proxy":0,"hosting":0,"service":0}},"geometry":{"type":"Point","coordinates":[18.238,49.52039]}},{"type":"Feature","properties":{"country_code":"USA","city":"\u2018Ewa Villages","id":"5855073","downloaders":{"size":136,"mobile":0,"satellite":0,"tor":0,"tor_exit_nodes":0,"vpn":0,"relay":0,"proxy":0,"hosting":0,"service":0},"uploaders":{"size":20,"mobile":0,"satellite":0,"tor":0,"tor_exit_nodes":0,"vpn":0,"relay":0,"proxy":0,"hosting":0,"service":0}},"geometry":{"type":"Point","coordinates":[-158.0397,21.34127]}},{"type":"Feature","properties":{"country_code":"BRA","city":"Floriano","id":"3399506","downloaders":{"size":136,"mobile":0,"satellite":0,"tor":0,"tor_exit_nodes":0,"vpn":1,"relay":0,"proxy":0,"hosting":0,"service":0},"uploaders":{"size":7,"mobile":0,"satellite":0,"tor":0,"tor_exit_nodes":0,"vpn":0,"relay":0,"proxy":0,"hosting":0,"service":0}},"geometry":{"type":"Point","coordinates":[-43.0225,-6.76694]}},{"type":"Feature","properties":{"country_code":"FRA","city":"Dammarie-les-Lys","id":"3021852","downloaders":{"size":135,"mobile":72,"satellite":0,"tor":0,"tor_exit_nodes":0,"vpn":0,"relay":0,"proxy":0,"hosting":0,"service":0},"uploaders":{"size":6,"mobile":6,"satellite":0,"tor":0,"tor_exit_nodes":0,"vpn":0,"relay":0,"proxy":0,"hosting":0,"service":0}},"geometry":{"type":"Point","coordinates":[2.65,48.51667]}},{"type":"Feature","properties":{"country_code":"BRA","city":"Areia Branca","id":"3407194","downloaders":{"size":135,"mobile":0,"satellite":0,"tor":0,"tor_exit_nodes":0,"vpn":0,"relay":0,"proxy":0,"hosting":1,"service":0},"uploaders":{"size":3,"mobile":0,"satellite":0,"tor":0,"tor_exit_nodes":0,"vpn":0,"relay":0,"proxy":0,"hosting":0,"service":0}},"geometry":{"type":"Point","coordinates":[-37.13694,-4.95611]}},{"type":"Feature","properties":{"country_code":"USA","city":"Grafton","id":"4938048","downloaders":{"size":134,"mobile":0,"satellite":0,"tor":0,"tor_exit_nodes":0,"vpn":1,"relay":0,"proxy":0,"hosting":0,"service":0},"uploaders":{"size":3,"mobile":0,"satellite":0,"tor":0,"tor_exit_nodes":0,"vpn":0,"relay":0,"proxy":0,"hosting":0,"service":0}},"geometry":{"type":"Point","coordinates":[-71.68562,42.20704]}},{"type":"Feature","properties":{"country_code":"DEU","city":"Hiddenhausen","id":"2904886","downloaders":{"size":134,"mobile":0,"satellite":0,"tor":0,"tor_exit_nodes":0,"vpn":0,"relay":0,"proxy":0,"hosting":0,"service":0},"uploaders":{"size":15,"mobile":0,"satellite":0,"tor":0,"tor_exit_nodes":0,"vpn":0,"relay":0,"proxy":0,"hosting":0,"service":0}},"geometry":{"type":"Point","coordinates":[8.61667,52.16667]}},{"type":"Feature","properties":{"country_code":"AUT","city":"Schruns","id":"2765581","downloaders":{"size":134,"mobile":0,"satellite":0,"tor":0,"tor_exit_nodes":0,"vpn":0,"relay":0,"proxy":0,"hosting":0,"service":0},"uploaders":{"size":20,"mobile":0,"satellite":0,"tor":0,"tor_exit_nodes":0,"vpn":0,"relay":0,"proxy":0,"hosting":0,"service":0}},"geometry":{"type":"Point","coordinates":[9.91917,47.08028]}},{"type":"Feature","properties":{"country_code":"BIH","city":"Bugojno","id":"3203099","downloaders":{"size":134,"mobile":2,"satellite":0,"tor":0,"tor_exit_nodes":0,"vpn":8,"relay":0,"proxy":0,"hosting":8,"service":8},"uploaders":{"size":5,"mobile":0,"satellite":0,"tor":0,"tor_exit_nodes":0,"vpn":0,"relay":0,"proxy":0,"hosting":0,"service":0}},"geometry":{"type":"Point","coordinates":[17.45083,44.05722]}},{"type":"Feature","properties":{"country_code":"CAN","city":"Roberval","id":"6125653","downloaders":{"size":134,"mobile":0,"satellite":0,"tor":0,"tor_exit_nodes":0,"vpn":0,"relay":0,"proxy":0,"hosting":0,"service":0},"uploaders":{"size":3,"mobile":0,"satellite":0,"tor":0,"tor_exit_nodes":0,"vpn":0,"relay":0,"proxy":0,"hosting":0,"service":0}},"geometry":{"type":"Point","coordinates":[-72.23244,48.5168]}},{"type":"Feature","properties":{"country_code":"UKR","city":"Velyki Kopani","id":"690165","downloaders":{"size":134,"mobile":0,"satellite":0,"tor":0,"tor_exit_nodes":0,"vpn":8,"relay":0,"proxy":0,"hosting":0,"service":0},"uploaders":{"size":7,"mobile":0,"satellite":0,"tor":0,"tor_exit_nodes":0,"vpn":0,"relay":0,"proxy":0,"hosting":0,"service":0}},"geometry":{"type":"Point","coordinates":[32.97348,46.48818]}},{"type":"Feature","properties":{"country_code":"FRA","city":"Saint-Macaire-en-Mauges","id":"2978658","downloaders":{"size":134,"mobile":0,"satellite":0,"tor":0,"tor_exit_nodes":0,"vpn":0,"relay":0,"proxy":0,"hosting":0,"service":0},"uploaders":{"size":26,"mobile":0,"satellite":0,"tor":0,"tor_exit_nodes":0,"vpn":0,"relay":0,"proxy":0,"hosting":0,"service":0}},"geometry":{"type":"Point","coordinates":[-0.9916,47.12375]}},{"type":"Feature","properties":{"country_code":"USA","city":"Mexico","id":"4398103","downloaders":{"size":134,"mobile":0,"satellite":0,"tor":0,"tor_exit_nodes":0,"vpn":0,"relay":0,"proxy":0,"hosting":3,"service":0},"uploaders":{"size":3,"mobile":0,"satellite":0,"tor":0,"tor_exit_nodes":0,"vpn":0,"relay":0,"proxy":0,"hosting":0,"service":0}},"geometry":{"type":"Point","coordinates":[-91.88295,39.16976]}},{"type":"Feature","properties":{"country_code":"DEU","city":"Eichst\u00e4tt","id":"2932069","downloaders":{"size":134,"mobile":0,"satellite":0,"tor":0,"tor_exit_nodes":0,"vpn":0,"relay":0,"proxy":0,"hosting":0,"service":0},"uploaders":{"size":18,"mobile":0,"satellite":0,"tor":0,"tor_exit_nodes":0,"vpn":0,"relay":0,"proxy":0,"hosting":0,"service":0}},"geometry":{"type":"Point","coordinates":[11.19675,48.88854]}},{"type":"Feature","properties":{"country_code":"USA","city":"Rancho Palos Verdes","id":"5386035","downloaders":{"size":133,"mobile":0,"satellite":0,"tor":0,"tor_exit_nodes":0,"vpn":10,"relay":0,"proxy":0,"hosting":0,"service":0},"uploaders":{"size":4,"mobile":0,"satellite":0,"tor":0,"tor_exit_nodes":0,"vpn":1,"relay":0,"proxy":0,"hosting":0,"service":0}},"geometry":{"type":"Point","coordinates":[-118.38702,33.74446]}},{"type":"Feature","properties":{"country_code":"USA","city":"Hot Springs","id":"4115412","downloaders":{"size":133,"mobile":0,"satellite":0,"tor":0,"tor_exit_nodes":0,"vpn":0,"relay":0,"proxy":0,"hosting":0,"service":0},"uploaders":{"size":3,"mobile":0,"satellite":0,"tor":0,"tor_exit_nodes":0,"vpn":0,"relay":0,"proxy":0,"hosting":0,"service":0}},"geometry":{"type":"Point","coordinates":[-93.05518,34.5037]}},{"type":"Feature","properties":{"country_code":"JPN","city":"Ebara","id":"8576482","downloaders":{"size":133,"mobile":0,"satellite":0,"tor":0,"tor_exit_nodes":0,"vpn":5,"relay":0,"proxy":0,"hosting":0,"service":0},"uploaders":{"size":4,"mobile":0,"satellite":0,"tor":0,"tor_exit_nodes":0,"vpn":0,"relay":0,"proxy":0,"hosting":0,"service":0}},"geometry":{"type":"Point","coordinates":[139.70315,35.61298]}},{"type":"Feature","properties":{"country_code":"FRA","city":"Biscarrosse","id":"3032556","downloaders":{"size":133,"mobile":5,"satellite":0,"tor":0,"tor_exit_nodes":0,"vpn":0,"relay":0,"proxy":0,"hosting":0,"service":0},"uploaders":{"size":3,"mobile":1,"satellite":0,"tor":0,"tor_exit_nodes":0,"vpn":0,"relay":0,"proxy":0,"hosting":0,"service":0}},"geometry":{"type":"Point","coordinates":[-1.16721,44.39454]}},{"type":"Feature","properties":{"country_code":"USA","city":"Evans","id":"5576909","downloaders":{"size":133,"mobile":0,"satellite":0,"tor":0,"tor_exit_nodes":0,"vpn":0,"relay":0,"proxy":0,"hosting":0,"service":0},"uploaders":{"size":4,"mobile":0,"satellite":0,"tor":0,"tor_exit_nodes":0,"vpn":0,"relay":0,"proxy":0,"hosting":0,"service":0}},"geometry":{"type":"Point","coordinates":[-104.69219,40.37637]}},{"type":"Feature","properties":{"country_code":"FRA","city":"Ussel","id":"2971298","downloaders":{"size":132,"mobile":44,"satellite":0,"tor":0,"tor_exit_nodes":0,"vpn":0,"relay":0,"proxy":0,"hosting":0,"service":0},"uploaders":{"size":6,"mobile":0,"satellite":0,"tor":0,"tor_exit_nodes":0,"vpn":0,"relay":0,"proxy":0,"hosting":0,"service":0}},"geometry":{"type":"Point","coordinates":[2.30917,45.54804]}},{"type":"Feature","properties":{"country_code":"FRA","city":"Baume-les-Dames","id":"3034535","downloaders":{"size":132,"mobile":6,"satellite":0,"tor":0,"tor_exit_nodes":0,"vpn":0,"relay":0,"proxy":0,"hosting":0,"service":0},"uploaders":{"size":3,"mobile":0,"satellite":0,"tor":0,"tor_exit_nodes":0,"vpn":0,"relay":0,"proxy":0,"hosting":0,"service":0}},"geometry":{"type":"Point","coordinates":[6.36117,47.35295]}},{"type":"Feature","properties":{"country_code":"USA","city":"Port Angeles","id":"5807212","downloaders":{"size":132,"mobile":0,"satellite":0,"tor":0,"tor_exit_nodes":0,"vpn":0,"relay":0,"proxy":0,"hosting":0,"service":0},"uploaders":{"size":5,"mobile":0,"satellite":0,"tor":0,"tor_exit_nodes":0,"vpn":0,"relay":0,"proxy":0,"hosting":0,"service":0}},"geometry":{"type":"Point","coordinates":[-123.43074,48.11815]}},{"type":"Feature","properties":{"country_code":"USA","city":"Aliquippa","id":"5178027","downloaders":{"size":132,"mobile":0,"satellite":0,"tor":0,"tor_exit_nodes":0,"vpn":0,"relay":0,"proxy":0,"hosting":0,"service":0},"uploaders":{"size":5,"mobile":0,"satellite":0,"tor":0,"tor_exit_nodes":0,"vpn":0,"relay":0,"proxy":0,"hosting":0,"service":0}},"geometry":{"type":"Point","coordinates":[-80.24006,40.63673]}},{"type":"Feature","properties":{"country_code":"FRA","city":"Ramonville-Saint-Agne","id":"2984493","downloaders":{"size":132,"mobile":11,"satellite":0,"tor":0,"tor_exit_nodes":0,"vpn":0,"relay":0,"proxy":0,"hosting":0,"service":0},"uploaders":{"size":21,"mobile":1,"satellite":0,"tor":0,"tor_exit_nodes":0,"vpn":0,"relay":0,"proxy":0,"hosting":0,"service":0}},"geometry":{"type":"Point","coordinates":[1.47491,43.54618]}},{"type":"Feature","properties":{"country_code":"USA","city":"Holbrook","id":"4939637","downloaders":{"size":131,"mobile":0,"satellite":0,"tor":0,"tor_exit_nodes":0,"vpn":0,"relay":0,"proxy":0,"hosting":0,"service":0},"uploaders":{"size":4,"mobile":0,"satellite":0,"tor":0,"tor_exit_nodes":0,"vpn":0,"relay":0,"proxy":0,"hosting":0,"service":0}},"geometry":{"type":"Point","coordinates":[-71.00866,42.1551]}},{"type":"Feature","properties":{"country_code":"USA","city":"South Hadley","id":"4951397","downloaders":{"size":131,"mobile":0,"satellite":0,"tor":0,"tor_exit_nodes":0,"vpn":0,"relay":0,"proxy":0,"hosting":0,"service":0},"uploaders":{"size":21,"mobile":0,"satellite":0,"tor":0,"tor_exit_nodes":0,"vpn":0,"relay":0,"proxy":0,"hosting":0,"service":0}},"geometry":{"type":"Point","coordinates":[-72.57453,42.25842]}},{"type":"Feature","properties":{"country_code":"FRA","city":"Thiers","id":"2972857","downloaders":{"size":131,"mobile":10,"satellite":0,"tor":0,"tor_exit_nodes":0,"vpn":0,"relay":0,"proxy":0,"hosting":0,"service":0},"uploaders":{"size":5,"mobile":0,"satellite":0,"tor":0,"tor_exit_nodes":0,"vpn":0,"relay":0,"proxy":0,"hosting":0,"service":0}},"geometry":{"type":"Point","coordinates":[3.54758,45.85654]}},{"type":"Feature","properties":{"country_code":"USA","city":"Winter Haven","id":"4178552","downloaders":{"size":130,"mobile":0,"satellite":0,"tor":0,"tor_exit_nodes":0,"vpn":0,"relay":0,"proxy":0,"hosting":0,"service":0},"uploaders":{"size":17,"mobile":0,"satellite":0,"tor":0,"tor_exit_nodes":0,"vpn":0,"relay":0,"proxy":0,"hosting":0,"service":0}},"geometry":{"type":"Point","coordinates":[-81.7325,28.0452]}},{"type":"Feature","properties":{"country_code":"JPN","city":"Ube","id":"1849498","downloaders":{"size":130,"mobile":16,"satellite":0,"tor":0,"tor_exit_nodes":0,"vpn":0,"relay":0,"proxy":0,"hosting":0,"service":0},"uploaders":{"size":4,"mobile":0,"satellite":0,"tor":0,"tor_exit_nodes":0,"vpn":0,"relay":0,"proxy":0,"hosting":0,"service":0}},"geometry":{"type":"Point","coordinates":[131.25111,33.94306]}},{"type":"Feature","properties":{"country_code":"DEU","city":"Aspach","id":"3206150","downloaders":{"size":130,"mobile":0,"satellite":0,"tor":0,"tor_exit_nodes":0,"vpn":0,"relay":0,"proxy":0,"hosting":0,"service":0},"uploaders":{"size":25,"mobile":0,"satellite":0,"tor":0,"tor_exit_nodes":0,"vpn":0,"relay":0,"proxy":0,"hosting":0,"service":0}},"geometry":{"type":"Point","coordinates":[9.4,48.96667]}},{"type":"Feature","properties":{"country_code":"CHN","city":"Zhongcun","id":"1913130","downloaders":{"size":130,"mobile":0,"satellite":0,"tor":0,"tor_exit_nodes":0,"vpn":0,"relay":0,"proxy":0,"hosting":0,"service":0},"uploaders":{"size":5,"mobile":0,"satellite":0,"tor":0,"tor_exit_nodes":0,"vpn":0,"relay":0,"proxy":0,"hosting":0,"service":0}},"geometry":{"type":"Point","coordinates":[113.31306,22.97611]}},{"type":"Feature","properties":{"country_code":"FRA","city":"N\u00e9bian","id":"2990831","downloaders":{"size":129,"mobile":13,"satellite":0,"tor":0,"tor_exit_nodes":0,"vpn":0,"relay":0,"proxy":0,"hosting":0,"service":0},"uploaders":{"size":3,"mobile":1,"satellite":0,"tor":0,"tor_exit_nodes":0,"vpn":0,"relay":0,"proxy":0,"hosting":0,"service":0}},"geometry":{"type":"Point","coordinates":[3.43083,43.60635]}},{"type":"Feature","properties":{"country_code":"USA","city":"Lincolnton","id":"4475995","downloaders":{"size":129,"mobile":0,"satellite":0,"tor":0,"tor_exit_nodes":0,"vpn":0,"relay":0,"proxy":0,"hosting":0,"service":0},"uploaders":{"size":4,"mobile":0,"satellite":0,"tor":0,"tor_exit_nodes":0,"vpn":0,"relay":0,"proxy":0,"hosting":0,"service":0}},"geometry":{"type":"Point","coordinates":[-81.1818,35.4851]}},{"type":"Feature","properties":{"country_code":"JPN","city":"Kanda-jinb\u014dch\u014d","id":"10965202","downloaders":{"size":129,"mobile":0,"satellite":0,"tor":0,"tor_exit_nodes":0,"vpn":0,"relay":0,"proxy":0,"hosting":129,"service":0},"uploaders":{"size":62,"mobile":0,"satellite":0,"tor":0,"tor_exit_nodes":0,"vpn":0,"relay":0,"proxy":0,"hosting":62,"service":0}},"geometry":{"type":"Point","coordinates":[139.7616,35.6738]}},{"type":"Feature","properties":{"country_code":"MLI","city":"Timbuktu","id":"2449067","downloaders":{"size":128,"mobile":128,"satellite":0,"tor":0,"tor_exit_nodes":0,"vpn":0,"relay":0,"proxy":0,"hosting":0,"service":0},"uploaders":{"size":7,"mobile":7,"satellite":0,"tor":0,"tor_exit_nodes":0,"vpn":0,"relay":0,"proxy":0,"hosting":0,"service":0}},"geometry":{"type":"Point","coordinates":[-3.00742,16.77348]}},{"type":"Feature","properties":{"country_code":"FRA","city":"Montivilliers","id":"2992367","downloaders":{"size":128,"mobile":53,"satellite":0,"tor":0,"tor_exit_nodes":0,"vpn":1,"relay":0,"proxy":0,"hosting":0,"service":0},"uploaders":{"size":3,"mobile":2,"satellite":0,"tor":0,"tor_exit_nodes":0,"vpn":0,"relay":0,"proxy":0,"hosting":0,"service":0}},"geometry":{"type":"Point","coordinates":[0.18769,49.54518]}},{"type":"Feature","properties":{"country_code":"FRA","city":"Millau","id":"2993875","downloaders":{"size":128,"mobile":74,"satellite":0,"tor":0,"tor_exit_nodes":0,"vpn":0,"relay":0,"proxy":0,"hosting":0,"service":0},"uploaders":{"size":3,"mobile":0,"satellite":0,"tor":0,"tor_exit_nodes":0,"vpn":0,"relay":0,"proxy":0,"hosting":0,"service":0}},"geometry":{"type":"Point","coordinates":[3.07848,44.09973]}},{"type":"Feature","properties":{"country_code":"USA","city":"Grove City","id":"4513409","downloaders":{"size":128,"mobile":0,"satellite":0,"tor":0,"tor_exit_nodes":0,"vpn":4,"relay":0,"proxy":0,"hosting":0,"service":0},"uploaders":{"size":3,"mobile":0,"satellite":0,"tor":0,"tor_exit_nodes":0,"vpn":0,"relay":0,"proxy":0,"hosting":0,"service":0}},"geometry":{"type":"Point","coordinates":[-83.09296,39.88145]}},{"type":"Feature","properties":{"country_code":"USA","city":"DeSoto","id":"4685524","downloaders":{"size":127,"mobile":0,"satellite":0,"tor":0,"tor_exit_nodes":0,"vpn":0,"relay":0,"proxy":0,"hosting":0,"service":0},"uploaders":{"size":3,"mobile":0,"satellite":0,"tor":0,"tor_exit_nodes":0,"vpn":0,"relay":0,"proxy":0,"hosting":0,"service":0}},"geometry":{"type":"Point","coordinates":[-96.8653,32.6041]}},{"type":"Feature","properties":{"country_code":"USA","city":"Benson","id":"4454971","downloaders":{"size":127,"mobile":0,"satellite":0,"tor":0,"tor_exit_nodes":0,"vpn":1,"relay":0,"proxy":0,"hosting":0,"service":0},"uploaders":{"size":12,"mobile":0,"satellite":0,"tor":0,"tor_exit_nodes":0,"vpn":0,"relay":0,"proxy":0,"hosting":0,"service":0}},"geometry":{"type":"Point","coordinates":[-78.54862,35.38211]}},{"type":"Feature","properties":{"country_code":"JPN","city":"Honj\u014d","id":"1862198","downloaders":{"size":127,"mobile":25,"satellite":0,"tor":0,"tor_exit_nodes":0,"vpn":0,"relay":0,"proxy":0,"hosting":0,"service":0},"uploaders":{"size":3,"mobile":0,"satellite":0,"tor":0,"tor_exit_nodes":0,"vpn":0,"relay":0,"proxy":0,"hosting":0,"service":0}},"geometry":{"type":"Point","coordinates":[139.19023,36.2378]}},{"type":"Feature","properties":{"country_code":"CAN","city":"Lac-Lapierre","id":"6028783","downloaders":{"size":127,"mobile":0,"satellite":0,"tor":0,"tor_exit_nodes":0,"vpn":7,"relay":0,"proxy":0,"hosting":0,"service":0},"uploaders":{"size":5,"mobile":0,"satellite":0,"tor":0,"tor_exit_nodes":0,"vpn":0,"relay":0,"proxy":0,"hosting":0,"service":0}},"geometry":{"type":"Point","coordinates":[-73.77308,45.89837]}},{"type":"Feature","properties":{"country_code":"UKR","city":"Oktyabr\u2019skoye","id":"698652","downloaders":{"size":127,"mobile":0,"satellite":0,"tor":0,"tor_exit_nodes":0,"vpn":0,"relay":0,"proxy":0,"hosting":0,"service":0},"uploaders":{"size":3,"mobile":0,"satellite":0,"tor":0,"tor_exit_nodes":0,"vpn":0,"relay":0,"proxy":0,"hosting":0,"service":0}},"geometry":{"type":"Point","coordinates":[34.13521,45.28866]}},{"type":"Feature","properties":{"country_code":"DEU","city":"Billerbeck","id":"2948944","downloaders":{"size":126,"mobile":0,"satellite":0,"tor":0,"tor_exit_nodes":0,"vpn":0,"relay":0,"proxy":0,"hosting":0,"service":0},"uploaders":{"size":23,"mobile":0,"satellite":0,"tor":0,"tor_exit_nodes":0,"vpn":0,"relay":0,"proxy":0,"hosting":0,"service":0}},"geometry":{"type":"Point","coordinates":[7.29261,51.97829]}},{"type":"Feature","properties":{"country_code":"NOR","city":"Myra","id":"3145171","downloaders":{"size":126,"mobile":0,"satellite":0,"tor":0,"tor_exit_nodes":0,"vpn":0,"relay":0,"proxy":0,"hosting":0,"service":0},"uploaders":{"size":3,"mobile":0,"satellite":0,"tor":0,"tor_exit_nodes":0,"vpn":0,"relay":0,"proxy":0,"hosting":0,"service":0}},"geometry":{"type":"Point","coordinates":[8.86254,58.74921]}},{"type":"Feature","properties":{"country_code":"UGA","city":"Kira","id":"231165","downloaders":{"size":126,"mobile":1,"satellite":0,"tor":0,"tor_exit_nodes":0,"vpn":0,"relay":0,"proxy":0,"hosting":0,"service":0},"uploaders":{"size":43,"mobile":0,"satellite":0,"tor":0,"tor_exit_nodes":0,"vpn":0,"relay":0,"proxy":0,"hosting":0,"service":0}},"geometry":{"type":"Point","coordinates":[32.63333,0.4]}},{"type":"Feature","properties":{"country_code":"USA","city":"Algonquin","id":"4883078","downloaders":{"size":126,"mobile":0,"satellite":0,"tor":0,"tor_exit_nodes":0,"vpn":0,"relay":0,"proxy":0,"hosting":0,"service":0},"uploaders":{"size":4,"mobile":0,"satellite":0,"tor":0,"tor_exit_nodes":0,"vpn":0,"relay":0,"proxy":0,"hosting":0,"service":0}},"geometry":{"type":"Point","coordinates":[-88.29425,42.16558]}},{"type":"Feature","properties":{"country_code":"SWE","city":"Steninge","id":"2674200","downloaders":{"size":125,"mobile":0,"satellite":0,"tor":0,"tor_exit_nodes":0,"vpn":0,"relay":0,"proxy":0,"hosting":125,"service":0},"uploaders":{"size":11,"mobile":0,"satellite":0,"tor":0,"tor_exit_nodes":0,"vpn":0,"relay":0,"proxy":0,"hosting":11,"service":0}},"geometry":{"type":"Point","coordinates":[17.80459,59.60199]}},{"type":"Feature","properties":{"country_code":"NLD","city":"Berghem","id":"2759126","downloaders":{"size":125,"mobile":0,"satellite":0,"tor":0,"tor_exit_nodes":0,"vpn":15,"relay":0,"proxy":0,"hosting":0,"service":0},"uploaders":{"size":6,"mobile":0,"satellite":0,"tor":0,"tor_exit_nodes":0,"vpn":0,"relay":0,"proxy":0,"hosting":0,"service":0}},"geometry":{"type":"Point","coordinates":[5.56827,51.76991]}},{"type":"Feature","properties":{"country_code":"AUS","city":"Burwood","id":"7932622","downloaders":{"size":125,"mobile":0,"satellite":0,"tor":0,"tor_exit_nodes":0,"vpn":0,"relay":0,"proxy":0,"hosting":0,"service":0},"uploaders":{"size":8,"mobile":0,"satellite":0,"tor":0,"tor_exit_nodes":0,"vpn":0,"relay":0,"proxy":0,"hosting":0,"service":0}},"geometry":{"type":"Point","coordinates":[145.11901,-37.84978]}},{"type":"Feature","properties":{"country_code":"FRA","city":"Ceret","id":"3027888","downloaders":{"size":125,"mobile":54,"satellite":0,"tor":0,"tor_exit_nodes":0,"vpn":0,"relay":0,"proxy":0,"hosting":0,"service":0},"uploaders":{"size":5,"mobile":5,"satellite":0,"tor":0,"tor_exit_nodes":0,"vpn":0,"relay":0,"proxy":0,"hosting":0,"service":0}},"geometry":{"type":"Point","coordinates":[2.74804,42.48533]}},{"type":"Feature","properties":{"country_code":"USA","city":"Mokane","id":"4398752","downloaders":{"size":125,"mobile":0,"satellite":0,"tor":0,"tor_exit_nodes":0,"vpn":0,"relay":0,"proxy":0,"hosting":101,"service":0},"uploaders":{"size":3,"mobile":0,"satellite":0,"tor":0,"tor_exit_nodes":0,"vpn":0,"relay":0,"proxy":0,"hosting":1,"service":0}},"geometry":{"type":"Point","coordinates":[-91.87435,38.67504]}},{"type":"Feature","properties":{"country_code":"FRA","city":"Aulnoye-Aymeries","id":"3036132","downloaders":{"size":124,"mobile":69,"satellite":0,"tor":0,"tor_exit_nodes":0,"vpn":0,"relay":0,"proxy":0,"hosting":0,"service":0},"uploaders":{"size":6,"mobile":6,"satellite":0,"tor":0,"tor_exit_nodes":0,"vpn":0,"relay":0,"proxy":0,"hosting":0,"service":0}},"geometry":{"type":"Point","coordinates":[3.83844,50.20141]}},{"type":"Feature","properties":{"country_code":"USA","city":"Carthage","id":"4380202","downloaders":{"size":124,"mobile":0,"satellite":0,"tor":0,"tor_exit_nodes":0,"vpn":1,"relay":0,"proxy":0,"hosting":0,"service":0},"uploaders":{"size":3,"mobile":0,"satellite":0,"tor":0,"tor_exit_nodes":0,"vpn":0,"relay":0,"proxy":0,"hosting":0,"service":0}},"geometry":{"type":"Point","coordinates":[-94.31022,37.17645]}},{"type":"Feature","properties":{"country_code":"FRA","city":"L'Union","id":"2997104","downloaders":{"size":124,"mobile":32,"satellite":0,"tor":0,"tor_exit_nodes":0,"vpn":1,"relay":0,"proxy":0,"hosting":1,"service":0},"uploaders":{"size":3,"mobile":1,"satellite":0,"tor":0,"tor_exit_nodes":0,"vpn":1,"relay":0,"proxy":0,"hosting":1,"service":0}},"geometry":{"type":"Point","coordinates":[1.48264,43.66042]}},{"type":"Feature","properties":{"country_code":"FRA","city":"Borgo","id":"3031537","downloaders":{"size":124,"mobile":2,"satellite":0,"tor":0,"tor_exit_nodes":0,"vpn":0,"relay":0,"proxy":0,"hosting":0,"service":0},"uploaders":{"size":22,"mobile":0,"satellite":0,"tor":0,"tor_exit_nodes":0,"vpn":0,"relay":0,"proxy":0,"hosting":0,"service":0}},"geometry":{"type":"Point","coordinates":[9.42636,42.55488]}},{"type":"Feature","properties":{"country_code":"USA","city":"Hudson","id":"5087752","downloaders":{"size":124,"mobile":0,"satellite":0,"tor":0,"tor_exit_nodes":0,"vpn":1,"relay":0,"proxy":0,"hosting":0,"service":0},"uploaders":{"size":3,"mobile":0,"satellite":0,"tor":0,"tor_exit_nodes":0,"vpn":0,"relay":0,"proxy":0,"hosting":0,"service":0}},"geometry":{"type":"Point","coordinates":[-71.43979,42.76481]}},{"type":"Feature","properties":{"country_code":"SVN","city":"Hrastnik","id":"3199297","downloaders":{"size":124,"mobile":0,"satellite":0,"tor":0,"tor_exit_nodes":0,"vpn":0,"relay":0,"proxy":0,"hosting":0,"service":0},"uploaders":{"size":4,"mobile":0,"satellite":0,"tor":0,"tor_exit_nodes":0,"vpn":0,"relay":0,"proxy":0,"hosting":0,"service":0}},"geometry":{"type":"Point","coordinates":[15.08139,46.14611]}},{"type":"Feature","properties":{"country_code":"USA","city":"Atoka","id":"4603347","downloaders":{"size":123,"mobile":0,"satellite":0,"tor":0,"tor_exit_nodes":0,"vpn":0,"relay":0,"proxy":0,"hosting":0,"service":0},"uploaders":{"size":4,"mobile":0,"satellite":0,"tor":0,"tor_exit_nodes":0,"vpn":0,"relay":0,"proxy":0,"hosting":0,"service":0}},"geometry":{"type":"Point","coordinates":[-89.77814,35.44119]}},{"type":"Feature","properties":{"country_code":"POL","city":"Ci\u0119\u017ckowice","id":"774116","downloaders":{"size":123,"mobile":0,"satellite":0,"tor":0,"tor_exit_nodes":0,"vpn":111,"relay":0,"proxy":0,"hosting":0,"service":0},"uploaders":{"size":22,"mobile":0,"satellite":0,"tor":0,"tor_exit_nodes":0,"vpn":22,"relay":0,"proxy":0,"hosting":0,"service":0}},"geometry":{"type":"Point","coordinates":[20.97324,49.78575]}},{"type":"Feature","properties":{"country_code":"ALB","city":"Fier","id":"3185672","downloaders":{"size":123,"mobile":0,"satellite":0,"tor":0,"tor_exit_nodes":0,"vpn":0,"relay":0,"proxy":0,"hosting":30,"service":0},"uploaders":{"size":7,"mobile":0,"satellite":0,"tor":0,"tor_exit_nodes":0,"vpn":0,"relay":0,"proxy":0,"hosting":0,"service":0}},"geometry":{"type":"Point","coordinates":[19.55611,40.72389]}},{"type":"Feature","properties":{"country_code":"CHN","city":"Shangyu","id":"1817720","downloaders":{"size":122,"mobile":0,"satellite":0,"tor":0,"tor_exit_nodes":0,"vpn":0,"relay":0,"proxy":0,"hosting":0,"service":0},"uploaders":{"size":16,"mobile":0,"satellite":0,"tor":0,"tor_exit_nodes":0,"vpn":0,"relay":0,"proxy":0,"hosting":0,"service":0}},"geometry":{"type":"Point","coordinates":[120.87111,30.01556]}},{"type":"Feature","properties":{"country_code":"USA","city":"Grand Ledge","id":"4994344","downloaders":{"size":122,"mobile":0,"satellite":0,"tor":0,"tor_exit_nodes":0,"vpn":0,"relay":0,"proxy":0,"hosting":0,"service":0},"uploaders":{"size":20,"mobile":0,"satellite":0,"tor":0,"tor_exit_nodes":0,"vpn":0,"relay":0,"proxy":0,"hosting":0,"service":0}},"geometry":{"type":"Point","coordinates":[-84.74638,42.75337]}},{"type":"Feature","properties":{"country_code":"USA","city":"Wheatfield","id":"4928156","downloaders":{"size":122,"mobile":0,"satellite":0,"tor":0,"tor_exit_nodes":0,"vpn":0,"relay":0,"proxy":0,"hosting":0,"service":0},"uploaders":{"size":25,"mobile":0,"satellite":0,"tor":0,"tor_exit_nodes":0,"vpn":0,"relay":0,"proxy":0,"hosting":0,"service":0}},"geometry":{"type":"Point","coordinates":[-87.05558,41.19309]}},{"type":"Feature","properties":{"country_code":"IRN","city":"Karaj","id":"128747","downloaders":{"size":122,"mobile":44,"satellite":0,"tor":0,"tor_exit_nodes":0,"vpn":0,"relay":0,"proxy":0,"hosting":7,"service":0},"uploaders":{"size":11,"mobile":7,"satellite":0,"tor":0,"tor_exit_nodes":0,"vpn":0,"relay":0,"proxy":0,"hosting":3,"service":0}},"geometry":{"type":"Point","coordinates":[50.99155,35.83266]}},{"type":"Feature","properties":{"country_code":"USA","city":"Lauderhill","id":"4161625","downloaders":{"size":121,"mobile":0,"satellite":0,"tor":0,"tor_exit_nodes":0,"vpn":0,"relay":0,"proxy":0,"hosting":5,"service":0},"uploaders":{"size":4,"mobile":0,"satellite":0,"tor":0,"tor_exit_nodes":0,"vpn":0,"relay":0,"proxy":0,"hosting":0,"service":0}},"geometry":{"type":"Point","coordinates":[-80.21338,26.14036]}},{"type":"Feature","properties":{"country_code":"BRA","city":"Mamanguape","id":"3395717","downloaders":{"size":121,"mobile":0,"satellite":0,"tor":0,"tor_exit_nodes":0,"vpn":0,"relay":0,"proxy":0,"hosting":0,"service":0},"uploaders":{"size":11,"mobile":0,"satellite":0,"tor":0,"tor_exit_nodes":0,"vpn":0,"relay":0,"proxy":0,"hosting":0,"service":0}},"geometry":{"type":"Point","coordinates":[-35.12611,-6.83861]}},{"type":"Feature","properties":{"country_code":"FRA","city":"Landerneau","id":"3007874","downloaders":{"size":121,"mobile":6,"satellite":0,"tor":0,"tor_exit_nodes":0,"vpn":0,"relay":0,"proxy":0,"hosting":0,"service":0},"uploaders":{"size":3,"mobile":0,"satellite":0,"tor":0,"tor_exit_nodes":0,"vpn":0,"relay":0,"proxy":0,"hosting":0,"service":0}},"geometry":{"type":"Point","coordinates":[-4.25175,48.4515]}},{"type":"Feature","properties":{"country_code":"CAN","city":"Big River","id":"5900745","downloaders":{"size":121,"mobile":121,"satellite":0,"tor":0,"tor_exit_nodes":0,"vpn":0,"relay":0,"proxy":0,"hosting":0,"service":0},"uploaders":{"size":19,"mobile":19,"satellite":0,"tor":0,"tor_exit_nodes":0,"vpn":0,"relay":0,"proxy":0,"hosting":0,"service":0}},"geometry":{"type":"Point","coordinates":[-107.01783,53.83341]}},{"type":"Feature","properties":{"country_code":"SWE","city":"Oxel\u00f6sund","id":"2684653","downloaders":{"size":121,"mobile":0,"satellite":0,"tor":0,"tor_exit_nodes":0,"vpn":0,"relay":0,"proxy":0,"hosting":0,"service":0},"uploaders":{"size":7,"mobile":0,"satellite":0,"tor":0,"tor_exit_nodes":0,"vpn":0,"relay":0,"proxy":0,"hosting":0,"service":0}},"geometry":{"type":"Point","coordinates":[17.10152,58.67057]}},{"type":"Feature","properties":{"country_code":"FRA","city":"Pontcharra","id":"2986275","downloaders":{"size":120,"mobile":7,"satellite":0,"tor":0,"tor_exit_nodes":0,"vpn":0,"relay":0,"proxy":0,"hosting":0,"service":0},"uploaders":{"size":24,"mobile":0,"satellite":0,"tor":0,"tor_exit_nodes":0,"vpn":0,"relay":0,"proxy":0,"hosting":0,"service":0}},"geometry":{"type":"Point","coordinates":[6.01782,45.43588]}},{"type":"Feature","properties":{"country_code":"USA","city":"Janesville","id":"5257754","downloaders":{"size":120,"mobile":0,"satellite":0,"tor":0,"tor_exit_nodes":0,"vpn":2,"relay":0,"proxy":0,"hosting":0,"service":0},"uploaders":{"size":3,"mobile":0,"satellite":0,"tor":0,"tor_exit_nodes":0,"vpn":0,"relay":0,"proxy":0,"hosting":0,"service":0}},"geometry":{"type":"Point","coordinates":[-89.01872,42.68279]}},{"type":"Feature","properties":{"country_code":"USA","city":"Fairwood","id":"5794097","downloaders":{"size":119,"mobile":0,"satellite":0,"tor":0,"tor_exit_nodes":0,"vpn":0,"relay":0,"proxy":0,"hosting":0,"service":0},"uploaders":{"size":3,"mobile":0,"satellite":0,"tor":0,"tor_exit_nodes":0,"vpn":0,"relay":0,"proxy":0,"hosting":0,"service":0}},"geometry":{"type":"Point","coordinates":[-122.15734,47.44843]}},{"type":"Feature","properties":{"country_code":"USA","city":"Bluffton","id":"4918234","downloaders":{"size":119,"mobile":0,"satellite":0,"tor":0,"tor_exit_nodes":0,"vpn":0,"relay":0,"proxy":0,"hosting":1,"service":0},"uploaders":{"size":11,"mobile":0,"satellite":0,"tor":0,"tor_exit_nodes":0,"vpn":0,"relay":0,"proxy":0,"hosting":0,"service":0}},"geometry":{"type":"Point","coordinates":[-85.17164,40.73866]}},{"type":"Feature","properties":{"country_code":"USA","city":"Pleasant Grove","id":"5779816","downloaders":{"size":119,"mobile":0,"satellite":0,"tor":0,"tor_exit_nodes":0,"vpn":84,"relay":0,"proxy":0,"hosting":0,"service":0},"uploaders":{"size":10,"mobile":0,"satellite":0,"tor":0,"tor_exit_nodes":0,"vpn":9,"relay":0,"proxy":0,"hosting":0,"service":0}},"geometry":{"type":"Point","coordinates":[-111.73854,40.36412]}},{"type":"Feature","properties":{"country_code":"USA","city":"North Lakeville","id":"4945659","downloaders":{"size":119,"mobile":0,"satellite":0,"tor":0,"tor_exit_nodes":0,"vpn":0,"relay":0,"proxy":0,"hosting":0,"service":0},"uploaders":{"size":6,"mobile":0,"satellite":0,"tor":0,"tor_exit_nodes":0,"vpn":0,"relay":0,"proxy":0,"hosting":0,"service":0}},"geometry":{"type":"Point","coordinates":[-70.94226,41.8576]}},{"type":"Feature","properties":{"country_code":"ISR","city":"Sderot","id":"293619","downloaders":{"size":119,"mobile":5,"satellite":0,"tor":0,"tor_exit_nodes":0,"vpn":1,"relay":0,"proxy":0,"hosting":0,"service":0},"uploaders":{"size":16,"mobile":0,"satellite":0,"tor":0,"tor_exit_nodes":0,"vpn":0,"relay":0,"proxy":0,"hosting":0,"service":0}},"geometry":{"type":"Point","coordinates":[34.59693,31.525]}},{"type":"Feature","properties":{"country_code":"RUS","city":"Toksovo","id":"482443","downloaders":{"size":119,"mobile":0,"satellite":0,"tor":0,"tor_exit_nodes":0,"vpn":3,"relay":0,"proxy":0,"hosting":0,"service":0},"uploaders":{"size":5,"mobile":0,"satellite":0,"tor":0,"tor_exit_nodes":0,"vpn":2,"relay":0,"proxy":0,"hosting":0,"service":0}},"geometry":{"type":"Point","coordinates":[30.51646,60.15323]}},{"type":"Feature","properties":{"country_code":"USA","city":"Clayton","id":"4460943","downloaders":{"size":118,"mobile":0,"satellite":0,"tor":0,"tor_exit_nodes":0,"vpn":0,"relay":0,"proxy":0,"hosting":0,"service":0},"uploaders":{"size":6,"mobile":0,"satellite":0,"tor":0,"tor_exit_nodes":0,"vpn":0,"relay":0,"proxy":0,"hosting":0,"service":0}},"geometry":{"type":"Point","coordinates":[-78.45639,35.65071]}},{"type":"Feature","properties":{"country_code":"CAN","city":"West Nipissing","id":"6179259","downloaders":{"size":118,"mobile":11,"satellite":0,"tor":0,"tor_exit_nodes":0,"vpn":0,"relay":0,"proxy":0,"hosting":0,"service":0},"uploaders":{"size":3,"mobile":0,"satellite":0,"tor":0,"tor_exit_nodes":0,"vpn":0,"relay":0,"proxy":0,"hosting":0,"service":0}},"geometry":{"type":"Point","coordinates":[-79.92451,46.37157]}},{"type":"Feature","properties":{"country_code":"UKR","city":"Debaltseve","id":"710229","downloaders":{"size":118,"mobile":0,"satellite":0,"tor":0,"tor_exit_nodes":0,"vpn":0,"relay":0,"proxy":0,"hosting":0,"service":0},"uploaders":{"size":14,"mobile":0,"satellite":0,"tor":0,"tor_exit_nodes":0,"vpn":0,"relay":0,"proxy":0,"hosting":0,"service":0}},"geometry":{"type":"Point","coordinates":[38.40239,48.338]}},{"type":"Feature","properties":{"country_code":"HRV","city":"Jankomir","id":"3209379","downloaders":{"size":117,"mobile":0,"satellite":0,"tor":0,"tor_exit_nodes":0,"vpn":117,"relay":0,"proxy":0,"hosting":117,"service":117},"uploaders":{"size":5,"mobile":0,"satellite":0,"tor":0,"tor_exit_nodes":0,"vpn":5,"relay":0,"proxy":0,"hosting":5,"service":5}},"geometry":{"type":"Point","coordinates":[15.9,45.79167]}},{"type":"Feature","properties":{"country_code":"USA","city":"Kenner","id":"4329753","downloaders":{"size":117,"mobile":0,"satellite":0,"tor":0,"tor_exit_nodes":0,"vpn":0,"relay":0,"proxy":0,"hosting":0,"service":0},"uploaders":{"size":27,"mobile":0,"satellite":0,"tor":0,"tor_exit_nodes":0,"vpn":0,"relay":0,"proxy":0,"hosting":0,"service":0}},"geometry":{"type":"Point","coordinates":[-90.2522,30.0252]}},{"type":"Feature","properties":{"country_code":"BRA","city":"Tenente Portela","id":"3446634","downloaders":{"size":117,"mobile":0,"satellite":0,"tor":0,"tor_exit_nodes":0,"vpn":0,"relay":0,"proxy":0,"hosting":0,"service":0},"uploaders":{"size":4,"mobile":0,"satellite":0,"tor":0,"tor_exit_nodes":0,"vpn":0,"relay":0,"proxy":0,"hosting":0,"service":0}},"geometry":{"type":"Point","coordinates":[-53.75833,-27.37111]}},{"type":"Feature","properties":{"country_code":"USA","city":"North Great River","id":"5129057","downloaders":{"size":117,"mobile":0,"satellite":0,"tor":0,"tor_exit_nodes":0,"vpn":0,"relay":0,"proxy":0,"hosting":0,"service":0},"uploaders":{"size":3,"mobile":0,"satellite":0,"tor":0,"tor_exit_nodes":0,"vpn":0,"relay":0,"proxy":0,"hosting":0,"service":0}},"geometry":{"type":"Point","coordinates":[-73.16984,40.74732]}},{"type":"Feature","properties":{"country_code":"USA","city":"Monroe","id":"5127302","downloaders":{"size":117,"mobile":0,"satellite":0,"tor":0,"tor_exit_nodes":0,"vpn":1,"relay":0,"proxy":0,"hosting":0,"service":0},"uploaders":{"size":7,"mobile":0,"satellite":0,"tor":0,"tor_exit_nodes":0,"vpn":0,"relay":0,"proxy":0,"hosting":0,"service":0}},"geometry":{"type":"Point","coordinates":[-74.18681,41.33065]}},{"type":"Feature","properties":{"country_code":"USA","city":"Sidney","id":"5172078","downloaders":{"size":117,"mobile":0,"satellite":0,"tor":0,"tor_exit_nodes":0,"vpn":0,"relay":0,"proxy":0,"hosting":0,"service":0},"uploaders":{"size":3,"mobile":0,"satellite":0,"tor":0,"tor_exit_nodes":0,"vpn":0,"relay":0,"proxy":0,"hosting":0,"service":0}},"geometry":{"type":"Point","coordinates":[-84.1555,40.28422]}},{"type":"Feature","properties":{"country_code":"USA","city":"Lakeland","id":"5033970","downloaders":{"size":117,"mobile":0,"satellite":0,"tor":0,"tor_exit_nodes":0,"vpn":0,"relay":0,"proxy":0,"hosting":0,"service":0},"uploaders":{"size":11,"mobile":0,"satellite":0,"tor":0,"tor_exit_nodes":0,"vpn":0,"relay":0,"proxy":0,"hosting":0,"service":0}},"geometry":{"type":"Point","coordinates":[-92.76576,44.95636]}},{"type":"Feature","properties":{"country_code":"JPN","city":"Sakado","id":"1853209","downloaders":{"size":117,"mobile":10,"satellite":0,"tor":0,"tor_exit_nodes":0,"vpn":1,"relay":0,"proxy":0,"hosting":0,"service":1},"uploaders":{"size":3,"mobile":0,"satellite":0,"tor":0,"tor_exit_nodes":0,"vpn":0,"relay":0,"proxy":0,"hosting":0,"service":0}},"geometry":{"type":"Point","coordinates":[139.38889,35.95694]}},{"type":"Feature","properties":{"country_code":"ESP","city":"Priego de C\u00f3rdoba","id":"2512282","downloaders":{"size":116,"mobile":85,"satellite":0,"tor":0,"tor_exit_nodes":0,"vpn":4,"relay":0,"proxy":0,"hosting":0,"service":0},"uploaders":{"size":21,"mobile":18,"satellite":0,"tor":0,"tor_exit_nodes":0,"vpn":1,"relay":0,"proxy":0,"hosting":0,"service":0}},"geometry":{"type":"Point","coordinates":[-4.19523,37.43807]}},{"type":"Feature","properties":{"country_code":"USA","city":"Westbury","id":"5144040","downloaders":{"size":116,"mobile":0,"satellite":0,"tor":0,"tor_exit_nodes":0,"vpn":29,"relay":0,"proxy":0,"hosting":0,"service":0},"uploaders":{"size":3,"mobile":0,"satellite":0,"tor":0,"tor_exit_nodes":0,"vpn":1,"relay":0,"proxy":0,"hosting":0,"service":0}},"geometry":{"type":"Point","coordinates":[-73.58763,40.75566]}},{"type":"Feature","properties":{"country_code":"DEU","city":"Arnsberg","id":"2955471","downloaders":{"size":116,"mobile":5,"satellite":0,"tor":0,"tor_exit_nodes":0,"vpn":8,"relay":1,"proxy":0,"hosting":1,"service":1},"uploaders":{"size":5,"mobile":0,"satellite":0,"tor":0,"tor_exit_nodes":0,"vpn":0,"relay":0,"proxy":0,"hosting":0,"service":0}},"geometry":{"type":"Point","coordinates":[8.08333,51.38333]}},{"type":"Feature","properties":{"country_code":"SWE","city":"Bengtsfors","id":"2723079","downloaders":{"size":116,"mobile":0,"satellite":0,"tor":0,"tor_exit_nodes":0,"vpn":0,"relay":0,"proxy":0,"hosting":0,"service":0},"uploaders":{"size":26,"mobile":0,"satellite":0,"tor":0,"tor_exit_nodes":0,"vpn":0,"relay":0,"proxy":0,"hosting":0,"service":0}},"geometry":{"type":"Point","coordinates":[12.23207,59.02912]}},{"type":"Feature","properties":{"country_code":"HUN","city":"Balatonlelle","id":"3055551","downloaders":{"size":115,"mobile":0,"satellite":0,"tor":0,"tor_exit_nodes":0,"vpn":3,"relay":0,"proxy":0,"hosting":13,"service":0},"uploaders":{"size":3,"mobile":0,"satellite":0,"tor":0,"tor_exit_nodes":0,"vpn":0,"relay":0,"proxy":0,"hosting":0,"service":0}},"geometry":{"type":"Point","coordinates":[17.69498,46.78318]}},{"type":"Feature","properties":{"country_code":"CHE","city":"Huttwil","id":"2660281","downloaders":{"size":115,"mobile":0,"satellite":0,"tor":0,"tor_exit_nodes":0,"vpn":22,"relay":0,"proxy":0,"hosting":0,"service":0},"uploaders":{"size":3,"mobile":0,"satellite":0,"tor":0,"tor_exit_nodes":0,"vpn":0,"relay":0,"proxy":0,"hosting":0,"service":0}},"geometry":{"type":"Point","coordinates":[7.86209,47.11502]}},{"type":"Feature","properties":{"country_code":"USA","city":"Randallstown","id":"4366476","downloaders":{"size":115,"mobile":0,"satellite":0,"tor":0,"tor_exit_nodes":0,"vpn":0,"relay":0,"proxy":0,"hosting":0,"service":0},"uploaders":{"size":3,"mobile":0,"satellite":0,"tor":0,"tor_exit_nodes":0,"vpn":0,"relay":0,"proxy":0,"hosting":0,"service":0}},"geometry":{"type":"Point","coordinates":[-76.79525,39.36733]}},{"type":"Feature","properties":{"country_code":"GBR","city":"Aylesford","id":"2656716","downloaders":{"size":114,"mobile":0,"satellite":0,"tor":0,"tor_exit_nodes":0,"vpn":0,"relay":0,"proxy":0,"hosting":0,"service":0},"uploaders":{"size":27,"mobile":0,"satellite":0,"tor":0,"tor_exit_nodes":0,"vpn":0,"relay":0,"proxy":0,"hosting":0,"service":0}},"geometry":{"type":"Point","coordinates":[0.47936,51.30374]}},{"type":"Feature","properties":{"country_code":"USA","city":"Austin","id":"5016884","downloaders":{"size":114,"mobile":0,"satellite":0,"tor":0,"tor_exit_nodes":0,"vpn":0,"relay":0,"proxy":0,"hosting":0,"service":0},"uploaders":{"size":12,"mobile":0,"satellite":0,"tor":0,"tor_exit_nodes":0,"vpn":0,"relay":0,"proxy":0,"hosting":0,"service":0}},"geometry":{"type":"Point","coordinates":[-92.97464,43.66663]}},{"type":"Feature","properties":{"country_code":"USA","city":"Bon Air","id":"4748305","downloaders":{"size":114,"mobile":0,"satellite":0,"tor":0,"tor_exit_nodes":0,"vpn":4,"relay":0,"proxy":0,"hosting":0,"service":0},"uploaders":{"size":4,"mobile":0,"satellite":0,"tor":0,"tor_exit_nodes":0,"vpn":0,"relay":0,"proxy":0,"hosting":0,"service":0}},"geometry":{"type":"Point","coordinates":[-77.55777,37.52487]}},{"type":"Feature","properties":{"country_code":"CZE","city":"B\u00edlovec","id":"3079336","downloaders":{"size":114,"mobile":3,"satellite":0,"tor":0,"tor_exit_nodes":0,"vpn":6,"relay":0,"proxy":0,"hosting":0,"service":0},"uploaders":{"size":5,"mobile":1,"satellite":0,"tor":0,"tor_exit_nodes":0,"vpn":0,"relay":0,"proxy":0,"hosting":0,"service":0}},"geometry":{"type":"Point","coordinates":[18.01581,49.75639]}},{"type":"Feature","properties":{"country_code":"JPN","city":"Higashiyamato","id":"6822136","downloaders":{"size":114,"mobile":0,"satellite":0,"tor":0,"tor_exit_nodes":0,"vpn":7,"relay":0,"proxy":0,"hosting":8,"service":7},"uploaders":{"size":3,"mobile":0,"satellite":0,"tor":0,"tor_exit_nodes":0,"vpn":1,"relay":0,"proxy":0,"hosting":0,"service":1}},"geometry":{"type":"Point","coordinates":[139.44575,35.76298]}},{"type":"Feature","properties":{"country_code":"CHE","city":"Herrliberg","id":"2660359","downloaders":{"size":114,"mobile":0,"satellite":0,"tor":0,"tor_exit_nodes":0,"vpn":1,"relay":0,"proxy":0,"hosting":0,"service":0},"uploaders":{"size":18,"mobile":0,"satellite":0,"tor":0,"tor_exit_nodes":0,"vpn":0,"relay":0,"proxy":0,"hosting":0,"service":0}},"geometry":{"type":"Point","coordinates":[8.61464,47.29064]}},{"type":"Feature","properties":{"country_code":"USA","city":"Lithonia","id":"4205889","downloaders":{"size":113,"mobile":3,"satellite":0,"tor":0,"tor_exit_nodes":0,"vpn":0,"relay":0,"proxy":0,"hosting":0,"service":0},"uploaders":{"size":3,"mobile":0,"satellite":0,"tor":0,"tor_exit_nodes":0,"vpn":0,"relay":0,"proxy":0,"hosting":0,"service":0}},"geometry":{"type":"Point","coordinates":[-84.161,33.6823]}},{"type":"Feature","properties":{"country_code":"USA","city":"Valencia","id":"5405288","downloaders":{"size":113,"mobile":0,"satellite":0,"tor":0,"tor_exit_nodes":0,"vpn":15,"relay":0,"proxy":0,"hosting":0,"service":0},"uploaders":{"size":4,"mobile":0,"satellite":0,"tor":0,"tor_exit_nodes":0,"vpn":2,"relay":0,"proxy":0,"hosting":0,"service":0}},"geometry":{"type":"Point","coordinates":[-118.5535,34.3985]}},{"type":"Feature","properties":{"country_code":"BMU","city":"Warwick Parish","id":"13353869","downloaders":{"size":112,"mobile":0,"satellite":0,"tor":0,"tor_exit_nodes":0,"vpn":0,"relay":0,"proxy":0,"hosting":0,"service":0},"uploaders":{"size":3,"mobile":0,"satellite":0,"tor":0,"tor_exit_nodes":0,"vpn":0,"relay":0,"proxy":0,"hosting":0,"service":0}},"geometry":{"type":"Point","coordinates":[-64.80922,32.26574]}},{"type":"Feature","properties":{"country_code":"USA","city":"Port Jefferson","id":"5132013","downloaders":{"size":112,"mobile":0,"satellite":0,"tor":0,"tor_exit_nodes":0,"vpn":0,"relay":0,"proxy":0,"hosting":0,"service":0},"uploaders":{"size":10,"mobile":0,"satellite":0,"tor":0,"tor_exit_nodes":0,"vpn":0,"relay":0,"proxy":0,"hosting":0,"service":0}},"geometry":{"type":"Point","coordinates":[-73.06927,40.94649]}},{"type":"Feature","properties":{"country_code":"UKR","city":"Hodyliv","id":"706501","downloaders":{"size":112,"mobile":0,"satellite":0,"tor":0,"tor_exit_nodes":0,"vpn":0,"relay":0,"proxy":0,"hosting":0,"service":0},"uploaders":{"size":3,"mobile":0,"satellite":0,"tor":0,"tor_exit_nodes":0,"vpn":0,"relay":0,"proxy":0,"hosting":0,"service":0}},"geometry":{"type":"Point","coordinates":[25.92636,48.24623]}},{"type":"Feature","properties":{"country_code":"USA","city":"Brooklet","id":"4184540","downloaders":{"size":112,"mobile":0,"satellite":0,"tor":0,"tor_exit_nodes":0,"vpn":99,"relay":0,"proxy":0,"hosting":0,"service":0},"uploaders":{"size":19,"mobile":0,"satellite":0,"tor":0,"tor_exit_nodes":0,"vpn":19,"relay":0,"proxy":0,"hosting":0,"service":0}},"geometry":{"type":"Point","coordinates":[-81.66317,32.37963]}},{"type":"Feature","properties":{"country_code":"USA","city":"Loughman","id":"4162856","downloaders":{"size":112,"mobile":0,"satellite":0,"tor":0,"tor_exit_nodes":0,"vpn":0,"relay":0,"proxy":0,"hosting":0,"service":0},"uploaders":{"size":9,"mobile":0,"satellite":0,"tor":0,"tor_exit_nodes":0,"vpn":0,"relay":0,"proxy":0,"hosting":0,"service":0}},"geometry":{"type":"Point","coordinates":[-81.56674,28.24196]}},{"type":"Feature","properties":{"country_code":"USA","city":"Hoover","id":"4067994","downloaders":{"size":112,"mobile":0,"satellite":0,"tor":0,"tor_exit_nodes":0,"vpn":0,"relay":0,"proxy":0,"hosting":0,"service":0},"uploaders":{"size":6,"mobile":0,"satellite":0,"tor":0,"tor_exit_nodes":0,"vpn":0,"relay":0,"proxy":0,"hosting":0,"service":0}},"geometry":{"type":"Point","coordinates":[-86.81138,33.40539]}},{"type":"Feature","properties":{"country_code":"USA","city":"Alexander City","id":"4829843","downloaders":{"size":111,"mobile":0,"satellite":0,"tor":0,"tor_exit_nodes":0,"vpn":0,"relay":0,"proxy":0,"hosting":0,"service":0},"uploaders":{"size":4,"mobile":0,"satellite":0,"tor":0,"tor_exit_nodes":0,"vpn":0,"relay":0,"proxy":0,"hosting":0,"service":0}},"geometry":{"type":"Point","coordinates":[-85.95385,32.94401]}},{"type":"Feature","properties":{"country_code":"USA","city":"Byron Center","id":"4987587","downloaders":{"size":111,"mobile":0,"satellite":0,"tor":0,"tor_exit_nodes":0,"vpn":0,"relay":0,"proxy":0,"hosting":96,"service":0},"uploaders":{"size":24,"mobile":0,"satellite":0,"tor":0,"tor_exit_nodes":0,"vpn":0,"relay":0,"proxy":0,"hosting":23,"service":0}},"geometry":{"type":"Point","coordinates":[-85.72281,42.81225]}},{"type":"Feature","properties":{"country_code":"BRA","city":"Irupi","id":"3460991","downloaders":{"size":111,"mobile":0,"satellite":0,"tor":0,"tor_exit_nodes":0,"vpn":0,"relay":0,"proxy":0,"hosting":0,"service":0},"uploaders":{"size":3,"mobile":0,"satellite":0,"tor":0,"tor_exit_nodes":0,"vpn":0,"relay":0,"proxy":0,"hosting":0,"service":0}},"geometry":{"type":"Point","coordinates":[-41.64111,-20.34528]}},{"type":"Feature","properties":{"country_code":"USA","city":"Athens","id":"4830668","downloaders":{"size":111,"mobile":0,"satellite":0,"tor":0,"tor_exit_nodes":0,"vpn":0,"relay":0,"proxy":0,"hosting":0,"service":0},"uploaders":{"size":4,"mobile":0,"satellite":0,"tor":0,"tor_exit_nodes":0,"vpn":0,"relay":0,"proxy":0,"hosting":0,"service":0}},"geometry":{"type":"Point","coordinates":[-86.97219,34.80243]}},{"type":"Feature","properties":{"country_code":"USA","city":"Richmond Hill","id":"4218752","downloaders":{"size":110,"mobile":0,"satellite":0,"tor":0,"tor_exit_nodes":0,"vpn":0,"relay":0,"proxy":0,"hosting":0,"service":0},"uploaders":{"size":4,"mobile":0,"satellite":0,"tor":0,"tor_exit_nodes":0,"vpn":0,"relay":0,"proxy":0,"hosting":0,"service":0}},"geometry":{"type":"Point","coordinates":[-81.30344,31.93827]}},{"type":"Feature","properties":{"country_code":"USA","city":"Pottstown","id":"5207069","downloaders":{"size":110,"mobile":0,"satellite":0,"tor":0,"tor_exit_nodes":0,"vpn":0,"relay":0,"proxy":0,"hosting":0,"service":0},"uploaders":{"size":3,"mobile":0,"satellite":0,"tor":0,"tor_exit_nodes":0,"vpn":0,"relay":0,"proxy":0,"hosting":0,"service":0}},"geometry":{"type":"Point","coordinates":[-75.64963,40.24537]}},{"type":"Feature","properties":{"country_code":"LUX","city":"Steinsel","id":"2960058","downloaders":{"size":110,"mobile":0,"satellite":0,"tor":0,"tor_exit_nodes":0,"vpn":110,"relay":0,"proxy":0,"hosting":110,"service":110},"uploaders":{"size":25,"mobile":0,"satellite":0,"tor":0,"tor_exit_nodes":0,"vpn":25,"relay":0,"proxy":0,"hosting":25,"service":25}},"geometry":{"type":"Point","coordinates":[6.12389,49.67694]}},{"type":"Feature","properties":{"country_code":"USA","city":"Huntington","id":"5121636","downloaders":{"size":110,"mobile":0,"satellite":0,"tor":0,"tor_exit_nodes":0,"vpn":7,"relay":0,"proxy":0,"hosting":4,"service":4},"uploaders":{"size":6,"mobile":0,"satellite":0,"tor":0,"tor_exit_nodes":0,"vpn":3,"relay":0,"proxy":0,"hosting":3,"service":3}},"geometry":{"type":"Point","coordinates":[-73.42568,40.86815]}},{"type":"Feature","properties":{"country_code":"NLD","city":"Doorn","id":"2756686","downloaders":{"size":109,"mobile":0,"satellite":0,"tor":0,"tor_exit_nodes":0,"vpn":92,"relay":0,"proxy":0,"hosting":0,"service":0},"uploaders":{"size":7,"mobile":0,"satellite":0,"tor":0,"tor_exit_nodes":0,"vpn":6,"relay":0,"proxy":0,"hosting":0,"service":0}},"geometry":{"type":"Point","coordinates":[5.34571,52.03343]}},{"type":"Feature","properties":{"country_code":"GBR","city":"Maghull","id":"2643198","downloaders":{"size":109,"mobile":2,"satellite":0,"tor":0,"tor_exit_nodes":0,"vpn":0,"relay":0,"proxy":0,"hosting":0,"service":0},"uploaders":{"size":6,"mobile":0,"satellite":0,"tor":0,"tor_exit_nodes":0,"vpn":0,"relay":0,"proxy":0,"hosting":0,"service":0}},"geometry":{"type":"Point","coordinates":[-2.94117,53.51619]}},{"type":"Feature","properties":{"country_code":"EGY","city":"Ar\u012bsh","id":"361546","downloaders":{"size":109,"mobile":0,"satellite":0,"tor":0,"tor_exit_nodes":0,"vpn":0,"relay":0,"proxy":0,"hosting":0,"service":0},"uploaders":{"size":4,"mobile":0,"satellite":0,"tor":0,"tor_exit_nodes":0,"vpn":0,"relay":0,"proxy":0,"hosting":0,"service":0}},"geometry":{"type":"Point","coordinates":[33.79844,31.13159]}},{"type":"Feature","properties":{"country_code":"BMU","city":"Cross Bay","id":"11054831","downloaders":{"size":109,"mobile":0,"satellite":0,"tor":0,"tor_exit_nodes":0,"vpn":0,"relay":0,"proxy":0,"hosting":0,"service":0},"uploaders":{"size":6,"mobile":0,"satellite":0,"tor":0,"tor_exit_nodes":0,"vpn":0,"relay":0,"proxy":0,"hosting":0,"service":0}},"geometry":{"type":"Point","coordinates":[-64.83882,32.25346]}},{"type":"Feature","properties":{"country_code":"CHE","city":"Altendorf","id":"2661776","downloaders":{"size":108,"mobile":0,"satellite":0,"tor":0,"tor_exit_nodes":0,"vpn":0,"relay":0,"proxy":0,"hosting":0,"service":0},"uploaders":{"size":5,"mobile":0,"satellite":0,"tor":0,"tor_exit_nodes":0,"vpn":0,"relay":0,"proxy":0,"hosting":0,"service":0}},"geometry":{"type":"Point","coordinates":[8.83823,47.18994]}},{"type":"Feature","properties":{"country_code":"ESP","city":"Borge","id":"2520835","downloaders":{"size":108,"mobile":0,"satellite":0,"tor":0,"tor_exit_nodes":0,"vpn":0,"relay":0,"proxy":0,"hosting":0,"service":0},"uploaders":{"size":18,"mobile":0,"satellite":0,"tor":0,"tor_exit_nodes":0,"vpn":0,"relay":0,"proxy":0,"hosting":0,"service":0}},"geometry":{"type":"Point","coordinates":[-4.2352,36.81482]}},{"type":"Feature","properties":{"country_code":"BRA","city":"Pouso Redondo","id":"3452502","downloaders":{"size":108,"mobile":0,"satellite":0,"tor":0,"tor_exit_nodes":0,"vpn":0,"relay":0,"proxy":0,"hosting":0,"service":0},"uploaders":{"size":3,"mobile":0,"satellite":0,"tor":0,"tor_exit_nodes":0,"vpn":0,"relay":0,"proxy":0,"hosting":0,"service":0}},"geometry":{"type":"Point","coordinates":[-49.93389,-27.25806]}},{"type":"Feature","properties":{"country_code":"CAN","city":"High River","id":"5975038","downloaders":{"size":108,"mobile":108,"satellite":0,"tor":0,"tor_exit_nodes":0,"vpn":0,"relay":0,"proxy":0,"hosting":0,"service":0},"uploaders":{"size":5,"mobile":5,"satellite":0,"tor":0,"tor_exit_nodes":0,"vpn":0,"relay":0,"proxy":0,"hosting":0,"service":0}},"geometry":{"type":"Point","coordinates":[-113.86867,50.58341]}},{"type":"Feature","properties":{"country_code":"USA","city":"Cicero","id":"4888015","downloaders":{"size":108,"mobile":0,"satellite":0,"tor":0,"tor_exit_nodes":0,"vpn":2,"relay":0,"proxy":0,"hosting":0,"service":0},"uploaders":{"size":4,"mobile":0,"satellite":0,"tor":0,"tor_exit_nodes":0,"vpn":0,"relay":0,"proxy":0,"hosting":0,"service":0}},"geometry":{"type":"Point","coordinates":[-87.75394,41.84559]}},{"type":"Feature","properties":{"country_code":"USA","city":"Worthington","id":"5177396","downloaders":{"size":108,"mobile":50,"satellite":0,"tor":0,"tor_exit_nodes":0,"vpn":0,"relay":0,"proxy":0,"hosting":0,"service":0},"uploaders":{"size":10,"mobile":9,"satellite":0,"tor":0,"tor_exit_nodes":0,"vpn":0,"relay":0,"proxy":0,"hosting":0,"service":0}},"geometry":{"type":"Point","coordinates":[-83.01796,40.09312]}},{"type":"Feature","properties":{"country_code":"RUS","city":"Promyshlennaya","id":"1494091","downloaders":{"size":107,"mobile":4,"satellite":0,"tor":0,"tor_exit_nodes":0,"vpn":0,"relay":0,"proxy":0,"hosting":0,"service":0},"uploaders":{"size":3,"mobile":2,"satellite":0,"tor":0,"tor_exit_nodes":0,"vpn":0,"relay":0,"proxy":0,"hosting":0,"service":0}},"geometry":{"type":"Point","coordinates":[85.63971,54.91443]}},{"type":"Feature","properties":{"country_code":"USA","city":"Shamokin","id":"5211622","downloaders":{"size":107,"mobile":0,"satellite":0,"tor":0,"tor_exit_nodes":0,"vpn":0,"relay":0,"proxy":0,"hosting":0,"service":0},"uploaders":{"size":3,"mobile":0,"satellite":0,"tor":0,"tor_exit_nodes":0,"vpn":0,"relay":0,"proxy":0,"hosting":0,"service":0}},"geometry":{"type":"Point","coordinates":[-76.55885,40.78897]}},{"type":"Feature","properties":{"country_code":"FRA","city":"Rodemack","id":"2983158","downloaders":{"size":106,"mobile":10,"satellite":0,"tor":0,"tor_exit_nodes":0,"vpn":0,"relay":0,"proxy":0,"hosting":0,"service":0},"uploaders":{"size":11,"mobile":0,"satellite":0,"tor":0,"tor_exit_nodes":0,"vpn":0,"relay":0,"proxy":0,"hosting":0,"service":0}},"geometry":{"type":"Point","coordinates":[6.23555,49.46991]}},{"type":"Feature","properties":{"country_code":"USA","city":"Schaumburg","id":"4910713","downloaders":{"size":106,"mobile":0,"satellite":0,"tor":0,"tor_exit_nodes":0,"vpn":0,"relay":0,"proxy":0,"hosting":1,"service":0},"uploaders":{"size":3,"mobile":0,"satellite":0,"tor":0,"tor_exit_nodes":0,"vpn":0,"relay":0,"proxy":0,"hosting":0,"service":0}},"geometry":{"type":"Point","coordinates":[-88.08341,42.03336]}},{"type":"Feature","properties":{"country_code":"USA","city":"Warwick","id":"5143285","downloaders":{"size":105,"mobile":0,"satellite":0,"tor":0,"tor_exit_nodes":0,"vpn":0,"relay":0,"proxy":0,"hosting":0,"service":0},"uploaders":{"size":7,"mobile":0,"satellite":0,"tor":0,"tor_exit_nodes":0,"vpn":0,"relay":0,"proxy":0,"hosting":0,"service":0}},"geometry":{"type":"Point","coordinates":[-74.35988,41.25648]}},{"type":"Feature","properties":{"country_code":"ECU","city":"Pacto","id":"3653641","downloaders":{"size":105,"mobile":0,"satellite":0,"tor":0,"tor_exit_nodes":0,"vpn":1,"relay":0,"proxy":0,"hosting":0,"service":0},"uploaders":{"size":3,"mobile":0,"satellite":0,"tor":0,"tor_exit_nodes":0,"vpn":0,"relay":0,"proxy":0,"hosting":0,"service":0}},"geometry":{"type":"Point","coordinates":[-78.76658,0.14238]}},{"type":"Feature","properties":{"country_code":"CHE","city":"Burgdorf","id":"2661321","downloaders":{"size":105,"mobile":0,"satellite":0,"tor":0,"tor_exit_nodes":0,"vpn":9,"relay":0,"proxy":0,"hosting":0,"service":0},"uploaders":{"size":4,"mobile":0,"satellite":0,"tor":0,"tor_exit_nodes":0,"vpn":1,"relay":0,"proxy":0,"hosting":0,"service":0}},"geometry":{"type":"Point","coordinates":[7.62786,47.05901]}},{"type":"Feature","properties":{"country_code":"USA","city":"Highland Springs","id":"4764127","downloaders":{"size":105,"mobile":0,"satellite":0,"tor":0,"tor_exit_nodes":0,"vpn":0,"relay":0,"proxy":0,"hosting":1,"service":0},"uploaders":{"size":5,"mobile":0,"satellite":0,"tor":0,"tor_exit_nodes":0,"vpn":0,"relay":0,"proxy":0,"hosting":0,"service":0}},"geometry":{"type":"Point","coordinates":[-77.32776,37.54598]}},{"type":"Feature","properties":{"country_code":"USA","city":"West Springfield","id":"4792901","downloaders":{"size":105,"mobile":0,"satellite":0,"tor":0,"tor_exit_nodes":0,"vpn":0,"relay":0,"proxy":0,"hosting":0,"service":0},"uploaders":{"size":5,"mobile":0,"satellite":0,"tor":0,"tor_exit_nodes":0,"vpn":0,"relay":0,"proxy":0,"hosting":0,"service":0}},"geometry":{"type":"Point","coordinates":[-77.22109,38.77261]}},{"type":"Feature","properties":{"country_code":"USA","city":"Kearney","id":"5071348","downloaders":{"size":105,"mobile":0,"satellite":0,"tor":0,"tor_exit_nodes":0,"vpn":0,"relay":0,"proxy":0,"hosting":0,"service":0},"uploaders":{"size":4,"mobile":0,"satellite":0,"tor":0,"tor_exit_nodes":0,"vpn":0,"relay":0,"proxy":0,"hosting":0,"service":0}},"geometry":{"type":"Point","coordinates":[-99.08148,40.69946]}},{"type":"Feature","properties":{"country_code":"GRC","city":"Kal\u00fdvia Thoriko\u00fa","id":"261445","downloaders":{"size":104,"mobile":102,"satellite":0,"tor":0,"tor_exit_nodes":0,"vpn":0,"relay":0,"proxy":0,"hosting":0,"service":0},"uploaders":{"size":24,"mobile":24,"satellite":0,"tor":0,"tor_exit_nodes":0,"vpn":0,"relay":0,"proxy":0,"hosting":0,"service":0}},"geometry":{"type":"Point","coordinates":[23.92505,37.83894]}},{"type":"Feature","properties":{"country_code":"USA","city":"Woodbury","id":"5144948","downloaders":{"size":104,"mobile":0,"satellite":0,"tor":0,"tor_exit_nodes":0,"vpn":2,"relay":0,"proxy":0,"hosting":0,"service":0},"uploaders":{"size":3,"mobile":0,"satellite":0,"tor":0,"tor_exit_nodes":0,"vpn":0,"relay":0,"proxy":0,"hosting":0,"service":0}},"geometry":{"type":"Point","coordinates":[-74.10598,41.36454]}},{"type":"Feature","properties":{"country_code":"DEU","city":"H\u00f6chst im Odenwald","id":"2902951","downloaders":{"size":104,"mobile":0,"satellite":0,"tor":0,"tor_exit_nodes":0,"vpn":87,"relay":0,"proxy":0,"hosting":0,"service":87},"uploaders":{"size":13,"mobile":0,"satellite":0,"tor":0,"tor_exit_nodes":0,"vpn":13,"relay":0,"proxy":0,"hosting":0,"service":13}},"geometry":{"type":"Point","coordinates":[8.99944,49.79972]}},{"type":"Feature","properties":{"country_code":"USA","city":"Monson","id":"4944350","downloaders":{"size":104,"mobile":0,"satellite":0,"tor":0,"tor_exit_nodes":0,"vpn":0,"relay":0,"proxy":0,"hosting":0,"service":0},"uploaders":{"size":3,"mobile":0,"satellite":0,"tor":0,"tor_exit_nodes":0,"vpn":0,"relay":0,"proxy":0,"hosting":0,"service":0}},"geometry":{"type":"Point","coordinates":[-72.31897,42.10426]}},{"type":"Feature","properties":{"country_code":"JPN","city":"Fujimi","id":"11611635","downloaders":{"size":104,"mobile":15,"satellite":0,"tor":0,"tor_exit_nodes":0,"vpn":1,"relay":0,"proxy":0,"hosting":2,"service":0},"uploaders":{"size":3,"mobile":3,"satellite":0,"tor":0,"tor_exit_nodes":0,"vpn":0,"relay":0,"proxy":0,"hosting":0,"service":0}},"geometry":{"type":"Point","coordinates":[139.55521,35.84815]}},{"type":"Feature","properties":{"country_code":"USA","city":"Wyoming","id":"5053526","downloaders":{"size":104,"mobile":0,"satellite":0,"tor":0,"tor_exit_nodes":0,"vpn":0,"relay":0,"proxy":0,"hosting":0,"service":0},"uploaders":{"size":4,"mobile":0,"satellite":0,"tor":0,"tor_exit_nodes":0,"vpn":0,"relay":0,"proxy":0,"hosting":0,"service":0}},"geometry":{"type":"Point","coordinates":[-92.99716,45.33636]}},{"type":"Feature","properties":{"country_code":"AUT","city":"Vold\u00f6pp","id":"2762318","downloaders":{"size":103,"mobile":0,"satellite":0,"tor":0,"tor_exit_nodes":0,"vpn":0,"relay":0,"proxy":0,"hosting":0,"service":0},"uploaders":{"size":12,"mobile":0,"satellite":0,"tor":0,"tor_exit_nodes":0,"vpn":0,"relay":0,"proxy":0,"hosting":0,"service":0}},"geometry":{"type":"Point","coordinates":[11.88343,47.44469]}},{"type":"Feature","properties":{"country_code":"TWN","city":"Bade","id":"1670909","downloaders":{"size":103,"mobile":0,"satellite":0,"tor":0,"tor_exit_nodes":0,"vpn":0,"relay":0,"proxy":0,"hosting":103,"service":0},"uploaders":{"size":4,"mobile":0,"satellite":0,"tor":0,"tor_exit_nodes":0,"vpn":0,"relay":0,"proxy":0,"hosting":4,"service":0}},"geometry":{"type":"Point","coordinates":[121.28372,24.92981]}},{"type":"Feature","properties":{"country_code":"USA","city":"Gardendale","id":"4063765","downloaders":{"size":103,"mobile":0,"satellite":0,"tor":0,"tor_exit_nodes":0,"vpn":1,"relay":0,"proxy":0,"hosting":0,"service":0},"uploaders":{"size":3,"mobile":0,"satellite":0,"tor":0,"tor_exit_nodes":0,"vpn":0,"relay":0,"proxy":0,"hosting":0,"service":0}},"geometry":{"type":"Point","coordinates":[-86.81277,33.6601]}},{"type":"Feature","properties":{"country_code":"USA","city":"Hillside","id":"5099093","downloaders":{"size":103,"mobile":0,"satellite":0,"tor":0,"tor_exit_nodes":0,"vpn":1,"relay":0,"proxy":0,"hosting":0,"service":1},"uploaders":{"size":3,"mobile":0,"satellite":0,"tor":0,"tor_exit_nodes":0,"vpn":0,"relay":0,"proxy":0,"hosting":0,"service":0}},"geometry":{"type":"Point","coordinates":[-74.23015,40.70121]}},{"type":"Feature","properties":{"country_code":"GBR","city":"Downpatrick","id":"2651023","downloaders":{"size":103,"mobile":33,"satellite":0,"tor":0,"tor_exit_nodes":0,"vpn":0,"relay":0,"proxy":0,"hosting":0,"service":0},"uploaders":{"size":4,"mobile":0,"satellite":0,"tor":0,"tor_exit_nodes":0,"vpn":0,"relay":0,"proxy":0,"hosting":0,"service":0}},"geometry":{"type":"Point","coordinates":[-5.71529,54.32814]}},{"type":"Feature","properties":{"country_code":"USA","city":"Ashland","id":"4744905","downloaders":{"size":103,"mobile":0,"satellite":0,"tor":0,"tor_exit_nodes":0,"vpn":0,"relay":0,"proxy":0,"hosting":0,"service":0},"uploaders":{"size":5,"mobile":0,"satellite":0,"tor":0,"tor_exit_nodes":0,"vpn":0,"relay":0,"proxy":0,"hosting":0,"service":0}},"geometry":{"type":"Point","coordinates":[-77.47998,37.75903]}},{"type":"Feature","properties":{"country_code":"USA","city":"Wylie","id":"4743275","downloaders":{"size":103,"mobile":0,"satellite":0,"tor":0,"tor_exit_nodes":0,"vpn":0,"relay":0,"proxy":0,"hosting":0,"service":0},"uploaders":{"size":6,"mobile":0,"satellite":0,"tor":0,"tor_exit_nodes":0,"vpn":0,"relay":0,"proxy":0,"hosting":0,"service":0}},"geometry":{"type":"Point","coordinates":[-96.53888,33.01512]}},{"type":"Feature","properties":{"country_code":"USA","city":"Parsippany","id":"5102427","downloaders":{"size":103,"mobile":2,"satellite":0,"tor":0,"tor_exit_nodes":0,"vpn":0,"relay":1,"proxy":0,"hosting":1,"service":1},"uploaders":{"size":5,"mobile":0,"satellite":0,"tor":0,"tor_exit_nodes":0,"vpn":0,"relay":1,"proxy":0,"hosting":1,"service":1}},"geometry":{"type":"Point","coordinates":[-74.42599,40.85788]}},{"type":"Feature","properties":{"country_code":"CHN","city":"Ji\u2019an","id":"1806445","downloaders":{"size":103,"mobile":0,"satellite":0,"tor":0,"tor_exit_nodes":0,"vpn":6,"relay":0,"proxy":0,"hosting":0,"service":0},"uploaders":{"size":16,"mobile":0,"satellite":0,"tor":0,"tor_exit_nodes":0,"vpn":1,"relay":0,"proxy":0,"hosting":0,"service":0}},"geometry":{"type":"Point","coordinates":[114.97927,27.11716]}},{"type":"Feature","properties":{"country_code":"USA","city":"Somersworth","id":"5092813","downloaders":{"size":103,"mobile":0,"satellite":0,"tor":0,"tor_exit_nodes":0,"vpn":0,"relay":0,"proxy":0,"hosting":0,"service":0},"uploaders":{"size":4,"mobile":0,"satellite":0,"tor":0,"tor_exit_nodes":0,"vpn":0,"relay":0,"proxy":0,"hosting":0,"service":0}},"geometry":{"type":"Point","coordinates":[-70.86534,43.26175]}},{"type":"Feature","properties":{"country_code":"USA","city":"Old Tappan","id":"5102190","downloaders":{"size":103,"mobile":0,"satellite":0,"tor":0,"tor_exit_nodes":0,"vpn":0,"relay":0,"proxy":0,"hosting":0,"service":0},"uploaders":{"size":5,"mobile":0,"satellite":0,"tor":0,"tor_exit_nodes":0,"vpn":0,"relay":0,"proxy":0,"hosting":0,"service":0}},"geometry":{"type":"Point","coordinates":[-73.99125,41.01065]}},{"type":"Feature","properties":{"country_code":"BIH","city":"Bratunac","id":"3203533","downloaders":{"size":103,"mobile":95,"satellite":0,"tor":0,"tor_exit_nodes":0,"vpn":0,"relay":0,"proxy":0,"hosting":0,"service":0},"uploaders":{"size":72,"mobile":72,"satellite":0,"tor":0,"tor_exit_nodes":0,"vpn":0,"relay":0,"proxy":0,"hosting":0,"service":0}},"geometry":{"type":"Point","coordinates":[19.33085,44.18455]}},{"type":"Feature","properties":{"country_code":"USA","city":"The Colony","id":"4736388","downloaders":{"size":102,"mobile":0,"satellite":0,"tor":0,"tor_exit_nodes":0,"vpn":0,"relay":0,"proxy":0,"hosting":0,"service":0},"uploaders":{"size":4,"mobile":0,"satellite":0,"tor":0,"tor_exit_nodes":0,"vpn":0,"relay":0,"proxy":0,"hosting":0,"service":0}},"geometry":{"type":"Point","coordinates":[-96.88639,33.08901]}},{"type":"Feature","properties":{"country_code":"BEL","city":"Rixensart","id":"2787989","downloaders":{"size":102,"mobile":0,"satellite":0,"tor":0,"tor_exit_nodes":0,"vpn":0,"relay":0,"proxy":0,"hosting":0,"service":0},"uploaders":{"size":24,"mobile":0,"satellite":0,"tor":0,"tor_exit_nodes":0,"vpn":0,"relay":0,"proxy":0,"hosting":0,"service":0}},"geometry":{"type":"Point","coordinates":[4.52529,50.71229]}},{"type":"Feature","properties":{"country_code":"POL","city":"Opoczno","id":"763111","downloaders":{"size":102,"mobile":14,"satellite":0,"tor":0,"tor_exit_nodes":0,"vpn":0,"relay":0,"proxy":0,"hosting":0,"service":0},"uploaders":{"size":5,"mobile":2,"satellite":0,"tor":0,"tor_exit_nodes":0,"vpn":0,"relay":0,"proxy":0,"hosting":0,"service":0}},"geometry":{"type":"Point","coordinates":[20.27827,51.37569]}},{"type":"Feature","properties":{"country_code":"UKR","city":"Korotych","id":"704881","downloaders":{"size":102,"mobile":0,"satellite":0,"tor":0,"tor_exit_nodes":0,"vpn":0,"relay":0,"proxy":0,"hosting":95,"service":0},"uploaders":{"size":8,"mobile":0,"satellite":0,"tor":0,"tor_exit_nodes":0,"vpn":0,"relay":0,"proxy":0,"hosting":8,"service":0}},"geometry":{"type":"Point","coordinates":[36.03736,49.94737]}},{"type":"Feature","properties":{"country_code":"ITA","city":"San Nicol\u00f2","id":"8556235","downloaders":{"size":102,"mobile":0,"satellite":0,"tor":0,"tor_exit_nodes":0,"vpn":7,"relay":0,"proxy":0,"hosting":1,"service":7},"uploaders":{"size":13,"mobile":0,"satellite":0,"tor":0,"tor_exit_nodes":0,"vpn":2,"relay":0,"proxy":0,"hosting":0,"service":2}},"geometry":{"type":"Point","coordinates":[9.6054,45.05685]}},{"type":"Feature","properties":{"country_code":"POL","city":"Klucze","id":"3096002","downloaders":{"size":102,"mobile":0,"satellite":0,"tor":0,"tor_exit_nodes":0,"vpn":2,"relay":0,"proxy":0,"hosting":0,"service":0},"uploaders":{"size":4,"mobile":0,"satellite":0,"tor":0,"tor_exit_nodes":0,"vpn":0,"relay":0,"proxy":0,"hosting":0,"service":0}},"geometry":{"type":"Point","coordinates":[19.56236,50.33565]}},{"type":"Feature","properties":{"country_code":"NLD","city":"Sint Philipsland","id":"2747221","downloaders":{"size":101,"mobile":0,"satellite":0,"tor":0,"tor_exit_nodes":0,"vpn":0,"relay":0,"proxy":0,"hosting":0,"service":0},"uploaders":{"size":10,"mobile":0,"satellite":0,"tor":0,"tor_exit_nodes":0,"vpn":0,"relay":0,"proxy":0,"hosting":0,"service":0}},"geometry":{"type":"Point","coordinates":[4.16528,51.61667]}},{"type":"Feature","properties":{"country_code":"USA","city":"Austintown","id":"5146256","downloaders":{"size":101,"mobile":0,"satellite":0,"tor":0,"tor_exit_nodes":0,"vpn":1,"relay":0,"proxy":0,"hosting":0,"service":0},"uploaders":{"size":7,"mobile":0,"satellite":0,"tor":0,"tor_exit_nodes":0,"vpn":1,"relay":0,"proxy":0,"hosting":0,"service":0}},"geometry":{"type":"Point","coordinates":[-80.76452,41.10172]}},{"type":"Feature","properties":{"country_code":"USA","city":"Waterford","id":"5014130","downloaders":{"size":100,"mobile":0,"satellite":0,"tor":0,"tor_exit_nodes":0,"vpn":0,"relay":0,"proxy":0,"hosting":0,"service":0},"uploaders":{"size":3,"mobile":0,"satellite":0,"tor":0,"tor_exit_nodes":0,"vpn":0,"relay":0,"proxy":0,"hosting":0,"service":0}},"geometry":{"type":"Point","coordinates":[-83.41181,42.69303]}},{"type":"Feature","properties":{"country_code":"DNK","city":"Ish\u00f8j","id":"2619377","downloaders":{"size":100,"mobile":0,"satellite":0,"tor":0,"tor_exit_nodes":0,"vpn":6,"relay":0,"proxy":0,"hosting":0,"service":0},"uploaders":{"size":3,"mobile":0,"satellite":0,"tor":0,"tor_exit_nodes":0,"vpn":0,"relay":0,"proxy":0,"hosting":0,"service":0}},"geometry":{"type":"Point","coordinates":[12.35182,55.61543]}},{"type":"Feature","properties":{"country_code":"BRA","city":"Borda da Mata","id":"3469169","downloaders":{"size":100,"mobile":0,"satellite":0,"tor":0,"tor_exit_nodes":0,"vpn":1,"relay":0,"proxy":0,"hosting":0,"service":0},"uploaders":{"size":4,"mobile":0,"satellite":0,"tor":0,"tor_exit_nodes":0,"vpn":0,"relay":0,"proxy":0,"hosting":0,"service":0}},"geometry":{"type":"Point","coordinates":[-46.16528,-22.27417]}},{"type":"Feature","properties":{"country_code":"NLD","city":"Haaksbergen","id":"2755030","downloaders":{"size":100,"mobile":0,"satellite":0,"tor":0,"tor_exit_nodes":0,"vpn":0,"relay":0,"proxy":0,"hosting":1,"service":0},"uploaders":{"size":4,"mobile":0,"satellite":0,"tor":0,"tor_exit_nodes":0,"vpn":0,"relay":0,"proxy":0,"hosting":1,"service":0}},"geometry":{"type":"Point","coordinates":[6.73889,52.15667]}},{"type":"Feature","properties":{"country_code":"USA","city":"Hamilton Square","id":"5098781","downloaders":{"size":99,"mobile":0,"satellite":0,"tor":0,"tor_exit_nodes":0,"vpn":0,"relay":0,"proxy":0,"hosting":0,"service":0},"uploaders":{"size":3,"mobile":0,"satellite":0,"tor":0,"tor_exit_nodes":0,"vpn":0,"relay":0,"proxy":0,"hosting":0,"service":0}},"geometry":{"type":"Point","coordinates":[-74.65321,40.22733]}},{"type":"Feature","properties":{"country_code":"USA","city":"Buena Vista","id":"4749715","downloaders":{"size":99,"mobile":0,"satellite":0,"tor":0,"tor_exit_nodes":0,"vpn":0,"relay":0,"proxy":0,"hosting":0,"service":0},"uploaders":{"size":16,"mobile":0,"satellite":0,"tor":0,"tor_exit_nodes":0,"vpn":0,"relay":0,"proxy":0,"hosting":0,"service":0}},"geometry":{"type":"Point","coordinates":[-79.35392,37.7343]}},{"type":"Feature","properties":{"country_code":"BGR","city":"Balchik","id":"733515","downloaders":{"size":99,"mobile":0,"satellite":0,"tor":0,"tor_exit_nodes":0,"vpn":0,"relay":0,"proxy":0,"hosting":0,"service":0},"uploaders":{"size":4,"mobile":0,"satellite":0,"tor":0,"tor_exit_nodes":0,"vpn":0,"relay":0,"proxy":0,"hosting":0,"service":0}},"geometry":{"type":"Point","coordinates":[28.15848,43.42166]}},{"type":"Feature","properties":{"country_code":"FRA","city":"Thiviers","id":"2972792","downloaders":{"size":99,"mobile":1,"satellite":0,"tor":0,"tor_exit_nodes":0,"vpn":0,"relay":0,"proxy":0,"hosting":0,"service":0},"uploaders":{"size":27,"mobile":0,"satellite":0,"tor":0,"tor_exit_nodes":0,"vpn":0,"relay":0,"proxy":0,"hosting":0,"service":0}},"geometry":{"type":"Point","coordinates":[0.92143,45.41763]}},{"type":"Feature","properties":{"country_code":"USA","city":"Port Washington","id":"5132029","downloaders":{"size":99,"mobile":0,"satellite":0,"tor":0,"tor_exit_nodes":0,"vpn":0,"relay":0,"proxy":0,"hosting":0,"service":0},"uploaders":{"size":3,"mobile":0,"satellite":0,"tor":0,"tor_exit_nodes":0,"vpn":0,"relay":0,"proxy":0,"hosting":0,"service":0}},"geometry":{"type":"Point","coordinates":[-73.69819,40.82566]}},{"type":"Feature","properties":{"country_code":"USA","city":"Rocky Mount","id":"4782691","downloaders":{"size":99,"mobile":0,"satellite":0,"tor":0,"tor_exit_nodes":0,"vpn":1,"relay":0,"proxy":0,"hosting":0,"service":0},"uploaders":{"size":4,"mobile":0,"satellite":0,"tor":0,"tor_exit_nodes":0,"vpn":1,"relay":0,"proxy":0,"hosting":0,"service":0}},"geometry":{"type":"Point","coordinates":[-79.89198,36.99764]}},{"type":"Feature","properties":{"country_code":"FRA","city":"Lys-lez-Lannoy","id":"2996927","downloaders":{"size":98,"mobile":42,"satellite":0,"tor":0,"tor_exit_nodes":0,"vpn":2,"relay":0,"proxy":0,"hosting":0,"service":0},"uploaders":{"size":3,"mobile":0,"satellite":0,"tor":0,"tor_exit_nodes":0,"vpn":0,"relay":0,"proxy":0,"hosting":0,"service":0}},"geometry":{"type":"Point","coordinates":[3.21667,50.66667]}},{"type":"Feature","properties":{"country_code":"USA","city":"Oneonta","id":"5129852","downloaders":{"size":98,"mobile":0,"satellite":0,"tor":0,"tor_exit_nodes":0,"vpn":2,"relay":0,"proxy":0,"hosting":0,"service":0},"uploaders":{"size":3,"mobile":0,"satellite":0,"tor":0,"tor_exit_nodes":0,"vpn":0,"relay":0,"proxy":0,"hosting":0,"service":0}},"geometry":{"type":"Point","coordinates":[-75.06377,42.45286]}},{"type":"Feature","properties":{"country_code":"BRA","city":"Planaltina","id":"11184422","downloaders":{"size":98,"mobile":0,"satellite":0,"tor":0,"tor_exit_nodes":0,"vpn":0,"relay":0,"proxy":0,"hosting":0,"service":0},"uploaders":{"size":3,"mobile":0,"satellite":0,"tor":0,"tor_exit_nodes":0,"vpn":0,"relay":0,"proxy":0,"hosting":0,"service":0}},"geometry":{"type":"Point","coordinates":[-47.64874,-15.61791]}},{"type":"Feature","properties":{"country_code":"USA","city":"Sycamore","id":"4913110","downloaders":{"size":98,"mobile":0,"satellite":0,"tor":0,"tor_exit_nodes":0,"vpn":0,"relay":0,"proxy":0,"hosting":0,"service":0},"uploaders":{"size":3,"mobile":0,"satellite":0,"tor":0,"tor_exit_nodes":0,"vpn":0,"relay":0,"proxy":0,"hosting":0,"service":0}},"geometry":{"type":"Point","coordinates":[-88.68675,41.98892]}},{"type":"Feature","properties":{"country_code":"GBR","city":"Earlswood","id":"10104836","downloaders":{"size":98,"mobile":0,"satellite":0,"tor":0,"tor_exit_nodes":0,"vpn":0,"relay":0,"proxy":0,"hosting":0,"service":0},"uploaders":{"size":4,"mobile":0,"satellite":0,"tor":0,"tor_exit_nodes":0,"vpn":0,"relay":0,"proxy":0,"hosting":0,"service":0}},"geometry":{"type":"Point","coordinates":[-1.83291,52.36575]}},{"type":"Feature","properties":{"country_code":"USA","city":"Gold Key Lake","id":"5191389","downloaders":{"size":98,"mobile":0,"satellite":0,"tor":0,"tor_exit_nodes":0,"vpn":0,"relay":0,"proxy":0,"hosting":0,"service":0},"uploaders":{"size":4,"mobile":0,"satellite":0,"tor":0,"tor_exit_nodes":0,"vpn":0,"relay":0,"proxy":0,"hosting":0,"service":0}},"geometry":{"type":"Point","coordinates":[-74.9385,41.30593]}},{"type":"Feature","properties":{"country_code":"USA","city":"Canton","id":"5149222","downloaders":{"size":98,"mobile":0,"satellite":0,"tor":0,"tor_exit_nodes":0,"vpn":0,"relay":0,"proxy":0,"hosting":0,"service":0},"uploaders":{"size":3,"mobile":0,"satellite":0,"tor":0,"tor_exit_nodes":0,"vpn":0,"relay":0,"proxy":0,"hosting":0,"service":0}},"geometry":{"type":"Point","coordinates":[-81.4119,40.768]}},{"type":"Feature","properties":{"country_code":"USA","city":"Centerville","id":"4508204","downloaders":{"size":97,"mobile":0,"satellite":0,"tor":0,"tor_exit_nodes":0,"vpn":5,"relay":0,"proxy":0,"hosting":0,"service":0},"uploaders":{"size":3,"mobile":0,"satellite":0,"tor":0,"tor_exit_nodes":0,"vpn":1,"relay":0,"proxy":0,"hosting":0,"service":0}},"geometry":{"type":"Point","coordinates":[-84.15938,39.62839]}},{"type":"Feature","properties":{"country_code":"USA","city":"Niles","id":"5003514","downloaders":{"size":97,"mobile":0,"satellite":0,"tor":0,"tor_exit_nodes":0,"vpn":0,"relay":0,"proxy":0,"hosting":0,"service":0},"uploaders":{"size":3,"mobile":0,"satellite":0,"tor":0,"tor_exit_nodes":0,"vpn":0,"relay":0,"proxy":0,"hosting":0,"service":0}},"geometry":{"type":"Point","coordinates":[-86.25418,41.82977]}},{"type":"Feature","properties":{"country_code":"CHN","city":"Hanzhong","id":"1808857","downloaders":{"size":97,"mobile":0,"satellite":0,"tor":0,"tor_exit_nodes":0,"vpn":91,"relay":0,"proxy":0,"hosting":0,"service":0},"uploaders":{"size":6,"mobile":0,"satellite":0,"tor":0,"tor_exit_nodes":0,"vpn":6,"relay":0,"proxy":0,"hosting":0,"service":0}},"geometry":{"type":"Point","coordinates":[107.02214,33.07507]}},{"type":"Feature","properties":{"country_code":"JPN","city":"Hekinan","id":"1862912","downloaders":{"size":97,"mobile":11,"satellite":0,"tor":0,"tor_exit_nodes":0,"vpn":6,"relay":0,"proxy":0,"hosting":0,"service":2},"uploaders":{"size":3,"mobile":0,"satellite":0,"tor":0,"tor_exit_nodes":0,"vpn":1,"relay":0,"proxy":0,"hosting":0,"service":1}},"geometry":{"type":"Point","coordinates":[136.98333,34.88333]}},{"type":"Feature","properties":{"country_code":"BRA","city":"Santo Ant\u00f4nio do Jardim","id":"3449504","downloaders":{"size":96,"mobile":0,"satellite":0,"tor":0,"tor_exit_nodes":0,"vpn":0,"relay":0,"proxy":0,"hosting":0,"service":0},"uploaders":{"size":4,"mobile":0,"satellite":0,"tor":0,"tor_exit_nodes":0,"vpn":0,"relay":0,"proxy":0,"hosting":0,"service":0}},"geometry":{"type":"Point","coordinates":[-46.68357,-22.11505]}},{"type":"Feature","properties":{"country_code":"USA","city":"Williamsville","id":"5144588","downloaders":{"size":96,"mobile":0,"satellite":0,"tor":0,"tor_exit_nodes":0,"vpn":41,"relay":0,"proxy":0,"hosting":0,"service":0},"uploaders":{"size":3,"mobile":0,"satellite":0,"tor":0,"tor_exit_nodes":0,"vpn":1,"relay":0,"proxy":0,"hosting":0,"service":0}},"geometry":{"type":"Point","coordinates":[-78.73781,42.96395]}},{"type":"Feature","properties":{"country_code":"USA","city":"Warren","id":"5218023","downloaders":{"size":96,"mobile":0,"satellite":0,"tor":0,"tor_exit_nodes":0,"vpn":0,"relay":0,"proxy":0,"hosting":0,"service":0},"uploaders":{"size":12,"mobile":0,"satellite":0,"tor":0,"tor_exit_nodes":0,"vpn":0,"relay":0,"proxy":0,"hosting":0,"service":0}},"geometry":{"type":"Point","coordinates":[-79.14504,41.84395]}},{"type":"Feature","properties":{"country_code":"BRA","city":"Ouricuri","id":"3393452","downloaders":{"size":96,"mobile":0,"satellite":0,"tor":0,"tor_exit_nodes":0,"vpn":0,"relay":0,"proxy":0,"hosting":0,"service":0},"uploaders":{"size":4,"mobile":0,"satellite":0,"tor":0,"tor_exit_nodes":0,"vpn":0,"relay":0,"proxy":0,"hosting":0,"service":0}},"geometry":{"type":"Point","coordinates":[-40.08167,-7.8825]}},{"type":"Feature","properties":{"country_code":"USA","city":"Breckenridge","id":"5414872","downloaders":{"size":96,"mobile":0,"satellite":0,"tor":0,"tor_exit_nodes":0,"vpn":0,"relay":0,"proxy":0,"hosting":0,"service":0},"uploaders":{"size":3,"mobile":0,"satellite":0,"tor":0,"tor_exit_nodes":0,"vpn":0,"relay":0,"proxy":0,"hosting":0,"service":0}},"geometry":{"type":"Point","coordinates":[-106.03835,39.48165]}},{"type":"Feature","properties":{"country_code":"USA","city":"Lakeside","id":"4768423","downloaders":{"size":95,"mobile":0,"satellite":0,"tor":0,"tor_exit_nodes":0,"vpn":0,"relay":0,"proxy":0,"hosting":0,"service":0},"uploaders":{"size":7,"mobile":0,"satellite":0,"tor":0,"tor_exit_nodes":0,"vpn":0,"relay":0,"proxy":0,"hosting":0,"service":0}},"geometry":{"type":"Point","coordinates":[-77.47693,37.60765]}},{"type":"Feature","properties":{"country_code":"BRA","city":"Crato","id":"3401545","downloaders":{"size":95,"mobile":0,"satellite":0,"tor":0,"tor_exit_nodes":0,"vpn":0,"relay":0,"proxy":0,"hosting":0,"service":0},"uploaders":{"size":6,"mobile":0,"satellite":0,"tor":0,"tor_exit_nodes":0,"vpn":0,"relay":0,"proxy":0,"hosting":0,"service":0}},"geometry":{"type":"Point","coordinates":[-39.40944,-7.23417]}},{"type":"Feature","properties":{"country_code":"USA","city":"Tucson Estates","id":"5318320","downloaders":{"size":95,"mobile":0,"satellite":0,"tor":0,"tor_exit_nodes":0,"vpn":0,"relay":0,"proxy":0,"hosting":0,"service":0},"uploaders":{"size":4,"mobile":0,"satellite":0,"tor":0,"tor_exit_nodes":0,"vpn":0,"relay":0,"proxy":0,"hosting":0,"service":0}},"geometry":{"type":"Point","coordinates":[-111.09093,32.18758]}},{"type":"Feature","properties":{"country_code":"DEU","city":"Greven","id":"2917544","downloaders":{"size":95,"mobile":1,"satellite":0,"tor":0,"tor_exit_nodes":0,"vpn":0,"relay":0,"proxy":0,"hosting":0,"service":0},"uploaders":{"size":4,"mobile":1,"satellite":0,"tor":0,"tor_exit_nodes":0,"vpn":0,"relay":0,"proxy":0,"hosting":0,"service":0}},"geometry":{"type":"Point","coordinates":[7.59396,52.09364]}},{"type":"Feature","properties":{"country_code":"BRA","city":"Nossa Senhora da Gl\u00f3ria","id":"3456240","downloaders":{"size":95,"mobile":0,"satellite":0,"tor":0,"tor_exit_nodes":0,"vpn":1,"relay":0,"proxy":0,"hosting":0,"service":0},"uploaders":{"size":5,"mobile":0,"satellite":0,"tor":0,"tor_exit_nodes":0,"vpn":0,"relay":0,"proxy":0,"hosting":0,"service":0}},"geometry":{"type":"Point","coordinates":[-37.42028,-10.21833]}},{"type":"Feature","properties":{"country_code":"COL","city":"Cartago","id":"3687230","downloaders":{"size":95,"mobile":0,"satellite":0,"tor":0,"tor_exit_nodes":0,"vpn":0,"relay":0,"proxy":0,"hosting":0,"service":0},"uploaders":{"size":3,"mobile":0,"satellite":0,"tor":0,"tor_exit_nodes":0,"vpn":0,"relay":0,"proxy":0,"hosting":0,"service":0}},"geometry":{"type":"Point","coordinates":[-75.91167,4.74639]}},{"type":"Feature","properties":{"country_code":"NLD","city":"Heerde","id":"2754681","downloaders":{"size":94,"mobile":0,"satellite":0,"tor":0,"tor_exit_nodes":0,"vpn":0,"relay":0,"proxy":0,"hosting":0,"service":0},"uploaders":{"size":4,"mobile":0,"satellite":0,"tor":0,"tor_exit_nodes":0,"vpn":0,"relay":0,"proxy":0,"hosting":0,"service":0}},"geometry":{"type":"Point","coordinates":[6.04016,52.38723]}},{"type":"Feature","properties":{"country_code":"USA","city":"Brooklyn Park","id":"4349599","downloaders":{"size":94,"mobile":0,"satellite":0,"tor":0,"tor_exit_nodes":0,"vpn":0,"relay":0,"proxy":0,"hosting":0,"service":0},"uploaders":{"size":3,"mobile":0,"satellite":0,"tor":0,"tor_exit_nodes":0,"vpn":0,"relay":0,"proxy":0,"hosting":0,"service":0}},"geometry":{"type":"Point","coordinates":[-76.61636,39.22844]}},{"type":"Feature","properties":{"country_code":"IND","city":"Dinapore","id":"1273581","downloaders":{"size":94,"mobile":1,"satellite":0,"tor":0,"tor_exit_nodes":0,"vpn":0,"relay":0,"proxy":0,"hosting":0,"service":0},"uploaders":{"size":17,"mobile":0,"satellite":0,"tor":0,"tor_exit_nodes":0,"vpn":0,"relay":0,"proxy":0,"hosting":0,"service":0}},"geometry":{"type":"Point","coordinates":[85.04794,25.63705]}},{"type":"Feature","properties":{"country_code":"BRA","city":"Ipe\u00fana","id":"3461132","downloaders":{"size":94,"mobile":0,"satellite":0,"tor":0,"tor_exit_nodes":0,"vpn":0,"relay":0,"proxy":0,"hosting":0,"service":0},"uploaders":{"size":3,"mobile":0,"satellite":0,"tor":0,"tor_exit_nodes":0,"vpn":0,"relay":0,"proxy":0,"hosting":0,"service":0}},"geometry":{"type":"Point","coordinates":[-47.71889,-22.43583]}},{"type":"Feature","properties":{"country_code":"FRA","city":"Limours","id":"2998269","downloaders":{"size":94,"mobile":9,"satellite":0,"tor":0,"tor_exit_nodes":0,"vpn":1,"relay":0,"proxy":0,"hosting":0,"service":0},"uploaders":{"size":3,"mobile":0,"satellite":0,"tor":0,"tor_exit_nodes":0,"vpn":0,"relay":0,"proxy":0,"hosting":0,"service":0}},"geometry":{"type":"Point","coordinates":[2.07688,48.64625]}},{"type":"Feature","properties":{"country_code":"USA","city":"Herriman","id":"5775782","downloaders":{"size":93,"mobile":0,"satellite":0,"tor":0,"tor_exit_nodes":0,"vpn":0,"relay":0,"proxy":0,"hosting":0,"service":0},"uploaders":{"size":5,"mobile":0,"satellite":0,"tor":0,"tor_exit_nodes":0,"vpn":0,"relay":0,"proxy":0,"hosting":0,"service":0}},"geometry":{"type":"Point","coordinates":[-112.03299,40.51411]}},{"type":"Feature","properties":{"country_code":"USA","city":"Union Valley","id":"4738453","downloaders":{"size":93,"mobile":0,"satellite":0,"tor":0,"tor_exit_nodes":0,"vpn":0,"relay":0,"proxy":0,"hosting":0,"service":0},"uploaders":{"size":20,"mobile":0,"satellite":0,"tor":0,"tor_exit_nodes":0,"vpn":0,"relay":0,"proxy":0,"hosting":0,"service":0}},"geometry":{"type":"Point","coordinates":[-96.25109,32.92734]}},{"type":"Feature","properties":{"country_code":"JPN","city":"Tsuyama","id":"1849519","downloaders":{"size":93,"mobile":7,"satellite":0,"tor":0,"tor_exit_nodes":0,"vpn":10,"relay":0,"proxy":0,"hosting":0,"service":10},"uploaders":{"size":4,"mobile":0,"satellite":0,"tor":0,"tor_exit_nodes":0,"vpn":3,"relay":0,"proxy":0,"hosting":0,"service":3}},"geometry":{"type":"Point","coordinates":[133.99885,35.05215]}},{"type":"Feature","properties":{"country_code":"POL","city":"W\u0105growiec","id":"3082712","downloaders":{"size":93,"mobile":0,"satellite":0,"tor":0,"tor_exit_nodes":0,"vpn":0,"relay":0,"proxy":0,"hosting":0,"service":0},"uploaders":{"size":3,"mobile":0,"satellite":0,"tor":0,"tor_exit_nodes":0,"vpn":0,"relay":0,"proxy":0,"hosting":0,"service":0}},"geometry":{"type":"Point","coordinates":[17.19961,52.80842]}},{"type":"Feature","properties":{"country_code":"CZE","city":"Bu\u010dovice","id":"3078503","downloaders":{"size":92,"mobile":0,"satellite":0,"tor":0,"tor_exit_nodes":0,"vpn":0,"relay":0,"proxy":0,"hosting":0,"service":0},"uploaders":{"size":7,"mobile":0,"satellite":0,"tor":0,"tor_exit_nodes":0,"vpn":0,"relay":0,"proxy":0,"hosting":0,"service":0}},"geometry":{"type":"Point","coordinates":[17.00191,49.14896]}},{"type":"Feature","properties":{"country_code":"GBR","city":"Rickmansworth","id":"2639381","downloaders":{"size":92,"mobile":1,"satellite":0,"tor":0,"tor_exit_nodes":0,"vpn":36,"relay":0,"proxy":0,"hosting":13,"service":0},"uploaders":{"size":4,"mobile":0,"satellite":0,"tor":0,"tor_exit_nodes":0,"vpn":0,"relay":0,"proxy":0,"hosting":1,"service":0}},"geometry":{"type":"Point","coordinates":[-0.47718,51.63898]}},{"type":"Feature","properties":{"country_code":"ARG","city":"Caleta Olivia","id":"3863379","downloaders":{"size":91,"mobile":0,"satellite":0,"tor":0,"tor_exit_nodes":0,"vpn":0,"relay":0,"proxy":0,"hosting":1,"service":0},"uploaders":{"size":34,"mobile":0,"satellite":0,"tor":0,"tor_exit_nodes":0,"vpn":0,"relay":0,"proxy":0,"hosting":0,"service":0}},"geometry":{"type":"Point","coordinates":[-67.52274,-46.44785]}},{"type":"Feature","properties":{"country_code":"BGR","city":"Dryanovo","id":"731882","downloaders":{"size":91,"mobile":0,"satellite":0,"tor":0,"tor_exit_nodes":0,"vpn":0,"relay":0,"proxy":0,"hosting":0,"service":0},"uploaders":{"size":4,"mobile":0,"satellite":0,"tor":0,"tor_exit_nodes":0,"vpn":0,"relay":0,"proxy":0,"hosting":0,"service":0}},"geometry":{"type":"Point","coordinates":[25.4785,42.97897]}},{"type":"Feature","properties":{"country_code":"NPL","city":"Madhyapur Thimi","id":"8411054","downloaders":{"size":91,"mobile":0,"satellite":0,"tor":0,"tor_exit_nodes":0,"vpn":0,"relay":0,"proxy":0,"hosting":0,"service":0},"uploaders":{"size":15,"mobile":0,"satellite":0,"tor":0,"tor_exit_nodes":0,"vpn":0,"relay":0,"proxy":0,"hosting":0,"service":0}},"geometry":{"type":"Point","coordinates":[85.3875,27.68056]}},{"type":"Feature","properties":{"country_code":"NLD","city":"Asten","id":"2759621","downloaders":{"size":91,"mobile":0,"satellite":0,"tor":0,"tor_exit_nodes":0,"vpn":0,"relay":0,"proxy":0,"hosting":0,"service":0},"uploaders":{"size":4,"mobile":0,"satellite":0,"tor":0,"tor_exit_nodes":0,"vpn":0,"relay":0,"proxy":0,"hosting":0,"service":0}},"geometry":{"type":"Point","coordinates":[5.74861,51.40417]}},{"type":"Feature","properties":{"country_code":"ESP","city":"Estepa","id":"2517820","downloaders":{"size":90,"mobile":2,"satellite":0,"tor":0,"tor_exit_nodes":0,"vpn":0,"relay":0,"proxy":0,"hosting":0,"service":0},"uploaders":{"size":11,"mobile":0,"satellite":0,"tor":0,"tor_exit_nodes":0,"vpn":0,"relay":0,"proxy":0,"hosting":0,"service":0}},"geometry":{"type":"Point","coordinates":[-4.87896,37.29263]}},{"type":"Feature","properties":{"country_code":"USA","city":"Clear Spring","id":"4351742","downloaders":{"size":90,"mobile":0,"satellite":0,"tor":0,"tor_exit_nodes":0,"vpn":0,"relay":0,"proxy":0,"hosting":0,"service":0},"uploaders":{"size":6,"mobile":0,"satellite":0,"tor":0,"tor_exit_nodes":0,"vpn":0,"relay":0,"proxy":0,"hosting":0,"service":0}},"geometry":{"type":"Point","coordinates":[-77.93166,39.65621]}},{"type":"Feature","properties":{"country_code":"CAN","city":"Bay Roberts","id":"5895424","downloaders":{"size":89,"mobile":0,"satellite":0,"tor":0,"tor_exit_nodes":0,"vpn":0,"relay":0,"proxy":0,"hosting":0,"service":0},"uploaders":{"size":4,"mobile":0,"satellite":0,"tor":0,"tor_exit_nodes":0,"vpn":0,"relay":0,"proxy":0,"hosting":0,"service":0}},"geometry":{"type":"Point","coordinates":[-53.26478,47.59989]}},{"type":"Feature","properties":{"country_code":"USA","city":"Moab","id":"5543307","downloaders":{"size":89,"mobile":0,"satellite":0,"tor":0,"tor_exit_nodes":0,"vpn":0,"relay":0,"proxy":0,"hosting":0,"service":0},"uploaders":{"size":3,"mobile":0,"satellite":0,"tor":0,"tor_exit_nodes":0,"vpn":0,"relay":0,"proxy":0,"hosting":0,"service":0}},"geometry":{"type":"Point","coordinates":[-109.54984,38.57332]}},{"type":"Feature","properties":{"country_code":"USA","city":"Perkasie","id":"5205638","downloaders":{"size":89,"mobile":0,"satellite":0,"tor":0,"tor_exit_nodes":0,"vpn":0,"relay":0,"proxy":0,"hosting":0,"service":0},"uploaders":{"size":5,"mobile":0,"satellite":0,"tor":0,"tor_exit_nodes":0,"vpn":0,"relay":0,"proxy":0,"hosting":0,"service":0}},"geometry":{"type":"Point","coordinates":[-75.29268,40.37205]}},{"type":"Feature","properties":{"country_code":"USA","city":"Helena","id":"5656882","downloaders":{"size":89,"mobile":0,"satellite":0,"tor":0,"tor_exit_nodes":0,"vpn":2,"relay":0,"proxy":0,"hosting":0,"service":0},"uploaders":{"size":3,"mobile":0,"satellite":0,"tor":0,"tor_exit_nodes":0,"vpn":0,"relay":0,"proxy":0,"hosting":0,"service":0}},"geometry":{"type":"Point","coordinates":[-112.0213,46.6131]}},{"type":"Feature","properties":{"country_code":"NLD","city":"Echt","id":"2756444","downloaders":{"size":89,"mobile":1,"satellite":0,"tor":0,"tor_exit_nodes":0,"vpn":0,"relay":0,"proxy":0,"hosting":0,"service":0},"uploaders":{"size":3,"mobile":0,"satellite":0,"tor":0,"tor_exit_nodes":0,"vpn":0,"relay":0,"proxy":0,"hosting":0,"service":0}},"geometry":{"type":"Point","coordinates":[5.87361,51.10583]}},{"type":"Feature","properties":{"country_code":"USA","city":"Saugerties","id":"5136353","downloaders":{"size":88,"mobile":0,"satellite":0,"tor":0,"tor_exit_nodes":0,"vpn":0,"relay":0,"proxy":0,"hosting":0,"service":0},"uploaders":{"size":6,"mobile":0,"satellite":0,"tor":0,"tor_exit_nodes":0,"vpn":0,"relay":0,"proxy":0,"hosting":0,"service":0}},"geometry":{"type":"Point","coordinates":[-73.95291,42.07759]}},{"type":"Feature","properties":{"country_code":"POL","city":"Piaseczno","id":"762423","downloaders":{"size":88,"mobile":1,"satellite":0,"tor":0,"tor_exit_nodes":0,"vpn":0,"relay":0,"proxy":0,"hosting":0,"service":0},"uploaders":{"size":10,"mobile":0,"satellite":0,"tor":0,"tor_exit_nodes":0,"vpn":0,"relay":0,"proxy":0,"hosting":0,"service":0}},"geometry":{"type":"Point","coordinates":[21.02397,52.0814]}},{"type":"Feature","properties":{"country_code":"USA","city":"Imperial","id":"5359052","downloaders":{"size":88,"mobile":0,"satellite":0,"tor":0,"tor_exit_nodes":0,"vpn":2,"relay":0,"proxy":0,"hosting":0,"service":0},"uploaders":{"size":3,"mobile":0,"satellite":0,"tor":0,"tor_exit_nodes":0,"vpn":2,"relay":0,"proxy":0,"hosting":0,"service":0}},"geometry":{"type":"Point","coordinates":[-115.56944,32.84755]}},{"type":"Feature","properties":{"country_code":"DNK","city":"Assens","id":"2624502","downloaders":{"size":88,"mobile":0,"satellite":0,"tor":0,"tor_exit_nodes":0,"vpn":18,"relay":0,"proxy":0,"hosting":0,"service":0},"uploaders":{"size":3,"mobile":0,"satellite":0,"tor":0,"tor_exit_nodes":0,"vpn":0,"relay":0,"proxy":0,"hosting":0,"service":0}},"geometry":{"type":"Point","coordinates":[9.90081,55.27023]}},{"type":"Feature","properties":{"country_code":"GBR","city":"Ormskirk","id":"2640908","downloaders":{"size":88,"mobile":26,"satellite":0,"tor":0,"tor_exit_nodes":0,"vpn":1,"relay":0,"proxy":0,"hosting":0,"service":0},"uploaders":{"size":4,"mobile":4,"satellite":0,"tor":0,"tor_exit_nodes":0,"vpn":0,"relay":0,"proxy":0,"hosting":0,"service":0}},"geometry":{"type":"Point","coordinates":[-2.88178,53.56685]}},{"type":"Feature","properties":{"country_code":"USA","city":"Ringgold","id":"4218896","downloaders":{"size":88,"mobile":0,"satellite":0,"tor":0,"tor_exit_nodes":0,"vpn":0,"relay":0,"proxy":0,"hosting":0,"service":0},"uploaders":{"size":3,"mobile":0,"satellite":0,"tor":0,"tor_exit_nodes":0,"vpn":0,"relay":0,"proxy":0,"hosting":0,"service":0}},"geometry":{"type":"Point","coordinates":[-85.10912,34.91591]}},{"type":"Feature","properties":{"country_code":"USA","city":"Gate City","id":"4760593","downloaders":{"size":87,"mobile":0,"satellite":0,"tor":0,"tor_exit_nodes":0,"vpn":1,"relay":0,"proxy":0,"hosting":0,"service":0},"uploaders":{"size":6,"mobile":0,"satellite":0,"tor":0,"tor_exit_nodes":0,"vpn":0,"relay":0,"proxy":0,"hosting":0,"service":0}},"geometry":{"type":"Point","coordinates":[-82.58099,36.63788]}},{"type":"Feature","properties":{"country_code":"USA","city":"Tobaccoville","id":"4495175","downloaders":{"size":87,"mobile":0,"satellite":0,"tor":0,"tor_exit_nodes":0,"vpn":0,"relay":0,"proxy":0,"hosting":0,"service":0},"uploaders":{"size":6,"mobile":0,"satellite":0,"tor":0,"tor_exit_nodes":0,"vpn":0,"relay":0,"proxy":0,"hosting":0,"service":0}},"geometry":{"type":"Point","coordinates":[-80.37144,36.23819]}},{"type":"Feature","properties":{"country_code":"SAU","city":"Al Jubayl","id":"109435","downloaders":{"size":87,"mobile":5,"satellite":0,"tor":0,"tor_exit_nodes":0,"vpn":0,"relay":0,"proxy":0,"hosting":0,"service":0},"uploaders":{"size":3,"mobile":0,"satellite":0,"tor":0,"tor_exit_nodes":0,"vpn":0,"relay":0,"proxy":0,"hosting":0,"service":0}},"geometry":{"type":"Point","coordinates":[49.62251,27.0174]}},{"type":"Feature","properties":{"country_code":"USA","city":"Clemmons","id":"4461015","downloaders":{"size":87,"mobile":0,"satellite":0,"tor":0,"tor_exit_nodes":0,"vpn":0,"relay":0,"proxy":0,"hosting":0,"service":0},"uploaders":{"size":7,"mobile":0,"satellite":0,"tor":0,"tor_exit_nodes":0,"vpn":0,"relay":0,"proxy":0,"hosting":0,"service":0}},"geometry":{"type":"Point","coordinates":[-80.382,36.02153]}},{"type":"Feature","properties":{"country_code":"ESP","city":"Pantoja","id":"3114411","downloaders":{"size":87,"mobile":0,"satellite":0,"tor":0,"tor_exit_nodes":0,"vpn":0,"relay":0,"proxy":0,"hosting":0,"service":0},"uploaders":{"size":13,"mobile":0,"satellite":0,"tor":0,"tor_exit_nodes":0,"vpn":0,"relay":0,"proxy":0,"hosting":0,"service":0}},"geometry":{"type":"Point","coordinates":[-3.8328,40.04336]}},{"type":"Feature","properties":{"country_code":"BIH","city":"Te\u0161anj","id":"3189146","downloaders":{"size":86,"mobile":0,"satellite":0,"tor":0,"tor_exit_nodes":0,"vpn":0,"relay":0,"proxy":0,"hosting":0,"service":0},"uploaders":{"size":3,"mobile":0,"satellite":0,"tor":0,"tor_exit_nodes":0,"vpn":0,"relay":0,"proxy":0,"hosting":0,"service":0}},"geometry":{"type":"Point","coordinates":[17.98552,44.61191]}},{"type":"Feature","properties":{"country_code":"USA","city":"Carrollton","id":"4186416","downloaders":{"size":86,"mobile":0,"satellite":0,"tor":0,"tor_exit_nodes":0,"vpn":1,"relay":0,"proxy":0,"hosting":0,"service":0},"uploaders":{"size":3,"mobile":0,"satellite":0,"tor":0,"tor_exit_nodes":0,"vpn":0,"relay":0,"proxy":0,"hosting":0,"service":0}},"geometry":{"type":"Point","coordinates":[-85.07661,33.58011]}},{"type":"Feature","properties":{"country_code":"USA","city":"Sebastian","id":"4172372","downloaders":{"size":86,"mobile":1,"satellite":0,"tor":0,"tor_exit_nodes":0,"vpn":1,"relay":0,"proxy":0,"hosting":0,"service":0},"uploaders":{"size":4,"mobile":0,"satellite":0,"tor":0,"tor_exit_nodes":0,"vpn":0,"relay":0,"proxy":0,"hosting":0,"service":0}},"geometry":{"type":"Point","coordinates":[-80.47061,27.81641]}},{"type":"Feature","properties":{"country_code":"SWE","city":"Leksand","id":"2696650","downloaders":{"size":85,"mobile":0,"satellite":0,"tor":0,"tor_exit_nodes":0,"vpn":0,"relay":0,"proxy":0,"hosting":6,"service":0},"uploaders":{"size":5,"mobile":0,"satellite":0,"tor":0,"tor_exit_nodes":0,"vpn":0,"relay":0,"proxy":0,"hosting":1,"service":0}},"geometry":{"type":"Point","coordinates":[14.99994,60.7303]}},{"type":"Feature","properties":{"country_code":"BRA","city":"Itaguara","id":"3460895","downloaders":{"size":85,"mobile":0,"satellite":0,"tor":0,"tor_exit_nodes":0,"vpn":0,"relay":0,"proxy":0,"hosting":0,"service":0},"uploaders":{"size":3,"mobile":0,"satellite":0,"tor":0,"tor_exit_nodes":0,"vpn":0,"relay":0,"proxy":0,"hosting":0,"service":0}},"geometry":{"type":"Point","coordinates":[-44.4875,-20.39222]}},{"type":"Feature","properties":{"country_code":"DEU","city":"Hatten","id":"2909268","downloaders":{"size":85,"mobile":0,"satellite":0,"tor":0,"tor_exit_nodes":0,"vpn":2,"relay":0,"proxy":0,"hosting":0,"service":0},"uploaders":{"size":10,"mobile":0,"satellite":0,"tor":0,"tor_exit_nodes":0,"vpn":1,"relay":0,"proxy":0,"hosting":0,"service":0}},"geometry":{"type":"Point","coordinates":[8.38333,53.05]}},{"type":"Feature","properties":{"country_code":"SVK","city":"\u010cierna Voda","id":"3060674","downloaders":{"size":85,"mobile":0,"satellite":0,"tor":0,"tor_exit_nodes":0,"vpn":0,"relay":0,"proxy":0,"hosting":0,"service":0},"uploaders":{"size":4,"mobile":0,"satellite":0,"tor":0,"tor_exit_nodes":0,"vpn":0,"relay":0,"proxy":0,"hosting":0,"service":0}},"geometry":{"type":"Point","coordinates":[17.65145,48.12902]}},{"type":"Feature","properties":{"country_code":"BRA","city":"Sobradinho","id":"3447466","downloaders":{"size":85,"mobile":0,"satellite":0,"tor":0,"tor_exit_nodes":0,"vpn":0,"relay":0,"proxy":0,"hosting":0,"service":0},"uploaders":{"size":3,"mobile":0,"satellite":0,"tor":0,"tor_exit_nodes":0,"vpn":0,"relay":0,"proxy":0,"hosting":0,"service":0}},"geometry":{"type":"Point","coordinates":[-53.02861,-29.42139]}},{"type":"Feature","properties":{"country_code":"CHE","city":"Bussigny","id":"2661305","downloaders":{"size":85,"mobile":0,"satellite":0,"tor":0,"tor_exit_nodes":0,"vpn":1,"relay":0,"proxy":0,"hosting":0,"service":0},"uploaders":{"size":7,"mobile":0,"satellite":0,"tor":0,"tor_exit_nodes":0,"vpn":0,"relay":0,"proxy":0,"hosting":0,"service":0}},"geometry":{"type":"Point","coordinates":[6.55597,46.5511]}},{"type":"Feature","properties":{"country_code":"USA","city":"Detroit Lakes","id":"5024237","downloaders":{"size":84,"mobile":0,"satellite":0,"tor":0,"tor_exit_nodes":0,"vpn":33,"relay":0,"proxy":0,"hosting":0,"service":33},"uploaders":{"size":4,"mobile":0,"satellite":0,"tor":0,"tor_exit_nodes":0,"vpn":4,"relay":0,"proxy":0,"hosting":0,"service":4}},"geometry":{"type":"Point","coordinates":[-95.84533,46.81718]}},{"type":"Feature","properties":{"country_code":"CAN","city":"Saint-C\u00e9saire","id":"6137571","downloaders":{"size":84,"mobile":1,"satellite":0,"tor":0,"tor_exit_nodes":0,"vpn":0,"relay":0,"proxy":0,"hosting":0,"service":0},"uploaders":{"size":3,"mobile":0,"satellite":0,"tor":0,"tor_exit_nodes":0,"vpn":0,"relay":0,"proxy":0,"hosting":0,"service":0}},"geometry":{"type":"Point","coordinates":[-72.99914,45.41678]}},{"type":"Feature","properties":{"country_code":"USA","city":"Cary","id":"4886738","downloaders":{"size":84,"mobile":0,"satellite":0,"tor":0,"tor_exit_nodes":0,"vpn":5,"relay":0,"proxy":0,"hosting":0,"service":0},"uploaders":{"size":3,"mobile":0,"satellite":0,"tor":0,"tor_exit_nodes":0,"vpn":0,"relay":0,"proxy":0,"hosting":0,"service":0}},"geometry":{"type":"Point","coordinates":[-88.23814,42.21197]}},{"type":"Feature","properties":{"country_code":"POL","city":"\u017bukowo","id":"3079969","downloaders":{"size":84,"mobile":3,"satellite":0,"tor":0,"tor_exit_nodes":0,"vpn":0,"relay":0,"proxy":0,"hosting":0,"service":0},"uploaders":{"size":3,"mobile":1,"satellite":0,"tor":0,"tor_exit_nodes":0,"vpn":0,"relay":0,"proxy":0,"hosting":0,"service":0}},"geometry":{"type":"Point","coordinates":[18.36476,54.3422]}},{"type":"Feature","properties":{"country_code":"DNK","city":"Kirke Hvals\u00f8","id":"2618872","downloaders":{"size":84,"mobile":2,"satellite":0,"tor":0,"tor_exit_nodes":0,"vpn":64,"relay":0,"proxy":0,"hosting":0,"service":0},"uploaders":{"size":3,"mobile":1,"satellite":0,"tor":0,"tor_exit_nodes":0,"vpn":0,"relay":0,"proxy":0,"hosting":0,"service":0}},"geometry":{"type":"Point","coordinates":[11.86253,55.5917]}},{"type":"Feature","properties":{"country_code":"RUS","city":"Svobodnyy","id":"2015833","downloaders":{"size":84,"mobile":17,"satellite":0,"tor":0,"tor_exit_nodes":0,"vpn":0,"relay":0,"proxy":0,"hosting":0,"service":0},"uploaders":{"size":8,"mobile":1,"satellite":0,"tor":0,"tor_exit_nodes":0,"vpn":0,"relay":0,"proxy":0,"hosting":0,"service":0}},"geometry":{"type":"Point","coordinates":[128.13636,51.37634]}},{"type":"Feature","properties":{"country_code":"POL","city":"Radocza","id":"3087520","downloaders":{"size":84,"mobile":0,"satellite":0,"tor":0,"tor_exit_nodes":0,"vpn":0,"relay":0,"proxy":0,"hosting":0,"service":0},"uploaders":{"size":3,"mobile":0,"satellite":0,"tor":0,"tor_exit_nodes":0,"vpn":0,"relay":0,"proxy":0,"hosting":0,"service":0}},"geometry":{"type":"Point","coordinates":[19.47498,49.91774]}},{"type":"Feature","properties":{"country_code":"USA","city":"Dobbs Ferry","id":"5115123","downloaders":{"size":83,"mobile":0,"satellite":0,"tor":0,"tor_exit_nodes":0,"vpn":0,"relay":0,"proxy":0,"hosting":0,"service":0},"uploaders":{"size":3,"mobile":0,"satellite":0,"tor":0,"tor_exit_nodes":0,"vpn":0,"relay":0,"proxy":0,"hosting":0,"service":0}},"geometry":{"type":"Point","coordinates":[-73.87264,41.01454]}},{"type":"Feature","properties":{"country_code":"SVK","city":"N\u00e1mestovo","id":"3058579","downloaders":{"size":83,"mobile":0,"satellite":0,"tor":0,"tor_exit_nodes":0,"vpn":25,"relay":0,"proxy":0,"hosting":0,"service":0},"uploaders":{"size":4,"mobile":0,"satellite":0,"tor":0,"tor_exit_nodes":0,"vpn":0,"relay":0,"proxy":0,"hosting":0,"service":0}},"geometry":{"type":"Point","coordinates":[19.48032,49.4079]}},{"type":"Feature","properties":{"country_code":"SWE","city":"Nordmaling","id":"2689336","downloaders":{"size":83,"mobile":0,"satellite":0,"tor":0,"tor_exit_nodes":0,"vpn":0,"relay":0,"proxy":0,"hosting":0,"service":0},"uploaders":{"size":3,"mobile":0,"satellite":0,"tor":0,"tor_exit_nodes":0,"vpn":0,"relay":0,"proxy":0,"hosting":0,"service":0}},"geometry":{"type":"Point","coordinates":[19.50244,63.56852]}},{"type":"Feature","properties":{"country_code":"USA","city":"Granger","id":"4920869","downloaders":{"size":83,"mobile":0,"satellite":0,"tor":0,"tor_exit_nodes":0,"vpn":0,"relay":0,"proxy":0,"hosting":0,"service":0},"uploaders":{"size":3,"mobile":0,"satellite":0,"tor":0,"tor_exit_nodes":0,"vpn":0,"relay":0,"proxy":0,"hosting":0,"service":0}},"geometry":{"type":"Point","coordinates":[-86.11084,41.75338]}},{"type":"Feature","properties":{"country_code":"USA","city":"Goshen","id":"4920808","downloaders":{"size":83,"mobile":0,"satellite":0,"tor":0,"tor_exit_nodes":0,"vpn":0,"relay":0,"proxy":0,"hosting":0,"service":0},"uploaders":{"size":3,"mobile":0,"satellite":0,"tor":0,"tor_exit_nodes":0,"vpn":0,"relay":0,"proxy":0,"hosting":0,"service":0}},"geometry":{"type":"Point","coordinates":[-85.83444,41.58227]}},{"type":"Feature","properties":{"country_code":"USA","city":"Nacogdoches","id":"4713735","downloaders":{"size":83,"mobile":0,"satellite":0,"tor":0,"tor_exit_nodes":0,"vpn":0,"relay":0,"proxy":0,"hosting":0,"service":0},"uploaders":{"size":4,"mobile":0,"satellite":0,"tor":0,"tor_exit_nodes":0,"vpn":0,"relay":0,"proxy":0,"hosting":0,"service":0}},"geometry":{"type":"Point","coordinates":[-94.65549,31.60351]}},{"type":"Feature","properties":{"country_code":"NLD","city":"Maartensdijk","id":"2751310","downloaders":{"size":83,"mobile":0,"satellite":0,"tor":0,"tor_exit_nodes":0,"vpn":0,"relay":0,"proxy":0,"hosting":0,"service":0},"uploaders":{"size":20,"mobile":0,"satellite":0,"tor":0,"tor_exit_nodes":0,"vpn":0,"relay":0,"proxy":0,"hosting":0,"service":0}},"geometry":{"type":"Point","coordinates":[5.175,52.155]}},{"type":"Feature","properties":{"country_code":"ESP","city":"Villaescusa","id":"3105652","downloaders":{"size":82,"mobile":0,"satellite":0,"tor":0,"tor_exit_nodes":0,"vpn":0,"relay":0,"proxy":0,"hosting":0,"service":0},"uploaders":{"size":28,"mobile":0,"satellite":0,"tor":0,"tor_exit_nodes":0,"vpn":0,"relay":0,"proxy":0,"hosting":0,"service":0}},"geometry":{"type":"Point","coordinates":[-5.46406,41.20617]}},{"type":"Feature","properties":{"country_code":"RUS","city":"Velikovechnoye","id":"476028","downloaders":{"size":82,"mobile":10,"satellite":0,"tor":0,"tor_exit_nodes":0,"vpn":0,"relay":0,"proxy":0,"hosting":0,"service":0},"uploaders":{"size":3,"mobile":0,"satellite":0,"tor":0,"tor_exit_nodes":0,"vpn":0,"relay":0,"proxy":0,"hosting":0,"service":0}},"geometry":{"type":"Point","coordinates":[39.75499,44.93402]}},{"type":"Feature","properties":{"country_code":"IRL","city":"Dromahair","id":"2964632","downloaders":{"size":82,"mobile":0,"satellite":0,"tor":0,"tor_exit_nodes":0,"vpn":4,"relay":0,"proxy":0,"hosting":0,"service":0},"uploaders":{"size":12,"mobile":0,"satellite":0,"tor":0,"tor_exit_nodes":0,"vpn":0,"relay":0,"proxy":0,"hosting":0,"service":0}},"geometry":{"type":"Point","coordinates":[-8.3,54.23333]}},{"type":"Feature","properties":{"country_code":"UKR","city":"Osypenko","id":"698316","downloaders":{"size":82,"mobile":0,"satellite":0,"tor":0,"tor_exit_nodes":0,"vpn":0,"relay":0,"proxy":0,"hosting":0,"service":0},"uploaders":{"size":8,"mobile":0,"satellite":0,"tor":0,"tor_exit_nodes":0,"vpn":0,"relay":0,"proxy":0,"hosting":0,"service":0}},"geometry":{"type":"Point","coordinates":[36.82414,46.91842]}},{"type":"Feature","properties":{"country_code":"USA","city":"Crestline","id":"5340674","downloaders":{"size":82,"mobile":0,"satellite":0,"tor":0,"tor_exit_nodes":0,"vpn":4,"relay":0,"proxy":0,"hosting":0,"service":0},"uploaders":{"size":4,"mobile":0,"satellite":0,"tor":0,"tor_exit_nodes":0,"vpn":0,"relay":0,"proxy":0,"hosting":0,"service":0}},"geometry":{"type":"Point","coordinates":[-117.2856,34.24195]}},{"type":"Feature","properties":{"country_code":"USA","city":"Erie","id":"5576859","downloaders":{"size":81,"mobile":0,"satellite":0,"tor":0,"tor_exit_nodes":0,"vpn":0,"relay":0,"proxy":0,"hosting":0,"service":0},"uploaders":{"size":3,"mobile":0,"satellite":0,"tor":0,"tor_exit_nodes":0,"vpn":0,"relay":0,"proxy":0,"hosting":0,"service":0}},"geometry":{"type":"Point","coordinates":[-105.04998,40.05026]}},{"type":"Feature","properties":{"country_code":"NOR","city":"Ulvik","id":"3133314","downloaders":{"size":81,"mobile":0,"satellite":0,"tor":0,"tor_exit_nodes":0,"vpn":0,"relay":0,"proxy":0,"hosting":0,"service":0},"uploaders":{"size":14,"mobile":0,"satellite":0,"tor":0,"tor_exit_nodes":0,"vpn":0,"relay":0,"proxy":0,"hosting":0,"service":0}},"geometry":{"type":"Point","coordinates":[6.91645,60.56791]}},{"type":"Feature","properties":{"country_code":"USA","city":"Alhambra","id":"5323060","downloaders":{"size":81,"mobile":0,"satellite":0,"tor":0,"tor_exit_nodes":0,"vpn":5,"relay":0,"proxy":0,"hosting":0,"service":0},"uploaders":{"size":3,"mobile":0,"satellite":0,"tor":0,"tor_exit_nodes":0,"vpn":0,"relay":0,"proxy":0,"hosting":0,"service":0}},"geometry":{"type":"Point","coordinates":[-118.12701,34.09529]}},{"type":"Feature","properties":{"country_code":"USA","city":"Gainesboro","id":"4624116","downloaders":{"size":81,"mobile":0,"satellite":0,"tor":0,"tor_exit_nodes":0,"vpn":0,"relay":0,"proxy":0,"hosting":0,"service":0},"uploaders":{"size":3,"mobile":0,"satellite":0,"tor":0,"tor_exit_nodes":0,"vpn":0,"relay":0,"proxy":0,"hosting":0,"service":0}},"geometry":{"type":"Point","coordinates":[-85.65887,36.35561]}},{"type":"Feature","properties":{"country_code":"USA","city":"Mount Sterling","id":"4301683","downloaders":{"size":80,"mobile":0,"satellite":0,"tor":0,"tor_exit_nodes":0,"vpn":0,"relay":0,"proxy":0,"hosting":0,"service":0},"uploaders":{"size":6,"mobile":0,"satellite":0,"tor":0,"tor_exit_nodes":0,"vpn":0,"relay":0,"proxy":0,"hosting":0,"service":0}},"geometry":{"type":"Point","coordinates":[-83.94326,38.05647]}},{"type":"Feature","properties":{"country_code":"USA","city":"Chiefland","id":"4150733","downloaders":{"size":80,"mobile":0,"satellite":0,"tor":0,"tor_exit_nodes":0,"vpn":0,"relay":0,"proxy":0,"hosting":0,"service":0},"uploaders":{"size":4,"mobile":0,"satellite":0,"tor":0,"tor_exit_nodes":0,"vpn":0,"relay":0,"proxy":0,"hosting":0,"service":0}},"geometry":{"type":"Point","coordinates":[-82.8809,29.4832]}},{"type":"Feature","properties":{"country_code":"UKR","city":"Romaniv","id":"709353","downloaders":{"size":80,"mobile":0,"satellite":0,"tor":0,"tor_exit_nodes":0,"vpn":0,"relay":0,"proxy":0,"hosting":0,"service":0},"uploaders":{"size":3,"mobile":0,"satellite":0,"tor":0,"tor_exit_nodes":0,"vpn":0,"relay":0,"proxy":0,"hosting":0,"service":0}},"geometry":{"type":"Point","coordinates":[27.93124,50.14802]}},{"type":"Feature","properties":{"country_code":"USA","city":"Cloverly","id":"4351851","downloaders":{"size":80,"mobile":0,"satellite":0,"tor":0,"tor_exit_nodes":0,"vpn":0,"relay":0,"proxy":0,"hosting":0,"service":0},"uploaders":{"size":3,"mobile":0,"satellite":0,"tor":0,"tor_exit_nodes":0,"vpn":0,"relay":0,"proxy":0,"hosting":0,"service":0}},"geometry":{"type":"Point","coordinates":[-76.99775,39.10816]}},{"type":"Feature","properties":{"country_code":"NLD","city":"Zaanstad","id":"2744114","downloaders":{"size":80,"mobile":0,"satellite":0,"tor":0,"tor_exit_nodes":0,"vpn":0,"relay":0,"proxy":0,"hosting":0,"service":0},"uploaders":{"size":4,"mobile":0,"satellite":0,"tor":0,"tor_exit_nodes":0,"vpn":0,"relay":0,"proxy":0,"hosting":0,"service":0}},"geometry":{"type":"Point","coordinates":[4.81356,52.45313]}},{"type":"Feature","properties":{"country_code":"BRA","city":"Os\u00f3rio","id":"3455769","downloaders":{"size":79,"mobile":17,"satellite":0,"tor":0,"tor_exit_nodes":0,"vpn":0,"relay":0,"proxy":0,"hosting":0,"service":0},"uploaders":{"size":3,"mobile":1,"satellite":0,"tor":0,"tor_exit_nodes":0,"vpn":0,"relay":0,"proxy":0,"hosting":0,"service":0}},"geometry":{"type":"Point","coordinates":[-50.26972,-29.88667]}},{"type":"Feature","properties":{"country_code":"USA","city":"Crozet","id":"4754901","downloaders":{"size":79,"mobile":0,"satellite":0,"tor":0,"tor_exit_nodes":0,"vpn":1,"relay":0,"proxy":0,"hosting":0,"service":0},"uploaders":{"size":4,"mobile":0,"satellite":0,"tor":0,"tor_exit_nodes":0,"vpn":0,"relay":0,"proxy":0,"hosting":0,"service":0}},"geometry":{"type":"Point","coordinates":[-78.70058,38.06958]}},{"type":"Feature","properties":{"country_code":"RUS","city":"Tsimlyansk","id":"480876","downloaders":{"size":79,"mobile":0,"satellite":0,"tor":0,"tor_exit_nodes":0,"vpn":0,"relay":0,"proxy":0,"hosting":0,"service":0},"uploaders":{"size":6,"mobile":0,"satellite":0,"tor":0,"tor_exit_nodes":0,"vpn":0,"relay":0,"proxy":0,"hosting":0,"service":0}},"geometry":{"type":"Point","coordinates":[42.09345,47.64801]}},{"type":"Feature","properties":{"country_code":"ITA","city":"Corbetta","id":"3178125","downloaders":{"size":79,"mobile":0,"satellite":0,"tor":0,"tor_exit_nodes":0,"vpn":1,"relay":0,"proxy":0,"hosting":0,"service":0},"uploaders":{"size":11,"mobile":0,"satellite":0,"tor":0,"tor_exit_nodes":0,"vpn":0,"relay":0,"proxy":0,"hosting":0,"service":0}},"geometry":{"type":"Point","coordinates":[8.91867,45.46723]}},{"type":"Feature","properties":{"country_code":"USA","city":"Prior Lake","id":"5042373","downloaders":{"size":79,"mobile":0,"satellite":0,"tor":0,"tor_exit_nodes":0,"vpn":10,"relay":0,"proxy":0,"hosting":0,"service":0},"uploaders":{"size":4,"mobile":0,"satellite":0,"tor":0,"tor_exit_nodes":0,"vpn":1,"relay":0,"proxy":0,"hosting":0,"service":0}},"geometry":{"type":"Point","coordinates":[-93.42273,44.7133]}},{"type":"Feature","properties":{"country_code":"USA","city":"Miller Place","id":"5127043","downloaders":{"size":79,"mobile":0,"satellite":0,"tor":0,"tor_exit_nodes":0,"vpn":0,"relay":0,"proxy":0,"hosting":0,"service":0},"uploaders":{"size":4,"mobile":0,"satellite":0,"tor":0,"tor_exit_nodes":0,"vpn":0,"relay":0,"proxy":0,"hosting":0,"service":0}},"geometry":{"type":"Point","coordinates":[-72.99621,40.95982]}},{"type":"Feature","properties":{"country_code":"USA","city":"Huntersville","id":"4472370","downloaders":{"size":79,"mobile":0,"satellite":0,"tor":0,"tor_exit_nodes":0,"vpn":0,"relay":0,"proxy":0,"hosting":0,"service":0},"uploaders":{"size":5,"mobile":0,"satellite":0,"tor":0,"tor_exit_nodes":0,"vpn":0,"relay":0,"proxy":0,"hosting":0,"service":0}},"geometry":{"type":"Point","coordinates":[-80.8695,35.4011]}},{"type":"Feature","properties":{"country_code":"USA","city":"Fairfield","id":"4238081","downloaders":{"size":78,"mobile":0,"satellite":0,"tor":0,"tor_exit_nodes":0,"vpn":0,"relay":0,"proxy":0,"hosting":0,"service":0},"uploaders":{"size":11,"mobile":0,"satellite":0,"tor":0,"tor_exit_nodes":0,"vpn":0,"relay":0,"proxy":0,"hosting":0,"service":0}},"geometry":{"type":"Point","coordinates":[-88.35977,38.37894]}},{"type":"Feature","properties":{"country_code":"USA","city":"West Fork","id":"4135763","downloaders":{"size":78,"mobile":0,"satellite":0,"tor":0,"tor_exit_nodes":0,"vpn":0,"relay":0,"proxy":0,"hosting":0,"service":0},"uploaders":{"size":13,"mobile":0,"satellite":0,"tor":0,"tor_exit_nodes":0,"vpn":0,"relay":0,"proxy":0,"hosting":0,"service":0}},"geometry":{"type":"Point","coordinates":[-94.18854,35.92425]}},{"type":"Feature","properties":{"country_code":"USA","city":"Wekiwa Springs","id":"4177671","downloaders":{"size":78,"mobile":0,"satellite":0,"tor":0,"tor_exit_nodes":0,"vpn":3,"relay":0,"proxy":0,"hosting":0,"service":0},"uploaders":{"size":3,"mobile":0,"satellite":0,"tor":0,"tor_exit_nodes":0,"vpn":0,"relay":0,"proxy":0,"hosting":0,"service":0}},"geometry":{"type":"Point","coordinates":[-81.42563,28.69861]}},{"type":"Feature","properties":{"country_code":"USA","city":"Presque Isle","id":"4975966","downloaders":{"size":78,"mobile":0,"satellite":0,"tor":0,"tor_exit_nodes":0,"vpn":5,"relay":0,"proxy":0,"hosting":0,"service":0},"uploaders":{"size":3,"mobile":0,"satellite":0,"tor":0,"tor_exit_nodes":0,"vpn":0,"relay":0,"proxy":0,"hosting":0,"service":0}},"geometry":{"type":"Point","coordinates":[-68.01586,46.68115]}},{"type":"Feature","properties":{"country_code":"IND","city":"Sambalpur","id":"1257542","downloaders":{"size":78,"mobile":64,"satellite":0,"tor":0,"tor_exit_nodes":0,"vpn":0,"relay":0,"proxy":0,"hosting":0,"service":0},"uploaders":{"size":10,"mobile":9,"satellite":0,"tor":0,"tor_exit_nodes":0,"vpn":0,"relay":0,"proxy":0,"hosting":0,"service":0}},"geometry":{"type":"Point","coordinates":[83.97573,21.46527]}},{"type":"Feature","properties":{"country_code":"USA","city":"Salmon Creek","id":"5809333","downloaders":{"size":77,"mobile":0,"satellite":0,"tor":0,"tor_exit_nodes":0,"vpn":0,"relay":0,"proxy":0,"hosting":0,"service":0},"uploaders":{"size":5,"mobile":0,"satellite":0,"tor":0,"tor_exit_nodes":0,"vpn":0,"relay":0,"proxy":0,"hosting":0,"service":0}},"geometry":{"type":"Point","coordinates":[-122.64899,45.71067]}},{"type":"Feature","properties":{"country_code":"IRL","city":"Athy","id":"2966837","downloaders":{"size":77,"mobile":5,"satellite":0,"tor":0,"tor_exit_nodes":0,"vpn":0,"relay":0,"proxy":0,"hosting":0,"service":0},"uploaders":{"size":3,"mobile":0,"satellite":0,"tor":0,"tor_exit_nodes":0,"vpn":0,"relay":0,"proxy":0,"hosting":0,"service":0}},"geometry":{"type":"Point","coordinates":[-6.98028,52.99139]}},{"type":"Feature","properties":{"country_code":"USA","city":"Greenwood","id":"4428495","downloaders":{"size":77,"mobile":0,"satellite":0,"tor":0,"tor_exit_nodes":0,"vpn":0,"relay":0,"proxy":0,"hosting":1,"service":0},"uploaders":{"size":7,"mobile":0,"satellite":0,"tor":0,"tor_exit_nodes":0,"vpn":0,"relay":0,"proxy":0,"hosting":0,"service":0}},"geometry":{"type":"Point","coordinates":[-90.17953,33.51623]}},{"type":"Feature","properties":{"country_code":"RUS","city":"Roslavl\u2019","id":"501283","downloaders":{"size":77,"mobile":0,"satellite":0,"tor":0,"tor_exit_nodes":0,"vpn":1,"relay":0,"proxy":0,"hosting":0,"service":0},"uploaders":{"size":3,"mobile":0,"satellite":0,"tor":0,"tor_exit_nodes":0,"vpn":1,"relay":0,"proxy":0,"hosting":0,"service":0}},"geometry":{"type":"Point","coordinates":[32.86409,53.95387]}},{"type":"Feature","properties":{"country_code":"POL","city":"\u015awidnica","id":"3084093","downloaders":{"size":77,"mobile":1,"satellite":0,"tor":0,"tor_exit_nodes":0,"vpn":0,"relay":0,"proxy":0,"hosting":0,"service":0},"uploaders":{"size":3,"mobile":1,"satellite":0,"tor":0,"tor_exit_nodes":0,"vpn":0,"relay":0,"proxy":0,"hosting":0,"service":0}},"geometry":{"type":"Point","coordinates":[16.48859,50.84378]}},{"type":"Feature","properties":{"country_code":"BRA","city":"V\u00e1rzea Alegre","id":"3385467","downloaders":{"size":77,"mobile":0,"satellite":0,"tor":0,"tor_exit_nodes":0,"vpn":0,"relay":0,"proxy":0,"hosting":0,"service":0},"uploaders":{"size":3,"mobile":0,"satellite":0,"tor":0,"tor_exit_nodes":0,"vpn":0,"relay":0,"proxy":0,"hosting":0,"service":0}},"geometry":{"type":"Point","coordinates":[-40.38333,-5.35]}},{"type":"Feature","properties":{"country_code":"DEU","city":"Horb am Neckar","id":"2899101","downloaders":{"size":77,"mobile":0,"satellite":0,"tor":0,"tor_exit_nodes":0,"vpn":0,"relay":0,"proxy":0,"hosting":0,"service":0},"uploaders":{"size":3,"mobile":0,"satellite":0,"tor":0,"tor_exit_nodes":0,"vpn":0,"relay":0,"proxy":0,"hosting":0,"service":0}},"geometry":{"type":"Point","coordinates":[8.6913,48.44423]}},{"type":"Feature","properties":{"country_code":"ESP","city":"Aguilar","id":"2522335","downloaders":{"size":76,"mobile":67,"satellite":0,"tor":0,"tor_exit_nodes":0,"vpn":0,"relay":0,"proxy":0,"hosting":0,"service":0},"uploaders":{"size":4,"mobile":3,"satellite":0,"tor":0,"tor_exit_nodes":0,"vpn":0,"relay":0,"proxy":0,"hosting":0,"service":0}},"geometry":{"type":"Point","coordinates":[-4.65717,37.51476]}},{"type":"Feature","properties":{"country_code":"USA","city":"Flushing","id":"4993022","downloaders":{"size":76,"mobile":0,"satellite":0,"tor":0,"tor_exit_nodes":0,"vpn":3,"relay":0,"proxy":0,"hosting":0,"service":3},"uploaders":{"size":5,"mobile":0,"satellite":0,"tor":0,"tor_exit_nodes":0,"vpn":0,"relay":0,"proxy":0,"hosting":0,"service":0}},"geometry":{"type":"Point","coordinates":[-83.85107,43.06308]}},{"type":"Feature","properties":{"country_code":"SWE","city":"H\u00e4rn\u00f6sand","id":"2707684","downloaders":{"size":76,"mobile":2,"satellite":0,"tor":0,"tor_exit_nodes":0,"vpn":0,"relay":0,"proxy":0,"hosting":0,"service":0},"uploaders":{"size":3,"mobile":0,"satellite":0,"tor":0,"tor_exit_nodes":0,"vpn":0,"relay":0,"proxy":0,"hosting":0,"service":0}},"geometry":{"type":"Point","coordinates":[17.93794,62.63228]}},{"type":"Feature","properties":{"country_code":"AUT","city":"Saalfelden am Steinernen Meer","id":"2766922","downloaders":{"size":76,"mobile":0,"satellite":0,"tor":0,"tor_exit_nodes":0,"vpn":0,"relay":0,"proxy":0,"hosting":0,"service":0},"uploaders":{"size":8,"mobile":0,"satellite":0,"tor":0,"tor_exit_nodes":0,"vpn":0,"relay":0,"proxy":0,"hosting":0,"service":0}},"geometry":{"type":"Point","coordinates":[12.848,47.42681]}},{"type":"Feature","properties":{"country_code":"GBR","city":"Bexhill-on-Sea","id":"2655777","downloaders":{"size":76,"mobile":11,"satellite":0,"tor":0,"tor_exit_nodes":0,"vpn":0,"relay":0,"proxy":0,"hosting":10,"service":0},"uploaders":{"size":4,"mobile":3,"satellite":0,"tor":0,"tor_exit_nodes":0,"vpn":0,"relay":0,"proxy":0,"hosting":0,"service":0}},"geometry":{"type":"Point","coordinates":[0.47095,50.85023]}},{"type":"Feature","properties":{"country_code":"NOR","city":"Porsgrunn","id":"3142657","downloaders":{"size":76,"mobile":1,"satellite":0,"tor":0,"tor_exit_nodes":0,"vpn":0,"relay":0,"proxy":0,"hosting":0,"service":0},"uploaders":{"size":11,"mobile":0,"satellite":0,"tor":0,"tor_exit_nodes":0,"vpn":0,"relay":0,"proxy":0,"hosting":0,"service":0}},"geometry":{"type":"Point","coordinates":[9.6561,59.14054]}},{"type":"Feature","properties":{"country_code":"USA","city":"Boulder City","id":"5500539","downloaders":{"size":76,"mobile":0,"satellite":0,"tor":0,"tor_exit_nodes":0,"vpn":2,"relay":0,"proxy":0,"hosting":0,"service":0},"uploaders":{"size":4,"mobile":0,"satellite":0,"tor":0,"tor_exit_nodes":0,"vpn":0,"relay":0,"proxy":0,"hosting":0,"service":0}},"geometry":{"type":"Point","coordinates":[-114.83249,35.97859]}},{"type":"Feature","properties":{"country_code":"ETH","city":"Dire Dawa","id":"338832","downloaders":{"size":76,"mobile":38,"satellite":0,"tor":0,"tor_exit_nodes":0,"vpn":0,"relay":0,"proxy":0,"hosting":0,"service":0},"uploaders":{"size":33,"mobile":13,"satellite":0,"tor":0,"tor_exit_nodes":0,"vpn":0,"relay":0,"proxy":0,"hosting":0,"service":0}},"geometry":{"type":"Point","coordinates":[41.86611,9.59306]}},{"type":"Feature","properties":{"country_code":"USA","city":"Bear Creek Village","id":"5179276","downloaders":{"size":76,"mobile":0,"satellite":0,"tor":0,"tor_exit_nodes":0,"vpn":0,"relay":0,"proxy":0,"hosting":0,"service":0},"uploaders":{"size":7,"mobile":0,"satellite":0,"tor":0,"tor_exit_nodes":0,"vpn":0,"relay":0,"proxy":0,"hosting":0,"service":0}},"geometry":{"type":"Point","coordinates":[-75.7736,41.2208]}},{"type":"Feature","properties":{"country_code":"RUS","city":"Sandovo","id":"498856","downloaders":{"size":76,"mobile":0,"satellite":0,"tor":0,"tor_exit_nodes":0,"vpn":0,"relay":0,"proxy":0,"hosting":0,"service":0},"uploaders":{"size":3,"mobile":0,"satellite":0,"tor":0,"tor_exit_nodes":0,"vpn":0,"relay":0,"proxy":0,"hosting":0,"service":0}},"geometry":{"type":"Point","coordinates":[36.4153,58.46418]}},{"type":"Feature","properties":{"country_code":"FRA","city":"Saint-Cl\u00e9ment-les-Places","id":"2981048","downloaders":{"size":76,"mobile":0,"satellite":0,"tor":0,"tor_exit_nodes":0,"vpn":76,"relay":0,"proxy":0,"hosting":0,"service":0},"uploaders":{"size":10,"mobile":0,"satellite":0,"tor":0,"tor_exit_nodes":0,"vpn":10,"relay":0,"proxy":0,"hosting":0,"service":0}},"geometry":{"type":"Point","coordinates":[4.42346,45.75285]}},{"type":"Feature","properties":{"country_code":"BEL","city":"Hoogstraten","id":"2795398","downloaders":{"size":76,"mobile":0,"satellite":0,"tor":0,"tor_exit_nodes":0,"vpn":3,"relay":0,"proxy":0,"hosting":0,"service":0},"uploaders":{"size":4,"mobile":0,"satellite":0,"tor":0,"tor_exit_nodes":0,"vpn":0,"relay":0,"proxy":0,"hosting":0,"service":0}},"geometry":{"type":"Point","coordinates":[4.76034,51.40029]}},{"type":"Feature","properties":{"country_code":"BGR","city":"Krumovgrad","id":"729896","downloaders":{"size":76,"mobile":0,"satellite":0,"tor":0,"tor_exit_nodes":0,"vpn":0,"relay":0,"proxy":0,"hosting":0,"service":0},"uploaders":{"size":6,"mobile":0,"satellite":0,"tor":0,"tor_exit_nodes":0,"vpn":0,"relay":0,"proxy":0,"hosting":0,"service":0}},"geometry":{"type":"Point","coordinates":[25.65485,41.47127]}},{"type":"Feature","properties":{"country_code":"ITA","city":"Collegno","id":"3178388","downloaders":{"size":76,"mobile":5,"satellite":0,"tor":0,"tor_exit_nodes":0,"vpn":0,"relay":0,"proxy":0,"hosting":0,"service":0},"uploaders":{"size":3,"mobile":0,"satellite":0,"tor":0,"tor_exit_nodes":0,"vpn":0,"relay":0,"proxy":0,"hosting":0,"service":0}},"geometry":{"type":"Point","coordinates":[7.56735,45.07873]}},{"type":"Feature","properties":{"country_code":"USA","city":"Fostoria","id":"5154905","downloaders":{"size":75,"mobile":0,"satellite":0,"tor":0,"tor_exit_nodes":0,"vpn":0,"relay":0,"proxy":0,"hosting":0,"service":0},"uploaders":{"size":3,"mobile":0,"satellite":0,"tor":0,"tor_exit_nodes":0,"vpn":0,"relay":0,"proxy":0,"hosting":0,"service":0}},"geometry":{"type":"Point","coordinates":[-83.41687,41.157]}},{"type":"Feature","properties":{"country_code":"USA","city":"Pelham Manor","id":"5130862","downloaders":{"size":75,"mobile":0,"satellite":0,"tor":0,"tor_exit_nodes":0,"vpn":0,"relay":0,"proxy":0,"hosting":0,"service":0},"uploaders":{"size":3,"mobile":0,"satellite":0,"tor":0,"tor_exit_nodes":0,"vpn":0,"relay":0,"proxy":0,"hosting":0,"service":0}},"geometry":{"type":"Point","coordinates":[-73.80708,40.89538]}},{"type":"Feature","properties":{"country_code":"TZA","city":"Musoma","id":"152451","downloaders":{"size":75,"mobile":0,"satellite":0,"tor":0,"tor_exit_nodes":0,"vpn":3,"relay":0,"proxy":0,"hosting":0,"service":0},"uploaders":{"size":31,"mobile":0,"satellite":0,"tor":0,"tor_exit_nodes":0,"vpn":2,"relay":0,"proxy":0,"hosting":0,"service":0}},"geometry":{"type":"Point","coordinates":[33.8,-1.5]}},{"type":"Feature","properties":{"country_code":"CHE","city":"Urdorf","id":"2659332","downloaders":{"size":75,"mobile":0,"satellite":0,"tor":0,"tor_exit_nodes":0,"vpn":0,"relay":0,"proxy":0,"hosting":0,"service":0},"uploaders":{"size":5,"mobile":0,"satellite":0,"tor":0,"tor_exit_nodes":0,"vpn":0,"relay":0,"proxy":0,"hosting":0,"service":0}},"geometry":{"type":"Point","coordinates":[8.433,47.3354]}},{"type":"Feature","properties":{"country_code":"USA","city":"Exton","id":"5189022","downloaders":{"size":75,"mobile":0,"satellite":0,"tor":0,"tor_exit_nodes":0,"vpn":0,"relay":0,"proxy":0,"hosting":0,"service":0},"uploaders":{"size":3,"mobile":0,"satellite":0,"tor":0,"tor_exit_nodes":0,"vpn":0,"relay":0,"proxy":0,"hosting":0,"service":0}},"geometry":{"type":"Point","coordinates":[-75.62077,40.029]}},{"type":"Feature","properties":{"country_code":"THA","city":"Bang Pa-in","id":"1619369","downloaders":{"size":75,"mobile":38,"satellite":0,"tor":0,"tor_exit_nodes":0,"vpn":0,"relay":0,"proxy":0,"hosting":0,"service":0},"uploaders":{"size":3,"mobile":0,"satellite":0,"tor":0,"tor_exit_nodes":0,"vpn":0,"relay":0,"proxy":0,"hosting":0,"service":0}},"geometry":{"type":"Point","coordinates":[100.57589,14.22783]}},{"type":"Feature","properties":{"country_code":"FRA","city":"Rognonas","id":"2983117","downloaders":{"size":75,"mobile":0,"satellite":0,"tor":0,"tor_exit_nodes":0,"vpn":0,"relay":0,"proxy":0,"hosting":0,"service":0},"uploaders":{"size":9,"mobile":0,"satellite":0,"tor":0,"tor_exit_nodes":0,"vpn":0,"relay":0,"proxy":0,"hosting":0,"service":0}},"geometry":{"type":"Point","coordinates":[4.80369,43.89993]}},{"type":"Feature","properties":{"country_code":"FRA","city":"Bagnolet","id":"3035403","downloaders":{"size":74,"mobile":65,"satellite":0,"tor":0,"tor_exit_nodes":0,"vpn":0,"relay":0,"proxy":0,"hosting":0,"service":0},"uploaders":{"size":5,"mobile":3,"satellite":0,"tor":0,"tor_exit_nodes":0,"vpn":0,"relay":0,"proxy":0,"hosting":0,"service":0}},"geometry":{"type":"Point","coordinates":[2.41667,48.86667]}},{"type":"Feature","properties":{"country_code":"USA","city":"Shelton","id":"5810176","downloaders":{"size":74,"mobile":0,"satellite":0,"tor":0,"tor_exit_nodes":0,"vpn":0,"relay":0,"proxy":0,"hosting":0,"service":0},"uploaders":{"size":3,"mobile":0,"satellite":0,"tor":0,"tor_exit_nodes":0,"vpn":0,"relay":0,"proxy":0,"hosting":0,"service":0}},"geometry":{"type":"Point","coordinates":[-123.10071,47.21509]}},{"type":"Feature","properties":{"country_code":"PHL","city":"Nancalobasaan","id":"1698327","downloaders":{"size":74,"mobile":0,"satellite":0,"tor":0,"tor_exit_nodes":0,"vpn":0,"relay":0,"proxy":0,"hosting":0,"service":0},"uploaders":{"size":15,"mobile":0,"satellite":0,"tor":0,"tor_exit_nodes":0,"vpn":0,"relay":0,"proxy":0,"hosting":0,"service":0}},"geometry":{"type":"Point","coordinates":[120.8426,15.9342]}},{"type":"Feature","properties":{"country_code":"USA","city":"Romeo","id":"5007525","downloaders":{"size":74,"mobile":0,"satellite":0,"tor":0,"tor_exit_nodes":0,"vpn":0,"relay":0,"proxy":0,"hosting":0,"service":0},"uploaders":{"size":8,"mobile":0,"satellite":0,"tor":0,"tor_exit_nodes":0,"vpn":0,"relay":0,"proxy":0,"hosting":0,"service":0}},"geometry":{"type":"Point","coordinates":[-83.01299,42.80281]}},{"type":"Feature","properties":{"country_code":"DNK","city":"H\u00f8rsholm","id":"2619856","downloaders":{"size":74,"mobile":0,"satellite":0,"tor":0,"tor_exit_nodes":0,"vpn":0,"relay":0,"proxy":0,"hosting":3,"service":0},"uploaders":{"size":4,"mobile":0,"satellite":0,"tor":0,"tor_exit_nodes":0,"vpn":0,"relay":0,"proxy":0,"hosting":1,"service":0}},"geometry":{"type":"Point","coordinates":[12.50111,55.88098]}},{"type":"Feature","properties":{"country_code":"JPN","city":"Daisen","id":"6822199","downloaders":{"size":74,"mobile":8,"satellite":0,"tor":0,"tor_exit_nodes":0,"vpn":5,"relay":0,"proxy":0,"hosting":0,"service":0},"uploaders":{"size":3,"mobile":2,"satellite":0,"tor":0,"tor_exit_nodes":0,"vpn":0,"relay":0,"proxy":0,"hosting":0,"service":0}},"geometry":{"type":"Point","coordinates":[140.48961,39.44116]}},{"type":"Feature","properties":{"country_code":"DEU","city":"Steinfurt","id":"2828105","downloaders":{"size":74,"mobile":0,"satellite":0,"tor":0,"tor_exit_nodes":0,"vpn":0,"relay":0,"proxy":0,"hosting":0,"service":0},"uploaders":{"size":3,"mobile":0,"satellite":0,"tor":0,"tor_exit_nodes":0,"vpn":0,"relay":0,"proxy":0,"hosting":0,"service":0}},"geometry":{"type":"Point","coordinates":[7.33664,52.15045]}},{"type":"Feature","properties":{"country_code":"PRT","city":"Celorico da Beira","id":"2740886","downloaders":{"size":74,"mobile":0,"satellite":0,"tor":0,"tor_exit_nodes":0,"vpn":0,"relay":0,"proxy":0,"hosting":0,"service":0},"uploaders":{"size":5,"mobile":0,"satellite":0,"tor":0,"tor_exit_nodes":0,"vpn":0,"relay":0,"proxy":0,"hosting":0,"service":0}},"geometry":{"type":"Point","coordinates":[-7.39037,40.63723]}},{"type":"Feature","properties":{"country_code":"IND","city":"Dewas","id":"1273066","downloaders":{"size":73,"mobile":50,"satellite":0,"tor":0,"tor_exit_nodes":0,"vpn":0,"relay":0,"proxy":0,"hosting":0,"service":0},"uploaders":{"size":7,"mobile":7,"satellite":0,"tor":0,"tor_exit_nodes":0,"vpn":0,"relay":0,"proxy":0,"hosting":0,"service":0}},"geometry":{"type":"Point","coordinates":[76.05526,22.96585]}},{"type":"Feature","properties":{"country_code":"UKR","city":"Leninskoye","id":"703229","downloaders":{"size":73,"mobile":0,"satellite":0,"tor":0,"tor_exit_nodes":0,"vpn":0,"relay":0,"proxy":0,"hosting":0,"service":0},"uploaders":{"size":6,"mobile":0,"satellite":0,"tor":0,"tor_exit_nodes":0,"vpn":0,"relay":0,"proxy":0,"hosting":0,"service":0}},"geometry":{"type":"Point","coordinates":[34.05023,45.26844]}},{"type":"Feature","properties":{"country_code":"AUT","city":"Mattsee","id":"2771811","downloaders":{"size":73,"mobile":0,"satellite":0,"tor":0,"tor_exit_nodes":0,"vpn":0,"relay":0,"proxy":0,"hosting":0,"service":0},"uploaders":{"size":3,"mobile":0,"satellite":0,"tor":0,"tor_exit_nodes":0,"vpn":0,"relay":0,"proxy":0,"hosting":0,"service":0}},"geometry":{"type":"Point","coordinates":[13.1,47.96667]}},{"type":"Feature","properties":{"country_code":"USA","city":"Borrego Springs","id":"5330143","downloaders":{"size":73,"mobile":0,"satellite":0,"tor":0,"tor_exit_nodes":0,"vpn":0,"relay":0,"proxy":0,"hosting":0,"service":0},"uploaders":{"size":9,"mobile":0,"satellite":0,"tor":0,"tor_exit_nodes":0,"vpn":0,"relay":0,"proxy":0,"hosting":0,"service":0}},"geometry":{"type":"Point","coordinates":[-116.37501,33.25587]}},{"type":"Feature","properties":{"country_code":"BEL","city":"Basse Lasne","id":"2802610","downloaders":{"size":73,"mobile":0,"satellite":0,"tor":0,"tor_exit_nodes":0,"vpn":0,"relay":0,"proxy":0,"hosting":0,"service":0},"uploaders":{"size":3,"mobile":0,"satellite":0,"tor":0,"tor_exit_nodes":0,"vpn":0,"relay":0,"proxy":0,"hosting":0,"service":0}},"geometry":{"type":"Point","coordinates":[4.49218,50.69503]}},{"type":"Feature","properties":{"country_code":"DOM","city":"Mao","id":"3496831","downloaders":{"size":73,"mobile":2,"satellite":0,"tor":0,"tor_exit_nodes":0,"vpn":16,"relay":0,"proxy":0,"hosting":0,"service":0},"uploaders":{"size":3,"mobile":0,"satellite":0,"tor":0,"tor_exit_nodes":0,"vpn":0,"relay":0,"proxy":0,"hosting":0,"service":0}},"geometry":{"type":"Point","coordinates":[-71.07808,19.54908]}},{"type":"Feature","properties":{"country_code":"SWE","city":"Sala","id":"2680662","downloaders":{"size":73,"mobile":0,"satellite":0,"tor":0,"tor_exit_nodes":0,"vpn":4,"relay":0,"proxy":0,"hosting":0,"service":0},"uploaders":{"size":3,"mobile":0,"satellite":0,"tor":0,"tor_exit_nodes":0,"vpn":0,"relay":0,"proxy":0,"hosting":0,"service":0}},"geometry":{"type":"Point","coordinates":[16.60655,59.91993]}},{"type":"Feature","properties":{"country_code":"USA","city":"Seymour","id":"4842818","downloaders":{"size":72,"mobile":0,"satellite":0,"tor":0,"tor_exit_nodes":0,"vpn":0,"relay":0,"proxy":0,"hosting":0,"service":0},"uploaders":{"size":6,"mobile":0,"satellite":0,"tor":0,"tor_exit_nodes":0,"vpn":0,"relay":0,"proxy":0,"hosting":0,"service":0}},"geometry":{"type":"Point","coordinates":[-73.07594,41.39676]}},{"type":"Feature","properties":{"country_code":"USA","city":"Mesquite","id":"5508180","downloaders":{"size":72,"mobile":0,"satellite":0,"tor":0,"tor_exit_nodes":0,"vpn":4,"relay":0,"proxy":0,"hosting":0,"service":0},"uploaders":{"size":4,"mobile":0,"satellite":0,"tor":0,"tor_exit_nodes":0,"vpn":0,"relay":0,"proxy":0,"hosting":0,"service":0}},"geometry":{"type":"Point","coordinates":[-114.06719,36.80553]}},{"type":"Feature","properties":{"country_code":"JPN","city":"Iwakuni","id":"1861212","downloaders":{"size":72,"mobile":16,"satellite":0,"tor":0,"tor_exit_nodes":0,"vpn":1,"relay":0,"proxy":0,"hosting":0,"service":1},"uploaders":{"size":6,"mobile":0,"satellite":0,"tor":0,"tor_exit_nodes":0,"vpn":0,"relay":0,"proxy":0,"hosting":0,"service":0}},"geometry":{"type":"Point","coordinates":[132.22,34.16297]}},{"type":"Feature","properties":{"country_code":"USA","city":"El Mirage","id":"5293996","downloaders":{"size":72,"mobile":0,"satellite":0,"tor":0,"tor_exit_nodes":0,"vpn":34,"relay":0,"proxy":0,"hosting":34,"service":34},"uploaders":{"size":9,"mobile":0,"satellite":0,"tor":0,"tor_exit_nodes":0,"vpn":9,"relay":0,"proxy":0,"hosting":9,"service":9}},"geometry":{"type":"Point","coordinates":[-112.3246,33.61309]}},{"type":"Feature","properties":{"country_code":"RUS","city":"Bryukhovetskaya","id":"571420","downloaders":{"size":72,"mobile":9,"satellite":0,"tor":0,"tor_exit_nodes":0,"vpn":0,"relay":0,"proxy":0,"hosting":0,"service":0},"uploaders":{"size":5,"mobile":1,"satellite":0,"tor":0,"tor_exit_nodes":0,"vpn":0,"relay":0,"proxy":0,"hosting":0,"service":0}},"geometry":{"type":"Point","coordinates":[38.9967,45.79962]}},{"type":"Feature","properties":{"country_code":"USA","city":"Gloversville","id":"5118743","downloaders":{"size":72,"mobile":0,"satellite":0,"tor":0,"tor_exit_nodes":0,"vpn":0,"relay":0,"proxy":0,"hosting":0,"service":0},"uploaders":{"size":5,"mobile":0,"satellite":0,"tor":0,"tor_exit_nodes":0,"vpn":0,"relay":0,"proxy":0,"hosting":0,"service":0}},"geometry":{"type":"Point","coordinates":[-74.34375,43.05285]}},{"type":"Feature","properties":{"country_code":"SVN","city":"Zre\u010de","id":"3339120","downloaders":{"size":72,"mobile":0,"satellite":0,"tor":0,"tor_exit_nodes":0,"vpn":0,"relay":0,"proxy":0,"hosting":0,"service":0},"uploaders":{"size":3,"mobile":0,"satellite":0,"tor":0,"tor_exit_nodes":0,"vpn":0,"relay":0,"proxy":0,"hosting":0,"service":0}},"geometry":{"type":"Point","coordinates":[15.37917,46.38222]}},{"type":"Feature","properties":{"country_code":"ITA","city":"Frascati","id":"3176589","downloaders":{"size":71,"mobile":0,"satellite":0,"tor":0,"tor_exit_nodes":0,"vpn":0,"relay":0,"proxy":0,"hosting":0,"service":0},"uploaders":{"size":9,"mobile":0,"satellite":0,"tor":0,"tor_exit_nodes":0,"vpn":0,"relay":0,"proxy":0,"hosting":0,"service":0}},"geometry":{"type":"Point","coordinates":[12.67942,41.8091]}},{"type":"Feature","properties":{"country_code":"CZE","city":"Mostek","id":"3070282","downloaders":{"size":71,"mobile":0,"satellite":0,"tor":0,"tor_exit_nodes":0,"vpn":0,"relay":0,"proxy":0,"hosting":0,"service":0},"uploaders":{"size":9,"mobile":0,"satellite":0,"tor":0,"tor_exit_nodes":0,"vpn":0,"relay":0,"proxy":0,"hosting":0,"service":0}},"geometry":{"type":"Point","coordinates":[15.69622,50.48623]}},{"type":"Feature","properties":{"country_code":"USA","city":"Park Ridge","id":"4905367","downloaders":{"size":71,"mobile":0,"satellite":0,"tor":0,"tor_exit_nodes":0,"vpn":3,"relay":0,"proxy":0,"hosting":0,"service":0},"uploaders":{"size":3,"mobile":0,"satellite":0,"tor":0,"tor_exit_nodes":0,"vpn":0,"relay":0,"proxy":0,"hosting":0,"service":0}},"geometry":{"type":"Point","coordinates":[-87.84062,42.01114]}},{"type":"Feature","properties":{"country_code":"USA","city":"Addison","id":"4882920","downloaders":{"size":71,"mobile":4,"satellite":0,"tor":0,"tor_exit_nodes":0,"vpn":10,"relay":0,"proxy":0,"hosting":0,"service":0},"uploaders":{"size":3,"mobile":0,"satellite":0,"tor":0,"tor_exit_nodes":0,"vpn":1,"relay":0,"proxy":0,"hosting":0,"service":0}},"geometry":{"type":"Point","coordinates":[-87.98896,41.9317]}},{"type":"Feature","properties":{"country_code":"USA","city":"Lincoln City","id":"5736645","downloaders":{"size":71,"mobile":0,"satellite":0,"tor":0,"tor_exit_nodes":0,"vpn":0,"relay":0,"proxy":0,"hosting":0,"service":0},"uploaders":{"size":5,"mobile":0,"satellite":0,"tor":0,"tor_exit_nodes":0,"vpn":0,"relay":0,"proxy":0,"hosting":0,"service":0}},"geometry":{"type":"Point","coordinates":[-124.01789,44.95816]}},{"type":"Feature","properties":{"country_code":"USA","city":"Seaford","id":"4144600","downloaders":{"size":70,"mobile":0,"satellite":0,"tor":0,"tor_exit_nodes":0,"vpn":0,"relay":0,"proxy":0,"hosting":0,"service":0},"uploaders":{"size":3,"mobile":0,"satellite":0,"tor":0,"tor_exit_nodes":0,"vpn":0,"relay":0,"proxy":0,"hosting":0,"service":0}},"geometry":{"type":"Point","coordinates":[-75.61104,38.64123]}},{"type":"Feature","properties":{"country_code":"LBY","city":"Al Khums","id":"2219905","downloaders":{"size":70,"mobile":0,"satellite":0,"tor":0,"tor_exit_nodes":0,"vpn":0,"relay":0,"proxy":0,"hosting":0,"service":0},"uploaders":{"size":5,"mobile":0,"satellite":0,"tor":0,"tor_exit_nodes":0,"vpn":0,"relay":0,"proxy":0,"hosting":0,"service":0}},"geometry":{"type":"Point","coordinates":[14.26191,32.64861]}},{"type":"Feature","properties":{"country_code":"USA","city":"Nyack","id":"5129433","downloaders":{"size":70,"mobile":0,"satellite":0,"tor":0,"tor_exit_nodes":0,"vpn":0,"relay":0,"proxy":0,"hosting":0,"service":0},"uploaders":{"size":3,"mobile":0,"satellite":0,"tor":0,"tor_exit_nodes":0,"vpn":0,"relay":0,"proxy":0,"hosting":0,"service":0}},"geometry":{"type":"Point","coordinates":[-73.91791,41.09065]}},{"type":"Feature","properties":{"country_code":"USA","city":"Day Heights","id":"4509882","downloaders":{"size":70,"mobile":0,"satellite":0,"tor":0,"tor_exit_nodes":0,"vpn":0,"relay":0,"proxy":0,"hosting":0,"service":0},"uploaders":{"size":3,"mobile":0,"satellite":0,"tor":0,"tor_exit_nodes":0,"vpn":0,"relay":0,"proxy":0,"hosting":0,"service":0}},"geometry":{"type":"Point","coordinates":[-84.22633,39.17395]}},{"type":"Feature","properties":{"country_code":"USA","city":"El Monte","id":"5345743","downloaders":{"size":70,"mobile":0,"satellite":0,"tor":0,"tor_exit_nodes":0,"vpn":0,"relay":0,"proxy":0,"hosting":23,"service":0},"uploaders":{"size":6,"mobile":0,"satellite":0,"tor":0,"tor_exit_nodes":0,"vpn":0,"relay":0,"proxy":0,"hosting":1,"service":0}},"geometry":{"type":"Point","coordinates":[-118.0371,34.0791]}},{"type":"Feature","properties":{"country_code":"UKR","city":"P'yatypill'ya","id":"696169","downloaders":{"size":70,"mobile":0,"satellite":0,"tor":0,"tor_exit_nodes":0,"vpn":1,"relay":0,"proxy":0,"hosting":0,"service":0},"uploaders":{"size":4,"mobile":0,"satellite":0,"tor":0,"tor_exit_nodes":0,"vpn":0,"relay":0,"proxy":0,"hosting":0,"service":0}},"geometry":{"type":"Point","coordinates":[38.09979,48.0159]}},{"type":"Feature","properties":{"country_code":"USA","city":"Aberdeen","id":"4145571","downloaders":{"size":69,"mobile":0,"satellite":0,"tor":0,"tor_exit_nodes":0,"vpn":0,"relay":0,"proxy":0,"hosting":0,"service":0},"uploaders":{"size":4,"mobile":0,"satellite":0,"tor":0,"tor_exit_nodes":0,"vpn":0,"relay":0,"proxy":0,"hosting":0,"service":0}},"geometry":{"type":"Point","coordinates":[-80.14866,26.55063]}},{"type":"Feature","properties":{"country_code":"POL","city":"Konstancin-Jeziorna","id":"768216","downloaders":{"size":69,"mobile":0,"satellite":0,"tor":0,"tor_exit_nodes":0,"vpn":0,"relay":0,"proxy":0,"hosting":0,"service":0},"uploaders":{"size":4,"mobile":0,"satellite":0,"tor":0,"tor_exit_nodes":0,"vpn":0,"relay":0,"proxy":0,"hosting":0,"service":0}},"geometry":{"type":"Point","coordinates":[21.11761,52.0938]}},{"type":"Feature","properties":{"country_code":"USA","city":"Houghton","id":"4996572","downloaders":{"size":69,"mobile":0,"satellite":0,"tor":0,"tor_exit_nodes":0,"vpn":1,"relay":0,"proxy":0,"hosting":0,"service":0},"uploaders":{"size":4,"mobile":0,"satellite":0,"tor":0,"tor_exit_nodes":0,"vpn":0,"relay":0,"proxy":0,"hosting":0,"service":0}},"geometry":{"type":"Point","coordinates":[-88.56901,47.12187]}},{"type":"Feature","properties":{"country_code":"USA","city":"Aberdeen Gardens","id":"5785244","downloaders":{"size":69,"mobile":0,"satellite":0,"tor":0,"tor_exit_nodes":0,"vpn":0,"relay":0,"proxy":0,"hosting":0,"service":0},"uploaders":{"size":3,"mobile":0,"satellite":0,"tor":0,"tor_exit_nodes":0,"vpn":0,"relay":0,"proxy":0,"hosting":0,"service":0}},"geometry":{"type":"Point","coordinates":[-123.77961,47.06259]}},{"type":"Feature","properties":{"country_code":"ESP","city":"Sant Adri\u00e0 de Bes\u00f2s","id":"3110921","downloaders":{"size":69,"mobile":1,"satellite":0,"tor":0,"tor_exit_nodes":0,"vpn":0,"relay":0,"proxy":0,"hosting":0,"service":0},"uploaders":{"size":10,"mobile":1,"satellite":0,"tor":0,"tor_exit_nodes":0,"vpn":0,"relay":0,"proxy":0,"hosting":0,"service":0}},"geometry":{"type":"Point","coordinates":[2.21855,41.43073]}},{"type":"Feature","properties":{"country_code":"PHL","city":"Angono","id":"1730713","downloaders":{"size":69,"mobile":0,"satellite":0,"tor":0,"tor_exit_nodes":0,"vpn":0,"relay":0,"proxy":0,"hosting":0,"service":0},"uploaders":{"size":5,"mobile":0,"satellite":0,"tor":0,"tor_exit_nodes":0,"vpn":0,"relay":0,"proxy":0,"hosting":0,"service":0}},"geometry":{"type":"Point","coordinates":[121.1536,14.5266]}},{"type":"Feature","properties":{"country_code":"USA","city":"Oak Park","id":"4904381","downloaders":{"size":69,"mobile":0,"satellite":0,"tor":0,"tor_exit_nodes":0,"vpn":1,"relay":0,"proxy":0,"hosting":0,"service":0},"uploaders":{"size":4,"mobile":0,"satellite":0,"tor":0,"tor_exit_nodes":0,"vpn":0,"relay":0,"proxy":0,"hosting":0,"service":0}},"geometry":{"type":"Point","coordinates":[-87.7986,41.8886]}},{"type":"Feature","properties":{"country_code":"DEU","city":"H\u00fcrth","id":"2897216","downloaders":{"size":68,"mobile":0,"satellite":0,"tor":0,"tor_exit_nodes":0,"vpn":0,"relay":0,"proxy":0,"hosting":58,"service":0},"uploaders":{"size":20,"mobile":0,"satellite":0,"tor":0,"tor_exit_nodes":0,"vpn":0,"relay":0,"proxy":0,"hosting":20,"service":0}},"geometry":{"type":"Point","coordinates":[6.86761,50.87079]}},{"type":"Feature","properties":{"country_code":"FRA","city":"Cheminot","id":"3025589","downloaders":{"size":68,"mobile":8,"satellite":0,"tor":0,"tor_exit_nodes":0,"vpn":0,"relay":0,"proxy":0,"hosting":0,"service":0},"uploaders":{"size":14,"mobile":0,"satellite":0,"tor":0,"tor_exit_nodes":0,"vpn":0,"relay":0,"proxy":0,"hosting":0,"service":0}},"geometry":{"type":"Point","coordinates":[6.13879,48.9475]}},{"type":"Feature","properties":{"country_code":"BRA","city":"Sapucaia do Sul","id":"6318977","downloaders":{"size":68,"mobile":0,"satellite":0,"tor":0,"tor_exit_nodes":0,"vpn":0,"relay":0,"proxy":0,"hosting":0,"service":0},"uploaders":{"size":11,"mobile":0,"satellite":0,"tor":0,"tor_exit_nodes":0,"vpn":0,"relay":0,"proxy":0,"hosting":0,"service":0}},"geometry":{"type":"Point","coordinates":[-51.14833,-29.82472]}},{"type":"Feature","properties":{"country_code":"BGR","city":"Strumyani","id":"726693","downloaders":{"size":68,"mobile":0,"satellite":0,"tor":0,"tor_exit_nodes":0,"vpn":0,"relay":0,"proxy":0,"hosting":0,"service":0},"uploaders":{"size":3,"mobile":0,"satellite":0,"tor":0,"tor_exit_nodes":0,"vpn":0,"relay":0,"proxy":0,"hosting":0,"service":0}},"geometry":{"type":"Point","coordinates":[23.2,41.63333]}},{"type":"Feature","properties":{"country_code":"BRA","city":"Coruripe","id":"3465329","downloaders":{"size":68,"mobile":0,"satellite":0,"tor":0,"tor_exit_nodes":0,"vpn":3,"relay":0,"proxy":0,"hosting":0,"service":0},"uploaders":{"size":4,"mobile":0,"satellite":0,"tor":0,"tor_exit_nodes":0,"vpn":0,"relay":0,"proxy":0,"hosting":0,"service":0}},"geometry":{"type":"Point","coordinates":[-36.17556,-10.12556]}},{"type":"Feature","properties":{"country_code":"USA","city":"Orange","id":"4777454","downloaders":{"size":68,"mobile":0,"satellite":0,"tor":0,"tor_exit_nodes":0,"vpn":0,"relay":0,"proxy":0,"hosting":0,"service":0},"uploaders":{"size":3,"mobile":0,"satellite":0,"tor":0,"tor_exit_nodes":0,"vpn":0,"relay":0,"proxy":0,"hosting":0,"service":0}},"geometry":{"type":"Point","coordinates":[-78.11083,38.24541]}},{"type":"Feature","properties":{"country_code":"USA","city":"East Petersburg","id":"5188022","downloaders":{"size":68,"mobile":0,"satellite":0,"tor":0,"tor_exit_nodes":0,"vpn":0,"relay":0,"proxy":0,"hosting":0,"service":0},"uploaders":{"size":8,"mobile":0,"satellite":0,"tor":0,"tor_exit_nodes":0,"vpn":0,"relay":0,"proxy":0,"hosting":0,"service":0}},"geometry":{"type":"Point","coordinates":[-76.35413,40.1001]}},{"type":"Feature","properties":{"country_code":"FRA","city":"Saint-Martin-d'Ablois","id":"2978432","downloaders":{"size":67,"mobile":66,"satellite":0,"tor":0,"tor_exit_nodes":0,"vpn":0,"relay":0,"proxy":0,"hosting":0,"service":0},"uploaders":{"size":6,"mobile":6,"satellite":0,"tor":0,"tor_exit_nodes":0,"vpn":0,"relay":0,"proxy":0,"hosting":0,"service":0}},"geometry":{"type":"Point","coordinates":[3.86798,49.01225]}},{"type":"Feature","properties":{"country_code":"ARG","city":"Salto","id":"3838227","downloaders":{"size":67,"mobile":0,"satellite":0,"tor":0,"tor_exit_nodes":0,"vpn":0,"relay":0,"proxy":0,"hosting":0,"service":0},"uploaders":{"size":5,"mobile":0,"satellite":0,"tor":0,"tor_exit_nodes":0,"vpn":0,"relay":0,"proxy":0,"hosting":0,"service":0}},"geometry":{"type":"Point","coordinates":[-60.2545,-34.29175]}},{"type":"Feature","properties":{"country_code":"RUS","city":"Luknovo","id":"533432","downloaders":{"size":67,"mobile":0,"satellite":0,"tor":0,"tor_exit_nodes":0,"vpn":0,"relay":0,"proxy":0,"hosting":0,"service":0},"uploaders":{"size":3,"mobile":0,"satellite":0,"tor":0,"tor_exit_nodes":0,"vpn":0,"relay":0,"proxy":0,"hosting":0,"service":0}},"geometry":{"type":"Point","coordinates":[42.03987,56.18045]}},{"type":"Feature","properties":{"country_code":"USA","city":"Saint Simon Mills","id":"4220861","downloaders":{"size":67,"mobile":0,"satellite":0,"tor":0,"tor_exit_nodes":0,"vpn":0,"relay":0,"proxy":0,"hosting":0,"service":0},"uploaders":{"size":4,"mobile":0,"satellite":0,"tor":0,"tor_exit_nodes":0,"vpn":0,"relay":0,"proxy":0,"hosting":0,"service":0}},"geometry":{"type":"Point","coordinates":[-81.40732,31.17079]}},{"type":"Feature","properties":{"country_code":"IRL","city":"Carrick-on-Suir","id":"2965726","downloaders":{"size":67,"mobile":3,"satellite":0,"tor":0,"tor_exit_nodes":0,"vpn":0,"relay":0,"proxy":0,"hosting":0,"service":0},"uploaders":{"size":5,"mobile":1,"satellite":0,"tor":0,"tor_exit_nodes":0,"vpn":0,"relay":0,"proxy":0,"hosting":0,"service":0}},"geometry":{"type":"Point","coordinates":[-7.41306,52.34917]}},{"type":"Feature","properties":{"country_code":"HRV","city":"Velika Mlaka","id":"3188204","downloaders":{"size":67,"mobile":0,"satellite":0,"tor":0,"tor_exit_nodes":0,"vpn":67,"relay":0,"proxy":0,"hosting":0,"service":67},"uploaders":{"size":9,"mobile":0,"satellite":0,"tor":0,"tor_exit_nodes":0,"vpn":9,"relay":0,"proxy":0,"hosting":0,"service":9}},"geometry":{"type":"Point","coordinates":[16.03111,45.73639]}},{"type":"Feature","properties":{"country_code":"JPN","city":"Miyoshi","id":"11612340","downloaders":{"size":67,"mobile":0,"satellite":0,"tor":0,"tor_exit_nodes":0,"vpn":20,"relay":0,"proxy":0,"hosting":0,"service":20},"uploaders":{"size":3,"mobile":0,"satellite":0,"tor":0,"tor_exit_nodes":0,"vpn":1,"relay":0,"proxy":0,"hosting":0,"service":1}},"geometry":{"type":"Point","coordinates":[137.08998,35.08971]}},{"type":"Feature","properties":{"country_code":"ITA","city":"Cossato","id":"3177924","downloaders":{"size":67,"mobile":0,"satellite":0,"tor":0,"tor_exit_nodes":0,"vpn":2,"relay":0,"proxy":0,"hosting":0,"service":0},"uploaders":{"size":4,"mobile":0,"satellite":0,"tor":0,"tor_exit_nodes":0,"vpn":0,"relay":0,"proxy":0,"hosting":0,"service":0}},"geometry":{"type":"Point","coordinates":[8.18471,45.57032]}},{"type":"Feature","properties":{"country_code":"CHE","city":"Thal","id":"6620245","downloaders":{"size":66,"mobile":0,"satellite":0,"tor":0,"tor_exit_nodes":0,"vpn":10,"relay":0,"proxy":0,"hosting":0,"service":0},"uploaders":{"size":5,"mobile":0,"satellite":0,"tor":0,"tor_exit_nodes":0,"vpn":0,"relay":0,"proxy":0,"hosting":0,"service":0}},"geometry":{"type":"Point","coordinates":[9.56643,47.46677]}},{"type":"Feature","properties":{"country_code":"RUS","city":"Korablino","id":"545001","downloaders":{"size":66,"mobile":0,"satellite":0,"tor":0,"tor_exit_nodes":0,"vpn":0,"relay":0,"proxy":0,"hosting":0,"service":0},"uploaders":{"size":3,"mobile":0,"satellite":0,"tor":0,"tor_exit_nodes":0,"vpn":0,"relay":0,"proxy":0,"hosting":0,"service":0}},"geometry":{"type":"Point","coordinates":[40.02365,53.92666]}},{"type":"Feature","properties":{"country_code":"BRA","city":"Tapejara","id":"3446923","downloaders":{"size":66,"mobile":0,"satellite":0,"tor":0,"tor_exit_nodes":0,"vpn":0,"relay":0,"proxy":0,"hosting":0,"service":0},"uploaders":{"size":22,"mobile":0,"satellite":0,"tor":0,"tor_exit_nodes":0,"vpn":0,"relay":0,"proxy":0,"hosting":0,"service":0}},"geometry":{"type":"Point","coordinates":[-52.87333,-23.73306]}},{"type":"Feature","properties":{"country_code":"CHE","city":"Arbon","id":"2661731","downloaders":{"size":66,"mobile":0,"satellite":0,"tor":0,"tor_exit_nodes":0,"vpn":60,"relay":0,"proxy":0,"hosting":0,"service":0},"uploaders":{"size":17,"mobile":0,"satellite":0,"tor":0,"tor_exit_nodes":0,"vpn":16,"relay":0,"proxy":0,"hosting":0,"service":0}},"geometry":{"type":"Point","coordinates":[9.43333,47.51667]}},{"type":"Feature","properties":{"country_code":"USA","city":"Dexter","id":"4990797","downloaders":{"size":66,"mobile":0,"satellite":0,"tor":0,"tor_exit_nodes":0,"vpn":0,"relay":0,"proxy":0,"hosting":0,"service":0},"uploaders":{"size":4,"mobile":0,"satellite":0,"tor":0,"tor_exit_nodes":0,"vpn":0,"relay":0,"proxy":0,"hosting":0,"service":0}},"geometry":{"type":"Point","coordinates":[-83.88954,42.33834]}},{"type":"Feature","properties":{"country_code":"CAN","city":"LaSalle","id":"6050177","downloaders":{"size":66,"mobile":2,"satellite":0,"tor":0,"tor_exit_nodes":0,"vpn":0,"relay":0,"proxy":0,"hosting":1,"service":0},"uploaders":{"size":4,"mobile":0,"satellite":0,"tor":0,"tor_exit_nodes":0,"vpn":0,"relay":0,"proxy":0,"hosting":0,"service":0}},"geometry":{"type":"Point","coordinates":[-83.06095,42.24481]}},{"type":"Feature","properties":{"country_code":"IRN","city":"Or\u016bm\u012byeh","id":"121801","downloaders":{"size":66,"mobile":0,"satellite":0,"tor":0,"tor_exit_nodes":0,"vpn":0,"relay":0,"proxy":0,"hosting":0,"service":0},"uploaders":{"size":7,"mobile":0,"satellite":0,"tor":0,"tor_exit_nodes":0,"vpn":0,"relay":0,"proxy":0,"hosting":0,"service":0}},"geometry":{"type":"Point","coordinates":[45.07605,37.55274]}},{"type":"Feature","properties":{"country_code":"FRA","city":"Vendargues","id":"2970144","downloaders":{"size":65,"mobile":2,"satellite":0,"tor":0,"tor_exit_nodes":0,"vpn":0,"relay":0,"proxy":0,"hosting":0,"service":0},"uploaders":{"size":3,"mobile":0,"satellite":0,"tor":0,"tor_exit_nodes":0,"vpn":0,"relay":0,"proxy":0,"hosting":0,"service":0}},"geometry":{"type":"Point","coordinates":[3.97,43.65833]}},{"type":"Feature","properties":{"country_code":"CHE","city":"Biberist","id":"2661519","downloaders":{"size":65,"mobile":0,"satellite":0,"tor":0,"tor_exit_nodes":0,"vpn":3,"relay":0,"proxy":0,"hosting":2,"service":0},"uploaders":{"size":4,"mobile":0,"satellite":0,"tor":0,"tor_exit_nodes":0,"vpn":0,"relay":0,"proxy":0,"hosting":0,"service":0}},"geometry":{"type":"Point","coordinates":[7.56246,47.18009]}},{"type":"Feature","properties":{"country_code":"IRL","city":"Oranmore","id":"2962153","downloaders":{"size":65,"mobile":0,"satellite":0,"tor":0,"tor_exit_nodes":0,"vpn":0,"relay":0,"proxy":0,"hosting":0,"service":0},"uploaders":{"size":4,"mobile":0,"satellite":0,"tor":0,"tor_exit_nodes":0,"vpn":0,"relay":0,"proxy":0,"hosting":0,"service":0}},"geometry":{"type":"Point","coordinates":[-8.92,53.26833]}},{"type":"Feature","properties":{"country_code":"TZA","city":"Bukoba","id":"160961","downloaders":{"size":65,"mobile":0,"satellite":0,"tor":0,"tor_exit_nodes":0,"vpn":0,"relay":0,"proxy":0,"hosting":0,"service":0},"uploaders":{"size":37,"mobile":0,"satellite":0,"tor":0,"tor_exit_nodes":0,"vpn":0,"relay":0,"proxy":0,"hosting":0,"service":0}},"geometry":{"type":"Point","coordinates":[31.81222,-1.33167]}},{"type":"Feature","properties":{"country_code":"GUM","city":"Apra Harbor","id":"13237020","downloaders":{"size":65,"mobile":0,"satellite":0,"tor":0,"tor_exit_nodes":0,"vpn":0,"relay":0,"proxy":0,"hosting":62,"service":0},"uploaders":{"size":22,"mobile":0,"satellite":0,"tor":0,"tor_exit_nodes":0,"vpn":0,"relay":0,"proxy":0,"hosting":22,"service":0}},"geometry":{"type":"Point","coordinates":[144.65252,13.42827]}},{"type":"Feature","properties":{"country_code":"ARG","city":"Dolores","id":"3435038","downloaders":{"size":65,"mobile":0,"satellite":0,"tor":0,"tor_exit_nodes":0,"vpn":0,"relay":0,"proxy":0,"hosting":0,"service":0},"uploaders":{"size":3,"mobile":0,"satellite":0,"tor":0,"tor_exit_nodes":0,"vpn":0,"relay":0,"proxy":0,"hosting":0,"service":0}},"geometry":{"type":"Point","coordinates":[-57.67546,-36.31539]}},{"type":"Feature","properties":{"country_code":"USA","city":"Lexington Park","id":"4360592","downloaders":{"size":65,"mobile":0,"satellite":0,"tor":0,"tor_exit_nodes":0,"vpn":0,"relay":0,"proxy":0,"hosting":0,"service":0},"uploaders":{"size":4,"mobile":0,"satellite":0,"tor":0,"tor_exit_nodes":0,"vpn":0,"relay":0,"proxy":0,"hosting":0,"service":0}},"geometry":{"type":"Point","coordinates":[-76.45384,38.26679]}},{"type":"Feature","properties":{"country_code":"RUS","city":"Olenegorsk","id":"515698","downloaders":{"size":65,"mobile":0,"satellite":0,"tor":0,"tor_exit_nodes":0,"vpn":0,"relay":0,"proxy":0,"hosting":0,"service":0},"uploaders":{"size":3,"mobile":0,"satellite":0,"tor":0,"tor_exit_nodes":0,"vpn":0,"relay":0,"proxy":0,"hosting":0,"service":0}},"geometry":{"type":"Point","coordinates":[33.25287,68.1432]}},{"type":"Feature","properties":{"country_code":"KEN","city":"Karuri","id":"193624","downloaders":{"size":65,"mobile":9,"satellite":0,"tor":0,"tor_exit_nodes":0,"vpn":0,"relay":0,"proxy":0,"hosting":0,"service":0},"uploaders":{"size":14,"mobile":5,"satellite":0,"tor":0,"tor_exit_nodes":0,"vpn":0,"relay":0,"proxy":0,"hosting":0,"service":0}},"geometry":{"type":"Point","coordinates":[36.7564,-1.17641]}},{"type":"Feature","properties":{"country_code":"THA","city":"Mae Sot","id":"1152188","downloaders":{"size":64,"mobile":6,"satellite":0,"tor":0,"tor_exit_nodes":0,"vpn":4,"relay":0,"proxy":0,"hosting":1,"service":2},"uploaders":{"size":3,"mobile":1,"satellite":0,"tor":0,"tor_exit_nodes":0,"vpn":1,"relay":0,"proxy":0,"hosting":0,"service":1}},"geometry":{"type":"Point","coordinates":[98.56667,16.71667]}},{"type":"Feature","properties":{"country_code":"FIN","city":"Vaarala","id":"633016","downloaders":{"size":64,"mobile":9,"satellite":0,"tor":0,"tor_exit_nodes":0,"vpn":1,"relay":0,"proxy":0,"hosting":0,"service":1},"uploaders":{"size":3,"mobile":0,"satellite":0,"tor":0,"tor_exit_nodes":0,"vpn":1,"relay":0,"proxy":0,"hosting":0,"service":1}},"geometry":{"type":"Point","coordinates":[25.09303,60.26226]}},{"type":"Feature","properties":{"country_code":"BRA","city":"Pinhalzinho","id":"3453782","downloaders":{"size":64,"mobile":2,"satellite":0,"tor":0,"tor_exit_nodes":0,"vpn":0,"relay":0,"proxy":0,"hosting":0,"service":0},"uploaders":{"size":7,"mobile":0,"satellite":0,"tor":0,"tor_exit_nodes":0,"vpn":0,"relay":0,"proxy":0,"hosting":0,"service":0}},"geometry":{"type":"Point","coordinates":[-52.99194,-26.84806]}},{"type":"Feature","properties":{"country_code":"BRA","city":"Muzambinho","id":"3456412","downloaders":{"size":64,"mobile":0,"satellite":0,"tor":0,"tor_exit_nodes":0,"vpn":0,"relay":0,"proxy":0,"hosting":0,"service":0},"uploaders":{"size":4,"mobile":0,"satellite":0,"tor":0,"tor_exit_nodes":0,"vpn":0,"relay":0,"proxy":0,"hosting":0,"service":0}},"geometry":{"type":"Point","coordinates":[-46.52556,-21.37583]}},{"type":"Feature","properties":{"country_code":"GBR","city":"Bourne","id":"2655099","downloaders":{"size":64,"mobile":1,"satellite":0,"tor":0,"tor_exit_nodes":0,"vpn":0,"relay":0,"proxy":0,"hosting":0,"service":0},"uploaders":{"size":3,"mobile":0,"satellite":0,"tor":0,"tor_exit_nodes":0,"vpn":0,"relay":0,"proxy":0,"hosting":0,"service":0}},"geometry":{"type":"Point","coordinates":[-0.38333,52.76667]}},{"type":"Feature","properties":{"country_code":"RUS","city":"Ivanino","id":"555617","downloaders":{"size":64,"mobile":44,"satellite":0,"tor":0,"tor_exit_nodes":0,"vpn":10,"relay":0,"proxy":0,"hosting":0,"service":0},"uploaders":{"size":5,"mobile":3,"satellite":0,"tor":0,"tor_exit_nodes":0,"vpn":2,"relay":0,"proxy":0,"hosting":0,"service":0}},"geometry":{"type":"Point","coordinates":[35.57536,51.64488]}},{"type":"Feature","properties":{"country_code":"KAZ","city":"Asa","id":"1526066","downloaders":{"size":64,"mobile":6,"satellite":0,"tor":0,"tor_exit_nodes":0,"vpn":0,"relay":0,"proxy":0,"hosting":0,"service":0},"uploaders":{"size":13,"mobile":0,"satellite":0,"tor":0,"tor_exit_nodes":0,"vpn":0,"relay":0,"proxy":0,"hosting":0,"service":0}},"geometry":{"type":"Point","coordinates":[71.14737,43.03735]}},{"type":"Feature","properties":{"country_code":"USA","city":"San Pablo","id":"5392508","downloaders":{"size":63,"mobile":0,"satellite":0,"tor":0,"tor_exit_nodes":0,"vpn":0,"relay":0,"proxy":0,"hosting":0,"service":0},"uploaders":{"size":3,"mobile":0,"satellite":0,"tor":0,"tor_exit_nodes":0,"vpn":0,"relay":0,"proxy":0,"hosting":0,"service":0}},"geometry":{"type":"Point","coordinates":[-122.34553,37.96215]}},{"type":"Feature","properties":{"country_code":"ARG","city":"Oliva","id":"3842662","downloaders":{"size":63,"mobile":0,"satellite":0,"tor":0,"tor_exit_nodes":0,"vpn":0,"relay":0,"proxy":0,"hosting":12,"service":0},"uploaders":{"size":8,"mobile":0,"satellite":0,"tor":0,"tor_exit_nodes":0,"vpn":0,"relay":0,"proxy":0,"hosting":0,"service":0}},"geometry":{"type":"Point","coordinates":[-63.57063,-32.03823]}},{"type":"Feature","properties":{"country_code":"PAK","city":"Pir Jo Goth","id":"1161991","downloaders":{"size":63,"mobile":0,"satellite":0,"tor":0,"tor_exit_nodes":0,"vpn":0,"relay":0,"proxy":0,"hosting":0,"service":0},"uploaders":{"size":6,"mobile":0,"satellite":0,"tor":0,"tor_exit_nodes":0,"vpn":0,"relay":0,"proxy":0,"hosting":0,"service":0}},"geometry":{"type":"Point","coordinates":[68.7165,27.6469]}},{"type":"Feature","properties":{"country_code":"USA","city":"Glendale","id":"5352423","downloaders":{"size":62,"mobile":0,"satellite":0,"tor":0,"tor_exit_nodes":0,"vpn":0,"relay":0,"proxy":0,"hosting":0,"service":0},"uploaders":{"size":3,"mobile":0,"satellite":0,"tor":0,"tor_exit_nodes":0,"vpn":0,"relay":0,"proxy":0,"hosting":0,"service":0}},"geometry":{"type":"Point","coordinates":[-118.25508,34.14251]}},{"type":"Feature","properties":{"country_code":"ZAF","city":"Barberton","id":"1021086","downloaders":{"size":62,"mobile":0,"satellite":0,"tor":0,"tor_exit_nodes":0,"vpn":0,"relay":0,"proxy":0,"hosting":0,"service":0},"uploaders":{"size":9,"mobile":0,"satellite":0,"tor":0,"tor_exit_nodes":0,"vpn":0,"relay":0,"proxy":0,"hosting":0,"service":0}},"geometry":{"type":"Point","coordinates":[31.05319,-25.78842]}},{"type":"Feature","properties":{"country_code":"USA","city":"Hawaiian Beaches","id":"5855802","downloaders":{"size":62,"mobile":0,"satellite":0,"tor":0,"tor_exit_nodes":0,"vpn":0,"relay":0,"proxy":0,"hosting":0,"service":0},"uploaders":{"size":3,"mobile":0,"satellite":0,"tor":0,"tor_exit_nodes":0,"vpn":0,"relay":0,"proxy":0,"hosting":0,"service":0}},"geometry":{"type":"Point","coordinates":[-154.91583,19.54306]}},{"type":"Feature","properties":{"country_code":"KGZ","city":"Bokombayevskoye","id":"1528666","downloaders":{"size":61,"mobile":0,"satellite":0,"tor":0,"tor_exit_nodes":0,"vpn":3,"relay":0,"proxy":0,"hosting":0,"service":0},"uploaders":{"size":5,"mobile":0,"satellite":0,"tor":0,"tor_exit_nodes":0,"vpn":0,"relay":0,"proxy":0,"hosting":0,"service":0}},"geometry":{"type":"Point","coordinates":[76.99332,42.11769]}},{"type":"Feature","properties":{"country_code":"RUS","city":"Tomari","id":"2120530","downloaders":{"size":61,"mobile":0,"satellite":0,"tor":0,"tor_exit_nodes":0,"vpn":0,"relay":0,"proxy":0,"hosting":0,"service":0},"uploaders":{"size":3,"mobile":0,"satellite":0,"tor":0,"tor_exit_nodes":0,"vpn":0,"relay":0,"proxy":0,"hosting":0,"service":0}},"geometry":{"type":"Point","coordinates":[142.06551,47.76596]}},{"type":"Feature","properties":{"country_code":"USA","city":"Ada","id":"4529096","downloaders":{"size":61,"mobile":0,"satellite":0,"tor":0,"tor_exit_nodes":0,"vpn":0,"relay":0,"proxy":0,"hosting":0,"service":0},"uploaders":{"size":3,"mobile":0,"satellite":0,"tor":0,"tor_exit_nodes":0,"vpn":0,"relay":0,"proxy":0,"hosting":0,"service":0}},"geometry":{"type":"Point","coordinates":[-96.6924,34.78]}},{"type":"Feature","properties":{"country_code":"NOR","city":"Fagernes","id":"3157897","downloaders":{"size":61,"mobile":0,"satellite":0,"tor":0,"tor_exit_nodes":0,"vpn":0,"relay":0,"proxy":0,"hosting":0,"service":0},"uploaders":{"size":4,"mobile":0,"satellite":0,"tor":0,"tor_exit_nodes":0,"vpn":0,"relay":0,"proxy":0,"hosting":0,"service":0}},"geometry":{"type":"Point","coordinates":[9.23236,60.98584]}},{"type":"Feature","properties":{"country_code":"FRA","city":"Saint-Gaudens","id":"2980045","downloaders":{"size":60,"mobile":26,"satellite":0,"tor":0,"tor_exit_nodes":0,"vpn":0,"relay":0,"proxy":0,"hosting":0,"service":0},"uploaders":{"size":3,"mobile":1,"satellite":0,"tor":0,"tor_exit_nodes":0,"vpn":0,"relay":0,"proxy":0,"hosting":0,"service":0}},"geometry":{"type":"Point","coordinates":[0.72318,43.10813]}},{"type":"Feature","properties":{"country_code":"GRC","city":"\u00c1yioi Ap\u00f3stoloi","id":"264094","downloaders":{"size":60,"mobile":0,"satellite":0,"tor":0,"tor_exit_nodes":0,"vpn":0,"relay":0,"proxy":0,"hosting":0,"service":0},"uploaders":{"size":13,"mobile":0,"satellite":0,"tor":0,"tor_exit_nodes":0,"vpn":0,"relay":0,"proxy":0,"hosting":0,"service":0}},"geometry":{"type":"Point","coordinates":[23.91011,38.29169]}},{"type":"Feature","properties":{"country_code":"USA","city":"Hanover","id":"4558475","downloaders":{"size":60,"mobile":0,"satellite":0,"tor":0,"tor_exit_nodes":0,"vpn":0,"relay":0,"proxy":0,"hosting":0,"service":0},"uploaders":{"size":4,"mobile":0,"satellite":0,"tor":0,"tor_exit_nodes":0,"vpn":0,"relay":0,"proxy":0,"hosting":0,"service":0}},"geometry":{"type":"Point","coordinates":[-76.98304,39.80066]}},{"type":"Feature","properties":{"country_code":"MKD","city":"\u0408\u0443\u0440\u0443\u043c\u043b\u0435\u0440\u0438","id":"789734","downloaders":{"size":60,"mobile":0,"satellite":0,"tor":0,"tor_exit_nodes":0,"vpn":0,"relay":0,"proxy":0,"hosting":0,"service":0},"uploaders":{"size":6,"mobile":0,"satellite":0,"tor":0,"tor_exit_nodes":0,"vpn":0,"relay":0,"proxy":0,"hosting":0,"service":0}},"geometry":{"type":"Point","coordinates":[21.55694,41.96722]}},{"type":"Feature","properties":{"country_code":"USA","city":"Portales","id":"5484874","downloaders":{"size":60,"mobile":0,"satellite":0,"tor":0,"tor_exit_nodes":0,"vpn":0,"relay":0,"proxy":0,"hosting":0,"service":0},"uploaders":{"size":3,"mobile":0,"satellite":0,"tor":0,"tor_exit_nodes":0,"vpn":0,"relay":0,"proxy":0,"hosting":0,"service":0}},"geometry":{"type":"Point","coordinates":[-103.3344,34.18619]}},{"type":"Feature","properties":{"country_code":"USA","city":"Phelps","id":"5131073","downloaders":{"size":60,"mobile":0,"satellite":0,"tor":0,"tor_exit_nodes":0,"vpn":0,"relay":0,"proxy":0,"hosting":0,"service":0},"uploaders":{"size":3,"mobile":0,"satellite":0,"tor":0,"tor_exit_nodes":0,"vpn":0,"relay":0,"proxy":0,"hosting":0,"service":0}},"geometry":{"type":"Point","coordinates":[-77.05747,42.95756]}},{"type":"Feature","properties":{"country_code":"BRA","city":"Arcoverde","id":"3407216","downloaders":{"size":60,"mobile":0,"satellite":0,"tor":0,"tor_exit_nodes":0,"vpn":0,"relay":0,"proxy":0,"hosting":0,"service":0},"uploaders":{"size":5,"mobile":0,"satellite":0,"tor":0,"tor_exit_nodes":0,"vpn":0,"relay":0,"proxy":0,"hosting":0,"service":0}},"geometry":{"type":"Point","coordinates":[-37.05389,-8.41889]}},{"type":"Feature","properties":{"country_code":"ITA","city":"Gallio","id":"3176367","downloaders":{"size":59,"mobile":0,"satellite":0,"tor":0,"tor_exit_nodes":0,"vpn":0,"relay":0,"proxy":0,"hosting":4,"service":0},"uploaders":{"size":4,"mobile":0,"satellite":0,"tor":0,"tor_exit_nodes":0,"vpn":0,"relay":0,"proxy":0,"hosting":1,"service":0}},"geometry":{"type":"Point","coordinates":[11.53417,45.88506]}},{"type":"Feature","properties":{"country_code":"GBR","city":"Chester-le-Street","id":"2653224","downloaders":{"size":59,"mobile":3,"satellite":0,"tor":0,"tor_exit_nodes":0,"vpn":0,"relay":0,"proxy":0,"hosting":0,"service":0},"uploaders":{"size":10,"mobile":0,"satellite":0,"tor":0,"tor_exit_nodes":0,"vpn":0,"relay":0,"proxy":0,"hosting":0,"service":0}},"geometry":{"type":"Point","coordinates":[-1.57408,54.85862]}},{"type":"Feature","properties":{"country_code":"USA","city":"La Vista","id":"5071665","downloaders":{"size":59,"mobile":0,"satellite":0,"tor":0,"tor_exit_nodes":0,"vpn":0,"relay":0,"proxy":0,"hosting":0,"service":0},"uploaders":{"size":10,"mobile":0,"satellite":0,"tor":0,"tor_exit_nodes":0,"vpn":0,"relay":0,"proxy":0,"hosting":0,"service":0}},"geometry":{"type":"Point","coordinates":[-96.03113,41.18389]}},{"type":"Feature","properties":{"country_code":"DOM","city":"Jarabacoa","id":"3504158","downloaders":{"size":59,"mobile":1,"satellite":0,"tor":0,"tor_exit_nodes":0,"vpn":0,"relay":0,"proxy":0,"hosting":0,"service":0},"uploaders":{"size":6,"mobile":0,"satellite":0,"tor":0,"tor_exit_nodes":0,"vpn":0,"relay":0,"proxy":0,"hosting":0,"service":0}},"geometry":{"type":"Point","coordinates":[-70.63595,19.11683]}},{"type":"Feature","properties":{"country_code":"USA","city":"Cathedral City","id":"5335006","downloaders":{"size":58,"mobile":0,"satellite":0,"tor":0,"tor_exit_nodes":0,"vpn":0,"relay":0,"proxy":0,"hosting":0,"service":0},"uploaders":{"size":3,"mobile":0,"satellite":0,"tor":0,"tor_exit_nodes":0,"vpn":0,"relay":0,"proxy":0,"hosting":0,"service":0}},"geometry":{"type":"Point","coordinates":[-116.46529,33.77974]}},{"type":"Feature","properties":{"country_code":"USA","city":"Pulaski","id":"4780577","downloaders":{"size":58,"mobile":0,"satellite":0,"tor":0,"tor_exit_nodes":0,"vpn":0,"relay":0,"proxy":0,"hosting":0,"service":0},"uploaders":{"size":5,"mobile":0,"satellite":0,"tor":0,"tor_exit_nodes":0,"vpn":0,"relay":0,"proxy":0,"hosting":0,"service":0}},"geometry":{"type":"Point","coordinates":[-80.77979,37.0479]}},{"type":"Feature","properties":{"country_code":"USA","city":"Freeland","id":"5795025","downloaders":{"size":58,"mobile":0,"satellite":0,"tor":0,"tor_exit_nodes":0,"vpn":0,"relay":0,"proxy":0,"hosting":2,"service":0},"uploaders":{"size":3,"mobile":0,"satellite":0,"tor":0,"tor_exit_nodes":0,"vpn":0,"relay":0,"proxy":0,"hosting":0,"service":0}},"geometry":{"type":"Point","coordinates":[-122.52598,48.00954]}},{"type":"Feature","properties":{"country_code":"CAN","city":"Almonte","id":"8125781","downloaders":{"size":58,"mobile":4,"satellite":0,"tor":0,"tor_exit_nodes":0,"vpn":0,"relay":0,"proxy":0,"hosting":0,"service":0},"uploaders":{"size":3,"mobile":1,"satellite":0,"tor":0,"tor_exit_nodes":0,"vpn":0,"relay":0,"proxy":0,"hosting":0,"service":0}},"geometry":{"type":"Point","coordinates":[-76.19585,45.22993]}},{"type":"Feature","properties":{"country_code":"USA","city":"Orange","id":"5379513","downloaders":{"size":58,"mobile":0,"satellite":0,"tor":0,"tor_exit_nodes":0,"vpn":6,"relay":0,"proxy":0,"hosting":0,"service":0},"uploaders":{"size":5,"mobile":0,"satellite":0,"tor":0,"tor_exit_nodes":0,"vpn":0,"relay":0,"proxy":0,"hosting":0,"service":0}},"geometry":{"type":"Point","coordinates":[-117.8511,33.8263]}},{"type":"Feature","properties":{"country_code":"IND","city":"Masr\u0101tu","id":"11686579","downloaders":{"size":58,"mobile":58,"satellite":0,"tor":0,"tor_exit_nodes":0,"vpn":0,"relay":0,"proxy":0,"hosting":0,"service":0},"uploaders":{"size":11,"mobile":11,"satellite":0,"tor":0,"tor_exit_nodes":0,"vpn":0,"relay":0,"proxy":0,"hosting":0,"service":0}},"geometry":{"type":"Point","coordinates":[85.2567,24.0078]}},{"type":"Feature","properties":{"country_code":"USA","city":"Federal Way","id":"5794245","downloaders":{"size":58,"mobile":0,"satellite":0,"tor":0,"tor_exit_nodes":0,"vpn":38,"relay":0,"proxy":0,"hosting":38,"service":38},"uploaders":{"size":16,"mobile":0,"satellite":0,"tor":0,"tor_exit_nodes":0,"vpn":15,"relay":0,"proxy":0,"hosting":15,"service":15}},"geometry":{"type":"Point","coordinates":[-122.31262,47.32232]}},{"type":"Feature","properties":{"country_code":"USA","city":"Stayton","id":"5754464","downloaders":{"size":58,"mobile":0,"satellite":0,"tor":0,"tor_exit_nodes":0,"vpn":0,"relay":0,"proxy":0,"hosting":0,"service":0},"uploaders":{"size":3,"mobile":0,"satellite":0,"tor":0,"tor_exit_nodes":0,"vpn":0,"relay":0,"proxy":0,"hosting":0,"service":0}},"geometry":{"type":"Point","coordinates":[-122.79453,44.80068]}},{"type":"Feature","properties":{"country_code":"USA","city":"North Ridgeville","id":"5164903","downloaders":{"size":58,"mobile":0,"satellite":0,"tor":0,"tor_exit_nodes":0,"vpn":0,"relay":0,"proxy":0,"hosting":0,"service":0},"uploaders":{"size":3,"mobile":0,"satellite":0,"tor":0,"tor_exit_nodes":0,"vpn":0,"relay":0,"proxy":0,"hosting":0,"service":0}},"geometry":{"type":"Point","coordinates":[-82.01903,41.38949]}},{"type":"Feature","properties":{"country_code":"USA","city":"Milledgeville","id":"4209448","downloaders":{"size":57,"mobile":0,"satellite":0,"tor":0,"tor_exit_nodes":0,"vpn":1,"relay":0,"proxy":0,"hosting":0,"service":0},"uploaders":{"size":4,"mobile":0,"satellite":0,"tor":0,"tor_exit_nodes":0,"vpn":0,"relay":0,"proxy":0,"hosting":0,"service":0}},"geometry":{"type":"Point","coordinates":[-83.2321,33.08014]}},{"type":"Feature","properties":{"country_code":"USA","city":"Shelbyville","id":"4264688","downloaders":{"size":57,"mobile":0,"satellite":0,"tor":0,"tor_exit_nodes":0,"vpn":0,"relay":0,"proxy":0,"hosting":0,"service":0},"uploaders":{"size":3,"mobile":0,"satellite":0,"tor":0,"tor_exit_nodes":0,"vpn":0,"relay":0,"proxy":0,"hosting":0,"service":0}},"geometry":{"type":"Point","coordinates":[-85.77692,39.52144]}},{"type":"Feature","properties":{"country_code":"USA","city":"Jefferson Heights","id":"5122584","downloaders":{"size":57,"mobile":0,"satellite":0,"tor":0,"tor_exit_nodes":0,"vpn":0,"relay":0,"proxy":0,"hosting":0,"service":0},"uploaders":{"size":3,"mobile":0,"satellite":0,"tor":0,"tor_exit_nodes":0,"vpn":0,"relay":0,"proxy":0,"hosting":0,"service":0}},"geometry":{"type":"Point","coordinates":[-73.88235,42.23398]}},{"type":"Feature","properties":{"country_code":"UKR","city":"Pidvolochysk","id":"696823","downloaders":{"size":57,"mobile":0,"satellite":0,"tor":0,"tor_exit_nodes":0,"vpn":0,"relay":0,"proxy":0,"hosting":0,"service":0},"uploaders":{"size":3,"mobile":0,"satellite":0,"tor":0,"tor_exit_nodes":0,"vpn":0,"relay":0,"proxy":0,"hosting":0,"service":0}},"geometry":{"type":"Point","coordinates":[26.14401,49.53131]}},{"type":"Feature","properties":{"country_code":"NLD","city":"Hurdegaryp","id":"2754864","downloaders":{"size":57,"mobile":0,"satellite":0,"tor":0,"tor_exit_nodes":0,"vpn":0,"relay":0,"proxy":0,"hosting":0,"service":0},"uploaders":{"size":3,"mobile":0,"satellite":0,"tor":0,"tor_exit_nodes":0,"vpn":0,"relay":0,"proxy":0,"hosting":0,"service":0}},"geometry":{"type":"Point","coordinates":[5.94137,53.21333]}},{"type":"Feature","properties":{"country_code":"CHE","city":"Solothurn","id":"2658564","downloaders":{"size":57,"mobile":0,"satellite":0,"tor":0,"tor_exit_nodes":0,"vpn":0,"relay":0,"proxy":0,"hosting":11,"service":0},"uploaders":{"size":4,"mobile":0,"satellite":0,"tor":0,"tor_exit_nodes":0,"vpn":0,"relay":0,"proxy":0,"hosting":0,"service":0}},"geometry":{"type":"Point","coordinates":[7.53714,47.20791]}},{"type":"Feature","properties":{"country_code":"RUS","city":"Aleksandrovskoye","id":"582993","downloaders":{"size":57,"mobile":57,"satellite":0,"tor":0,"tor_exit_nodes":0,"vpn":0,"relay":0,"proxy":0,"hosting":0,"service":0},"uploaders":{"size":4,"mobile":4,"satellite":0,"tor":0,"tor_exit_nodes":0,"vpn":0,"relay":0,"proxy":0,"hosting":0,"service":0}},"geometry":{"type":"Point","coordinates":[43.00083,44.71417]}},{"type":"Feature","properties":{"country_code":"ARG","city":"Marcos Ju\u00e1rez","id":"3844899","downloaders":{"size":57,"mobile":0,"satellite":0,"tor":0,"tor_exit_nodes":0,"vpn":0,"relay":0,"proxy":0,"hosting":0,"service":0},"uploaders":{"size":3,"mobile":0,"satellite":0,"tor":0,"tor_exit_nodes":0,"vpn":0,"relay":0,"proxy":0,"hosting":0,"service":0}},"geometry":{"type":"Point","coordinates":[-62.10672,-32.6978]}},{"type":"Feature","properties":{"country_code":"USA","city":"Osage Beach","id":"4402040","downloaders":{"size":57,"mobile":0,"satellite":0,"tor":0,"tor_exit_nodes":0,"vpn":0,"relay":0,"proxy":0,"hosting":0,"service":0},"uploaders":{"size":3,"mobile":0,"satellite":0,"tor":0,"tor_exit_nodes":0,"vpn":0,"relay":0,"proxy":0,"hosting":0,"service":0}},"geometry":{"type":"Point","coordinates":[-92.65277,38.12956]}},{"type":"Feature","properties":{"country_code":"NGA","city":"Ebute Ikorodu","id":"2344082","downloaders":{"size":56,"mobile":53,"satellite":0,"tor":0,"tor_exit_nodes":0,"vpn":2,"relay":0,"proxy":0,"hosting":0,"service":0},"uploaders":{"size":11,"mobile":11,"satellite":0,"tor":0,"tor_exit_nodes":0,"vpn":0,"relay":0,"proxy":0,"hosting":0,"service":0}},"geometry":{"type":"Point","coordinates":[3.48818,6.60086]}},{"type":"Feature","properties":{"country_code":"USA","city":"Paramus","id":"5102387","downloaders":{"size":56,"mobile":0,"satellite":0,"tor":0,"tor_exit_nodes":0,"vpn":4,"relay":0,"proxy":0,"hosting":0,"service":0},"uploaders":{"size":3,"mobile":0,"satellite":0,"tor":0,"tor_exit_nodes":0,"vpn":0,"relay":0,"proxy":0,"hosting":0,"service":0}},"geometry":{"type":"Point","coordinates":[-74.07542,40.94454]}},{"type":"Feature","properties":{"country_code":"USA","city":"Peabody","id":"4946863","downloaders":{"size":56,"mobile":0,"satellite":0,"tor":0,"tor_exit_nodes":0,"vpn":0,"relay":0,"proxy":0,"hosting":0,"service":0},"uploaders":{"size":3,"mobile":0,"satellite":0,"tor":0,"tor_exit_nodes":0,"vpn":0,"relay":0,"proxy":0,"hosting":0,"service":0}},"geometry":{"type":"Point","coordinates":[-70.92866,42.52787]}},{"type":"Feature","properties":{"country_code":"USA","city":"McKinleyville","id":"5567770","downloaders":{"size":56,"mobile":0,"satellite":0,"tor":0,"tor_exit_nodes":0,"vpn":1,"relay":0,"proxy":0,"hosting":0,"service":0},"uploaders":{"size":3,"mobile":0,"satellite":0,"tor":0,"tor_exit_nodes":0,"vpn":0,"relay":0,"proxy":0,"hosting":0,"service":0}},"geometry":{"type":"Point","coordinates":[-124.10062,40.94652]}},{"type":"Feature","properties":{"country_code":"IRN","city":"Bushehr","id":"139817","downloaders":{"size":56,"mobile":0,"satellite":0,"tor":0,"tor_exit_nodes":0,"vpn":4,"relay":0,"proxy":0,"hosting":0,"service":0},"uploaders":{"size":3,"mobile":0,"satellite":0,"tor":0,"tor_exit_nodes":0,"vpn":3,"relay":0,"proxy":0,"hosting":0,"service":0}},"geometry":{"type":"Point","coordinates":[50.83657,28.96887]}},{"type":"Feature","properties":{"country_code":"USA","city":"Conyers","id":"4189213","downloaders":{"size":56,"mobile":0,"satellite":0,"tor":0,"tor_exit_nodes":0,"vpn":0,"relay":0,"proxy":0,"hosting":0,"service":0},"uploaders":{"size":3,"mobile":0,"satellite":0,"tor":0,"tor_exit_nodes":0,"vpn":0,"relay":0,"proxy":0,"hosting":0,"service":0}},"geometry":{"type":"Point","coordinates":[-84.01769,33.66761]}},{"type":"Feature","properties":{"country_code":"ESP","city":"Balaguer","id":"3128978","downloaders":{"size":56,"mobile":6,"satellite":0,"tor":0,"tor_exit_nodes":0,"vpn":0,"relay":0,"proxy":0,"hosting":0,"service":0},"uploaders":{"size":3,"mobile":0,"satellite":0,"tor":0,"tor_exit_nodes":0,"vpn":0,"relay":0,"proxy":0,"hosting":0,"service":0}},"geometry":{"type":"Point","coordinates":[0.81094,41.79117]}},{"type":"Feature","properties":{"country_code":"USA","city":"Paris","id":"4246659","downloaders":{"size":56,"mobile":0,"satellite":0,"tor":0,"tor_exit_nodes":0,"vpn":0,"relay":0,"proxy":0,"hosting":0,"service":0},"uploaders":{"size":8,"mobile":0,"satellite":0,"tor":0,"tor_exit_nodes":0,"vpn":0,"relay":0,"proxy":0,"hosting":0,"service":0}},"geometry":{"type":"Point","coordinates":[-87.69614,39.61115]}},{"type":"Feature","properties":{"country_code":"SRB","city":"In\u0111ija","id":"790015","downloaders":{"size":56,"mobile":43,"satellite":0,"tor":0,"tor_exit_nodes":0,"vpn":0,"relay":0,"proxy":0,"hosting":0,"service":0},"uploaders":{"size":9,"mobile":8,"satellite":0,"tor":0,"tor_exit_nodes":0,"vpn":0,"relay":0,"proxy":0,"hosting":0,"service":0}},"geometry":{"type":"Point","coordinates":[20.08165,45.04816]}},{"type":"Feature","properties":{"country_code":"NLD","city":"Leerdam","id":"2751808","downloaders":{"size":56,"mobile":0,"satellite":0,"tor":0,"tor_exit_nodes":0,"vpn":0,"relay":0,"proxy":0,"hosting":0,"service":0},"uploaders":{"size":3,"mobile":0,"satellite":0,"tor":0,"tor_exit_nodes":0,"vpn":0,"relay":0,"proxy":0,"hosting":0,"service":0}},"geometry":{"type":"Point","coordinates":[5.09167,51.89333]}},{"type":"Feature","properties":{"country_code":"FIN","city":"Karis","id":"654047","downloaders":{"size":56,"mobile":0,"satellite":0,"tor":0,"tor_exit_nodes":0,"vpn":1,"relay":0,"proxy":0,"hosting":0,"service":0},"uploaders":{"size":3,"mobile":0,"satellite":0,"tor":0,"tor_exit_nodes":0,"vpn":0,"relay":0,"proxy":0,"hosting":0,"service":0}},"geometry":{"type":"Point","coordinates":[23.66163,60.07178]}},{"type":"Feature","properties":{"country_code":"USA","city":"Paducah","id":"4048662","downloaders":{"size":55,"mobile":0,"satellite":0,"tor":0,"tor_exit_nodes":0,"vpn":0,"relay":0,"proxy":0,"hosting":0,"service":0},"uploaders":{"size":6,"mobile":0,"satellite":0,"tor":0,"tor_exit_nodes":0,"vpn":0,"relay":0,"proxy":0,"hosting":0,"service":0}},"geometry":{"type":"Point","coordinates":[-88.60005,37.08339]}},{"type":"Feature","properties":{"country_code":"GBR","city":"Brentford","id":"2654787","downloaders":{"size":55,"mobile":0,"satellite":0,"tor":0,"tor_exit_nodes":0,"vpn":0,"relay":0,"proxy":0,"hosting":0,"service":0},"uploaders":{"size":5,"mobile":0,"satellite":0,"tor":0,"tor_exit_nodes":0,"vpn":0,"relay":0,"proxy":0,"hosting":0,"service":0}},"geometry":{"type":"Point","coordinates":[-0.3083,51.48619]}},{"type":"Feature","properties":{"country_code":"USA","city":"Lake Carmel","id":"5123777","downloaders":{"size":55,"mobile":0,"satellite":0,"tor":0,"tor_exit_nodes":0,"vpn":5,"relay":0,"proxy":0,"hosting":0,"service":0},"uploaders":{"size":3,"mobile":0,"satellite":0,"tor":0,"tor_exit_nodes":0,"vpn":2,"relay":0,"proxy":0,"hosting":0,"service":0}},"geometry":{"type":"Point","coordinates":[-73.67096,41.46148]}},{"type":"Feature","properties":{"country_code":"UKR","city":"Kamyanka-Dniprovska","id":"707026","downloaders":{"size":55,"mobile":0,"satellite":0,"tor":0,"tor_exit_nodes":0,"vpn":0,"relay":0,"proxy":0,"hosting":0,"service":0},"uploaders":{"size":7,"mobile":0,"satellite":0,"tor":0,"tor_exit_nodes":0,"vpn":0,"relay":0,"proxy":0,"hosting":0,"service":0}},"geometry":{"type":"Point","coordinates":[34.41026,47.49629]}},{"type":"Feature","properties":{"country_code":"CAN","city":"Aldergrove","id":"7669018","downloaders":{"size":55,"mobile":35,"satellite":0,"tor":0,"tor_exit_nodes":0,"vpn":2,"relay":0,"proxy":0,"hosting":0,"service":0},"uploaders":{"size":4,"mobile":2,"satellite":0,"tor":0,"tor_exit_nodes":0,"vpn":1,"relay":0,"proxy":0,"hosting":0,"service":0}},"geometry":{"type":"Point","coordinates":[-122.47087,49.05801]}},{"type":"Feature","properties":{"country_code":"FRA","city":"Langon","id":"3007691","downloaders":{"size":55,"mobile":31,"satellite":0,"tor":0,"tor_exit_nodes":0,"vpn":0,"relay":0,"proxy":0,"hosting":0,"service":0},"uploaders":{"size":3,"mobile":1,"satellite":0,"tor":0,"tor_exit_nodes":0,"vpn":0,"relay":0,"proxy":0,"hosting":0,"service":0}},"geometry":{"type":"Point","coordinates":[-0.24986,44.55277]}},{"type":"Feature","properties":{"country_code":"IND","city":"Dindigul","id":"1272543","downloaders":{"size":55,"mobile":0,"satellite":0,"tor":0,"tor_exit_nodes":0,"vpn":0,"relay":0,"proxy":0,"hosting":0,"service":0},"uploaders":{"size":6,"mobile":0,"satellite":0,"tor":0,"tor_exit_nodes":0,"vpn":0,"relay":0,"proxy":0,"hosting":0,"service":0}},"geometry":{"type":"Point","coordinates":[77.98036,10.36896]}},{"type":"Feature","properties":{"country_code":"FRA","city":"Rosheim","id":"2982790","downloaders":{"size":55,"mobile":4,"satellite":0,"tor":0,"tor_exit_nodes":0,"vpn":0,"relay":0,"proxy":0,"hosting":0,"service":0},"uploaders":{"size":14,"mobile":0,"satellite":0,"tor":0,"tor_exit_nodes":0,"vpn":0,"relay":0,"proxy":0,"hosting":0,"service":0}},"geometry":{"type":"Point","coordinates":[7.47105,48.4971]}},{"type":"Feature","properties":{"country_code":"USA","city":"Kingman","id":"5301067","downloaders":{"size":55,"mobile":0,"satellite":0,"tor":0,"tor_exit_nodes":0,"vpn":0,"relay":0,"proxy":0,"hosting":0,"service":0},"uploaders":{"size":4,"mobile":0,"satellite":0,"tor":0,"tor_exit_nodes":0,"vpn":0,"relay":0,"proxy":0,"hosting":0,"service":0}},"geometry":{"type":"Point","coordinates":[-114.05301,35.18944]}},{"type":"Feature","properties":{"country_code":"USA","city":"Chalfont","id":"5183803","downloaders":{"size":55,"mobile":0,"satellite":0,"tor":0,"tor_exit_nodes":0,"vpn":0,"relay":0,"proxy":0,"hosting":0,"service":0},"uploaders":{"size":3,"mobile":0,"satellite":0,"tor":0,"tor_exit_nodes":0,"vpn":0,"relay":0,"proxy":0,"hosting":0,"service":0}},"geometry":{"type":"Point","coordinates":[-75.20906,40.28844]}},{"type":"Feature","properties":{"country_code":"USA","city":"Brandermill","id":"4748726","downloaders":{"size":55,"mobile":0,"satellite":0,"tor":0,"tor_exit_nodes":0,"vpn":2,"relay":0,"proxy":0,"hosting":0,"service":0},"uploaders":{"size":3,"mobile":0,"satellite":0,"tor":0,"tor_exit_nodes":0,"vpn":0,"relay":0,"proxy":0,"hosting":0,"service":0}},"geometry":{"type":"Point","coordinates":[-77.64971,37.43209]}},{"type":"Feature","properties":{"country_code":"USA","city":"White Horse","id":"5106378","downloaders":{"size":55,"mobile":0,"satellite":0,"tor":0,"tor_exit_nodes":0,"vpn":0,"relay":0,"proxy":0,"hosting":0,"service":0},"uploaders":{"size":8,"mobile":0,"satellite":0,"tor":0,"tor_exit_nodes":0,"vpn":0,"relay":0,"proxy":0,"hosting":0,"service":0}},"geometry":{"type":"Point","coordinates":[-74.70238,40.19067]}},{"type":"Feature","properties":{"country_code":"CAN","city":"Labrador City","id":"5994839","downloaders":{"size":55,"mobile":0,"satellite":0,"tor":0,"tor_exit_nodes":0,"vpn":0,"relay":0,"proxy":0,"hosting":0,"service":0},"uploaders":{"size":4,"mobile":0,"satellite":0,"tor":0,"tor_exit_nodes":0,"vpn":0,"relay":0,"proxy":0,"hosting":0,"service":0}},"geometry":{"type":"Point","coordinates":[-66.91137,52.94626]}},{"type":"Feature","properties":{"country_code":"USA","city":"Gretna","id":"5069480","downloaders":{"size":54,"mobile":0,"satellite":0,"tor":0,"tor_exit_nodes":0,"vpn":0,"relay":0,"proxy":0,"hosting":0,"service":0},"uploaders":{"size":3,"mobile":0,"satellite":0,"tor":0,"tor_exit_nodes":0,"vpn":0,"relay":0,"proxy":0,"hosting":0,"service":0}},"geometry":{"type":"Point","coordinates":[-96.23974,41.14083]}},{"type":"Feature","properties":{"country_code":"USA","city":"Pell City","id":"4082589","downloaders":{"size":54,"mobile":0,"satellite":0,"tor":0,"tor_exit_nodes":0,"vpn":0,"relay":0,"proxy":0,"hosting":0,"service":0},"uploaders":{"size":7,"mobile":0,"satellite":0,"tor":0,"tor_exit_nodes":0,"vpn":0,"relay":0,"proxy":0,"hosting":0,"service":0}},"geometry":{"type":"Point","coordinates":[-86.28609,33.58621]}},{"type":"Feature","properties":{"country_code":"POL","city":"Kutno","id":"3094170","downloaders":{"size":54,"mobile":0,"satellite":0,"tor":0,"tor_exit_nodes":0,"vpn":0,"relay":0,"proxy":0,"hosting":0,"service":0},"uploaders":{"size":3,"mobile":0,"satellite":0,"tor":0,"tor_exit_nodes":0,"vpn":0,"relay":0,"proxy":0,"hosting":0,"service":0}},"geometry":{"type":"Point","coordinates":[19.36409,52.23064]}},{"type":"Feature","properties":{"country_code":"USA","city":"Madison","id":"4207447","downloaders":{"size":54,"mobile":0,"satellite":0,"tor":0,"tor_exit_nodes":0,"vpn":0,"relay":0,"proxy":0,"hosting":0,"service":0},"uploaders":{"size":4,"mobile":0,"satellite":0,"tor":0,"tor_exit_nodes":0,"vpn":0,"relay":0,"proxy":0,"hosting":0,"service":0}},"geometry":{"type":"Point","coordinates":[-83.46794,33.59568]}},{"type":"Feature","properties":{"country_code":"USA","city":"Brownwood","id":"4676798","downloaders":{"size":54,"mobile":0,"satellite":0,"tor":0,"tor_exit_nodes":0,"vpn":0,"relay":0,"proxy":0,"hosting":0,"service":0},"uploaders":{"size":7,"mobile":0,"satellite":0,"tor":0,"tor_exit_nodes":0,"vpn":0,"relay":0,"proxy":0,"hosting":0,"service":0}},"geometry":{"type":"Point","coordinates":[-99.0921,31.7742]}},{"type":"Feature","properties":{"country_code":"HUN","city":"Kakucs","id":"3050750","downloaders":{"size":54,"mobile":0,"satellite":0,"tor":0,"tor_exit_nodes":0,"vpn":0,"relay":0,"proxy":0,"hosting":0,"service":0},"uploaders":{"size":8,"mobile":0,"satellite":0,"tor":0,"tor_exit_nodes":0,"vpn":0,"relay":0,"proxy":0,"hosting":0,"service":0}},"geometry":{"type":"Point","coordinates":[19.36467,47.242]}},{"type":"Feature","properties":{"country_code":"FRA","city":"Trappes","id":"2972049","downloaders":{"size":54,"mobile":4,"satellite":0,"tor":0,"tor_exit_nodes":0,"vpn":0,"relay":0,"proxy":0,"hosting":0,"service":0},"uploaders":{"size":8,"mobile":0,"satellite":0,"tor":0,"tor_exit_nodes":0,"vpn":0,"relay":0,"proxy":0,"hosting":0,"service":0}},"geometry":{"type":"Point","coordinates":[2.01781,48.77413]}},{"type":"Feature","properties":{"country_code":"IDN","city":"Palimanan","id":"1633056","downloaders":{"size":54,"mobile":52,"satellite":0,"tor":0,"tor_exit_nodes":0,"vpn":0,"relay":0,"proxy":0,"hosting":0,"service":0},"uploaders":{"size":30,"mobile":30,"satellite":0,"tor":0,"tor_exit_nodes":0,"vpn":0,"relay":0,"proxy":0,"hosting":0,"service":0}},"geometry":{"type":"Point","coordinates":[108.42417,-6.70694]}},{"type":"Feature","properties":{"country_code":"CAN","city":"Mont-Saint-Hilaire","id":"6077340","downloaders":{"size":54,"mobile":7,"satellite":0,"tor":0,"tor_exit_nodes":0,"vpn":0,"relay":0,"proxy":0,"hosting":0,"service":0},"uploaders":{"size":4,"mobile":0,"satellite":0,"tor":0,"tor_exit_nodes":0,"vpn":0,"relay":0,"proxy":0,"hosting":0,"service":0}},"geometry":{"type":"Point","coordinates":[-73.1868,45.56515]}},{"type":"Feature","properties":{"country_code":"ITA","city":"Bedizzole","id":"6534215","downloaders":{"size":54,"mobile":0,"satellite":0,"tor":0,"tor_exit_nodes":0,"vpn":0,"relay":0,"proxy":0,"hosting":0,"service":0},"uploaders":{"size":3,"mobile":0,"satellite":0,"tor":0,"tor_exit_nodes":0,"vpn":0,"relay":0,"proxy":0,"hosting":0,"service":0}},"geometry":{"type":"Point","coordinates":[10.42327,45.51038]}},{"type":"Feature","properties":{"country_code":"ETH","city":"Sodo","id":"7910079","downloaders":{"size":53,"mobile":53,"satellite":0,"tor":0,"tor_exit_nodes":0,"vpn":0,"relay":0,"proxy":0,"hosting":0,"service":0},"uploaders":{"size":32,"mobile":32,"satellite":0,"tor":0,"tor_exit_nodes":0,"vpn":0,"relay":0,"proxy":0,"hosting":0,"service":0}},"geometry":{"type":"Point","coordinates":[37.76159,6.86]}},{"type":"Feature","properties":{"country_code":"DEU","city":"F\u00fcrth","id":"2923543","downloaders":{"size":53,"mobile":0,"satellite":0,"tor":0,"tor_exit_nodes":0,"vpn":0,"relay":0,"proxy":0,"hosting":0,"service":0},"uploaders":{"size":3,"mobile":0,"satellite":0,"tor":0,"tor_exit_nodes":0,"vpn":0,"relay":0,"proxy":0,"hosting":0,"service":0}},"geometry":{"type":"Point","coordinates":[8.78472,49.65083]}},{"type":"Feature","properties":{"country_code":"USA","city":"White Haven","id":"5686032","downloaders":{"size":53,"mobile":0,"satellite":0,"tor":0,"tor_exit_nodes":0,"vpn":0,"relay":0,"proxy":0,"hosting":0,"service":0},"uploaders":{"size":4,"mobile":0,"satellite":0,"tor":0,"tor_exit_nodes":0,"vpn":0,"relay":0,"proxy":0,"hosting":0,"service":0}},"geometry":{"type":"Point","coordinates":[-115.51739,48.34495]}},{"type":"Feature","properties":{"country_code":"USA","city":"Monterey","id":"5374361","downloaders":{"size":53,"mobile":0,"satellite":0,"tor":0,"tor_exit_nodes":0,"vpn":0,"relay":0,"proxy":0,"hosting":0,"service":0},"uploaders":{"size":13,"mobile":0,"satellite":0,"tor":0,"tor_exit_nodes":0,"vpn":0,"relay":0,"proxy":0,"hosting":0,"service":0}},"geometry":{"type":"Point","coordinates":[-121.8443,36.5802]}},{"type":"Feature","properties":{"country_code":"RUS","city":"Baryshevo","id":"1510821","downloaders":{"size":53,"mobile":0,"satellite":0,"tor":0,"tor_exit_nodes":0,"vpn":0,"relay":0,"proxy":0,"hosting":0,"service":0},"uploaders":{"size":3,"mobile":0,"satellite":0,"tor":0,"tor_exit_nodes":0,"vpn":0,"relay":0,"proxy":0,"hosting":0,"service":0}},"geometry":{"type":"Point","coordinates":[83.1822,54.9564]}},{"type":"Feature","properties":{"country_code":"SGP","city":"Bedok New Town","id":"1884382","downloaders":{"size":53,"mobile":0,"satellite":0,"tor":0,"tor_exit_nodes":0,"vpn":0,"relay":0,"proxy":0,"hosting":0,"service":0},"uploaders":{"size":6,"mobile":0,"satellite":0,"tor":0,"tor_exit_nodes":0,"vpn":0,"relay":0,"proxy":0,"hosting":0,"service":0}},"geometry":{"type":"Point","coordinates":[103.94167,1.32639]}},{"type":"Feature","properties":{"country_code":"USA","city":"Wilton","id":"5409941","downloaders":{"size":53,"mobile":0,"satellite":0,"tor":0,"tor_exit_nodes":0,"vpn":0,"relay":0,"proxy":0,"hosting":0,"service":0},"uploaders":{"size":4,"mobile":0,"satellite":0,"tor":0,"tor_exit_nodes":0,"vpn":0,"relay":0,"proxy":0,"hosting":0,"service":0}},"geometry":{"type":"Point","coordinates":[-121.27217,38.41186]}},{"type":"Feature","properties":{"country_code":"USA","city":"Leisure Village East","id":"5100383","downloaders":{"size":53,"mobile":0,"satellite":0,"tor":0,"tor_exit_nodes":0,"vpn":0,"relay":0,"proxy":0,"hosting":0,"service":0},"uploaders":{"size":3,"mobile":0,"satellite":0,"tor":0,"tor_exit_nodes":0,"vpn":0,"relay":0,"proxy":0,"hosting":0,"service":0}},"geometry":{"type":"Point","coordinates":[-74.16431,40.03012]}},{"type":"Feature","properties":{"country_code":"PRT","city":"Celorico de Basto","id":"2740885","downloaders":{"size":53,"mobile":1,"satellite":0,"tor":0,"tor_exit_nodes":0,"vpn":0,"relay":0,"proxy":0,"hosting":0,"service":0},"uploaders":{"size":3,"mobile":0,"satellite":0,"tor":0,"tor_exit_nodes":0,"vpn":0,"relay":0,"proxy":0,"hosting":0,"service":0}},"geometry":{"type":"Point","coordinates":[-8.00101,41.38714]}},{"type":"Feature","properties":{"country_code":"CZE","city":"Sedlec","id":"3066314","downloaders":{"size":52,"mobile":0,"satellite":0,"tor":0,"tor_exit_nodes":0,"vpn":0,"relay":0,"proxy":0,"hosting":0,"service":0},"uploaders":{"size":6,"mobile":0,"satellite":0,"tor":0,"tor_exit_nodes":0,"vpn":0,"relay":0,"proxy":0,"hosting":0,"service":0}},"geometry":{"type":"Point","coordinates":[14.01629,50.45006]}},{"type":"Feature","properties":{"country_code":"TUR","city":"\u0130negol","id":"745169","downloaders":{"size":52,"mobile":0,"satellite":0,"tor":0,"tor_exit_nodes":0,"vpn":1,"relay":0,"proxy":0,"hosting":0,"service":0},"uploaders":{"size":3,"mobile":0,"satellite":0,"tor":0,"tor_exit_nodes":0,"vpn":0,"relay":0,"proxy":0,"hosting":0,"service":0}},"geometry":{"type":"Point","coordinates":[29.51333,40.07806]}},{"type":"Feature","properties":{"country_code":"BEL","city":"Soignies","id":"2786420","downloaders":{"size":52,"mobile":0,"satellite":0,"tor":0,"tor_exit_nodes":0,"vpn":0,"relay":0,"proxy":0,"hosting":0,"service":0},"uploaders":{"size":4,"mobile":0,"satellite":0,"tor":0,"tor_exit_nodes":0,"vpn":0,"relay":0,"proxy":0,"hosting":0,"service":0}},"geometry":{"type":"Point","coordinates":[4.07129,50.57904]}},{"type":"Feature","properties":{"country_code":"USA","city":"Harvard","id":"4895282","downloaders":{"size":52,"mobile":0,"satellite":0,"tor":0,"tor_exit_nodes":0,"vpn":0,"relay":0,"proxy":0,"hosting":0,"service":0},"uploaders":{"size":4,"mobile":0,"satellite":0,"tor":0,"tor_exit_nodes":0,"vpn":0,"relay":0,"proxy":0,"hosting":0,"service":0}},"geometry":{"type":"Point","coordinates":[-88.61371,42.42224]}},{"type":"Feature","properties":{"country_code":"DEU","city":"Hainfeld","id":"2911831","downloaders":{"size":52,"mobile":0,"satellite":0,"tor":0,"tor_exit_nodes":0,"vpn":0,"relay":0,"proxy":0,"hosting":0,"service":0},"uploaders":{"size":3,"mobile":0,"satellite":0,"tor":0,"tor_exit_nodes":0,"vpn":0,"relay":0,"proxy":0,"hosting":0,"service":0}},"geometry":{"type":"Point","coordinates":[8.10111,49.2575]}},{"type":"Feature","properties":{"country_code":"USA","city":"Tomball","id":"4737094","downloaders":{"size":52,"mobile":0,"satellite":0,"tor":0,"tor_exit_nodes":0,"vpn":0,"relay":0,"proxy":0,"hosting":0,"service":0},"uploaders":{"size":3,"mobile":0,"satellite":0,"tor":0,"tor_exit_nodes":0,"vpn":0,"relay":0,"proxy":0,"hosting":0,"service":0}},"geometry":{"type":"Point","coordinates":[-95.61605,30.09716]}},{"type":"Feature","properties":{"country_code":"USA","city":"Ridgeland","id":"4443296","downloaders":{"size":52,"mobile":0,"satellite":0,"tor":0,"tor_exit_nodes":0,"vpn":12,"relay":0,"proxy":0,"hosting":0,"service":0},"uploaders":{"size":3,"mobile":0,"satellite":0,"tor":0,"tor_exit_nodes":0,"vpn":0,"relay":0,"proxy":0,"hosting":0,"service":0}},"geometry":{"type":"Point","coordinates":[-90.13231,32.42848]}},{"type":"Feature","properties":{"country_code":"USA","city":"Lynden","id":"5802035","downloaders":{"size":52,"mobile":0,"satellite":0,"tor":0,"tor_exit_nodes":0,"vpn":0,"relay":0,"proxy":0,"hosting":0,"service":0},"uploaders":{"size":6,"mobile":0,"satellite":0,"tor":0,"tor_exit_nodes":0,"vpn":0,"relay":0,"proxy":0,"hosting":0,"service":0}},"geometry":{"type":"Point","coordinates":[-122.45211,48.9465]}},{"type":"Feature","properties":{"country_code":"BRA","city":"Bom Jardim","id":"3469481","downloaders":{"size":52,"mobile":0,"satellite":0,"tor":0,"tor_exit_nodes":0,"vpn":9,"relay":0,"proxy":0,"hosting":0,"service":0},"uploaders":{"size":6,"mobile":0,"satellite":0,"tor":0,"tor_exit_nodes":0,"vpn":0,"relay":0,"proxy":0,"hosting":0,"service":0}},"geometry":{"type":"Point","coordinates":[-42.41944,-22.15194]}},{"type":"Feature","properties":{"country_code":"USA","city":"Munhall","id":"5202734","downloaders":{"size":51,"mobile":0,"satellite":0,"tor":0,"tor_exit_nodes":0,"vpn":0,"relay":0,"proxy":0,"hosting":0,"service":0},"uploaders":{"size":5,"mobile":0,"satellite":0,"tor":0,"tor_exit_nodes":0,"vpn":0,"relay":0,"proxy":0,"hosting":0,"service":0}},"geometry":{"type":"Point","coordinates":[-79.90005,40.39229]}},{"type":"Feature","properties":{"country_code":"DEU","city":"Kalkar","id":"2893837","downloaders":{"size":51,"mobile":0,"satellite":0,"tor":0,"tor_exit_nodes":0,"vpn":0,"relay":0,"proxy":0,"hosting":0,"service":0},"uploaders":{"size":4,"mobile":0,"satellite":0,"tor":0,"tor_exit_nodes":0,"vpn":0,"relay":0,"proxy":0,"hosting":0,"service":0}},"geometry":{"type":"Point","coordinates":[6.29101,51.73907]}},{"type":"Feature","properties":{"country_code":"URY","city":"Carmelo","id":"3443341","downloaders":{"size":51,"mobile":0,"satellite":0,"tor":0,"tor_exit_nodes":0,"vpn":0,"relay":0,"proxy":0,"hosting":0,"service":0},"uploaders":{"size":12,"mobile":0,"satellite":0,"tor":0,"tor_exit_nodes":0,"vpn":0,"relay":0,"proxy":0,"hosting":0,"service":0}},"geometry":{"type":"Point","coordinates":[-58.28402,-34.00023]}},{"type":"Feature","properties":{"country_code":"NLD","city":"Hulsen","id":"2753443","downloaders":{"size":51,"mobile":0,"satellite":0,"tor":0,"tor_exit_nodes":0,"vpn":0,"relay":0,"proxy":0,"hosting":0,"service":0},"uploaders":{"size":6,"mobile":0,"satellite":0,"tor":0,"tor_exit_nodes":0,"vpn":0,"relay":0,"proxy":0,"hosting":0,"service":0}},"geometry":{"type":"Point","coordinates":[6.47361,52.37917]}},{"type":"Feature","properties":{"country_code":"LAO","city":"Luang Prabang","id":"1655559","downloaders":{"size":51,"mobile":51,"satellite":0,"tor":0,"tor_exit_nodes":0,"vpn":0,"relay":0,"proxy":0,"hosting":0,"service":0},"uploaders":{"size":13,"mobile":13,"satellite":0,"tor":0,"tor_exit_nodes":0,"vpn":0,"relay":0,"proxy":0,"hosting":0,"service":0}},"geometry":{"type":"Point","coordinates":[102.1525,19.8933]}},{"type":"Feature","properties":{"country_code":"ESP","city":"Conil de la Frontera","id":"2519289","downloaders":{"size":51,"mobile":0,"satellite":0,"tor":0,"tor_exit_nodes":0,"vpn":0,"relay":0,"proxy":0,"hosting":0,"service":0},"uploaders":{"size":3,"mobile":0,"satellite":0,"tor":0,"tor_exit_nodes":0,"vpn":0,"relay":0,"proxy":0,"hosting":0,"service":0}},"geometry":{"type":"Point","coordinates":[-6.0885,36.27719]}},{"type":"Feature","properties":{"country_code":"SWE","city":"H\u00f6rby","id":"2705049","downloaders":{"size":51,"mobile":0,"satellite":0,"tor":0,"tor_exit_nodes":0,"vpn":0,"relay":0,"proxy":0,"hosting":0,"service":0},"uploaders":{"size":16,"mobile":0,"satellite":0,"tor":0,"tor_exit_nodes":0,"vpn":0,"relay":0,"proxy":0,"hosting":0,"service":0}},"geometry":{"type":"Point","coordinates":[13.66094,55.85238]}},{"type":"Feature","properties":{"country_code":"USA","city":"Berwick","id":"4832356","downloaders":{"size":51,"mobile":0,"satellite":0,"tor":0,"tor_exit_nodes":0,"vpn":0,"relay":0,"proxy":0,"hosting":0,"service":0},"uploaders":{"size":3,"mobile":0,"satellite":0,"tor":0,"tor_exit_nodes":0,"vpn":0,"relay":0,"proxy":0,"hosting":0,"service":0}},"geometry":{"type":"Point","coordinates":[-70.8645,43.26592]}},{"type":"Feature","properties":{"country_code":"DEU","city":"Geisenheim","id":"2921707","downloaders":{"size":51,"mobile":0,"satellite":0,"tor":0,"tor_exit_nodes":0,"vpn":0,"relay":0,"proxy":0,"hosting":0,"service":0},"uploaders":{"size":5,"mobile":0,"satellite":0,"tor":0,"tor_exit_nodes":0,"vpn":0,"relay":0,"proxy":0,"hosting":0,"service":0}},"geometry":{"type":"Point","coordinates":[7.96835,49.9847]}},{"type":"Feature","properties":{"country_code":"GBR","city":"Godmanchester","id":"2648370","downloaders":{"size":51,"mobile":0,"satellite":0,"tor":0,"tor_exit_nodes":0,"vpn":0,"relay":0,"proxy":0,"hosting":5,"service":0},"uploaders":{"size":5,"mobile":0,"satellite":0,"tor":0,"tor_exit_nodes":0,"vpn":0,"relay":0,"proxy":0,"hosting":0,"service":0}},"geometry":{"type":"Point","coordinates":[-0.17509,52.31939]}},{"type":"Feature","properties":{"country_code":"AUT","city":"Sch\u00f6nkirchen-Reyersdorf","id":"11591764","downloaders":{"size":51,"mobile":1,"satellite":0,"tor":0,"tor_exit_nodes":0,"vpn":0,"relay":0,"proxy":0,"hosting":0,"service":0},"uploaders":{"size":5,"mobile":0,"satellite":0,"tor":0,"tor_exit_nodes":0,"vpn":0,"relay":0,"proxy":0,"hosting":0,"service":0}},"geometry":{"type":"Point","coordinates":[16.69115,48.35477]}},{"type":"Feature","properties":{"country_code":"POL","city":"Szczepan\u00f3w","id":"757420","downloaders":{"size":51,"mobile":0,"satellite":0,"tor":0,"tor_exit_nodes":0,"vpn":0,"relay":0,"proxy":0,"hosting":0,"service":0},"uploaders":{"size":3,"mobile":0,"satellite":0,"tor":0,"tor_exit_nodes":0,"vpn":0,"relay":0,"proxy":0,"hosting":0,"service":0}},"geometry":{"type":"Point","coordinates":[20.65447,50.0052]}},{"type":"Feature","properties":{"country_code":"AUT","city":"Gablitz","id":"2779061","downloaders":{"size":50,"mobile":0,"satellite":0,"tor":0,"tor_exit_nodes":0,"vpn":1,"relay":0,"proxy":0,"hosting":0,"service":0},"uploaders":{"size":3,"mobile":0,"satellite":0,"tor":0,"tor_exit_nodes":0,"vpn":1,"relay":0,"proxy":0,"hosting":0,"service":0}},"geometry":{"type":"Point","coordinates":[16.15437,48.22856]}},{"type":"Feature","properties":{"country_code":"USA","city":"Ticonderoga","id":"5141002","downloaders":{"size":50,"mobile":0,"satellite":0,"tor":0,"tor_exit_nodes":0,"vpn":0,"relay":0,"proxy":0,"hosting":0,"service":0},"uploaders":{"size":3,"mobile":0,"satellite":0,"tor":0,"tor_exit_nodes":0,"vpn":0,"relay":0,"proxy":0,"hosting":0,"service":0}},"geometry":{"type":"Point","coordinates":[-73.42345,43.84867]}},{"type":"Feature","properties":{"country_code":"ESP","city":"Cardedeu","id":"3126317","downloaders":{"size":50,"mobile":3,"satellite":0,"tor":0,"tor_exit_nodes":0,"vpn":0,"relay":0,"proxy":0,"hosting":0,"service":0},"uploaders":{"size":4,"mobile":1,"satellite":0,"tor":0,"tor_exit_nodes":0,"vpn":0,"relay":0,"proxy":0,"hosting":0,"service":0}},"geometry":{"type":"Point","coordinates":[2.35739,41.63976]}},{"type":"Feature","properties":{"country_code":"ESP","city":"La Puebla de Montalb\u00e1n","id":"2515619","downloaders":{"size":50,"mobile":49,"satellite":0,"tor":0,"tor_exit_nodes":0,"vpn":0,"relay":0,"proxy":0,"hosting":0,"service":0},"uploaders":{"size":3,"mobile":3,"satellite":0,"tor":0,"tor_exit_nodes":0,"vpn":0,"relay":0,"proxy":0,"hosting":0,"service":0}},"geometry":{"type":"Point","coordinates":[-4.35917,39.86297]}},{"type":"Feature","properties":{"country_code":"KAZ","city":"Altay","id":"1516438","downloaders":{"size":49,"mobile":2,"satellite":0,"tor":0,"tor_exit_nodes":0,"vpn":0,"relay":0,"proxy":0,"hosting":0,"service":0},"uploaders":{"size":3,"mobile":0,"satellite":0,"tor":0,"tor_exit_nodes":0,"vpn":0,"relay":0,"proxy":0,"hosting":0,"service":0}},"geometry":{"type":"Point","coordinates":[84.25416,49.73626]}},{"type":"Feature","properties":{"country_code":"BIH","city":"\u010capljina","id":"3202873","downloaders":{"size":49,"mobile":0,"satellite":0,"tor":0,"tor_exit_nodes":0,"vpn":0,"relay":0,"proxy":0,"hosting":0,"service":0},"uploaders":{"size":3,"mobile":0,"satellite":0,"tor":0,"tor_exit_nodes":0,"vpn":0,"relay":0,"proxy":0,"hosting":0,"service":0}},"geometry":{"type":"Point","coordinates":[17.68444,43.12139]}},{"type":"Feature","properties":{"country_code":"RUS","city":"Ugra","id":"479471","downloaders":{"size":49,"mobile":0,"satellite":0,"tor":0,"tor_exit_nodes":0,"vpn":0,"relay":0,"proxy":0,"hosting":0,"service":0},"uploaders":{"size":7,"mobile":0,"satellite":0,"tor":0,"tor_exit_nodes":0,"vpn":0,"relay":0,"proxy":0,"hosting":0,"service":0}},"geometry":{"type":"Point","coordinates":[34.32674,54.77775]}},{"type":"Feature","properties":{"country_code":"AUT","city":"Reutte","id":"2767511","downloaders":{"size":49,"mobile":0,"satellite":0,"tor":0,"tor_exit_nodes":0,"vpn":0,"relay":0,"proxy":0,"hosting":0,"service":0},"uploaders":{"size":3,"mobile":0,"satellite":0,"tor":0,"tor_exit_nodes":0,"vpn":0,"relay":0,"proxy":0,"hosting":0,"service":0}},"geometry":{"type":"Point","coordinates":[10.71667,47.48333]}},{"type":"Feature","properties":{"country_code":"BRA","city":"Peju\u00e7ara","id":"3454255","downloaders":{"size":49,"mobile":0,"satellite":0,"tor":0,"tor_exit_nodes":0,"vpn":0,"relay":0,"proxy":0,"hosting":0,"service":0},"uploaders":{"size":3,"mobile":0,"satellite":0,"tor":0,"tor_exit_nodes":0,"vpn":0,"relay":0,"proxy":0,"hosting":0,"service":0}},"geometry":{"type":"Point","coordinates":[-53.65583,-28.42333]}},{"type":"Feature","properties":{"country_code":"USA","city":"Gandy","id":"4156462","downloaders":{"size":48,"mobile":0,"satellite":0,"tor":0,"tor_exit_nodes":0,"vpn":0,"relay":0,"proxy":0,"hosting":0,"service":0},"uploaders":{"size":4,"mobile":0,"satellite":0,"tor":0,"tor_exit_nodes":0,"vpn":0,"relay":0,"proxy":0,"hosting":0,"service":0}},"geometry":{"type":"Point","coordinates":[-82.61612,27.8685]}},{"type":"Feature","properties":{"country_code":"USA","city":"Warner Robins","id":"4229476","downloaders":{"size":48,"mobile":0,"satellite":0,"tor":0,"tor_exit_nodes":0,"vpn":0,"relay":0,"proxy":0,"hosting":0,"service":0},"uploaders":{"size":4,"mobile":0,"satellite":0,"tor":0,"tor_exit_nodes":0,"vpn":0,"relay":0,"proxy":0,"hosting":0,"service":0}},"geometry":{"type":"Point","coordinates":[-83.62664,32.61574]}},{"type":"Feature","properties":{"country_code":"DEU","city":"Geretsried","id":"2921139","downloaders":{"size":48,"mobile":0,"satellite":0,"tor":0,"tor_exit_nodes":0,"vpn":0,"relay":0,"proxy":0,"hosting":0,"service":0},"uploaders":{"size":3,"mobile":0,"satellite":0,"tor":0,"tor_exit_nodes":0,"vpn":0,"relay":0,"proxy":0,"hosting":0,"service":0}},"geometry":{"type":"Point","coordinates":[11.48054,47.85775]}},{"type":"Feature","properties":{"country_code":"USA","city":"University City","id":"4412697","downloaders":{"size":48,"mobile":0,"satellite":0,"tor":0,"tor_exit_nodes":0,"vpn":0,"relay":0,"proxy":0,"hosting":0,"service":0},"uploaders":{"size":3,"mobile":0,"satellite":0,"tor":0,"tor_exit_nodes":0,"vpn":0,"relay":0,"proxy":0,"hosting":0,"service":0}},"geometry":{"type":"Point","coordinates":[-90.3225,38.6669]}},{"type":"Feature","properties":{"country_code":"DEU","city":"Lengerich","id":"2878840","downloaders":{"size":48,"mobile":0,"satellite":0,"tor":0,"tor_exit_nodes":0,"vpn":0,"relay":0,"proxy":0,"hosting":0,"service":0},"uploaders":{"size":3,"mobile":0,"satellite":0,"tor":0,"tor_exit_nodes":0,"vpn":0,"relay":0,"proxy":0,"hosting":0,"service":0}},"geometry":{"type":"Point","coordinates":[7.86043,52.18661]}},{"type":"Feature","properties":{"country_code":"SVN","city":"Metlika","id":"3195214","downloaders":{"size":48,"mobile":0,"satellite":0,"tor":0,"tor_exit_nodes":0,"vpn":0,"relay":0,"proxy":0,"hosting":0,"service":0},"uploaders":{"size":3,"mobile":0,"satellite":0,"tor":0,"tor_exit_nodes":0,"vpn":0,"relay":0,"proxy":0,"hosting":0,"service":0}},"geometry":{"type":"Point","coordinates":[15.31417,45.64722]}},{"type":"Feature","properties":{"country_code":"GBR","city":"Stewartby","id":"6947164","downloaders":{"size":48,"mobile":0,"satellite":0,"tor":0,"tor_exit_nodes":0,"vpn":0,"relay":0,"proxy":0,"hosting":24,"service":0},"uploaders":{"size":3,"mobile":0,"satellite":0,"tor":0,"tor_exit_nodes":0,"vpn":0,"relay":0,"proxy":0,"hosting":0,"service":0}},"geometry":{"type":"Point","coordinates":[-0.5149,52.07044]}},{"type":"Feature","properties":{"country_code":"USA","city":"Durand","id":"4991364","downloaders":{"size":48,"mobile":0,"satellite":0,"tor":0,"tor_exit_nodes":0,"vpn":0,"relay":0,"proxy":0,"hosting":0,"service":0},"uploaders":{"size":3,"mobile":0,"satellite":0,"tor":0,"tor_exit_nodes":0,"vpn":0,"relay":0,"proxy":0,"hosting":0,"service":0}},"geometry":{"type":"Point","coordinates":[-83.98468,42.91198]}},{"type":"Feature","properties":{"country_code":"BLR","city":"Skidel\u2019","id":"611866","downloaders":{"size":48,"mobile":0,"satellite":0,"tor":0,"tor_exit_nodes":0,"vpn":0,"relay":0,"proxy":0,"hosting":0,"service":0},"uploaders":{"size":3,"mobile":0,"satellite":0,"tor":0,"tor_exit_nodes":0,"vpn":0,"relay":0,"proxy":0,"hosting":0,"service":0}},"geometry":{"type":"Point","coordinates":[24.2478,53.5904]}},{"type":"Feature","properties":{"country_code":"USA","city":"Peoria","id":"4905687","downloaders":{"size":48,"mobile":0,"satellite":0,"tor":0,"tor_exit_nodes":0,"vpn":0,"relay":0,"proxy":0,"hosting":1,"service":0},"uploaders":{"size":4,"mobile":0,"satellite":0,"tor":0,"tor_exit_nodes":0,"vpn":0,"relay":0,"proxy":0,"hosting":0,"service":0}},"geometry":{"type":"Point","coordinates":[-89.58899,40.69365]}},{"type":"Feature","properties":{"country_code":"IDN","city":"Kudus","id":"1639215","downloaders":{"size":48,"mobile":0,"satellite":0,"tor":0,"tor_exit_nodes":0,"vpn":0,"relay":0,"proxy":0,"hosting":2,"service":0},"uploaders":{"size":6,"mobile":0,"satellite":0,"tor":0,"tor_exit_nodes":0,"vpn":0,"relay":0,"proxy":0,"hosting":0,"service":0}},"geometry":{"type":"Point","coordinates":[110.8405,-6.8048]}},{"type":"Feature","properties":{"country_code":"ESP","city":"Forua","id":"3122180","downloaders":{"size":48,"mobile":5,"satellite":0,"tor":0,"tor_exit_nodes":0,"vpn":1,"relay":0,"proxy":0,"hosting":1,"service":0},"uploaders":{"size":5,"mobile":1,"satellite":0,"tor":0,"tor_exit_nodes":0,"vpn":0,"relay":0,"proxy":0,"hosting":0,"service":0}},"geometry":{"type":"Point","coordinates":[-2.67504,43.33343]}},{"type":"Feature","properties":{"country_code":"ITA","city":"Ruffano","id":"2523569","downloaders":{"size":48,"mobile":47,"satellite":0,"tor":0,"tor_exit_nodes":0,"vpn":0,"relay":0,"proxy":0,"hosting":0,"service":0},"uploaders":{"size":4,"mobile":4,"satellite":0,"tor":0,"tor_exit_nodes":0,"vpn":0,"relay":0,"proxy":0,"hosting":0,"service":0}},"geometry":{"type":"Point","coordinates":[18.24974,39.98195]}},{"type":"Feature","properties":{"country_code":"BEL","city":"Aiseau","id":"2803323","downloaders":{"size":47,"mobile":0,"satellite":0,"tor":0,"tor_exit_nodes":0,"vpn":0,"relay":0,"proxy":0,"hosting":0,"service":0},"uploaders":{"size":4,"mobile":0,"satellite":0,"tor":0,"tor_exit_nodes":0,"vpn":0,"relay":0,"proxy":0,"hosting":0,"service":0}},"geometry":{"type":"Point","coordinates":[4.58671,50.41158]}},{"type":"Feature","properties":{"country_code":"USA","city":"Yulee","id":"4178919","downloaders":{"size":47,"mobile":0,"satellite":0,"tor":0,"tor_exit_nodes":0,"vpn":0,"relay":0,"proxy":0,"hosting":0,"service":0},"uploaders":{"size":5,"mobile":0,"satellite":0,"tor":0,"tor_exit_nodes":0,"vpn":0,"relay":0,"proxy":0,"hosting":0,"service":0}},"geometry":{"type":"Point","coordinates":[-81.60649,30.6319]}},{"type":"Feature","properties":{"country_code":"USA","city":"Manor","id":"5199677","downloaders":{"size":47,"mobile":0,"satellite":0,"tor":0,"tor_exit_nodes":0,"vpn":0,"relay":0,"proxy":0,"hosting":0,"service":0},"uploaders":{"size":3,"mobile":0,"satellite":0,"tor":0,"tor_exit_nodes":0,"vpn":0,"relay":0,"proxy":0,"hosting":0,"service":0}},"geometry":{"type":"Point","coordinates":[-79.67004,40.33396]}},{"type":"Feature","properties":{"country_code":"GBR","city":"Royston","id":"2639018","downloaders":{"size":47,"mobile":1,"satellite":0,"tor":0,"tor_exit_nodes":0,"vpn":0,"relay":0,"proxy":0,"hosting":0,"service":0},"uploaders":{"size":4,"mobile":0,"satellite":0,"tor":0,"tor_exit_nodes":0,"vpn":0,"relay":0,"proxy":0,"hosting":0,"service":0}},"geometry":{"type":"Point","coordinates":[-0.02438,52.04832]}},{"type":"Feature","properties":{"country_code":"ARG","city":"General Juan Madariaga","id":"3433801","downloaders":{"size":47,"mobile":0,"satellite":0,"tor":0,"tor_exit_nodes":0,"vpn":0,"relay":0,"proxy":0,"hosting":0,"service":0},"uploaders":{"size":3,"mobile":0,"satellite":0,"tor":0,"tor_exit_nodes":0,"vpn":0,"relay":0,"proxy":0,"hosting":0,"service":0}},"geometry":{"type":"Point","coordinates":[-57.13584,-37.00196]}},{"type":"Feature","properties":{"country_code":"USA","city":"Clarkston","id":"4988997","downloaders":{"size":47,"mobile":0,"satellite":0,"tor":0,"tor_exit_nodes":0,"vpn":0,"relay":0,"proxy":0,"hosting":0,"service":0},"uploaders":{"size":3,"mobile":0,"satellite":0,"tor":0,"tor_exit_nodes":0,"vpn":0,"relay":0,"proxy":0,"hosting":0,"service":0}},"geometry":{"type":"Point","coordinates":[-83.41883,42.73586]}},{"type":"Feature","properties":{"country_code":"BEL","city":"Herk-de-Stad","id":"2795985","downloaders":{"size":46,"mobile":0,"satellite":0,"tor":0,"tor_exit_nodes":0,"vpn":0,"relay":0,"proxy":0,"hosting":0,"service":0},"uploaders":{"size":5,"mobile":0,"satellite":0,"tor":0,"tor_exit_nodes":0,"vpn":0,"relay":0,"proxy":0,"hosting":0,"service":0}},"geometry":{"type":"Point","coordinates":[5.16636,50.94013]}},{"type":"Feature","properties":{"country_code":"USA","city":"Las Vegas","id":"5475433","downloaders":{"size":46,"mobile":0,"satellite":0,"tor":0,"tor_exit_nodes":0,"vpn":2,"relay":0,"proxy":0,"hosting":0,"service":0},"uploaders":{"size":10,"mobile":0,"satellite":0,"tor":0,"tor_exit_nodes":0,"vpn":0,"relay":0,"proxy":0,"hosting":0,"service":0}},"geometry":{"type":"Point","coordinates":[-105.2239,35.59393]}},{"type":"Feature","properties":{"country_code":"VNM","city":"B\u1ebfn C\u00e1t","id":"1588060","downloaders":{"size":46,"mobile":6,"satellite":0,"tor":0,"tor_exit_nodes":0,"vpn":2,"relay":0,"proxy":0,"hosting":10,"service":0},"uploaders":{"size":3,"mobile":0,"satellite":0,"tor":0,"tor_exit_nodes":0,"vpn":0,"relay":0,"proxy":0,"hosting":2,"service":0}},"geometry":{"type":"Point","coordinates":[106.6,11.15]}},{"type":"Feature","properties":{"country_code":"MYS","city":"Batu Pahat","id":"1732687","downloaders":{"size":46,"mobile":0,"satellite":0,"tor":0,"tor_exit_nodes":0,"vpn":0,"relay":0,"proxy":0,"hosting":0,"service":0},"uploaders":{"size":5,"mobile":0,"satellite":0,"tor":0,"tor_exit_nodes":0,"vpn":0,"relay":0,"proxy":0,"hosting":0,"service":0}},"geometry":{"type":"Point","coordinates":[102.9325,1.8548]}},{"type":"Feature","properties":{"country_code":"THA","city":"Krathum Baen","id":"1609395","downloaders":{"size":46,"mobile":20,"satellite":0,"tor":0,"tor_exit_nodes":0,"vpn":1,"relay":0,"proxy":0,"hosting":0,"service":1},"uploaders":{"size":4,"mobile":0,"satellite":0,"tor":0,"tor_exit_nodes":0,"vpn":0,"relay":0,"proxy":0,"hosting":0,"service":0}},"geometry":{"type":"Point","coordinates":[100.25972,13.6533]}},{"type":"Feature","properties":{"country_code":"GBR","city":"Barnt Green","id":"2656277","downloaders":{"size":46,"mobile":2,"satellite":0,"tor":0,"tor_exit_nodes":0,"vpn":0,"relay":0,"proxy":0,"hosting":0,"service":0},"uploaders":{"size":3,"mobile":0,"satellite":0,"tor":0,"tor_exit_nodes":0,"vpn":0,"relay":0,"proxy":0,"hosting":0,"service":0}},"geometry":{"type":"Point","coordinates":[-2.00715,52.35902]}},{"type":"Feature","properties":{"country_code":"BRA","city":"Jani\u00f3polis","id":"3453785","downloaders":{"size":46,"mobile":0,"satellite":0,"tor":0,"tor_exit_nodes":0,"vpn":13,"relay":0,"proxy":0,"hosting":0,"service":0},"uploaders":{"size":18,"mobile":0,"satellite":0,"tor":0,"tor_exit_nodes":0,"vpn":8,"relay":0,"proxy":0,"hosting":0,"service":0}},"geometry":{"type":"Point","coordinates":[-52.77798,-24.14302]}},{"type":"Feature","properties":{"country_code":"DEU","city":"Oelde","id":"2857943","downloaders":{"size":46,"mobile":0,"satellite":0,"tor":0,"tor_exit_nodes":0,"vpn":0,"relay":0,"proxy":0,"hosting":0,"service":0},"uploaders":{"size":4,"mobile":0,"satellite":0,"tor":0,"tor_exit_nodes":0,"vpn":0,"relay":0,"proxy":0,"hosting":0,"service":0}},"geometry":{"type":"Point","coordinates":[8.14724,51.8289]}},{"type":"Feature","properties":{"country_code":"DEU","city":"Br\u00fcggen","id":"2943336","downloaders":{"size":45,"mobile":0,"satellite":0,"tor":0,"tor_exit_nodes":0,"vpn":0,"relay":0,"proxy":0,"hosting":0,"service":0},"uploaders":{"size":6,"mobile":0,"satellite":0,"tor":0,"tor_exit_nodes":0,"vpn":0,"relay":0,"proxy":0,"hosting":0,"service":0}},"geometry":{"type":"Point","coordinates":[6.18376,51.24053]}},{"type":"Feature","properties":{"country_code":"KAZ","city":"Smirnovo","id":"1518936","downloaders":{"size":45,"mobile":9,"satellite":0,"tor":0,"tor_exit_nodes":0,"vpn":0,"relay":0,"proxy":0,"hosting":0,"service":0},"uploaders":{"size":6,"mobile":2,"satellite":0,"tor":0,"tor_exit_nodes":0,"vpn":0,"relay":0,"proxy":0,"hosting":0,"service":0}},"geometry":{"type":"Point","coordinates":[69.42732,54.5148]}},{"type":"Feature","properties":{"country_code":"DEU","city":"Hopsten","id":"2899135","downloaders":{"size":45,"mobile":0,"satellite":0,"tor":0,"tor_exit_nodes":0,"vpn":0,"relay":0,"proxy":0,"hosting":0,"service":0},"uploaders":{"size":4,"mobile":0,"satellite":0,"tor":0,"tor_exit_nodes":0,"vpn":0,"relay":0,"proxy":0,"hosting":0,"service":0}},"geometry":{"type":"Point","coordinates":[7.60156,52.3817]}},{"type":"Feature","properties":{"country_code":"FJI","city":"Lautoka","id":"2204506","downloaders":{"size":45,"mobile":44,"satellite":0,"tor":0,"tor_exit_nodes":0,"vpn":0,"relay":0,"proxy":0,"hosting":0,"service":0},"uploaders":{"size":6,"mobile":6,"satellite":0,"tor":0,"tor_exit_nodes":0,"vpn":0,"relay":0,"proxy":0,"hosting":0,"service":0}},"geometry":{"type":"Point","coordinates":[177.45049,-17.61686]}},{"type":"Feature","properties":{"country_code":"GTM","city":"Morales","id":"3592362","downloaders":{"size":45,"mobile":45,"satellite":0,"tor":0,"tor_exit_nodes":0,"vpn":0,"relay":0,"proxy":0,"hosting":0,"service":0},"uploaders":{"size":3,"mobile":3,"satellite":0,"tor":0,"tor_exit_nodes":0,"vpn":0,"relay":0,"proxy":0,"hosting":0,"service":0}},"geometry":{"type":"Point","coordinates":[-88.8407,15.47225]}},{"type":"Feature","properties":{"country_code":"ESP","city":"Coria","id":"2519234","downloaders":{"size":45,"mobile":17,"satellite":0,"tor":0,"tor_exit_nodes":0,"vpn":0,"relay":0,"proxy":0,"hosting":0,"service":0},"uploaders":{"size":4,"mobile":3,"satellite":0,"tor":0,"tor_exit_nodes":0,"vpn":0,"relay":0,"proxy":0,"hosting":0,"service":0}},"geometry":{"type":"Point","coordinates":[-6.53603,39.98406]}},{"type":"Feature","properties":{"country_code":"RUS","city":"Krasnyy Klyuch","id":"541679","downloaders":{"size":45,"mobile":0,"satellite":0,"tor":0,"tor_exit_nodes":0,"vpn":3,"relay":0,"proxy":0,"hosting":0,"service":3},"uploaders":{"size":5,"mobile":0,"satellite":0,"tor":0,"tor_exit_nodes":0,"vpn":0,"relay":0,"proxy":0,"hosting":0,"service":0}},"geometry":{"type":"Point","coordinates":[56.65287,55.38625]}},{"type":"Feature","properties":{"country_code":"USA","city":"Marion","id":"4478003","downloaders":{"size":45,"mobile":0,"satellite":0,"tor":0,"tor_exit_nodes":0,"vpn":0,"relay":0,"proxy":0,"hosting":0,"service":0},"uploaders":{"size":11,"mobile":0,"satellite":0,"tor":0,"tor_exit_nodes":0,"vpn":0,"relay":0,"proxy":0,"hosting":0,"service":0}},"geometry":{"type":"Point","coordinates":[-82.00927,35.68401]}},{"type":"Feature","properties":{"country_code":"USA","city":"Iowa City","id":"4862034","downloaders":{"size":44,"mobile":0,"satellite":0,"tor":0,"tor_exit_nodes":0,"vpn":0,"relay":0,"proxy":0,"hosting":0,"service":0},"uploaders":{"size":3,"mobile":0,"satellite":0,"tor":0,"tor_exit_nodes":0,"vpn":0,"relay":0,"proxy":0,"hosting":0,"service":0}},"geometry":{"type":"Point","coordinates":[-91.5016,41.6355]}},{"type":"Feature","properties":{"country_code":"FRA","city":"Aubi\u00e8re","id":"3036364","downloaders":{"size":44,"mobile":11,"satellite":0,"tor":0,"tor_exit_nodes":0,"vpn":0,"relay":0,"proxy":0,"hosting":0,"service":0},"uploaders":{"size":3,"mobile":0,"satellite":0,"tor":0,"tor_exit_nodes":0,"vpn":0,"relay":0,"proxy":0,"hosting":0,"service":0}},"geometry":{"type":"Point","coordinates":[3.11078,45.75082]}},{"type":"Feature","properties":{"country_code":"USA","city":"Port Townsend","id":"5807239","downloaders":{"size":44,"mobile":0,"satellite":0,"tor":0,"tor_exit_nodes":0,"vpn":0,"relay":0,"proxy":0,"hosting":0,"service":0},"uploaders":{"size":4,"mobile":0,"satellite":0,"tor":0,"tor_exit_nodes":0,"vpn":0,"relay":0,"proxy":0,"hosting":0,"service":0}},"geometry":{"type":"Point","coordinates":[-122.76071,48.11742]}},{"type":"Feature","properties":{"country_code":"USA","city":"East Islip","id":"5115923","downloaders":{"size":44,"mobile":0,"satellite":0,"tor":0,"tor_exit_nodes":0,"vpn":0,"relay":0,"proxy":0,"hosting":0,"service":0},"uploaders":{"size":3,"mobile":0,"satellite":0,"tor":0,"tor_exit_nodes":0,"vpn":0,"relay":0,"proxy":0,"hosting":0,"service":0}},"geometry":{"type":"Point","coordinates":[-73.18567,40.73204]}},{"type":"Feature","properties":{"country_code":"GBR","city":"Liversedge","id":"2644207","downloaders":{"size":44,"mobile":0,"satellite":0,"tor":0,"tor_exit_nodes":0,"vpn":0,"relay":0,"proxy":0,"hosting":0,"service":0},"uploaders":{"size":3,"mobile":0,"satellite":0,"tor":0,"tor_exit_nodes":0,"vpn":0,"relay":0,"proxy":0,"hosting":0,"service":0}},"geometry":{"type":"Point","coordinates":[-1.69327,53.70514]}},{"type":"Feature","properties":{"country_code":"IND","city":"Ratl\u0101m","id":"1258342","downloaders":{"size":44,"mobile":39,"satellite":0,"tor":0,"tor_exit_nodes":0,"vpn":0,"relay":0,"proxy":0,"hosting":0,"service":0},"uploaders":{"size":11,"mobile":11,"satellite":0,"tor":0,"tor_exit_nodes":0,"vpn":0,"relay":0,"proxy":0,"hosting":0,"service":0}},"geometry":{"type":"Point","coordinates":[75.04032,23.33033]}},{"type":"Feature","properties":{"country_code":"USA","city":"Cambridge","id":"5149007","downloaders":{"size":44,"mobile":0,"satellite":0,"tor":0,"tor_exit_nodes":0,"vpn":4,"relay":0,"proxy":0,"hosting":0,"service":0},"uploaders":{"size":3,"mobile":0,"satellite":0,"tor":0,"tor_exit_nodes":0,"vpn":0,"relay":0,"proxy":0,"hosting":0,"service":0}},"geometry":{"type":"Point","coordinates":[-81.58846,40.03118]}},{"type":"Feature","properties":{"country_code":"USA","city":"Mahomet","id":"4900885","downloaders":{"size":44,"mobile":0,"satellite":0,"tor":0,"tor_exit_nodes":0,"vpn":1,"relay":0,"proxy":0,"hosting":0,"service":0},"uploaders":{"size":3,"mobile":0,"satellite":0,"tor":0,"tor_exit_nodes":0,"vpn":1,"relay":0,"proxy":0,"hosting":0,"service":0}},"geometry":{"type":"Point","coordinates":[-88.40422,40.19531]}},{"type":"Feature","properties":{"country_code":"CAN","city":"Notre-Dame-de-l'\u00cele-Perrot","id":"6091369","downloaders":{"size":44,"mobile":0,"satellite":0,"tor":0,"tor_exit_nodes":0,"vpn":0,"relay":0,"proxy":0,"hosting":0,"service":0},"uploaders":{"size":4,"mobile":0,"satellite":0,"tor":0,"tor_exit_nodes":0,"vpn":0,"relay":0,"proxy":0,"hosting":0,"service":0}},"geometry":{"type":"Point","coordinates":[-73.9325,45.36678]}},{"type":"Feature","properties":{"country_code":"PRT","city":"Terras de Bouro","id":"2733584","downloaders":{"size":44,"mobile":1,"satellite":0,"tor":0,"tor_exit_nodes":0,"vpn":0,"relay":0,"proxy":0,"hosting":0,"service":0},"uploaders":{"size":4,"mobile":1,"satellite":0,"tor":0,"tor_exit_nodes":0,"vpn":0,"relay":0,"proxy":0,"hosting":0,"service":0}},"geometry":{"type":"Point","coordinates":[-8.30888,41.71769]}},{"type":"Feature","properties":{"country_code":"USA","city":"Friendswood","id":"4692521","downloaders":{"size":44,"mobile":0,"satellite":0,"tor":0,"tor_exit_nodes":0,"vpn":0,"relay":0,"proxy":0,"hosting":0,"service":0},"uploaders":{"size":3,"mobile":0,"satellite":0,"tor":0,"tor_exit_nodes":0,"vpn":0,"relay":0,"proxy":0,"hosting":0,"service":0}},"geometry":{"type":"Point","coordinates":[-95.1879,29.5224]}},{"type":"Feature","properties":{"country_code":"USA","city":"New Haven","id":"5003383","downloaders":{"size":44,"mobile":0,"satellite":0,"tor":0,"tor_exit_nodes":0,"vpn":0,"relay":0,"proxy":0,"hosting":0,"service":0},"uploaders":{"size":3,"mobile":0,"satellite":0,"tor":0,"tor_exit_nodes":0,"vpn":0,"relay":0,"proxy":0,"hosting":0,"service":0}},"geometry":{"type":"Point","coordinates":[-82.80131,42.72948]}},{"type":"Feature","properties":{"country_code":"USA","city":"McCool","id":"4435328","downloaders":{"size":43,"mobile":0,"satellite":0,"tor":0,"tor_exit_nodes":0,"vpn":0,"relay":0,"proxy":0,"hosting":0,"service":0},"uploaders":{"size":4,"mobile":0,"satellite":0,"tor":0,"tor_exit_nodes":0,"vpn":0,"relay":0,"proxy":0,"hosting":0,"service":0}},"geometry":{"type":"Point","coordinates":[-89.34507,33.20207]}},{"type":"Feature","properties":{"country_code":"PHL","city":"Mabalacat City","id":"1704703","downloaders":{"size":43,"mobile":26,"satellite":0,"tor":0,"tor_exit_nodes":0,"vpn":0,"relay":0,"proxy":0,"hosting":0,"service":0},"uploaders":{"size":3,"mobile":0,"satellite":0,"tor":0,"tor_exit_nodes":0,"vpn":0,"relay":0,"proxy":0,"hosting":0,"service":0}},"geometry":{"type":"Point","coordinates":[120.57117,15.22303]}},{"type":"Feature","properties":{"country_code":"MEX","city":"Chapala","id":"4014553","downloaders":{"size":43,"mobile":0,"satellite":0,"tor":0,"tor_exit_nodes":0,"vpn":0,"relay":0,"proxy":0,"hosting":0,"service":0},"uploaders":{"size":29,"mobile":0,"satellite":0,"tor":0,"tor_exit_nodes":0,"vpn":0,"relay":0,"proxy":0,"hosting":0,"service":0}},"geometry":{"type":"Point","coordinates":[-103.18963,20.29246]}},{"type":"Feature","properties":{"country_code":"HRV","city":"Donji Miholjac","id":"3201432","downloaders":{"size":43,"mobile":0,"satellite":0,"tor":0,"tor_exit_nodes":0,"vpn":0,"relay":0,"proxy":0,"hosting":0,"service":0},"uploaders":{"size":8,"mobile":0,"satellite":0,"tor":0,"tor_exit_nodes":0,"vpn":0,"relay":0,"proxy":0,"hosting":0,"service":0}},"geometry":{"type":"Point","coordinates":[18.16722,45.76083]}},{"type":"Feature","properties":{"country_code":"USA","city":"Port Neches","id":"4720072","downloaders":{"size":43,"mobile":0,"satellite":0,"tor":0,"tor_exit_nodes":0,"vpn":0,"relay":0,"proxy":0,"hosting":0,"service":0},"uploaders":{"size":3,"mobile":0,"satellite":0,"tor":0,"tor_exit_nodes":0,"vpn":0,"relay":0,"proxy":0,"hosting":0,"service":0}},"geometry":{"type":"Point","coordinates":[-93.95851,29.99132]}},{"type":"Feature","properties":{"country_code":"GBR","city":"Great Bookham","id":"2648154","downloaders":{"size":42,"mobile":6,"satellite":0,"tor":0,"tor_exit_nodes":0,"vpn":0,"relay":0,"proxy":0,"hosting":0,"service":0},"uploaders":{"size":3,"mobile":1,"satellite":0,"tor":0,"tor_exit_nodes":0,"vpn":0,"relay":0,"proxy":0,"hosting":0,"service":0}},"geometry":{"type":"Point","coordinates":[-0.37423,51.27916]}},{"type":"Feature","properties":{"country_code":"GBR","city":"Dingwall","id":"2651245","downloaders":{"size":42,"mobile":0,"satellite":0,"tor":0,"tor_exit_nodes":0,"vpn":0,"relay":0,"proxy":0,"hosting":0,"service":0},"uploaders":{"size":4,"mobile":0,"satellite":0,"tor":0,"tor_exit_nodes":0,"vpn":0,"relay":0,"proxy":0,"hosting":0,"service":0}},"geometry":{"type":"Point","coordinates":[-4.42721,57.59531]}},{"type":"Feature","properties":{"country_code":"SRB","city":"Smederevska Palanka","id":"785753","downloaders":{"size":42,"mobile":0,"satellite":0,"tor":0,"tor_exit_nodes":0,"vpn":0,"relay":0,"proxy":0,"hosting":0,"service":0},"uploaders":{"size":9,"mobile":0,"satellite":0,"tor":0,"tor_exit_nodes":0,"vpn":0,"relay":0,"proxy":0,"hosting":0,"service":0}},"geometry":{"type":"Point","coordinates":[20.95885,44.36548]}},{"type":"Feature","properties":{"country_code":"RUS","city":"Kondrovo","id":"545575","downloaders":{"size":42,"mobile":0,"satellite":0,"tor":0,"tor_exit_nodes":0,"vpn":0,"relay":0,"proxy":0,"hosting":0,"service":0},"uploaders":{"size":3,"mobile":0,"satellite":0,"tor":0,"tor_exit_nodes":0,"vpn":0,"relay":0,"proxy":0,"hosting":0,"service":0}},"geometry":{"type":"Point","coordinates":[35.93067,54.8059]}},{"type":"Feature","properties":{"country_code":"IND","city":"Hingoli","id":"1270072","downloaders":{"size":42,"mobile":42,"satellite":0,"tor":0,"tor_exit_nodes":0,"vpn":0,"relay":0,"proxy":0,"hosting":0,"service":0},"uploaders":{"size":7,"mobile":7,"satellite":0,"tor":0,"tor_exit_nodes":0,"vpn":0,"relay":0,"proxy":0,"hosting":0,"service":0}},"geometry":{"type":"Point","coordinates":[77.14238,19.71464]}},{"type":"Feature","properties":{"country_code":"DEU","city":"Ochtrup","id":"2858245","downloaders":{"size":42,"mobile":0,"satellite":0,"tor":0,"tor_exit_nodes":0,"vpn":0,"relay":0,"proxy":0,"hosting":0,"service":0},"uploaders":{"size":4,"mobile":0,"satellite":0,"tor":0,"tor_exit_nodes":0,"vpn":0,"relay":0,"proxy":0,"hosting":0,"service":0}},"geometry":{"type":"Point","coordinates":[7.18988,52.20802]}},{"type":"Feature","properties":{"country_code":"GBR","city":"Ulverston","id":"2635183","downloaders":{"size":42,"mobile":33,"satellite":0,"tor":0,"tor_exit_nodes":0,"vpn":0,"relay":0,"proxy":0,"hosting":0,"service":0},"uploaders":{"size":4,"mobile":3,"satellite":0,"tor":0,"tor_exit_nodes":0,"vpn":0,"relay":0,"proxy":0,"hosting":0,"service":0}},"geometry":{"type":"Point","coordinates":[-3.09626,54.19594]}},{"type":"Feature","properties":{"country_code":"USA","city":"Forestbrook","id":"4578904","downloaders":{"size":42,"mobile":0,"satellite":0,"tor":0,"tor_exit_nodes":0,"vpn":0,"relay":0,"proxy":0,"hosting":0,"service":0},"uploaders":{"size":3,"mobile":0,"satellite":0,"tor":0,"tor_exit_nodes":0,"vpn":0,"relay":0,"proxy":0,"hosting":0,"service":0}},"geometry":{"type":"Point","coordinates":[-78.95809,33.72239]}},{"type":"Feature","properties":{"country_code":"DEU","city":"Rennertshofen","id":"2848181","downloaders":{"size":41,"mobile":0,"satellite":0,"tor":0,"tor_exit_nodes":0,"vpn":1,"relay":0,"proxy":0,"hosting":0,"service":0},"uploaders":{"size":3,"mobile":0,"satellite":0,"tor":0,"tor_exit_nodes":0,"vpn":0,"relay":0,"proxy":0,"hosting":0,"service":0}},"geometry":{"type":"Point","coordinates":[11.04544,48.75943]}},{"type":"Feature","properties":{"country_code":"USA","city":"Euless","id":"4689550","downloaders":{"size":41,"mobile":0,"satellite":0,"tor":0,"tor_exit_nodes":0,"vpn":0,"relay":0,"proxy":0,"hosting":0,"service":0},"uploaders":{"size":3,"mobile":0,"satellite":0,"tor":0,"tor_exit_nodes":0,"vpn":0,"relay":0,"proxy":0,"hosting":0,"service":0}},"geometry":{"type":"Point","coordinates":[-97.08195,32.83707]}},{"type":"Feature","properties":{"country_code":"PHL","city":"Magalang","id":"1704067","downloaders":{"size":41,"mobile":3,"satellite":0,"tor":0,"tor_exit_nodes":0,"vpn":0,"relay":0,"proxy":0,"hosting":0,"service":0},"uploaders":{"size":4,"mobile":0,"satellite":0,"tor":0,"tor_exit_nodes":0,"vpn":0,"relay":0,"proxy":0,"hosting":0,"service":0}},"geometry":{"type":"Point","coordinates":[120.6596,15.2151]}},{"type":"Feature","properties":{"country_code":"CHN","city":"Xinmin","id":"1975020","downloaders":{"size":41,"mobile":0,"satellite":0,"tor":0,"tor_exit_nodes":0,"vpn":0,"relay":0,"proxy":0,"hosting":0,"service":0},"uploaders":{"size":3,"mobile":0,"satellite":0,"tor":0,"tor_exit_nodes":0,"vpn":0,"relay":0,"proxy":0,"hosting":0,"service":0}},"geometry":{"type":"Point","coordinates":[118.1305,24.71508]}},{"type":"Feature","properties":{"country_code":"SRB","city":"Vi\u0161nji\u0107evo","id":"3187641","downloaders":{"size":41,"mobile":1,"satellite":0,"tor":0,"tor_exit_nodes":0,"vpn":0,"relay":0,"proxy":0,"hosting":0,"service":0},"uploaders":{"size":4,"mobile":0,"satellite":0,"tor":0,"tor_exit_nodes":0,"vpn":0,"relay":0,"proxy":0,"hosting":0,"service":0}},"geometry":{"type":"Point","coordinates":[19.28993,44.96731]}},{"type":"Feature","properties":{"country_code":"GBR","city":"Diss","id":"2651214","downloaders":{"size":41,"mobile":0,"satellite":0,"tor":0,"tor_exit_nodes":0,"vpn":0,"relay":0,"proxy":0,"hosting":0,"service":0},"uploaders":{"size":7,"mobile":0,"satellite":0,"tor":0,"tor_exit_nodes":0,"vpn":0,"relay":0,"proxy":0,"hosting":0,"service":0}},"geometry":{"type":"Point","coordinates":[1.1091,52.37675]}},{"type":"Feature","properties":{"country_code":"USA","city":"Yorkville","id":"4669291","downloaders":{"size":41,"mobile":0,"satellite":0,"tor":0,"tor_exit_nodes":0,"vpn":0,"relay":0,"proxy":0,"hosting":0,"service":0},"uploaders":{"size":6,"mobile":0,"satellite":0,"tor":0,"tor_exit_nodes":0,"vpn":0,"relay":0,"proxy":0,"hosting":0,"service":0}},"geometry":{"type":"Point","coordinates":[-89.11896,36.09951]}},{"type":"Feature","properties":{"country_code":"UKR","city":"Dniprorudne","id":"709960","downloaders":{"size":41,"mobile":0,"satellite":0,"tor":0,"tor_exit_nodes":0,"vpn":0,"relay":0,"proxy":0,"hosting":0,"service":0},"uploaders":{"size":3,"mobile":0,"satellite":0,"tor":0,"tor_exit_nodes":0,"vpn":0,"relay":0,"proxy":0,"hosting":0,"service":0}},"geometry":{"type":"Point","coordinates":[35.00065,47.38993]}},{"type":"Feature","properties":{"country_code":"USA","city":"Dixon","id":"4889959","downloaders":{"size":41,"mobile":0,"satellite":0,"tor":0,"tor_exit_nodes":0,"vpn":0,"relay":0,"proxy":0,"hosting":0,"service":0},"uploaders":{"size":8,"mobile":0,"satellite":0,"tor":0,"tor_exit_nodes":0,"vpn":0,"relay":0,"proxy":0,"hosting":0,"service":0}},"geometry":{"type":"Point","coordinates":[-89.47955,41.83892]}},{"type":"Feature","properties":{"country_code":"CHE","city":"Herisau","id":"2660365","downloaders":{"size":41,"mobile":0,"satellite":0,"tor":0,"tor_exit_nodes":0,"vpn":0,"relay":0,"proxy":0,"hosting":0,"service":0},"uploaders":{"size":3,"mobile":0,"satellite":0,"tor":0,"tor_exit_nodes":0,"vpn":0,"relay":0,"proxy":0,"hosting":0,"service":0}},"geometry":{"type":"Point","coordinates":[9.27916,47.38615]}},{"type":"Feature","properties":{"country_code":"CZE","city":"Lukavice","id":"3071381","downloaders":{"size":41,"mobile":0,"satellite":0,"tor":0,"tor_exit_nodes":0,"vpn":0,"relay":0,"proxy":0,"hosting":0,"service":0},"uploaders":{"size":26,"mobile":0,"satellite":0,"tor":0,"tor_exit_nodes":0,"vpn":0,"relay":0,"proxy":0,"hosting":0,"service":0}},"geometry":{"type":"Point","coordinates":[16.48207,50.06029]}},{"type":"Feature","properties":{"country_code":"PRT","city":"Resende","id":"2735243","downloaders":{"size":40,"mobile":0,"satellite":0,"tor":0,"tor_exit_nodes":0,"vpn":0,"relay":0,"proxy":0,"hosting":0,"service":0},"uploaders":{"size":4,"mobile":0,"satellite":0,"tor":0,"tor_exit_nodes":0,"vpn":0,"relay":0,"proxy":0,"hosting":0,"service":0}},"geometry":{"type":"Point","coordinates":[-7.9665,41.10582]}},{"type":"Feature","properties":{"country_code":"GBR","city":"Biggin Hill","id":"2655690","downloaders":{"size":40,"mobile":13,"satellite":0,"tor":0,"tor_exit_nodes":0,"vpn":0,"relay":0,"proxy":0,"hosting":0,"service":0},"uploaders":{"size":3,"mobile":3,"satellite":0,"tor":0,"tor_exit_nodes":0,"vpn":0,"relay":0,"proxy":0,"hosting":0,"service":0}},"geometry":{"type":"Point","coordinates":[0.03433,51.31329]}},{"type":"Feature","properties":{"country_code":"PRT","city":"Santa Marta de Penagui\u00e3o","id":"2734667","downloaders":{"size":40,"mobile":0,"satellite":0,"tor":0,"tor_exit_nodes":0,"vpn":0,"relay":0,"proxy":0,"hosting":0,"service":0},"uploaders":{"size":3,"mobile":0,"satellite":0,"tor":0,"tor_exit_nodes":0,"vpn":0,"relay":0,"proxy":0,"hosting":0,"service":0}},"geometry":{"type":"Point","coordinates":[-7.78386,41.20991]}},{"type":"Feature","properties":{"country_code":"USA","city":"Truckee","id":"5403676","downloaders":{"size":40,"mobile":0,"satellite":0,"tor":0,"tor_exit_nodes":0,"vpn":1,"relay":0,"proxy":0,"hosting":0,"service":0},"uploaders":{"size":3,"mobile":0,"satellite":0,"tor":0,"tor_exit_nodes":0,"vpn":0,"relay":0,"proxy":0,"hosting":0,"service":0}},"geometry":{"type":"Point","coordinates":[-120.18325,39.32796]}},{"type":"Feature","properties":{"country_code":"USA","city":"Annville","id":"5178351","downloaders":{"size":40,"mobile":0,"satellite":0,"tor":0,"tor_exit_nodes":0,"vpn":0,"relay":0,"proxy":0,"hosting":0,"service":0},"uploaders":{"size":3,"mobile":0,"satellite":0,"tor":0,"tor_exit_nodes":0,"vpn":0,"relay":0,"proxy":0,"hosting":0,"service":0}},"geometry":{"type":"Point","coordinates":[-76.51524,40.32954]}},{"type":"Feature","properties":{"country_code":"USA","city":"Maple Glen","id":"5199781","downloaders":{"size":40,"mobile":0,"satellite":0,"tor":0,"tor_exit_nodes":0,"vpn":0,"relay":0,"proxy":0,"hosting":0,"service":0},"uploaders":{"size":3,"mobile":0,"satellite":0,"tor":0,"tor_exit_nodes":0,"vpn":0,"relay":0,"proxy":0,"hosting":0,"service":0}},"geometry":{"type":"Point","coordinates":[-75.18045,40.17928]}},{"type":"Feature","properties":{"country_code":"USA","city":"Salem","id":"5170511","downloaders":{"size":40,"mobile":0,"satellite":0,"tor":0,"tor_exit_nodes":0,"vpn":0,"relay":0,"proxy":0,"hosting":0,"service":0},"uploaders":{"size":3,"mobile":0,"satellite":0,"tor":0,"tor_exit_nodes":0,"vpn":0,"relay":0,"proxy":0,"hosting":0,"service":0}},"geometry":{"type":"Point","coordinates":[-80.85675,40.90089]}},{"type":"Feature","properties":{"country_code":"TGO","city":"Ts\u00e9vi\u00e9","id":"2363534","downloaders":{"size":40,"mobile":0,"satellite":0,"tor":0,"tor_exit_nodes":0,"vpn":0,"relay":0,"proxy":0,"hosting":0,"service":0},"uploaders":{"size":5,"mobile":0,"satellite":0,"tor":0,"tor_exit_nodes":0,"vpn":0,"relay":0,"proxy":0,"hosting":0,"service":0}},"geometry":{"type":"Point","coordinates":[1.21333,6.42611]}},{"type":"Feature","properties":{"country_code":"USA","city":"Pittsburg","id":"4277241","downloaders":{"size":40,"mobile":0,"satellite":0,"tor":0,"tor_exit_nodes":0,"vpn":0,"relay":0,"proxy":0,"hosting":0,"service":0},"uploaders":{"size":3,"mobile":0,"satellite":0,"tor":0,"tor_exit_nodes":0,"vpn":0,"relay":0,"proxy":0,"hosting":0,"service":0}},"geometry":{"type":"Point","coordinates":[-94.70496,37.41088]}},{"type":"Feature","properties":{"country_code":"USA","city":"Port Arthur","id":"4720039","downloaders":{"size":40,"mobile":23,"satellite":0,"tor":0,"tor_exit_nodes":0,"vpn":0,"relay":0,"proxy":0,"hosting":0,"service":0},"uploaders":{"size":7,"mobile":7,"satellite":0,"tor":0,"tor_exit_nodes":0,"vpn":0,"relay":0,"proxy":0,"hosting":0,"service":0}},"geometry":{"type":"Point","coordinates":[-93.94233,29.88519]}},{"type":"Feature","properties":{"country_code":"ISR","city":"Azor","id":"295584","downloaders":{"size":40,"mobile":18,"satellite":0,"tor":0,"tor_exit_nodes":0,"vpn":0,"relay":0,"proxy":0,"hosting":0,"service":0},"uploaders":{"size":3,"mobile":0,"satellite":0,"tor":0,"tor_exit_nodes":0,"vpn":0,"relay":0,"proxy":0,"hosting":0,"service":0}},"geometry":{"type":"Point","coordinates":[34.80632,32.0243]}},{"type":"Feature","properties":{"country_code":"ARG","city":"Esquel","id":"3855974","downloaders":{"size":39,"mobile":8,"satellite":0,"tor":0,"tor_exit_nodes":0,"vpn":0,"relay":0,"proxy":0,"hosting":0,"service":0},"uploaders":{"size":4,"mobile":0,"satellite":0,"tor":0,"tor_exit_nodes":0,"vpn":0,"relay":0,"proxy":0,"hosting":0,"service":0}},"geometry":{"type":"Point","coordinates":[-71.31947,-42.91147]}},{"type":"Feature","properties":{"country_code":"AUS","city":"Marion","id":"2066954","downloaders":{"size":39,"mobile":0,"satellite":0,"tor":0,"tor_exit_nodes":0,"vpn":4,"relay":0,"proxy":0,"hosting":0,"service":0},"uploaders":{"size":6,"mobile":0,"satellite":0,"tor":0,"tor_exit_nodes":0,"vpn":0,"relay":0,"proxy":0,"hosting":0,"service":0}},"geometry":{"type":"Point","coordinates":[138.55313,-35.00423]}},{"type":"Feature","properties":{"country_code":"DEU","city":"Hartenholm","id":"2910178","downloaders":{"size":39,"mobile":0,"satellite":0,"tor":0,"tor_exit_nodes":0,"vpn":0,"relay":0,"proxy":0,"hosting":0,"service":0},"uploaders":{"size":5,"mobile":0,"satellite":0,"tor":0,"tor_exit_nodes":0,"vpn":0,"relay":0,"proxy":0,"hosting":0,"service":0}},"geometry":{"type":"Point","coordinates":[10.05953,53.89856]}},{"type":"Feature","properties":{"country_code":"GBR","city":"East Molesey","id":"2650376","downloaders":{"size":39,"mobile":0,"satellite":0,"tor":0,"tor_exit_nodes":0,"vpn":0,"relay":0,"proxy":0,"hosting":0,"service":0},"uploaders":{"size":4,"mobile":0,"satellite":0,"tor":0,"tor_exit_nodes":0,"vpn":0,"relay":0,"proxy":0,"hosting":0,"service":0}},"geometry":{"type":"Point","coordinates":[-0.34916,51.39872]}},{"type":"Feature","properties":{"country_code":"GBR","city":"West Hallam","id":"2634405","downloaders":{"size":39,"mobile":39,"satellite":0,"tor":0,"tor_exit_nodes":0,"vpn":0,"relay":0,"proxy":0,"hosting":0,"service":0},"uploaders":{"size":5,"mobile":5,"satellite":0,"tor":0,"tor_exit_nodes":0,"vpn":0,"relay":0,"proxy":0,"hosting":0,"service":0}},"geometry":{"type":"Point","coordinates":[-1.35846,52.97093]}},{"type":"Feature","properties":{"country_code":"BRA","city":"Itapag\u00e9","id":"3397941","downloaders":{"size":39,"mobile":0,"satellite":0,"tor":0,"tor_exit_nodes":0,"vpn":1,"relay":0,"proxy":0,"hosting":16,"service":0},"uploaders":{"size":3,"mobile":0,"satellite":0,"tor":0,"tor_exit_nodes":0,"vpn":1,"relay":0,"proxy":0,"hosting":0,"service":0}},"geometry":{"type":"Point","coordinates":[-39.58611,-3.68667]}},{"type":"Feature","properties":{"country_code":"CAN","city":"Sparwood","id":"6153250","downloaders":{"size":39,"mobile":0,"satellite":0,"tor":0,"tor_exit_nodes":0,"vpn":1,"relay":0,"proxy":0,"hosting":0,"service":0},"uploaders":{"size":4,"mobile":0,"satellite":0,"tor":0,"tor_exit_nodes":0,"vpn":1,"relay":0,"proxy":0,"hosting":0,"service":0}},"geometry":{"type":"Point","coordinates":[-114.88532,49.73332]}},{"type":"Feature","properties":{"country_code":"USA","city":"DuBois","id":"5187432","downloaders":{"size":39,"mobile":0,"satellite":0,"tor":0,"tor_exit_nodes":0,"vpn":0,"relay":0,"proxy":0,"hosting":0,"service":0},"uploaders":{"size":3,"mobile":0,"satellite":0,"tor":0,"tor_exit_nodes":0,"vpn":0,"relay":0,"proxy":0,"hosting":0,"service":0}},"geometry":{"type":"Point","coordinates":[-78.76003,41.11923]}},{"type":"Feature","properties":{"country_code":"SVK","city":"Doln\u00fd Kub\u00edn","id":"3060405","downloaders":{"size":39,"mobile":0,"satellite":0,"tor":0,"tor_exit_nodes":0,"vpn":4,"relay":0,"proxy":0,"hosting":0,"service":0},"uploaders":{"size":4,"mobile":0,"satellite":0,"tor":0,"tor_exit_nodes":0,"vpn":0,"relay":0,"proxy":0,"hosting":0,"service":0}},"geometry":{"type":"Point","coordinates":[19.30341,49.20983]}},{"type":"Feature","properties":{"country_code":"RUS","city":"Ryazhsk","id":"500047","downloaders":{"size":39,"mobile":0,"satellite":0,"tor":0,"tor_exit_nodes":0,"vpn":0,"relay":0,"proxy":0,"hosting":0,"service":0},"uploaders":{"size":3,"mobile":0,"satellite":0,"tor":0,"tor_exit_nodes":0,"vpn":0,"relay":0,"proxy":0,"hosting":0,"service":0}},"geometry":{"type":"Point","coordinates":[40.08045,53.70588]}},{"type":"Feature","properties":{"country_code":"DZA","city":"Oued Fodda","id":"2485618","downloaders":{"size":39,"mobile":1,"satellite":0,"tor":0,"tor_exit_nodes":0,"vpn":0,"relay":0,"proxy":0,"hosting":0,"service":0},"uploaders":{"size":3,"mobile":0,"satellite":0,"tor":0,"tor_exit_nodes":0,"vpn":0,"relay":0,"proxy":0,"hosting":0,"service":0}},"geometry":{"type":"Point","coordinates":[1.53299,36.18503]}},{"type":"Feature","properties":{"country_code":"UKR","city":"Dubrovytsia","id":"709493","downloaders":{"size":38,"mobile":0,"satellite":0,"tor":0,"tor_exit_nodes":0,"vpn":0,"relay":0,"proxy":0,"hosting":0,"service":0},"uploaders":{"size":4,"mobile":0,"satellite":0,"tor":0,"tor_exit_nodes":0,"vpn":0,"relay":0,"proxy":0,"hosting":0,"service":0}},"geometry":{"type":"Point","coordinates":[26.56503,51.57438]}},{"type":"Feature","properties":{"country_code":"AUS","city":"Bundaberg","id":"2173323","downloaders":{"size":38,"mobile":0,"satellite":2,"tor":0,"tor_exit_nodes":0,"vpn":0,"relay":0,"proxy":0,"hosting":0,"service":0},"uploaders":{"size":7,"mobile":0,"satellite":1,"tor":0,"tor_exit_nodes":0,"vpn":0,"relay":0,"proxy":0,"hosting":0,"service":0}},"geometry":{"type":"Point","coordinates":[152.3479,-24.86621]}},{"type":"Feature","properties":{"country_code":"BRA","city":"Aquidab\u00e3","id":"3471902","downloaders":{"size":38,"mobile":0,"satellite":0,"tor":0,"tor_exit_nodes":0,"vpn":0,"relay":0,"proxy":0,"hosting":0,"service":0},"uploaders":{"size":3,"mobile":0,"satellite":0,"tor":0,"tor_exit_nodes":0,"vpn":0,"relay":0,"proxy":0,"hosting":0,"service":0}},"geometry":{"type":"Point","coordinates":[-37.01861,-10.28139]}},{"type":"Feature","properties":{"country_code":"SRB","city":"Ruma","id":"3191429","downloaders":{"size":38,"mobile":22,"satellite":0,"tor":0,"tor_exit_nodes":0,"vpn":1,"relay":0,"proxy":0,"hosting":0,"service":0},"uploaders":{"size":7,"mobile":6,"satellite":0,"tor":0,"tor_exit_nodes":0,"vpn":0,"relay":0,"proxy":0,"hosting":0,"service":0}},"geometry":{"type":"Point","coordinates":[19.82222,45.00806]}},{"type":"Feature","properties":{"country_code":"CHN","city":"Ganzhou","id":"1810638","downloaders":{"size":38,"mobile":0,"satellite":0,"tor":0,"tor_exit_nodes":0,"vpn":4,"relay":0,"proxy":0,"hosting":5,"service":0},"uploaders":{"size":3,"mobile":0,"satellite":0,"tor":0,"tor_exit_nodes":0,"vpn":0,"relay":0,"proxy":0,"hosting":0,"service":0}},"geometry":{"type":"Point","coordinates":[114.9326,25.84664]}},{"type":"Feature","properties":{"country_code":"KAZ","city":"Taiynsha","id":"1522035","downloaders":{"size":38,"mobile":11,"satellite":0,"tor":0,"tor_exit_nodes":0,"vpn":0,"relay":0,"proxy":0,"hosting":0,"service":0},"uploaders":{"size":6,"mobile":3,"satellite":0,"tor":0,"tor_exit_nodes":0,"vpn":0,"relay":0,"proxy":0,"hosting":0,"service":0}},"geometry":{"type":"Point","coordinates":[69.76773,53.84796]}},{"type":"Feature","properties":{"country_code":"NLD","city":"Kudelstaart","id":"2752178","downloaders":{"size":38,"mobile":2,"satellite":0,"tor":0,"tor_exit_nodes":0,"vpn":0,"relay":0,"proxy":0,"hosting":0,"service":0},"uploaders":{"size":3,"mobile":0,"satellite":0,"tor":0,"tor_exit_nodes":0,"vpn":0,"relay":0,"proxy":0,"hosting":0,"service":0}},"geometry":{"type":"Point","coordinates":[4.75139,52.23417]}},{"type":"Feature","properties":{"country_code":"GRC","city":"K\u00edtsi","id":"9036675","downloaders":{"size":38,"mobile":38,"satellite":0,"tor":0,"tor_exit_nodes":0,"vpn":0,"relay":0,"proxy":0,"hosting":0,"service":0},"uploaders":{"size":6,"mobile":6,"satellite":0,"tor":0,"tor_exit_nodes":0,"vpn":0,"relay":0,"proxy":0,"hosting":0,"service":0}},"geometry":{"type":"Point","coordinates":[23.84068,37.85181]}},{"type":"Feature","properties":{"country_code":"AUT","city":"Pressbaum","id":"2768348","downloaders":{"size":38,"mobile":0,"satellite":0,"tor":0,"tor_exit_nodes":0,"vpn":0,"relay":0,"proxy":0,"hosting":0,"service":0},"uploaders":{"size":3,"mobile":0,"satellite":0,"tor":0,"tor_exit_nodes":0,"vpn":0,"relay":0,"proxy":0,"hosting":0,"service":0}},"geometry":{"type":"Point","coordinates":[16.08333,48.18333]}},{"type":"Feature","properties":{"country_code":"CAN","city":"St. Paul","id":"6157795","downloaders":{"size":37,"mobile":4,"satellite":0,"tor":0,"tor_exit_nodes":0,"vpn":0,"relay":0,"proxy":0,"hosting":0,"service":0},"uploaders":{"size":3,"mobile":0,"satellite":0,"tor":0,"tor_exit_nodes":0,"vpn":0,"relay":0,"proxy":0,"hosting":0,"service":0}},"geometry":{"type":"Point","coordinates":[-111.28507,53.98347]}},{"type":"Feature","properties":{"country_code":"USA","city":"Cherokee","id":"4460364","downloaders":{"size":37,"mobile":0,"satellite":0,"tor":0,"tor_exit_nodes":0,"vpn":1,"relay":0,"proxy":0,"hosting":0,"service":0},"uploaders":{"size":8,"mobile":0,"satellite":0,"tor":0,"tor_exit_nodes":0,"vpn":0,"relay":0,"proxy":0,"hosting":0,"service":0}},"geometry":{"type":"Point","coordinates":[-83.31487,35.47427]}},{"type":"Feature","properties":{"country_code":"CRI","city":"Pital","id":"3622382","downloaders":{"size":37,"mobile":0,"satellite":0,"tor":0,"tor_exit_nodes":0,"vpn":1,"relay":0,"proxy":0,"hosting":0,"service":0},"uploaders":{"size":3,"mobile":0,"satellite":0,"tor":0,"tor_exit_nodes":0,"vpn":1,"relay":0,"proxy":0,"hosting":0,"service":0}},"geometry":{"type":"Point","coordinates":[-84.27406,10.45056]}},{"type":"Feature","properties":{"country_code":"RUS","city":"Spassk-Dal\u2019niy","id":"2016187","downloaders":{"size":37,"mobile":0,"satellite":0,"tor":0,"tor_exit_nodes":0,"vpn":0,"relay":0,"proxy":0,"hosting":0,"service":0},"uploaders":{"size":6,"mobile":0,"satellite":0,"tor":0,"tor_exit_nodes":0,"vpn":0,"relay":0,"proxy":0,"hosting":0,"service":0}},"geometry":{"type":"Point","coordinates":[132.82042,44.60059]}},{"type":"Feature","properties":{"country_code":"IND","city":"Rourkela","id":"1258315","downloaders":{"size":37,"mobile":33,"satellite":0,"tor":0,"tor_exit_nodes":0,"vpn":0,"relay":0,"proxy":0,"hosting":0,"service":0},"uploaders":{"size":4,"mobile":4,"satellite":0,"tor":0,"tor_exit_nodes":0,"vpn":0,"relay":0,"proxy":0,"hosting":0,"service":0}},"geometry":{"type":"Point","coordinates":[84.86414,22.22496]}},{"type":"Feature","properties":{"country_code":"USA","city":"North Bend","id":"5804915","downloaders":{"size":37,"mobile":0,"satellite":0,"tor":0,"tor_exit_nodes":0,"vpn":0,"relay":0,"proxy":0,"hosting":0,"service":0},"uploaders":{"size":3,"mobile":0,"satellite":0,"tor":0,"tor_exit_nodes":0,"vpn":0,"relay":0,"proxy":0,"hosting":0,"service":0}},"geometry":{"type":"Point","coordinates":[-121.78678,47.49566]}},{"type":"Feature","properties":{"country_code":"USA","city":"Jasper","id":"4259640","downloaders":{"size":37,"mobile":0,"satellite":0,"tor":0,"tor_exit_nodes":0,"vpn":0,"relay":0,"proxy":0,"hosting":0,"service":0},"uploaders":{"size":3,"mobile":0,"satellite":0,"tor":0,"tor_exit_nodes":0,"vpn":0,"relay":0,"proxy":0,"hosting":0,"service":0}},"geometry":{"type":"Point","coordinates":[-86.93111,38.39144]}},{"type":"Feature","properties":{"country_code":"ZAF","city":"Kathu","id":"991664","downloaders":{"size":37,"mobile":0,"satellite":0,"tor":0,"tor_exit_nodes":0,"vpn":0,"relay":0,"proxy":0,"hosting":0,"service":0},"uploaders":{"size":3,"mobile":0,"satellite":0,"tor":0,"tor_exit_nodes":0,"vpn":0,"relay":0,"proxy":0,"hosting":0,"service":0}},"geometry":{"type":"Point","coordinates":[23.04929,-27.69569]}},{"type":"Feature","properties":{"country_code":"GBR","city":"Studley","id":"2636594","downloaders":{"size":37,"mobile":0,"satellite":0,"tor":0,"tor_exit_nodes":0,"vpn":1,"relay":0,"proxy":0,"hosting":20,"service":0},"uploaders":{"size":3,"mobile":0,"satellite":0,"tor":0,"tor_exit_nodes":0,"vpn":0,"relay":0,"proxy":0,"hosting":0,"service":0}},"geometry":{"type":"Point","coordinates":[-1.89188,52.27026]}},{"type":"Feature","properties":{"country_code":"USA","city":"Farmville","id":"4758495","downloaders":{"size":37,"mobile":0,"satellite":0,"tor":0,"tor_exit_nodes":0,"vpn":0,"relay":0,"proxy":0,"hosting":0,"service":0},"uploaders":{"size":4,"mobile":0,"satellite":0,"tor":0,"tor_exit_nodes":0,"vpn":0,"relay":0,"proxy":0,"hosting":0,"service":0}},"geometry":{"type":"Point","coordinates":[-78.39194,37.3021]}},{"type":"Feature","properties":{"country_code":"UKR","city":"Zuya","id":"686812","downloaders":{"size":37,"mobile":0,"satellite":0,"tor":0,"tor_exit_nodes":0,"vpn":37,"relay":0,"proxy":0,"hosting":0,"service":37},"uploaders":{"size":5,"mobile":0,"satellite":0,"tor":0,"tor_exit_nodes":0,"vpn":5,"relay":0,"proxy":0,"hosting":0,"service":5}},"geometry":{"type":"Point","coordinates":[34.32152,45.05418]}},{"type":"Feature","properties":{"country_code":"USA","city":"Tillamook","id":"5756777","downloaders":{"size":37,"mobile":0,"satellite":0,"tor":0,"tor_exit_nodes":0,"vpn":0,"relay":0,"proxy":0,"hosting":0,"service":0},"uploaders":{"size":3,"mobile":0,"satellite":0,"tor":0,"tor_exit_nodes":0,"vpn":0,"relay":0,"proxy":0,"hosting":0,"service":0}},"geometry":{"type":"Point","coordinates":[-123.84553,45.4564]}},{"type":"Feature","properties":{"country_code":"ZAF","city":"Westonaria","id":"940316","downloaders":{"size":36,"mobile":0,"satellite":0,"tor":0,"tor_exit_nodes":0,"vpn":0,"relay":0,"proxy":0,"hosting":0,"service":0},"uploaders":{"size":6,"mobile":0,"satellite":0,"tor":0,"tor_exit_nodes":0,"vpn":0,"relay":0,"proxy":0,"hosting":0,"service":0}},"geometry":{"type":"Point","coordinates":[27.6486,-26.31905]}},{"type":"Feature","properties":{"country_code":"PRT","city":"Mondim de Basto","id":"2737515","downloaders":{"size":36,"mobile":0,"satellite":0,"tor":0,"tor_exit_nodes":0,"vpn":0,"relay":0,"proxy":0,"hosting":0,"service":0},"uploaders":{"size":3,"mobile":0,"satellite":0,"tor":0,"tor_exit_nodes":0,"vpn":0,"relay":0,"proxy":0,"hosting":0,"service":0}},"geometry":{"type":"Point","coordinates":[-7.95441,41.41157]}},{"type":"Feature","properties":{"country_code":"ZAF","city":"Edenvale","id":"1006834","downloaders":{"size":36,"mobile":0,"satellite":0,"tor":0,"tor_exit_nodes":0,"vpn":2,"relay":0,"proxy":0,"hosting":35,"service":0},"uploaders":{"size":5,"mobile":0,"satellite":0,"tor":0,"tor_exit_nodes":0,"vpn":0,"relay":0,"proxy":0,"hosting":5,"service":0}},"geometry":{"type":"Point","coordinates":[28.15247,-26.14095]}},{"type":"Feature","properties":{"country_code":"BRA","city":"Port\u00e3o","id":"3452982","downloaders":{"size":36,"mobile":0,"satellite":0,"tor":0,"tor_exit_nodes":0,"vpn":0,"relay":0,"proxy":0,"hosting":0,"service":0},"uploaders":{"size":7,"mobile":0,"satellite":0,"tor":0,"tor_exit_nodes":0,"vpn":0,"relay":0,"proxy":0,"hosting":0,"service":0}},"geometry":{"type":"Point","coordinates":[-51.24194,-29.70167]}},{"type":"Feature","properties":{"country_code":"USA","city":"Wayne Heights","id":"4562065","downloaders":{"size":36,"mobile":0,"satellite":0,"tor":0,"tor_exit_nodes":0,"vpn":0,"relay":0,"proxy":0,"hosting":0,"service":0},"uploaders":{"size":3,"mobile":0,"satellite":0,"tor":0,"tor_exit_nodes":0,"vpn":0,"relay":0,"proxy":0,"hosting":0,"service":0}},"geometry":{"type":"Point","coordinates":[-77.55388,39.74371]}},{"type":"Feature","properties":{"country_code":"KHM","city":"Takeo","id":"1821940","downloaders":{"size":36,"mobile":24,"satellite":0,"tor":0,"tor_exit_nodes":0,"vpn":0,"relay":0,"proxy":0,"hosting":0,"service":0},"uploaders":{"size":6,"mobile":6,"satellite":0,"tor":0,"tor_exit_nodes":0,"vpn":0,"relay":0,"proxy":0,"hosting":0,"service":0}},"geometry":{"type":"Point","coordinates":[104.78498,10.99081]}},{"type":"Feature","properties":{"country_code":"BRA","city":"Santos Dumont","id":"3449427","downloaders":{"size":35,"mobile":0,"satellite":0,"tor":0,"tor_exit_nodes":0,"vpn":0,"relay":0,"proxy":0,"hosting":0,"service":0},"uploaders":{"size":5,"mobile":0,"satellite":0,"tor":0,"tor_exit_nodes":0,"vpn":0,"relay":0,"proxy":0,"hosting":0,"service":0}},"geometry":{"type":"Point","coordinates":[-43.5525,-21.45667]}},{"type":"Feature","properties":{"country_code":"AUT","city":"W\u00f6rgl","id":"2760854","downloaders":{"size":35,"mobile":1,"satellite":0,"tor":0,"tor_exit_nodes":0,"vpn":0,"relay":0,"proxy":0,"hosting":0,"service":0},"uploaders":{"size":3,"mobile":0,"satellite":0,"tor":0,"tor_exit_nodes":0,"vpn":0,"relay":0,"proxy":0,"hosting":0,"service":0}},"geometry":{"type":"Point","coordinates":[12.06174,47.48906]}},{"type":"Feature","properties":{"country_code":"USA","city":"Columbus","id":"4422442","downloaders":{"size":35,"mobile":0,"satellite":0,"tor":0,"tor_exit_nodes":0,"vpn":0,"relay":0,"proxy":0,"hosting":0,"service":0},"uploaders":{"size":3,"mobile":0,"satellite":0,"tor":0,"tor_exit_nodes":0,"vpn":0,"relay":0,"proxy":0,"hosting":0,"service":0}},"geometry":{"type":"Point","coordinates":[-88.3554,33.4812]}},{"type":"Feature","properties":{"country_code":"FIN","city":"Savonlinna","id":"637292","downloaders":{"size":35,"mobile":0,"satellite":0,"tor":0,"tor_exit_nodes":0,"vpn":0,"relay":0,"proxy":0,"hosting":0,"service":0},"uploaders":{"size":4,"mobile":0,"satellite":0,"tor":0,"tor_exit_nodes":0,"vpn":0,"relay":0,"proxy":0,"hosting":0,"service":0}},"geometry":{"type":"Point","coordinates":[28.87999,61.8699]}},{"type":"Feature","properties":{"country_code":"RUS","city":"Churapcha","id":"2025241","downloaders":{"size":35,"mobile":18,"satellite":0,"tor":0,"tor_exit_nodes":0,"vpn":0,"relay":0,"proxy":0,"hosting":0,"service":0},"uploaders":{"size":8,"mobile":7,"satellite":0,"tor":0,"tor_exit_nodes":0,"vpn":0,"relay":0,"proxy":0,"hosting":0,"service":0}},"geometry":{"type":"Point","coordinates":[132.43298,61.99979]}},{"type":"Feature","properties":{"country_code":"USA","city":"Bennsville","id":"4348418","downloaders":{"size":35,"mobile":0,"satellite":0,"tor":0,"tor_exit_nodes":0,"vpn":11,"relay":0,"proxy":0,"hosting":11,"service":11},"uploaders":{"size":4,"mobile":0,"satellite":0,"tor":0,"tor_exit_nodes":0,"vpn":4,"relay":0,"proxy":0,"hosting":4,"service":4}},"geometry":{"type":"Point","coordinates":[-77.0122,38.60929]}},{"type":"Feature","properties":{"country_code":"NLD","city":"Westervoort","id":"2744675","downloaders":{"size":35,"mobile":0,"satellite":0,"tor":0,"tor_exit_nodes":0,"vpn":0,"relay":0,"proxy":0,"hosting":0,"service":0},"uploaders":{"size":3,"mobile":0,"satellite":0,"tor":0,"tor_exit_nodes":0,"vpn":0,"relay":0,"proxy":0,"hosting":0,"service":0}},"geometry":{"type":"Point","coordinates":[5.97222,51.95583]}},{"type":"Feature","properties":{"country_code":"COL","city":"Funza","id":"3682281","downloaders":{"size":35,"mobile":0,"satellite":0,"tor":0,"tor_exit_nodes":0,"vpn":24,"relay":0,"proxy":0,"hosting":29,"service":24},"uploaders":{"size":5,"mobile":0,"satellite":0,"tor":0,"tor_exit_nodes":0,"vpn":5,"relay":0,"proxy":0,"hosting":5,"service":5}},"geometry":{"type":"Point","coordinates":[-74.21195,4.71638]}},{"type":"Feature","properties":{"country_code":"HRV","city":"Vara\u017edin Breg","id":"3188381","downloaders":{"size":35,"mobile":0,"satellite":0,"tor":0,"tor_exit_nodes":0,"vpn":0,"relay":0,"proxy":0,"hosting":0,"service":0},"uploaders":{"size":3,"mobile":0,"satellite":0,"tor":0,"tor_exit_nodes":0,"vpn":0,"relay":0,"proxy":0,"hosting":0,"service":0}},"geometry":{"type":"Point","coordinates":[16.38454,46.23227]}},{"type":"Feature","properties":{"country_code":"USA","city":"Littleton Common","id":"4942301","downloaders":{"size":35,"mobile":0,"satellite":0,"tor":0,"tor_exit_nodes":0,"vpn":0,"relay":0,"proxy":0,"hosting":0,"service":0},"uploaders":{"size":3,"mobile":0,"satellite":0,"tor":0,"tor_exit_nodes":0,"vpn":0,"relay":0,"proxy":0,"hosting":0,"service":0}},"geometry":{"type":"Point","coordinates":[-71.47451,42.54593]}},{"type":"Feature","properties":{"country_code":"AUS","city":"Frankston East","id":"2166143","downloaders":{"size":35,"mobile":0,"satellite":0,"tor":0,"tor_exit_nodes":0,"vpn":0,"relay":0,"proxy":0,"hosting":0,"service":0},"uploaders":{"size":3,"mobile":0,"satellite":0,"tor":0,"tor_exit_nodes":0,"vpn":0,"relay":0,"proxy":0,"hosting":0,"service":0}},"geometry":{"type":"Point","coordinates":[145.13333,-38.13333]}},{"type":"Feature","properties":{"country_code":"USA","city":"Addyston","id":"4505028","downloaders":{"size":34,"mobile":0,"satellite":0,"tor":0,"tor_exit_nodes":0,"vpn":1,"relay":0,"proxy":0,"hosting":0,"service":0},"uploaders":{"size":4,"mobile":0,"satellite":0,"tor":0,"tor_exit_nodes":0,"vpn":0,"relay":0,"proxy":0,"hosting":0,"service":0}},"geometry":{"type":"Point","coordinates":[-84.70911,39.13672]}},{"type":"Feature","properties":{"country_code":"BHR","city":"Al \u1e28add","id":"290363","downloaders":{"size":34,"mobile":4,"satellite":0,"tor":0,"tor_exit_nodes":0,"vpn":0,"relay":0,"proxy":0,"hosting":0,"service":0},"uploaders":{"size":3,"mobile":1,"satellite":0,"tor":0,"tor_exit_nodes":0,"vpn":0,"relay":0,"proxy":0,"hosting":0,"service":0}},"geometry":{"type":"Point","coordinates":[50.65417,26.24556]}},{"type":"Feature","properties":{"country_code":"KAZ","city":"Yereymentau","id":"1524302","downloaders":{"size":34,"mobile":12,"satellite":0,"tor":0,"tor_exit_nodes":0,"vpn":0,"relay":0,"proxy":0,"hosting":0,"service":0},"uploaders":{"size":6,"mobile":0,"satellite":0,"tor":0,"tor_exit_nodes":0,"vpn":0,"relay":0,"proxy":0,"hosting":0,"service":0}},"geometry":{"type":"Point","coordinates":[73.10265,51.62364]}},{"type":"Feature","properties":{"country_code":"KAZ","city":"Arkalyk","id":"1526193","downloaders":{"size":34,"mobile":21,"satellite":0,"tor":0,"tor_exit_nodes":0,"vpn":0,"relay":0,"proxy":0,"hosting":0,"service":0},"uploaders":{"size":4,"mobile":2,"satellite":0,"tor":0,"tor_exit_nodes":0,"vpn":0,"relay":0,"proxy":0,"hosting":0,"service":0}},"geometry":{"type":"Point","coordinates":[66.90384,50.25031]}},{"type":"Feature","properties":{"country_code":"CHN","city":"Taizhou","id":"8400694","downloaders":{"size":34,"mobile":0,"satellite":0,"tor":0,"tor_exit_nodes":0,"vpn":1,"relay":0,"proxy":0,"hosting":0,"service":0},"uploaders":{"size":9,"mobile":0,"satellite":0,"tor":0,"tor_exit_nodes":0,"vpn":0,"relay":0,"proxy":0,"hosting":0,"service":0}},"geometry":{"type":"Point","coordinates":[121.43312,28.66266]}},{"type":"Feature","properties":{"country_code":"SOM","city":"Gaalkacyo","id":"59611","downloaders":{"size":34,"mobile":34,"satellite":0,"tor":0,"tor_exit_nodes":0,"vpn":0,"relay":0,"proxy":0,"hosting":0,"service":0},"uploaders":{"size":8,"mobile":8,"satellite":0,"tor":0,"tor_exit_nodes":0,"vpn":0,"relay":0,"proxy":0,"hosting":0,"service":0}},"geometry":{"type":"Point","coordinates":[47.43083,6.76972]}},{"type":"Feature","properties":{"country_code":"GBR","city":"Harlesden","id":"2647468","downloaders":{"size":34,"mobile":7,"satellite":0,"tor":0,"tor_exit_nodes":0,"vpn":0,"relay":0,"proxy":0,"hosting":0,"service":0},"uploaders":{"size":3,"mobile":0,"satellite":0,"tor":0,"tor_exit_nodes":0,"vpn":0,"relay":0,"proxy":0,"hosting":0,"service":0}},"geometry":{"type":"Point","coordinates":[-0.2502,51.53811]}},{"type":"Feature","properties":{"country_code":"BIH","city":"Toj\u0161i\u0107i","id":"3189046","downloaders":{"size":34,"mobile":3,"satellite":0,"tor":0,"tor_exit_nodes":0,"vpn":0,"relay":0,"proxy":0,"hosting":0,"service":0},"uploaders":{"size":3,"mobile":1,"satellite":0,"tor":0,"tor_exit_nodes":0,"vpn":0,"relay":0,"proxy":0,"hosting":0,"service":0}},"geometry":{"type":"Point","coordinates":[18.78523,44.50133]}},{"type":"Feature","properties":{"country_code":"NOR","city":"Tynset","id":"3133498","downloaders":{"size":34,"mobile":0,"satellite":0,"tor":0,"tor_exit_nodes":0,"vpn":0,"relay":0,"proxy":0,"hosting":0,"service":0},"uploaders":{"size":4,"mobile":0,"satellite":0,"tor":0,"tor_exit_nodes":0,"vpn":0,"relay":0,"proxy":0,"hosting":0,"service":0}},"geometry":{"type":"Point","coordinates":[10.78241,62.27594]}},{"type":"Feature","properties":{"country_code":"GBR","city":"Earlsfield","id":"8063096","downloaders":{"size":33,"mobile":0,"satellite":0,"tor":0,"tor_exit_nodes":0,"vpn":0,"relay":0,"proxy":0,"hosting":0,"service":0},"uploaders":{"size":3,"mobile":0,"satellite":0,"tor":0,"tor_exit_nodes":0,"vpn":0,"relay":0,"proxy":0,"hosting":0,"service":0}},"geometry":{"type":"Point","coordinates":[-0.1854,51.4439]}},{"type":"Feature","properties":{"country_code":"OMN","city":"Sohar","id":"286282","downloaders":{"size":33,"mobile":24,"satellite":0,"tor":0,"tor_exit_nodes":0,"vpn":0,"relay":0,"proxy":0,"hosting":0,"service":0},"uploaders":{"size":3,"mobile":2,"satellite":0,"tor":0,"tor_exit_nodes":0,"vpn":0,"relay":0,"proxy":0,"hosting":0,"service":0}},"geometry":{"type":"Point","coordinates":[56.70937,24.34745]}},{"type":"Feature","properties":{"country_code":"USA","city":"Robstown","id":"4723212","downloaders":{"size":33,"mobile":0,"satellite":0,"tor":0,"tor_exit_nodes":0,"vpn":0,"relay":0,"proxy":0,"hosting":0,"service":0},"uploaders":{"size":5,"mobile":0,"satellite":0,"tor":0,"tor_exit_nodes":0,"vpn":0,"relay":0,"proxy":0,"hosting":0,"service":0}},"geometry":{"type":"Point","coordinates":[-97.66888,27.7903]}},{"type":"Feature","properties":{"country_code":"VEN","city":"San Diego","id":"3628462","downloaders":{"size":33,"mobile":0,"satellite":0,"tor":0,"tor_exit_nodes":0,"vpn":1,"relay":0,"proxy":0,"hosting":0,"service":0},"uploaders":{"size":3,"mobile":0,"satellite":0,"tor":0,"tor_exit_nodes":0,"vpn":0,"relay":0,"proxy":0,"hosting":0,"service":0}},"geometry":{"type":"Point","coordinates":[-67.95363,10.26057]}},{"type":"Feature","properties":{"country_code":"FRA","city":"Dardilly","id":"3021729","downloaders":{"size":33,"mobile":3,"satellite":0,"tor":0,"tor_exit_nodes":0,"vpn":0,"relay":0,"proxy":0,"hosting":0,"service":0},"uploaders":{"size":4,"mobile":0,"satellite":0,"tor":0,"tor_exit_nodes":0,"vpn":0,"relay":0,"proxy":0,"hosting":0,"service":0}},"geometry":{"type":"Point","coordinates":[4.75319,45.80558]}},{"type":"Feature","properties":{"country_code":"GBR","city":"Emneth","id":"2650007","downloaders":{"size":33,"mobile":0,"satellite":0,"tor":0,"tor_exit_nodes":0,"vpn":0,"relay":0,"proxy":0,"hosting":0,"service":0},"uploaders":{"size":5,"mobile":0,"satellite":0,"tor":0,"tor_exit_nodes":0,"vpn":0,"relay":0,"proxy":0,"hosting":0,"service":0}},"geometry":{"type":"Point","coordinates":[0.20857,52.64244]}},{"type":"Feature","properties":{"country_code":"RUS","city":"Kambarka","id":"553835","downloaders":{"size":32,"mobile":0,"satellite":0,"tor":0,"tor_exit_nodes":0,"vpn":0,"relay":0,"proxy":0,"hosting":0,"service":0},"uploaders":{"size":3,"mobile":0,"satellite":0,"tor":0,"tor_exit_nodes":0,"vpn":0,"relay":0,"proxy":0,"hosting":0,"service":0}},"geometry":{"type":"Point","coordinates":[54.2056,56.2666]}},{"type":"Feature","properties":{"country_code":"FRA","city":"Thorens-Gli\u00e8res","id":"2972727","downloaders":{"size":32,"mobile":7,"satellite":0,"tor":0,"tor_exit_nodes":0,"vpn":0,"relay":0,"proxy":0,"hosting":0,"service":0},"uploaders":{"size":3,"mobile":0,"satellite":0,"tor":0,"tor_exit_nodes":0,"vpn":0,"relay":0,"proxy":0,"hosting":0,"service":0}},"geometry":{"type":"Point","coordinates":[6.24557,45.9951]}},{"type":"Feature","properties":{"country_code":"ESP","city":"Carbajosa de la Sagrada","id":"3126397","downloaders":{"size":32,"mobile":20,"satellite":0,"tor":0,"tor_exit_nodes":0,"vpn":0,"relay":0,"proxy":0,"hosting":0,"service":0},"uploaders":{"size":3,"mobile":1,"satellite":0,"tor":0,"tor_exit_nodes":0,"vpn":0,"relay":0,"proxy":0,"hosting":0,"service":0}},"geometry":{"type":"Point","coordinates":[-5.65026,40.93305]}},{"type":"Feature","properties":{"country_code":"HRV","city":"\u010cepin","id":"3202743","downloaders":{"size":32,"mobile":0,"satellite":0,"tor":0,"tor_exit_nodes":0,"vpn":0,"relay":0,"proxy":0,"hosting":0,"service":0},"uploaders":{"size":5,"mobile":0,"satellite":0,"tor":0,"tor_exit_nodes":0,"vpn":0,"relay":0,"proxy":0,"hosting":0,"service":0}},"geometry":{"type":"Point","coordinates":[18.57762,45.52403]}},{"type":"Feature","properties":{"country_code":"PAK","city":"Chakwal","id":"1181636","downloaders":{"size":32,"mobile":19,"satellite":0,"tor":0,"tor_exit_nodes":0,"vpn":0,"relay":0,"proxy":0,"hosting":0,"service":0},"uploaders":{"size":3,"mobile":3,"satellite":0,"tor":0,"tor_exit_nodes":0,"vpn":0,"relay":0,"proxy":0,"hosting":0,"service":0}},"geometry":{"type":"Point","coordinates":[72.85394,32.93286]}},{"type":"Feature","properties":{"country_code":"GBR","city":"Heysham","id":"2647001","downloaders":{"size":32,"mobile":0,"satellite":0,"tor":0,"tor_exit_nodes":0,"vpn":0,"relay":0,"proxy":0,"hosting":0,"service":0},"uploaders":{"size":4,"mobile":0,"satellite":0,"tor":0,"tor_exit_nodes":0,"vpn":0,"relay":0,"proxy":0,"hosting":0,"service":0}},"geometry":{"type":"Point","coordinates":[-2.89322,54.04367]}},{"type":"Feature","properties":{"country_code":"UKR","city":"Kyrylivka","id":"708439","downloaders":{"size":32,"mobile":0,"satellite":0,"tor":0,"tor_exit_nodes":0,"vpn":0,"relay":0,"proxy":0,"hosting":0,"service":0},"uploaders":{"size":8,"mobile":0,"satellite":0,"tor":0,"tor_exit_nodes":0,"vpn":0,"relay":0,"proxy":0,"hosting":0,"service":0}},"geometry":{"type":"Point","coordinates":[35.3701,46.37179]}},{"type":"Feature","properties":{"country_code":"DEU","city":"Ramstein-Miesenbach","id":"2850536","downloaders":{"size":32,"mobile":0,"satellite":0,"tor":0,"tor_exit_nodes":0,"vpn":0,"relay":0,"proxy":0,"hosting":0,"service":0},"uploaders":{"size":3,"mobile":0,"satellite":0,"tor":0,"tor_exit_nodes":0,"vpn":0,"relay":0,"proxy":0,"hosting":0,"service":0}},"geometry":{"type":"Point","coordinates":[7.55533,49.44452]}},{"type":"Feature","properties":{"country_code":"USA","city":"Radnor","id":"5207490","downloaders":{"size":32,"mobile":0,"satellite":0,"tor":0,"tor_exit_nodes":0,"vpn":0,"relay":0,"proxy":0,"hosting":0,"service":0},"uploaders":{"size":3,"mobile":0,"satellite":0,"tor":0,"tor_exit_nodes":0,"vpn":0,"relay":0,"proxy":0,"hosting":0,"service":0}},"geometry":{"type":"Point","coordinates":[-75.35991,40.04622]}},{"type":"Feature","properties":{"country_code":"POL","city":"J\u00f3zef\u00f3w","id":"769981","downloaders":{"size":32,"mobile":13,"satellite":0,"tor":0,"tor_exit_nodes":0,"vpn":0,"relay":0,"proxy":0,"hosting":0,"service":0},"uploaders":{"size":3,"mobile":0,"satellite":0,"tor":0,"tor_exit_nodes":0,"vpn":0,"relay":0,"proxy":0,"hosting":0,"service":0}},"geometry":{"type":"Point","coordinates":[21.23589,52.13707]}},{"type":"Feature","properties":{"country_code":"NLD","city":"Emmer-Compascuum","id":"2756133","downloaders":{"size":32,"mobile":0,"satellite":0,"tor":0,"tor_exit_nodes":0,"vpn":1,"relay":0,"proxy":0,"hosting":0,"service":0},"uploaders":{"size":4,"mobile":0,"satellite":0,"tor":0,"tor_exit_nodes":0,"vpn":0,"relay":0,"proxy":0,"hosting":0,"service":0}},"geometry":{"type":"Point","coordinates":[7.04722,52.81167]}},{"type":"Feature","properties":{"country_code":"THA","city":"Kalasin","id":"1610469","downloaders":{"size":32,"mobile":22,"satellite":0,"tor":0,"tor_exit_nodes":0,"vpn":0,"relay":0,"proxy":0,"hosting":0,"service":0},"uploaders":{"size":3,"mobile":3,"satellite":0,"tor":0,"tor_exit_nodes":0,"vpn":0,"relay":0,"proxy":0,"hosting":0,"service":0}},"geometry":{"type":"Point","coordinates":[103.50658,16.43281]}},{"type":"Feature","properties":{"country_code":"SVK","city":"Modra","id":"3058663","downloaders":{"size":32,"mobile":0,"satellite":0,"tor":0,"tor_exit_nodes":0,"vpn":0,"relay":0,"proxy":0,"hosting":0,"service":0},"uploaders":{"size":3,"mobile":0,"satellite":0,"tor":0,"tor_exit_nodes":0,"vpn":0,"relay":0,"proxy":0,"hosting":0,"service":0}},"geometry":{"type":"Point","coordinates":[17.30711,48.33397]}},{"type":"Feature","properties":{"country_code":"CMR","city":"\u00c9bolowa","id":"2232283","downloaders":{"size":32,"mobile":1,"satellite":0,"tor":0,"tor_exit_nodes":0,"vpn":0,"relay":0,"proxy":0,"hosting":0,"service":0},"uploaders":{"size":4,"mobile":0,"satellite":0,"tor":0,"tor_exit_nodes":0,"vpn":0,"relay":0,"proxy":0,"hosting":0,"service":0}},"geometry":{"type":"Point","coordinates":[11.15,2.9]}},{"type":"Feature","properties":{"country_code":"FRA","city":"Cournonterral","id":"3022986","downloaders":{"size":32,"mobile":22,"satellite":0,"tor":0,"tor_exit_nodes":0,"vpn":0,"relay":0,"proxy":0,"hosting":0,"service":0},"uploaders":{"size":4,"mobile":1,"satellite":0,"tor":0,"tor_exit_nodes":0,"vpn":0,"relay":0,"proxy":0,"hosting":0,"service":0}},"geometry":{"type":"Point","coordinates":[3.72,43.55889]}},{"type":"Feature","properties":{"country_code":"GBR","city":"Crofton Park","id":"11551042","downloaders":{"size":31,"mobile":0,"satellite":0,"tor":0,"tor_exit_nodes":0,"vpn":0,"relay":0,"proxy":0,"hosting":0,"service":0},"uploaders":{"size":3,"mobile":0,"satellite":0,"tor":0,"tor_exit_nodes":0,"vpn":0,"relay":0,"proxy":0,"hosting":0,"service":0}},"geometry":{"type":"Point","coordinates":[-0.03438,51.45147]}},{"type":"Feature","properties":{"country_code":"USA","city":"Langley","id":"5800475","downloaders":{"size":31,"mobile":0,"satellite":0,"tor":0,"tor_exit_nodes":0,"vpn":0,"relay":0,"proxy":0,"hosting":0,"service":0},"uploaders":{"size":3,"mobile":0,"satellite":0,"tor":0,"tor_exit_nodes":0,"vpn":0,"relay":0,"proxy":0,"hosting":0,"service":0}},"geometry":{"type":"Point","coordinates":[-122.40626,48.04009]}},{"type":"Feature","properties":{"country_code":"ESP","city":"Sarriguren","id":"11593422","downloaders":{"size":31,"mobile":6,"satellite":0,"tor":0,"tor_exit_nodes":0,"vpn":0,"relay":0,"proxy":0,"hosting":0,"service":0},"uploaders":{"size":4,"mobile":1,"satellite":0,"tor":0,"tor_exit_nodes":0,"vpn":0,"relay":0,"proxy":0,"hosting":0,"service":0}},"geometry":{"type":"Point","coordinates":[-1.59815,42.81292]}},{"type":"Feature","properties":{"country_code":"BRA","city":"Nazar\u00e9 Paulista","id":"3456357","downloaders":{"size":31,"mobile":0,"satellite":0,"tor":0,"tor_exit_nodes":0,"vpn":0,"relay":0,"proxy":0,"hosting":0,"service":0},"uploaders":{"size":3,"mobile":0,"satellite":0,"tor":0,"tor_exit_nodes":0,"vpn":0,"relay":0,"proxy":0,"hosting":0,"service":0}},"geometry":{"type":"Point","coordinates":[-46.395,-23.18111]}},{"type":"Feature","properties":{"country_code":"CHE","city":"Oberglatt","id":"2659385","downloaders":{"size":31,"mobile":0,"satellite":0,"tor":0,"tor_exit_nodes":0,"vpn":2,"relay":0,"proxy":0,"hosting":0,"service":0},"uploaders":{"size":3,"mobile":0,"satellite":0,"tor":0,"tor_exit_nodes":0,"vpn":2,"relay":0,"proxy":0,"hosting":0,"service":0}},"geometry":{"type":"Point","coordinates":[8.51896,47.47576]}},{"type":"Feature","properties":{"country_code":"UKR","city":"Kelmentsi","id":"706536","downloaders":{"size":31,"mobile":0,"satellite":0,"tor":0,"tor_exit_nodes":0,"vpn":0,"relay":0,"proxy":0,"hosting":0,"service":0},"uploaders":{"size":4,"mobile":0,"satellite":0,"tor":0,"tor_exit_nodes":0,"vpn":0,"relay":0,"proxy":0,"hosting":0,"service":0}},"geometry":{"type":"Point","coordinates":[26.83277,48.4664]}},{"type":"Feature","properties":{"country_code":"KAZ","city":"Novoishimskiy","id":"1535379","downloaders":{"size":31,"mobile":16,"satellite":0,"tor":0,"tor_exit_nodes":0,"vpn":0,"relay":0,"proxy":0,"hosting":0,"service":0},"uploaders":{"size":4,"mobile":2,"satellite":0,"tor":0,"tor_exit_nodes":0,"vpn":0,"relay":0,"proxy":0,"hosting":0,"service":0}},"geometry":{"type":"Point","coordinates":[66.76944,53.19806]}},{"type":"Feature","properties":{"country_code":"NOR","city":"Sistranda","id":"3139597","downloaders":{"size":31,"mobile":0,"satellite":0,"tor":0,"tor_exit_nodes":0,"vpn":0,"relay":0,"proxy":0,"hosting":0,"service":0},"uploaders":{"size":3,"mobile":0,"satellite":0,"tor":0,"tor_exit_nodes":0,"vpn":0,"relay":0,"proxy":0,"hosting":0,"service":0}},"geometry":{"type":"Point","coordinates":[8.83318,63.72523]}},{"type":"Feature","properties":{"country_code":"USA","city":"Johnson City","id":"5733855","downloaders":{"size":31,"mobile":0,"satellite":0,"tor":0,"tor_exit_nodes":0,"vpn":0,"relay":0,"proxy":0,"hosting":0,"service":0},"uploaders":{"size":3,"mobile":0,"satellite":0,"tor":0,"tor_exit_nodes":0,"vpn":0,"relay":0,"proxy":0,"hosting":0,"service":0}},"geometry":{"type":"Point","coordinates":[-122.57898,45.40456]}},{"type":"Feature","properties":{"country_code":"RUS","city":"Uchkeken","id":"479687","downloaders":{"size":31,"mobile":27,"satellite":0,"tor":0,"tor_exit_nodes":0,"vpn":0,"relay":0,"proxy":0,"hosting":0,"service":0},"uploaders":{"size":6,"mobile":5,"satellite":0,"tor":0,"tor_exit_nodes":0,"vpn":0,"relay":0,"proxy":0,"hosting":0,"service":0}},"geometry":{"type":"Point","coordinates":[42.51652,43.94508]}},{"type":"Feature","properties":{"country_code":"BWA","city":"Oodi","id":"11205201","downloaders":{"size":31,"mobile":0,"satellite":0,"tor":0,"tor_exit_nodes":0,"vpn":0,"relay":0,"proxy":0,"hosting":0,"service":0},"uploaders":{"size":5,"mobile":0,"satellite":0,"tor":0,"tor_exit_nodes":0,"vpn":0,"relay":0,"proxy":0,"hosting":0,"service":0}},"geometry":{"type":"Point","coordinates":[26.03389,-24.57306]}},{"type":"Feature","properties":{"country_code":"UZB","city":"Qo\u2018qon","id":"1512979","downloaders":{"size":31,"mobile":0,"satellite":0,"tor":0,"tor_exit_nodes":0,"vpn":0,"relay":0,"proxy":0,"hosting":31,"service":0},"uploaders":{"size":3,"mobile":0,"satellite":0,"tor":0,"tor_exit_nodes":0,"vpn":0,"relay":0,"proxy":0,"hosting":3,"service":0}},"geometry":{"type":"Point","coordinates":[70.9425,40.52861]}},{"type":"Feature","properties":{"country_code":"BES","city":"Golden Rock","id":"3513714","downloaders":{"size":31,"mobile":0,"satellite":0,"tor":0,"tor_exit_nodes":0,"vpn":0,"relay":0,"proxy":0,"hosting":0,"service":0},"uploaders":{"size":4,"mobile":0,"satellite":0,"tor":0,"tor_exit_nodes":0,"vpn":0,"relay":0,"proxy":0,"hosting":0,"service":0}},"geometry":{"type":"Point","coordinates":[-62.98119,17.49142]}},{"type":"Feature","properties":{"country_code":"BRA","city":"Araruna","id":"3407239","downloaders":{"size":30,"mobile":0,"satellite":0,"tor":0,"tor_exit_nodes":0,"vpn":0,"relay":0,"proxy":0,"hosting":0,"service":0},"uploaders":{"size":11,"mobile":0,"satellite":0,"tor":0,"tor_exit_nodes":0,"vpn":0,"relay":0,"proxy":0,"hosting":0,"service":0}},"geometry":{"type":"Point","coordinates":[-35.74167,-6.55833]}},{"type":"Feature","properties":{"country_code":"MKD","city":"\u0160uto Orizare","id":"833258","downloaders":{"size":30,"mobile":2,"satellite":0,"tor":0,"tor_exit_nodes":0,"vpn":0,"relay":0,"proxy":0,"hosting":0,"service":0},"uploaders":{"size":8,"mobile":1,"satellite":0,"tor":0,"tor_exit_nodes":0,"vpn":0,"relay":0,"proxy":0,"hosting":0,"service":0}},"geometry":{"type":"Point","coordinates":[21.425,42.04]}},{"type":"Feature","properties":{"country_code":"ITA","city":"Ossona","id":"3171811","downloaders":{"size":30,"mobile":0,"satellite":0,"tor":0,"tor_exit_nodes":0,"vpn":0,"relay":0,"proxy":0,"hosting":0,"service":0},"uploaders":{"size":4,"mobile":0,"satellite":0,"tor":0,"tor_exit_nodes":0,"vpn":0,"relay":0,"proxy":0,"hosting":0,"service":0}},"geometry":{"type":"Point","coordinates":[8.89314,45.50708]}},{"type":"Feature","properties":{"country_code":"GBR","city":"White Waltham","id":"2634053","downloaders":{"size":30,"mobile":29,"satellite":0,"tor":0,"tor_exit_nodes":0,"vpn":0,"relay":0,"proxy":0,"hosting":0,"service":0},"uploaders":{"size":9,"mobile":8,"satellite":0,"tor":0,"tor_exit_nodes":0,"vpn":0,"relay":0,"proxy":0,"hosting":0,"service":0}},"geometry":{"type":"Point","coordinates":[-0.77239,51.49225]}},{"type":"Feature","properties":{"country_code":"USA","city":"Fairfield","id":"4855967","downloaders":{"size":30,"mobile":0,"satellite":0,"tor":0,"tor_exit_nodes":0,"vpn":0,"relay":0,"proxy":0,"hosting":0,"service":0},"uploaders":{"size":3,"mobile":0,"satellite":0,"tor":0,"tor_exit_nodes":0,"vpn":0,"relay":0,"proxy":0,"hosting":0,"service":0}},"geometry":{"type":"Point","coordinates":[-91.96267,41.00863]}},{"type":"Feature","properties":{"country_code":"EGY","city":"Al \u2018Alamayn","id":"361612","downloaders":{"size":30,"mobile":25,"satellite":0,"tor":0,"tor_exit_nodes":0,"vpn":1,"relay":0,"proxy":0,"hosting":0,"service":0},"uploaders":{"size":9,"mobile":7,"satellite":0,"tor":0,"tor_exit_nodes":0,"vpn":1,"relay":0,"proxy":0,"hosting":0,"service":0}},"geometry":{"type":"Point","coordinates":[28.95502,30.83007]}},{"type":"Feature","properties":{"country_code":"IND","city":"Bhatkal","id":"1276067","downloaders":{"size":30,"mobile":0,"satellite":0,"tor":0,"tor_exit_nodes":0,"vpn":0,"relay":0,"proxy":0,"hosting":0,"service":0},"uploaders":{"size":3,"mobile":0,"satellite":0,"tor":0,"tor_exit_nodes":0,"vpn":0,"relay":0,"proxy":0,"hosting":0,"service":0}},"geometry":{"type":"Point","coordinates":[74.55531,13.98534]}},{"type":"Feature","properties":{"country_code":"FIN","city":"Rauma","id":"639734","downloaders":{"size":29,"mobile":0,"satellite":0,"tor":0,"tor_exit_nodes":0,"vpn":0,"relay":0,"proxy":0,"hosting":0,"service":0},"uploaders":{"size":3,"mobile":0,"satellite":0,"tor":0,"tor_exit_nodes":0,"vpn":0,"relay":0,"proxy":0,"hosting":0,"service":0}},"geometry":{"type":"Point","coordinates":[21.51127,61.12724]}},{"type":"Feature","properties":{"country_code":"USA","city":"East Moline","id":"4890536","downloaders":{"size":29,"mobile":0,"satellite":0,"tor":0,"tor_exit_nodes":0,"vpn":3,"relay":0,"proxy":0,"hosting":0,"service":0},"uploaders":{"size":4,"mobile":0,"satellite":0,"tor":0,"tor_exit_nodes":0,"vpn":0,"relay":0,"proxy":0,"hosting":0,"service":0}},"geometry":{"type":"Point","coordinates":[-90.4443,41.50087]}},{"type":"Feature","properties":{"country_code":"ESP","city":"Los Corrales de Buelna","id":"3118024","downloaders":{"size":29,"mobile":0,"satellite":0,"tor":0,"tor_exit_nodes":0,"vpn":0,"relay":0,"proxy":0,"hosting":0,"service":0},"uploaders":{"size":3,"mobile":0,"satellite":0,"tor":0,"tor_exit_nodes":0,"vpn":0,"relay":0,"proxy":0,"hosting":0,"service":0}},"geometry":{"type":"Point","coordinates":[-4.07262,43.26358]}},{"type":"Feature","properties":{"country_code":"USA","city":"Waynesboro","id":"4450441","downloaders":{"size":29,"mobile":0,"satellite":0,"tor":0,"tor_exit_nodes":0,"vpn":0,"relay":0,"proxy":0,"hosting":0,"service":0},"uploaders":{"size":5,"mobile":0,"satellite":0,"tor":0,"tor_exit_nodes":0,"vpn":0,"relay":0,"proxy":0,"hosting":0,"service":0}},"geometry":{"type":"Point","coordinates":[-88.64615,31.67488]}},{"type":"Feature","properties":{"country_code":"USA","city":"Medicine Park","id":"4542561","downloaders":{"size":29,"mobile":0,"satellite":0,"tor":0,"tor_exit_nodes":0,"vpn":0,"relay":0,"proxy":0,"hosting":0,"service":0},"uploaders":{"size":9,"mobile":0,"satellite":0,"tor":0,"tor_exit_nodes":0,"vpn":0,"relay":0,"proxy":0,"hosting":0,"service":0}},"geometry":{"type":"Point","coordinates":[-98.50256,34.72924]}},{"type":"Feature","properties":{"country_code":"SYR","city":"Latakia","id":"173576","downloaders":{"size":29,"mobile":0,"satellite":0,"tor":0,"tor_exit_nodes":0,"vpn":0,"relay":0,"proxy":0,"hosting":0,"service":0},"uploaders":{"size":15,"mobile":0,"satellite":0,"tor":0,"tor_exit_nodes":0,"vpn":0,"relay":0,"proxy":0,"hosting":0,"service":0}},"geometry":{"type":"Point","coordinates":[35.79088,35.53125]}},{"type":"Feature","properties":{"country_code":"IDN","city":"Perbaungan","id":"1214191","downloaders":{"size":29,"mobile":29,"satellite":0,"tor":0,"tor_exit_nodes":0,"vpn":0,"relay":0,"proxy":0,"hosting":0,"service":0},"uploaders":{"size":3,"mobile":3,"satellite":0,"tor":0,"tor_exit_nodes":0,"vpn":0,"relay":0,"proxy":0,"hosting":0,"service":0}},"geometry":{"type":"Point","coordinates":[98.956,3.5679]}},{"type":"Feature","properties":{"country_code":"USA","city":"Clinton","id":"4461101","downloaders":{"size":29,"mobile":0,"satellite":0,"tor":0,"tor_exit_nodes":0,"vpn":2,"relay":0,"proxy":0,"hosting":0,"service":0},"uploaders":{"size":4,"mobile":0,"satellite":0,"tor":0,"tor_exit_nodes":0,"vpn":1,"relay":0,"proxy":0,"hosting":0,"service":0}},"geometry":{"type":"Point","coordinates":[-78.32333,34.99795]}},{"type":"Feature","properties":{"country_code":"GBR","city":"Daventry","id":"2651485","downloaders":{"size":29,"mobile":0,"satellite":0,"tor":0,"tor_exit_nodes":0,"vpn":0,"relay":0,"proxy":0,"hosting":0,"service":0},"uploaders":{"size":3,"mobile":0,"satellite":0,"tor":0,"tor_exit_nodes":0,"vpn":0,"relay":0,"proxy":0,"hosting":0,"service":0}},"geometry":{"type":"Point","coordinates":[-1.16066,52.25688]}},{"type":"Feature","properties":{"country_code":"GBR","city":"Wandsworth","id":"2634812","downloaders":{"size":29,"mobile":4,"satellite":0,"tor":0,"tor_exit_nodes":0,"vpn":0,"relay":0,"proxy":0,"hosting":0,"service":0},"uploaders":{"size":3,"mobile":0,"satellite":0,"tor":0,"tor_exit_nodes":0,"vpn":0,"relay":0,"proxy":0,"hosting":0,"service":0}},"geometry":{"type":"Point","coordinates":[-0.20784,51.4577]}},{"type":"Feature","properties":{"country_code":"USA","city":"Gilbert","id":"4579757","downloaders":{"size":29,"mobile":0,"satellite":0,"tor":0,"tor_exit_nodes":0,"vpn":0,"relay":0,"proxy":0,"hosting":0,"service":0},"uploaders":{"size":5,"mobile":0,"satellite":0,"tor":0,"tor_exit_nodes":0,"vpn":0,"relay":0,"proxy":0,"hosting":0,"service":0}},"geometry":{"type":"Point","coordinates":[-81.39371,33.92431]}},{"type":"Feature","properties":{"country_code":"RUS","city":"Pronsk","id":"504717","downloaders":{"size":29,"mobile":0,"satellite":0,"tor":0,"tor_exit_nodes":0,"vpn":0,"relay":0,"proxy":0,"hosting":0,"service":0},"uploaders":{"size":3,"mobile":0,"satellite":0,"tor":0,"tor_exit_nodes":0,"vpn":0,"relay":0,"proxy":0,"hosting":0,"service":0}},"geometry":{"type":"Point","coordinates":[39.59909,54.11361]}},{"type":"Feature","properties":{"country_code":"UKR","city":"Kostiantynivka","id":"705115","downloaders":{"size":29,"mobile":0,"satellite":0,"tor":0,"tor_exit_nodes":0,"vpn":0,"relay":0,"proxy":0,"hosting":0,"service":0},"uploaders":{"size":7,"mobile":0,"satellite":0,"tor":0,"tor_exit_nodes":0,"vpn":0,"relay":0,"proxy":0,"hosting":0,"service":0}},"geometry":{"type":"Point","coordinates":[35.42424,46.81778]}},{"type":"Feature","properties":{"country_code":"ZAF","city":"Kokstad","id":"988356","downloaders":{"size":29,"mobile":0,"satellite":0,"tor":0,"tor_exit_nodes":0,"vpn":0,"relay":0,"proxy":0,"hosting":0,"service":0},"uploaders":{"size":11,"mobile":0,"satellite":0,"tor":0,"tor_exit_nodes":0,"vpn":0,"relay":0,"proxy":0,"hosting":0,"service":0}},"geometry":{"type":"Point","coordinates":[29.42412,-30.54723]}},{"type":"Feature","properties":{"country_code":"USA","city":"Venersborg","id":"5814695","downloaders":{"size":28,"mobile":0,"satellite":0,"tor":0,"tor_exit_nodes":0,"vpn":0,"relay":0,"proxy":0,"hosting":0,"service":0},"uploaders":{"size":3,"mobile":0,"satellite":0,"tor":0,"tor_exit_nodes":0,"vpn":0,"relay":0,"proxy":0,"hosting":0,"service":0}},"geometry":{"type":"Point","coordinates":[-122.42454,45.77373]}},{"type":"Feature","properties":{"country_code":"USA","city":"Holladay","id":"5776008","downloaders":{"size":28,"mobile":0,"satellite":0,"tor":0,"tor_exit_nodes":0,"vpn":0,"relay":0,"proxy":0,"hosting":0,"service":0},"uploaders":{"size":3,"mobile":0,"satellite":0,"tor":0,"tor_exit_nodes":0,"vpn":0,"relay":0,"proxy":0,"hosting":0,"service":0}},"geometry":{"type":"Point","coordinates":[-111.82466,40.66884]}},{"type":"Feature","properties":{"country_code":"USA","city":"West Hartford","id":"4845411","downloaders":{"size":28,"mobile":0,"satellite":0,"tor":0,"tor_exit_nodes":0,"vpn":0,"relay":0,"proxy":0,"hosting":0,"service":0},"uploaders":{"size":4,"mobile":0,"satellite":0,"tor":0,"tor_exit_nodes":0,"vpn":0,"relay":0,"proxy":0,"hosting":0,"service":0}},"geometry":{"type":"Point","coordinates":[-72.74204,41.76204]}},{"type":"Feature","properties":{"country_code":"IND","city":"Jaspur","id":"1269168","downloaders":{"size":28,"mobile":20,"satellite":0,"tor":0,"tor_exit_nodes":0,"vpn":0,"relay":0,"proxy":0,"hosting":0,"service":0},"uploaders":{"size":3,"mobile":3,"satellite":0,"tor":0,"tor_exit_nodes":0,"vpn":0,"relay":0,"proxy":0,"hosting":0,"service":0}},"geometry":{"type":"Point","coordinates":[78.82798,29.27919]}},{"type":"Feature","properties":{"country_code":"USA","city":"Martins Ferry","id":"5162044","downloaders":{"size":28,"mobile":0,"satellite":0,"tor":0,"tor_exit_nodes":0,"vpn":6,"relay":0,"proxy":0,"hosting":0,"service":0},"uploaders":{"size":4,"mobile":0,"satellite":0,"tor":0,"tor_exit_nodes":0,"vpn":0,"relay":0,"proxy":0,"hosting":0,"service":0}},"geometry":{"type":"Point","coordinates":[-80.72453,40.09591]}},{"type":"Feature","properties":{"country_code":"USA","city":"Islip","id":"5122413","downloaders":{"size":28,"mobile":0,"satellite":0,"tor":0,"tor_exit_nodes":0,"vpn":0,"relay":0,"proxy":0,"hosting":0,"service":0},"uploaders":{"size":3,"mobile":0,"satellite":0,"tor":0,"tor_exit_nodes":0,"vpn":0,"relay":0,"proxy":0,"hosting":0,"service":0}},"geometry":{"type":"Point","coordinates":[-73.21039,40.72982]}},{"type":"Feature","properties":{"country_code":"DEU","city":"Sehnde","id":"2833475","downloaders":{"size":28,"mobile":0,"satellite":0,"tor":0,"tor_exit_nodes":0,"vpn":0,"relay":0,"proxy":0,"hosting":0,"service":0},"uploaders":{"size":8,"mobile":0,"satellite":0,"tor":0,"tor_exit_nodes":0,"vpn":0,"relay":0,"proxy":0,"hosting":0,"service":0}},"geometry":{"type":"Point","coordinates":[9.9682,52.31394]}},{"type":"Feature","properties":{"country_code":"NOR","city":"Luster","id":"8558570","downloaders":{"size":27,"mobile":0,"satellite":0,"tor":0,"tor_exit_nodes":0,"vpn":27,"relay":0,"proxy":0,"hosting":27,"service":27},"uploaders":{"size":6,"mobile":0,"satellite":0,"tor":0,"tor_exit_nodes":0,"vpn":6,"relay":0,"proxy":0,"hosting":6,"service":6}},"geometry":{"type":"Point","coordinates":[7.45992,61.44322]}},{"type":"Feature","properties":{"country_code":"THA","city":"Buri Ram","id":"1611453","downloaders":{"size":27,"mobile":13,"satellite":0,"tor":0,"tor_exit_nodes":0,"vpn":0,"relay":0,"proxy":0,"hosting":0,"service":0},"uploaders":{"size":5,"mobile":0,"satellite":0,"tor":0,"tor_exit_nodes":0,"vpn":0,"relay":0,"proxy":0,"hosting":0,"service":0}},"geometry":{"type":"Point","coordinates":[103.10392,14.99433]}},{"type":"Feature","properties":{"country_code":"FRA","city":"Aucamville","id":"3036287","downloaders":{"size":27,"mobile":10,"satellite":0,"tor":0,"tor_exit_nodes":0,"vpn":0,"relay":0,"proxy":0,"hosting":0,"service":0},"uploaders":{"size":3,"mobile":0,"satellite":0,"tor":0,"tor_exit_nodes":0,"vpn":0,"relay":0,"proxy":0,"hosting":0,"service":0}},"geometry":{"type":"Point","coordinates":[1.42766,43.67053]}},{"type":"Feature","properties":{"country_code":"GBR","city":"Landore","id":"2644963","downloaders":{"size":27,"mobile":8,"satellite":0,"tor":0,"tor_exit_nodes":0,"vpn":0,"relay":0,"proxy":0,"hosting":0,"service":0},"uploaders":{"size":4,"mobile":3,"satellite":0,"tor":0,"tor_exit_nodes":0,"vpn":0,"relay":0,"proxy":0,"hosting":0,"service":0}},"geometry":{"type":"Point","coordinates":[-3.94143,51.64396]}},{"type":"Feature","properties":{"country_code":"PRT","city":"Viana do Alentejo","id":"2261694","downloaders":{"size":27,"mobile":0,"satellite":0,"tor":0,"tor_exit_nodes":0,"vpn":0,"relay":0,"proxy":0,"hosting":0,"service":0},"uploaders":{"size":4,"mobile":0,"satellite":0,"tor":0,"tor_exit_nodes":0,"vpn":0,"relay":0,"proxy":0,"hosting":0,"service":0}},"geometry":{"type":"Point","coordinates":[-8.0044,38.33458]}},{"type":"Feature","properties":{"country_code":"GBR","city":"Kirkby Mallory","id":"2645306","downloaders":{"size":27,"mobile":1,"satellite":0,"tor":0,"tor_exit_nodes":0,"vpn":0,"relay":0,"proxy":0,"hosting":0,"service":0},"uploaders":{"size":3,"mobile":0,"satellite":0,"tor":0,"tor_exit_nodes":0,"vpn":0,"relay":0,"proxy":0,"hosting":0,"service":0}},"geometry":{"type":"Point","coordinates":[-1.3269,52.60172]}},{"type":"Feature","properties":{"country_code":"GBR","city":"Hexham","id":"2647007","downloaders":{"size":27,"mobile":3,"satellite":0,"tor":0,"tor_exit_nodes":0,"vpn":0,"relay":0,"proxy":0,"hosting":0,"service":0},"uploaders":{"size":4,"mobile":1,"satellite":0,"tor":0,"tor_exit_nodes":0,"vpn":0,"relay":0,"proxy":0,"hosting":0,"service":0}},"geometry":{"type":"Point","coordinates":[-2.104,54.96986]}},{"type":"Feature","properties":{"country_code":"CAN","city":"Nakusp","id":"6085665","downloaders":{"size":27,"mobile":7,"satellite":0,"tor":0,"tor_exit_nodes":0,"vpn":0,"relay":0,"proxy":0,"hosting":0,"service":0},"uploaders":{"size":3,"mobile":2,"satellite":0,"tor":0,"tor_exit_nodes":0,"vpn":0,"relay":0,"proxy":0,"hosting":0,"service":0}},"geometry":{"type":"Point","coordinates":[-117.80226,50.24987]}},{"type":"Feature","properties":{"country_code":"USA","city":"Highland","id":"5775863","downloaders":{"size":26,"mobile":0,"satellite":0,"tor":0,"tor_exit_nodes":0,"vpn":0,"relay":0,"proxy":0,"hosting":0,"service":0},"uploaders":{"size":5,"mobile":0,"satellite":0,"tor":0,"tor_exit_nodes":0,"vpn":0,"relay":0,"proxy":0,"hosting":0,"service":0}},"geometry":{"type":"Point","coordinates":[-111.79447,40.42548]}},{"type":"Feature","properties":{"country_code":"IRL","city":"Ballinasloe","id":"2966753","downloaders":{"size":26,"mobile":1,"satellite":0,"tor":0,"tor_exit_nodes":0,"vpn":2,"relay":0,"proxy":0,"hosting":0,"service":0},"uploaders":{"size":3,"mobile":0,"satellite":0,"tor":0,"tor_exit_nodes":0,"vpn":1,"relay":0,"proxy":0,"hosting":0,"service":0}},"geometry":{"type":"Point","coordinates":[-8.21944,53.3275]}},{"type":"Feature","properties":{"country_code":"USA","city":"Millbrae","id":"5373129","downloaders":{"size":26,"mobile":0,"satellite":0,"tor":0,"tor_exit_nodes":0,"vpn":1,"relay":0,"proxy":0,"hosting":0,"service":0},"uploaders":{"size":3,"mobile":0,"satellite":0,"tor":0,"tor_exit_nodes":0,"vpn":1,"relay":0,"proxy":0,"hosting":0,"service":0}},"geometry":{"type":"Point","coordinates":[-122.38719,37.59855]}},{"type":"Feature","properties":{"country_code":"IND","city":"R\u0101n\u012bganj","id":"1258470","downloaders":{"size":26,"mobile":0,"satellite":0,"tor":0,"tor_exit_nodes":0,"vpn":0,"relay":0,"proxy":0,"hosting":0,"service":0},"uploaders":{"size":4,"mobile":0,"satellite":0,"tor":0,"tor_exit_nodes":0,"vpn":0,"relay":0,"proxy":0,"hosting":0,"service":0}},"geometry":{"type":"Point","coordinates":[87.13061,23.6164]}},{"type":"Feature","properties":{"country_code":"ESP","city":"Abar\u00e1n","id":"2522499","downloaders":{"size":26,"mobile":18,"satellite":0,"tor":0,"tor_exit_nodes":0,"vpn":0,"relay":0,"proxy":0,"hosting":0,"service":0},"uploaders":{"size":3,"mobile":3,"satellite":0,"tor":0,"tor_exit_nodes":0,"vpn":0,"relay":0,"proxy":0,"hosting":0,"service":0}},"geometry":{"type":"Point","coordinates":[-1.39907,38.20551]}},{"type":"Feature","properties":{"country_code":"IRL","city":"Donabate","id":"2964765","downloaders":{"size":26,"mobile":10,"satellite":0,"tor":0,"tor_exit_nodes":0,"vpn":0,"relay":0,"proxy":0,"hosting":0,"service":0},"uploaders":{"size":3,"mobile":2,"satellite":0,"tor":0,"tor_exit_nodes":0,"vpn":0,"relay":0,"proxy":0,"hosting":0,"service":0}},"geometry":{"type":"Point","coordinates":[-6.15194,53.48722]}},{"type":"Feature","properties":{"country_code":"ASM","city":"Pago Pago","id":"5881576","downloaders":{"size":26,"mobile":0,"satellite":26,"tor":0,"tor_exit_nodes":0,"vpn":0,"relay":0,"proxy":0,"hosting":0,"service":0},"uploaders":{"size":20,"mobile":0,"satellite":20,"tor":0,"tor_exit_nodes":0,"vpn":0,"relay":0,"proxy":0,"hosting":0,"service":0}},"geometry":{"type":"Point","coordinates":[-170.7025,-14.27806]}},{"type":"Feature","properties":{"country_code":"ESP","city":"Torre del Campo","id":"2510310","downloaders":{"size":26,"mobile":15,"satellite":0,"tor":0,"tor_exit_nodes":0,"vpn":0,"relay":0,"proxy":0,"hosting":0,"service":0},"uploaders":{"size":3,"mobile":1,"satellite":0,"tor":0,"tor_exit_nodes":0,"vpn":0,"relay":0,"proxy":0,"hosting":0,"service":0}},"geometry":{"type":"Point","coordinates":[-3.89731,37.77051]}},{"type":"Feature","properties":{"country_code":"MKD","city":"Brvenica","id":"792227","downloaders":{"size":26,"mobile":0,"satellite":0,"tor":0,"tor_exit_nodes":0,"vpn":0,"relay":0,"proxy":0,"hosting":0,"service":0},"uploaders":{"size":3,"mobile":0,"satellite":0,"tor":0,"tor_exit_nodes":0,"vpn":0,"relay":0,"proxy":0,"hosting":0,"service":0}},"geometry":{"type":"Point","coordinates":[20.98083,41.96722]}},{"type":"Feature","properties":{"country_code":"ESP","city":"Moralzarzal","id":"3116175","downloaders":{"size":26,"mobile":0,"satellite":0,"tor":0,"tor_exit_nodes":0,"vpn":0,"relay":0,"proxy":0,"hosting":0,"service":0},"uploaders":{"size":3,"mobile":0,"satellite":0,"tor":0,"tor_exit_nodes":0,"vpn":0,"relay":0,"proxy":0,"hosting":0,"service":0}},"geometry":{"type":"Point","coordinates":[-3.9707,40.67816]}},{"type":"Feature","properties":{"country_code":"BRA","city":"Batatais","id":"3470324","downloaders":{"size":26,"mobile":1,"satellite":0,"tor":0,"tor_exit_nodes":0,"vpn":0,"relay":0,"proxy":0,"hosting":0,"service":0},"uploaders":{"size":3,"mobile":0,"satellite":0,"tor":0,"tor_exit_nodes":0,"vpn":0,"relay":0,"proxy":0,"hosting":0,"service":0}},"geometry":{"type":"Point","coordinates":[-47.585,-20.89111]}},{"type":"Feature","properties":{"country_code":"BGR","city":"Sveti Vlas","id":"725816","downloaders":{"size":25,"mobile":16,"satellite":0,"tor":0,"tor_exit_nodes":0,"vpn":0,"relay":0,"proxy":0,"hosting":0,"service":0},"uploaders":{"size":3,"mobile":1,"satellite":0,"tor":0,"tor_exit_nodes":0,"vpn":0,"relay":0,"proxy":0,"hosting":0,"service":0}},"geometry":{"type":"Point","coordinates":[27.75867,42.7136]}},{"type":"Feature","properties":{"country_code":"LUX","city":"Schieren","id":"2960104","downloaders":{"size":25,"mobile":0,"satellite":0,"tor":0,"tor_exit_nodes":0,"vpn":0,"relay":0,"proxy":0,"hosting":0,"service":0},"uploaders":{"size":5,"mobile":0,"satellite":0,"tor":0,"tor_exit_nodes":0,"vpn":0,"relay":0,"proxy":0,"hosting":0,"service":0}},"geometry":{"type":"Point","coordinates":[6.09861,49.83056]}},{"type":"Feature","properties":{"country_code":"BRA","city":"Vargem Alta","id":"3445534","downloaders":{"size":25,"mobile":0,"satellite":0,"tor":0,"tor_exit_nodes":0,"vpn":0,"relay":0,"proxy":0,"hosting":0,"service":0},"uploaders":{"size":4,"mobile":0,"satellite":0,"tor":0,"tor_exit_nodes":0,"vpn":0,"relay":0,"proxy":0,"hosting":0,"service":0}},"geometry":{"type":"Point","coordinates":[-41.00694,-20.67139]}},{"type":"Feature","properties":{"country_code":"DEU","city":"T\u00f6nisvorst","id":"2821899","downloaders":{"size":25,"mobile":0,"satellite":0,"tor":0,"tor_exit_nodes":0,"vpn":0,"relay":0,"proxy":0,"hosting":0,"service":0},"uploaders":{"size":5,"mobile":0,"satellite":0,"tor":0,"tor_exit_nodes":0,"vpn":0,"relay":0,"proxy":0,"hosting":0,"service":0}},"geometry":{"type":"Point","coordinates":[6.49412,51.32092]}},{"type":"Feature","properties":{"country_code":"ZAF","city":"Ceres","id":"3369129","downloaders":{"size":25,"mobile":2,"satellite":0,"tor":0,"tor_exit_nodes":0,"vpn":0,"relay":0,"proxy":0,"hosting":0,"service":0},"uploaders":{"size":8,"mobile":0,"satellite":0,"tor":0,"tor_exit_nodes":0,"vpn":0,"relay":0,"proxy":0,"hosting":0,"service":0}},"geometry":{"type":"Point","coordinates":[19.31095,-33.36889]}},{"type":"Feature","properties":{"country_code":"COL","city":"Quibd\u00f3","id":"3671116","downloaders":{"size":25,"mobile":3,"satellite":0,"tor":0,"tor_exit_nodes":0,"vpn":0,"relay":0,"proxy":0,"hosting":0,"service":0},"uploaders":{"size":5,"mobile":0,"satellite":0,"tor":0,"tor_exit_nodes":0,"vpn":0,"relay":0,"proxy":0,"hosting":0,"service":0}},"geometry":{"type":"Point","coordinates":[-76.65835,5.69188]}},{"type":"Feature","properties":{"country_code":"GBR","city":"Ampthill","id":"2657337","downloaders":{"size":25,"mobile":9,"satellite":0,"tor":0,"tor_exit_nodes":0,"vpn":1,"relay":0,"proxy":0,"hosting":0,"service":0},"uploaders":{"size":5,"mobile":5,"satellite":0,"tor":0,"tor_exit_nodes":0,"vpn":0,"relay":0,"proxy":0,"hosting":0,"service":0}},"geometry":{"type":"Point","coordinates":[-0.49567,52.02694]}},{"type":"Feature","properties":{"country_code":"USA","city":"Ruidoso","id":"5488598","downloaders":{"size":25,"mobile":0,"satellite":0,"tor":0,"tor_exit_nodes":0,"vpn":0,"relay":0,"proxy":0,"hosting":0,"service":0},"uploaders":{"size":3,"mobile":0,"satellite":0,"tor":0,"tor_exit_nodes":0,"vpn":0,"relay":0,"proxy":0,"hosting":0,"service":0}},"geometry":{"type":"Point","coordinates":[-105.67304,33.33175]}},{"type":"Feature","properties":{"country_code":"USA","city":"Blacksburg","id":"4747845","downloaders":{"size":25,"mobile":0,"satellite":0,"tor":0,"tor_exit_nodes":0,"vpn":0,"relay":0,"proxy":0,"hosting":2,"service":0},"uploaders":{"size":4,"mobile":0,"satellite":0,"tor":0,"tor_exit_nodes":0,"vpn":0,"relay":0,"proxy":0,"hosting":1,"service":0}},"geometry":{"type":"Point","coordinates":[-80.41394,37.22957]}},{"type":"Feature","properties":{"country_code":"IND","city":"Kurikuppi","id":"10973824","downloaders":{"size":25,"mobile":0,"satellite":0,"tor":0,"tor_exit_nodes":0,"vpn":0,"relay":0,"proxy":0,"hosting":25,"service":0},"uploaders":{"size":8,"mobile":0,"satellite":0,"tor":0,"tor_exit_nodes":0,"vpn":0,"relay":0,"proxy":0,"hosting":8,"service":0}},"geometry":{"type":"Point","coordinates":[76.8155,15.3205]}},{"type":"Feature","properties":{"country_code":"BRA","city":"Paraopeba","id":"3455045","downloaders":{"size":25,"mobile":0,"satellite":0,"tor":0,"tor_exit_nodes":0,"vpn":0,"relay":0,"proxy":0,"hosting":0,"service":0},"uploaders":{"size":4,"mobile":0,"satellite":0,"tor":0,"tor_exit_nodes":0,"vpn":0,"relay":0,"proxy":0,"hosting":0,"service":0}},"geometry":{"type":"Point","coordinates":[-44.40417,-19.27444]}},{"type":"Feature","properties":{"country_code":"AUS","city":"Healesville","id":"2163701","downloaders":{"size":25,"mobile":0,"satellite":0,"tor":0,"tor_exit_nodes":0,"vpn":24,"relay":0,"proxy":0,"hosting":0,"service":24},"uploaders":{"size":4,"mobile":0,"satellite":0,"tor":0,"tor_exit_nodes":0,"vpn":4,"relay":0,"proxy":0,"hosting":0,"service":4}},"geometry":{"type":"Point","coordinates":[145.51718,-37.65395]}},{"type":"Feature","properties":{"country_code":"USA","city":"South El Monte","id":"5397376","downloaders":{"size":24,"mobile":0,"satellite":0,"tor":0,"tor_exit_nodes":0,"vpn":4,"relay":0,"proxy":0,"hosting":0,"service":4},"uploaders":{"size":6,"mobile":0,"satellite":0,"tor":0,"tor_exit_nodes":0,"vpn":3,"relay":0,"proxy":0,"hosting":0,"service":3}},"geometry":{"type":"Point","coordinates":[-118.04673,34.05195]}},{"type":"Feature","properties":{"country_code":"CHE","city":"Fislisbach","id":"8533228","downloaders":{"size":24,"mobile":0,"satellite":0,"tor":0,"tor_exit_nodes":0,"vpn":1,"relay":0,"proxy":0,"hosting":0,"service":0},"uploaders":{"size":3,"mobile":0,"satellite":0,"tor":0,"tor_exit_nodes":0,"vpn":1,"relay":0,"proxy":0,"hosting":0,"service":0}},"geometry":{"type":"Point","coordinates":[8.29687,47.43904]}},{"type":"Feature","properties":{"country_code":"PAK","city":"Kandiaro","id":"1175010","downloaders":{"size":24,"mobile":1,"satellite":0,"tor":0,"tor_exit_nodes":0,"vpn":0,"relay":0,"proxy":0,"hosting":0,"service":0},"uploaders":{"size":5,"mobile":0,"satellite":0,"tor":0,"tor_exit_nodes":0,"vpn":0,"relay":0,"proxy":0,"hosting":0,"service":0}},"geometry":{"type":"Point","coordinates":[68.21022,27.05918]}},{"type":"Feature","properties":{"country_code":"KAZ","city":"Arshaly","id":"1517443","downloaders":{"size":24,"mobile":14,"satellite":0,"tor":0,"tor_exit_nodes":0,"vpn":0,"relay":0,"proxy":0,"hosting":0,"service":0},"uploaders":{"size":3,"mobile":0,"satellite":0,"tor":0,"tor_exit_nodes":0,"vpn":0,"relay":0,"proxy":0,"hosting":0,"service":0}},"geometry":{"type":"Point","coordinates":[72.17995,50.83112]}},{"type":"Feature","properties":{"country_code":"GBR","city":"Chalfont Saint Peter","id":"2653393","downloaders":{"size":24,"mobile":0,"satellite":0,"tor":0,"tor_exit_nodes":0,"vpn":1,"relay":0,"proxy":0,"hosting":2,"service":0},"uploaders":{"size":4,"mobile":0,"satellite":0,"tor":0,"tor_exit_nodes":0,"vpn":0,"relay":0,"proxy":0,"hosting":1,"service":0}},"geometry":{"type":"Point","coordinates":[-0.55618,51.60885]}},{"type":"Feature","properties":{"country_code":"DEU","city":"Rohrdorf","id":"2845638","downloaders":{"size":24,"mobile":0,"satellite":0,"tor":0,"tor_exit_nodes":0,"vpn":0,"relay":0,"proxy":0,"hosting":0,"service":0},"uploaders":{"size":5,"mobile":0,"satellite":0,"tor":0,"tor_exit_nodes":0,"vpn":0,"relay":0,"proxy":0,"hosting":0,"service":0}},"geometry":{"type":"Point","coordinates":[8.7,48.56667]}},{"type":"Feature","properties":{"country_code":"CAN","city":"Virden","id":"6174457","downloaders":{"size":24,"mobile":0,"satellite":0,"tor":0,"tor_exit_nodes":0,"vpn":0,"relay":0,"proxy":0,"hosting":0,"service":0},"uploaders":{"size":3,"mobile":0,"satellite":0,"tor":0,"tor_exit_nodes":0,"vpn":0,"relay":0,"proxy":0,"hosting":0,"service":0}},"geometry":{"type":"Point","coordinates":[-100.93262,49.8508]}},{"type":"Feature","properties":{"country_code":"USA","city":"Luckey","id":"5161429","downloaders":{"size":23,"mobile":0,"satellite":0,"tor":0,"tor_exit_nodes":0,"vpn":0,"relay":0,"proxy":0,"hosting":0,"service":0},"uploaders":{"size":3,"mobile":0,"satellite":0,"tor":0,"tor_exit_nodes":0,"vpn":0,"relay":0,"proxy":0,"hosting":0,"service":0}},"geometry":{"type":"Point","coordinates":[-83.48743,41.45061]}},{"type":"Feature","properties":{"country_code":"CAN","city":"Fort Saskatchewan","id":"5955948","downloaders":{"size":23,"mobile":1,"satellite":0,"tor":0,"tor_exit_nodes":0,"vpn":0,"relay":0,"proxy":0,"hosting":3,"service":0},"uploaders":{"size":3,"mobile":0,"satellite":0,"tor":0,"tor_exit_nodes":0,"vpn":0,"relay":0,"proxy":0,"hosting":1,"service":0}},"geometry":{"type":"Point","coordinates":[-113.21382,53.69814]}},{"type":"Feature","properties":{"country_code":"NLD","city":"Broekerhaven","id":"2758279","downloaders":{"size":23,"mobile":0,"satellite":0,"tor":0,"tor_exit_nodes":0,"vpn":0,"relay":0,"proxy":0,"hosting":0,"service":0},"uploaders":{"size":3,"mobile":0,"satellite":0,"tor":0,"tor_exit_nodes":0,"vpn":0,"relay":0,"proxy":0,"hosting":0,"service":0}},"geometry":{"type":"Point","coordinates":[5.25278,52.68833]}},{"type":"Feature","properties":{"country_code":"ESP","city":"Cantoria","id":"2520209","downloaders":{"size":23,"mobile":0,"satellite":0,"tor":0,"tor_exit_nodes":0,"vpn":0,"relay":0,"proxy":0,"hosting":0,"service":0},"uploaders":{"size":5,"mobile":0,"satellite":0,"tor":0,"tor_exit_nodes":0,"vpn":0,"relay":0,"proxy":0,"hosting":0,"service":0}},"geometry":{"type":"Point","coordinates":[-2.19209,37.35146]}},{"type":"Feature","properties":{"country_code":"UKR","city":"Rozivka","id":"695307","downloaders":{"size":23,"mobile":0,"satellite":0,"tor":0,"tor_exit_nodes":0,"vpn":0,"relay":0,"proxy":0,"hosting":0,"service":0},"uploaders":{"size":11,"mobile":0,"satellite":0,"tor":0,"tor_exit_nodes":0,"vpn":0,"relay":0,"proxy":0,"hosting":0,"service":0}},"geometry":{"type":"Point","coordinates":[35.77566,46.93802]}},{"type":"Feature","properties":{"country_code":"USA","city":"Vista","id":"5406602","downloaders":{"size":23,"mobile":0,"satellite":0,"tor":0,"tor_exit_nodes":0,"vpn":0,"relay":0,"proxy":0,"hosting":0,"service":0},"uploaders":{"size":3,"mobile":0,"satellite":0,"tor":0,"tor_exit_nodes":0,"vpn":0,"relay":0,"proxy":0,"hosting":0,"service":0}},"geometry":{"type":"Point","coordinates":[-117.2243,33.2131]}},{"type":"Feature","properties":{"country_code":"USA","city":"Fairfield Glade","id":"4621447","downloaders":{"size":23,"mobile":0,"satellite":0,"tor":0,"tor_exit_nodes":0,"vpn":0,"relay":0,"proxy":0,"hosting":0,"service":0},"uploaders":{"size":3,"mobile":0,"satellite":0,"tor":0,"tor_exit_nodes":0,"vpn":0,"relay":0,"proxy":0,"hosting":0,"service":0}},"geometry":{"type":"Point","coordinates":[-84.88634,36.00035]}},{"type":"Feature","properties":{"country_code":"CPV","city":"Sal Rei","id":"3374235","downloaders":{"size":23,"mobile":0,"satellite":0,"tor":0,"tor_exit_nodes":0,"vpn":0,"relay":0,"proxy":0,"hosting":0,"service":0},"uploaders":{"size":9,"mobile":0,"satellite":0,"tor":0,"tor_exit_nodes":0,"vpn":0,"relay":0,"proxy":0,"hosting":0,"service":0}},"geometry":{"type":"Point","coordinates":[-22.91722,16.17611]}},{"type":"Feature","properties":{"country_code":"BEL","city":"Boom","id":"2801494","downloaders":{"size":23,"mobile":0,"satellite":0,"tor":0,"tor_exit_nodes":0,"vpn":0,"relay":0,"proxy":0,"hosting":0,"service":0},"uploaders":{"size":3,"mobile":0,"satellite":0,"tor":0,"tor_exit_nodes":0,"vpn":0,"relay":0,"proxy":0,"hosting":0,"service":0}},"geometry":{"type":"Point","coordinates":[4.3717,51.09242]}},{"type":"Feature","properties":{"country_code":"USA","city":"Casa Grande","id":"5288636","downloaders":{"size":23,"mobile":5,"satellite":0,"tor":0,"tor_exit_nodes":0,"vpn":1,"relay":0,"proxy":0,"hosting":1,"service":0},"uploaders":{"size":3,"mobile":0,"satellite":0,"tor":0,"tor_exit_nodes":0,"vpn":0,"relay":0,"proxy":0,"hosting":0,"service":0}},"geometry":{"type":"Point","coordinates":[-111.75735,32.8795]}},{"type":"Feature","properties":{"country_code":"AUT","city":"P\u00f6llau","id":"2768582","downloaders":{"size":23,"mobile":0,"satellite":0,"tor":0,"tor_exit_nodes":0,"vpn":0,"relay":0,"proxy":0,"hosting":0,"service":0},"uploaders":{"size":3,"mobile":0,"satellite":0,"tor":0,"tor_exit_nodes":0,"vpn":0,"relay":0,"proxy":0,"hosting":0,"service":0}},"geometry":{"type":"Point","coordinates":[15.83333,47.3]}},{"type":"Feature","properties":{"country_code":"MYS","city":"Kota Warisan","id":"13118275","downloaders":{"size":22,"mobile":0,"satellite":0,"tor":0,"tor_exit_nodes":0,"vpn":0,"relay":0,"proxy":0,"hosting":0,"service":0},"uploaders":{"size":3,"mobile":0,"satellite":0,"tor":0,"tor_exit_nodes":0,"vpn":0,"relay":0,"proxy":0,"hosting":0,"service":0}},"geometry":{"type":"Point","coordinates":[101.69365,2.82388]}},{"type":"Feature","properties":{"country_code":"SWE","city":"\u00d6vertorne\u00e5","id":"603814","downloaders":{"size":22,"mobile":0,"satellite":0,"tor":0,"tor_exit_nodes":0,"vpn":0,"relay":0,"proxy":0,"hosting":0,"service":0},"uploaders":{"size":3,"mobile":0,"satellite":0,"tor":0,"tor_exit_nodes":0,"vpn":0,"relay":0,"proxy":0,"hosting":0,"service":0}},"geometry":{"type":"Point","coordinates":[23.65425,66.38778]}},{"type":"Feature","properties":{"country_code":"IND","city":"Canning","id":"1274984","downloaders":{"size":22,"mobile":0,"satellite":0,"tor":0,"tor_exit_nodes":0,"vpn":0,"relay":0,"proxy":0,"hosting":0,"service":0},"uploaders":{"size":3,"mobile":0,"satellite":0,"tor":0,"tor_exit_nodes":0,"vpn":0,"relay":0,"proxy":0,"hosting":0,"service":0}},"geometry":{"type":"Point","coordinates":[88.7803,22.4656]}},{"type":"Feature","properties":{"country_code":"GBR","city":"Tredegar","id":"2635547","downloaders":{"size":22,"mobile":1,"satellite":0,"tor":0,"tor_exit_nodes":0,"vpn":0,"relay":0,"proxy":0,"hosting":0,"service":0},"uploaders":{"size":3,"mobile":0,"satellite":0,"tor":0,"tor_exit_nodes":0,"vpn":0,"relay":0,"proxy":0,"hosting":0,"service":0}},"geometry":{"type":"Point","coordinates":[-3.24679,51.77251]}},{"type":"Feature","properties":{"country_code":"PAK","city":"Rawalakot","id":"1161983","downloaders":{"size":22,"mobile":3,"satellite":0,"tor":0,"tor_exit_nodes":0,"vpn":0,"relay":0,"proxy":0,"hosting":0,"service":0},"uploaders":{"size":5,"mobile":2,"satellite":0,"tor":0,"tor_exit_nodes":0,"vpn":0,"relay":0,"proxy":0,"hosting":0,"service":0}},"geometry":{"type":"Point","coordinates":[73.76043,33.85782]}},{"type":"Feature","properties":{"country_code":"USA","city":"Gatlinburg","id":"4624443","downloaders":{"size":22,"mobile":0,"satellite":0,"tor":0,"tor_exit_nodes":0,"vpn":21,"relay":0,"proxy":0,"hosting":0,"service":0},"uploaders":{"size":4,"mobile":0,"satellite":0,"tor":0,"tor_exit_nodes":0,"vpn":4,"relay":0,"proxy":0,"hosting":0,"service":0}},"geometry":{"type":"Point","coordinates":[-83.51189,35.71453]}},{"type":"Feature","properties":{"country_code":"GBR","city":"East Horsley","id":"2650411","downloaders":{"size":22,"mobile":0,"satellite":0,"tor":0,"tor_exit_nodes":0,"vpn":0,"relay":0,"proxy":0,"hosting":0,"service":0},"uploaders":{"size":3,"mobile":0,"satellite":0,"tor":0,"tor_exit_nodes":0,"vpn":0,"relay":0,"proxy":0,"hosting":0,"service":0}},"geometry":{"type":"Point","coordinates":[-0.43207,51.27358]}},{"type":"Feature","properties":{"country_code":"KAZ","city":"Zhaksy","id":"1517020","downloaders":{"size":22,"mobile":20,"satellite":0,"tor":0,"tor_exit_nodes":0,"vpn":0,"relay":0,"proxy":0,"hosting":0,"service":0},"uploaders":{"size":3,"mobile":3,"satellite":0,"tor":0,"tor_exit_nodes":0,"vpn":0,"relay":0,"proxy":0,"hosting":0,"service":0}},"geometry":{"type":"Point","coordinates":[67.31665,51.91058]}},{"type":"Feature","properties":{"country_code":"GAB","city":"Franceville","id":"2400555","downloaders":{"size":22,"mobile":0,"satellite":0,"tor":0,"tor_exit_nodes":0,"vpn":0,"relay":0,"proxy":0,"hosting":0,"service":0},"uploaders":{"size":7,"mobile":0,"satellite":0,"tor":0,"tor_exit_nodes":0,"vpn":0,"relay":0,"proxy":0,"hosting":0,"service":0}},"geometry":{"type":"Point","coordinates":[13.58357,-1.63333]}},{"type":"Feature","properties":{"country_code":"NPL","city":"Bhadrapur","id":"1283628","downloaders":{"size":22,"mobile":0,"satellite":0,"tor":0,"tor_exit_nodes":0,"vpn":0,"relay":0,"proxy":0,"hosting":0,"service":0},"uploaders":{"size":4,"mobile":0,"satellite":0,"tor":0,"tor_exit_nodes":0,"vpn":0,"relay":0,"proxy":0,"hosting":0,"service":0}},"geometry":{"type":"Point","coordinates":[88.09436,26.54404]}},{"type":"Feature","properties":{"country_code":"CMR","city":"Garoua","id":"2231320","downloaders":{"size":22,"mobile":22,"satellite":0,"tor":0,"tor_exit_nodes":0,"vpn":0,"relay":0,"proxy":0,"hosting":0,"service":0},"uploaders":{"size":8,"mobile":8,"satellite":0,"tor":0,"tor_exit_nodes":0,"vpn":0,"relay":0,"proxy":0,"hosting":0,"service":0}},"geometry":{"type":"Point","coordinates":[13.39771,9.30143]}},{"type":"Feature","properties":{"country_code":"USA","city":"Madison","id":"5100748","downloaders":{"size":22,"mobile":0,"satellite":0,"tor":0,"tor_exit_nodes":0,"vpn":0,"relay":0,"proxy":0,"hosting":0,"service":0},"uploaders":{"size":3,"mobile":0,"satellite":0,"tor":0,"tor_exit_nodes":0,"vpn":0,"relay":0,"proxy":0,"hosting":0,"service":0}},"geometry":{"type":"Point","coordinates":[-74.4171,40.75982]}},{"type":"Feature","properties":{"country_code":"USA","city":"Meridianville","id":"4075854","downloaders":{"size":22,"mobile":0,"satellite":0,"tor":0,"tor_exit_nodes":0,"vpn":0,"relay":0,"proxy":0,"hosting":0,"service":0},"uploaders":{"size":4,"mobile":0,"satellite":0,"tor":0,"tor_exit_nodes":0,"vpn":0,"relay":0,"proxy":0,"hosting":0,"service":0}},"geometry":{"type":"Point","coordinates":[-86.57222,34.85148]}},{"type":"Feature","properties":{"country_code":"USA","city":"Wrightwood","id":"5410682","downloaders":{"size":22,"mobile":0,"satellite":0,"tor":0,"tor_exit_nodes":0,"vpn":0,"relay":0,"proxy":0,"hosting":0,"service":0},"uploaders":{"size":3,"mobile":0,"satellite":0,"tor":0,"tor_exit_nodes":0,"vpn":0,"relay":0,"proxy":0,"hosting":0,"service":0}},"geometry":{"type":"Point","coordinates":[-117.63339,34.36083]}},{"type":"Feature","properties":{"country_code":"IND","city":"Sivakasi","id":"1255947","downloaders":{"size":21,"mobile":0,"satellite":0,"tor":0,"tor_exit_nodes":0,"vpn":0,"relay":0,"proxy":0,"hosting":0,"service":0},"uploaders":{"size":3,"mobile":0,"satellite":0,"tor":0,"tor_exit_nodes":0,"vpn":0,"relay":0,"proxy":0,"hosting":0,"service":0}},"geometry":{"type":"Point","coordinates":[77.79797,9.44999]}},{"type":"Feature","properties":{"country_code":"IND","city":"Tiruchchendur","id":"1254390","downloaders":{"size":21,"mobile":0,"satellite":0,"tor":0,"tor_exit_nodes":0,"vpn":0,"relay":0,"proxy":0,"hosting":0,"service":0},"uploaders":{"size":3,"mobile":0,"satellite":0,"tor":0,"tor_exit_nodes":0,"vpn":0,"relay":0,"proxy":0,"hosting":0,"service":0}},"geometry":{"type":"Point","coordinates":[78.11906,8.49725]}},{"type":"Feature","properties":{"country_code":"USA","city":"Millwood","id":"5803545","downloaders":{"size":21,"mobile":0,"satellite":0,"tor":0,"tor_exit_nodes":0,"vpn":0,"relay":0,"proxy":0,"hosting":0,"service":0},"uploaders":{"size":7,"mobile":0,"satellite":0,"tor":0,"tor_exit_nodes":0,"vpn":0,"relay":0,"proxy":0,"hosting":0,"service":0}},"geometry":{"type":"Point","coordinates":[-117.28271,47.68128]}},{"type":"Feature","properties":{"country_code":"ESP","city":"Ondarroa","id":"3115056","downloaders":{"size":21,"mobile":0,"satellite":0,"tor":0,"tor_exit_nodes":0,"vpn":11,"relay":0,"proxy":0,"hosting":0,"service":0},"uploaders":{"size":3,"mobile":0,"satellite":0,"tor":0,"tor_exit_nodes":0,"vpn":2,"relay":0,"proxy":0,"hosting":0,"service":0}},"geometry":{"type":"Point","coordinates":[-2.41667,43.31667]}},{"type":"Feature","properties":{"country_code":"KEN","city":"Machakos","id":"188492","downloaders":{"size":21,"mobile":0,"satellite":0,"tor":0,"tor_exit_nodes":0,"vpn":4,"relay":0,"proxy":0,"hosting":0,"service":0},"uploaders":{"size":7,"mobile":0,"satellite":0,"tor":0,"tor_exit_nodes":0,"vpn":0,"relay":0,"proxy":0,"hosting":0,"service":0}},"geometry":{"type":"Point","coordinates":[37.26521,-1.52233]}},{"type":"Feature","properties":{"country_code":"THA","city":"Tha Maka","id":"1150275","downloaders":{"size":21,"mobile":5,"satellite":0,"tor":0,"tor_exit_nodes":0,"vpn":0,"relay":0,"proxy":0,"hosting":0,"service":0},"uploaders":{"size":3,"mobile":0,"satellite":0,"tor":0,"tor_exit_nodes":0,"vpn":0,"relay":0,"proxy":0,"hosting":0,"service":0}},"geometry":{"type":"Point","coordinates":[99.76667,13.9]}},{"type":"Feature","properties":{"country_code":"CZE","city":"Klimkovice","id":"3073599","downloaders":{"size":21,"mobile":0,"satellite":0,"tor":0,"tor_exit_nodes":0,"vpn":0,"relay":0,"proxy":0,"hosting":0,"service":0},"uploaders":{"size":7,"mobile":0,"satellite":0,"tor":0,"tor_exit_nodes":0,"vpn":0,"relay":0,"proxy":0,"hosting":0,"service":0}},"geometry":{"type":"Point","coordinates":[18.12585,49.78809]}},{"type":"Feature","properties":{"country_code":"BGD","city":"Sirajganj","id":"1185115","downloaders":{"size":21,"mobile":0,"satellite":0,"tor":0,"tor_exit_nodes":0,"vpn":1,"relay":0,"proxy":0,"hosting":1,"service":0},"uploaders":{"size":15,"mobile":0,"satellite":0,"tor":0,"tor_exit_nodes":0,"vpn":0,"relay":0,"proxy":0,"hosting":0,"service":0}},"geometry":{"type":"Point","coordinates":[89.70802,24.45771]}},{"type":"Feature","properties":{"country_code":"BIH","city":"Rogatica","id":"3191576","downloaders":{"size":21,"mobile":21,"satellite":0,"tor":0,"tor_exit_nodes":0,"vpn":0,"relay":0,"proxy":0,"hosting":0,"service":0},"uploaders":{"size":14,"mobile":14,"satellite":0,"tor":0,"tor_exit_nodes":0,"vpn":0,"relay":0,"proxy":0,"hosting":0,"service":0}},"geometry":{"type":"Point","coordinates":[19.00363,43.79894]}},{"type":"Feature","properties":{"country_code":"IRL","city":"Carlingford","id":"2965772","downloaders":{"size":21,"mobile":0,"satellite":0,"tor":0,"tor_exit_nodes":0,"vpn":1,"relay":0,"proxy":0,"hosting":0,"service":0},"uploaders":{"size":5,"mobile":0,"satellite":0,"tor":0,"tor_exit_nodes":0,"vpn":0,"relay":0,"proxy":0,"hosting":0,"service":0}},"geometry":{"type":"Point","coordinates":[-6.18833,54.04]}},{"type":"Feature","properties":{"country_code":"POL","city":"Jerzmanowice","id":"3097219","downloaders":{"size":21,"mobile":0,"satellite":0,"tor":0,"tor_exit_nodes":0,"vpn":0,"relay":0,"proxy":0,"hosting":0,"service":0},"uploaders":{"size":3,"mobile":0,"satellite":0,"tor":0,"tor_exit_nodes":0,"vpn":0,"relay":0,"proxy":0,"hosting":0,"service":0}},"geometry":{"type":"Point","coordinates":[19.74672,50.21267]}},{"type":"Feature","properties":{"country_code":"BRA","city":"Ruy Barbosa","id":"3450832","downloaders":{"size":20,"mobile":0,"satellite":0,"tor":0,"tor_exit_nodes":0,"vpn":0,"relay":0,"proxy":0,"hosting":0,"service":0},"uploaders":{"size":7,"mobile":0,"satellite":0,"tor":0,"tor_exit_nodes":0,"vpn":0,"relay":0,"proxy":0,"hosting":0,"service":0}},"geometry":{"type":"Point","coordinates":[-40.49389,-12.28389]}},{"type":"Feature","properties":{"country_code":"TGO","city":"Kpalim\u00e9","id":"2365560","downloaders":{"size":20,"mobile":0,"satellite":0,"tor":0,"tor_exit_nodes":0,"vpn":0,"relay":0,"proxy":0,"hosting":0,"service":0},"uploaders":{"size":4,"mobile":0,"satellite":0,"tor":0,"tor_exit_nodes":0,"vpn":0,"relay":0,"proxy":0,"hosting":0,"service":0}},"geometry":{"type":"Point","coordinates":[0.63333,6.9]}},{"type":"Feature","properties":{"country_code":"ALB","city":"Farka e Madhe","id":"3185689","downloaders":{"size":20,"mobile":0,"satellite":0,"tor":0,"tor_exit_nodes":0,"vpn":0,"relay":0,"proxy":0,"hosting":15,"service":0},"uploaders":{"size":6,"mobile":0,"satellite":0,"tor":0,"tor_exit_nodes":0,"vpn":0,"relay":0,"proxy":0,"hosting":4,"service":0}},"geometry":{"type":"Point","coordinates":[19.9292,41.3192]}},{"type":"Feature","properties":{"country_code":"FRA","city":"\u00c9vian-les-Bains","id":"3019280","downloaders":{"size":20,"mobile":2,"satellite":0,"tor":0,"tor_exit_nodes":0,"vpn":0,"relay":0,"proxy":0,"hosting":0,"service":0},"uploaders":{"size":3,"mobile":0,"satellite":0,"tor":0,"tor_exit_nodes":0,"vpn":0,"relay":0,"proxy":0,"hosting":0,"service":0}},"geometry":{"type":"Point","coordinates":[6.58793,46.40111]}},{"type":"Feature","properties":{"country_code":"PAK","city":"Sakrand","id":"1166381","downloaders":{"size":20,"mobile":1,"satellite":0,"tor":0,"tor_exit_nodes":0,"vpn":0,"relay":0,"proxy":0,"hosting":0,"service":0},"uploaders":{"size":4,"mobile":0,"satellite":0,"tor":0,"tor_exit_nodes":0,"vpn":0,"relay":0,"proxy":0,"hosting":0,"service":0}},"geometry":{"type":"Point","coordinates":[68.27444,26.13845]}},{"type":"Feature","properties":{"country_code":"KAZ","city":"Tobyl","id":"1517073","downloaders":{"size":20,"mobile":4,"satellite":0,"tor":0,"tor_exit_nodes":0,"vpn":0,"relay":0,"proxy":0,"hosting":0,"service":0},"uploaders":{"size":11,"mobile":3,"satellite":0,"tor":0,"tor_exit_nodes":0,"vpn":0,"relay":0,"proxy":0,"hosting":0,"service":0}},"geometry":{"type":"Point","coordinates":[63.70038,53.20666]}},{"type":"Feature","properties":{"country_code":"CAN","city":"Warman","id":"6176226","downloaders":{"size":20,"mobile":0,"satellite":0,"tor":0,"tor_exit_nodes":0,"vpn":0,"relay":0,"proxy":0,"hosting":0,"service":0},"uploaders":{"size":3,"mobile":0,"satellite":0,"tor":0,"tor_exit_nodes":0,"vpn":0,"relay":0,"proxy":0,"hosting":0,"service":0}},"geometry":{"type":"Point","coordinates":[-106.56791,52.31679]}},{"type":"Feature","properties":{"country_code":"USA","city":"Saddlebrooke","id":"7249307","downloaders":{"size":20,"mobile":0,"satellite":0,"tor":0,"tor_exit_nodes":0,"vpn":0,"relay":0,"proxy":0,"hosting":0,"service":0},"uploaders":{"size":3,"mobile":0,"satellite":0,"tor":0,"tor_exit_nodes":0,"vpn":0,"relay":0,"proxy":0,"hosting":0,"service":0}},"geometry":{"type":"Point","coordinates":[-110.90057,32.53945]}},{"type":"Feature","properties":{"country_code":"DEU","city":"Pettstadt","id":"2854557","downloaders":{"size":19,"mobile":0,"satellite":0,"tor":0,"tor_exit_nodes":0,"vpn":0,"relay":0,"proxy":0,"hosting":0,"service":0},"uploaders":{"size":6,"mobile":0,"satellite":0,"tor":0,"tor_exit_nodes":0,"vpn":0,"relay":0,"proxy":0,"hosting":0,"service":0}},"geometry":{"type":"Point","coordinates":[10.92839,49.82996]}},{"type":"Feature","properties":{"country_code":"ESP","city":"Monistrol de Montserrat","id":"3116466","downloaders":{"size":19,"mobile":0,"satellite":0,"tor":0,"tor_exit_nodes":0,"vpn":5,"relay":0,"proxy":0,"hosting":0,"service":0},"uploaders":{"size":5,"mobile":0,"satellite":0,"tor":0,"tor_exit_nodes":0,"vpn":0,"relay":0,"proxy":0,"hosting":0,"service":0}},"geometry":{"type":"Point","coordinates":[1.85,41.61667]}},{"type":"Feature","properties":{"country_code":"BGR","city":"Kranevo","id":"729984","downloaders":{"size":19,"mobile":0,"satellite":0,"tor":0,"tor_exit_nodes":0,"vpn":0,"relay":0,"proxy":0,"hosting":0,"service":0},"uploaders":{"size":4,"mobile":0,"satellite":0,"tor":0,"tor_exit_nodes":0,"vpn":0,"relay":0,"proxy":0,"hosting":0,"service":0}},"geometry":{"type":"Point","coordinates":[28.05759,43.34157]}},{"type":"Feature","properties":{"country_code":"UKR","city":"Sencha","id":"694548","downloaders":{"size":19,"mobile":0,"satellite":0,"tor":0,"tor_exit_nodes":0,"vpn":3,"relay":0,"proxy":0,"hosting":0,"service":0},"uploaders":{"size":6,"mobile":0,"satellite":0,"tor":0,"tor_exit_nodes":0,"vpn":1,"relay":0,"proxy":0,"hosting":0,"service":0}},"geometry":{"type":"Point","coordinates":[33.34602,50.25482]}},{"type":"Feature","properties":{"country_code":"BLR","city":"Logoysk","id":"625972","downloaders":{"size":19,"mobile":0,"satellite":0,"tor":0,"tor_exit_nodes":0,"vpn":0,"relay":0,"proxy":0,"hosting":0,"service":0},"uploaders":{"size":5,"mobile":0,"satellite":0,"tor":0,"tor_exit_nodes":0,"vpn":0,"relay":0,"proxy":0,"hosting":0,"service":0}},"geometry":{"type":"Point","coordinates":[27.8512,54.2064]}},{"type":"Feature","properties":{"country_code":"ZAF","city":"Belfast","id":"1020340","downloaders":{"size":19,"mobile":0,"satellite":0,"tor":0,"tor_exit_nodes":0,"vpn":0,"relay":0,"proxy":0,"hosting":0,"service":0},"uploaders":{"size":4,"mobile":0,"satellite":0,"tor":0,"tor_exit_nodes":0,"vpn":0,"relay":0,"proxy":0,"hosting":0,"service":0}},"geometry":{"type":"Point","coordinates":[30.03504,-25.68991]}},{"type":"Feature","properties":{"country_code":"ESP","city":"Alguazas","id":"2522000","downloaders":{"size":19,"mobile":2,"satellite":0,"tor":0,"tor_exit_nodes":0,"vpn":0,"relay":0,"proxy":0,"hosting":0,"service":0},"uploaders":{"size":3,"mobile":1,"satellite":0,"tor":0,"tor_exit_nodes":0,"vpn":0,"relay":0,"proxy":0,"hosting":0,"service":0}},"geometry":{"type":"Point","coordinates":[-1.25051,38.05356]}},{"type":"Feature","properties":{"country_code":"COL","city":"Mocoa","id":"3674654","downloaders":{"size":19,"mobile":12,"satellite":0,"tor":0,"tor_exit_nodes":0,"vpn":1,"relay":0,"proxy":0,"hosting":0,"service":0},"uploaders":{"size":4,"mobile":4,"satellite":0,"tor":0,"tor_exit_nodes":0,"vpn":0,"relay":0,"proxy":0,"hosting":0,"service":0}},"geometry":{"type":"Point","coordinates":[-76.65208,1.15284]}},{"type":"Feature","properties":{"country_code":"PHL","city":"Cauayan","id":"1717729","downloaders":{"size":19,"mobile":0,"satellite":0,"tor":0,"tor_exit_nodes":0,"vpn":0,"relay":0,"proxy":0,"hosting":17,"service":0},"uploaders":{"size":3,"mobile":0,"satellite":0,"tor":0,"tor_exit_nodes":0,"vpn":0,"relay":0,"proxy":0,"hosting":1,"service":0}},"geometry":{"type":"Point","coordinates":[121.7725,16.93472]}},{"type":"Feature","properties":{"country_code":"HRV","city":"Pore\u010d","id":"3192699","downloaders":{"size":19,"mobile":0,"satellite":0,"tor":0,"tor_exit_nodes":0,"vpn":0,"relay":0,"proxy":0,"hosting":0,"service":0},"uploaders":{"size":3,"mobile":0,"satellite":0,"tor":0,"tor_exit_nodes":0,"vpn":0,"relay":0,"proxy":0,"hosting":0,"service":0}},"geometry":{"type":"Point","coordinates":[13.59511,45.22567]}},{"type":"Feature","properties":{"country_code":"CZE","city":"Fry\u010dovice","id":"3076129","downloaders":{"size":19,"mobile":2,"satellite":0,"tor":0,"tor_exit_nodes":0,"vpn":0,"relay":0,"proxy":0,"hosting":0,"service":0},"uploaders":{"size":5,"mobile":0,"satellite":0,"tor":0,"tor_exit_nodes":0,"vpn":0,"relay":0,"proxy":0,"hosting":0,"service":0}},"geometry":{"type":"Point","coordinates":[18.22321,49.66677]}},{"type":"Feature","properties":{"country_code":"BEL","city":"Knokke","id":"2794212","downloaders":{"size":19,"mobile":2,"satellite":0,"tor":0,"tor_exit_nodes":0,"vpn":0,"relay":0,"proxy":0,"hosting":0,"service":0},"uploaders":{"size":3,"mobile":1,"satellite":0,"tor":0,"tor_exit_nodes":0,"vpn":0,"relay":0,"proxy":0,"hosting":0,"service":0}},"geometry":{"type":"Point","coordinates":[3.28744,51.35113]}},{"type":"Feature","properties":{"country_code":"USA","city":"Prineville","id":"5746901","downloaders":{"size":19,"mobile":0,"satellite":0,"tor":0,"tor_exit_nodes":0,"vpn":0,"relay":0,"proxy":0,"hosting":0,"service":0},"uploaders":{"size":3,"mobile":0,"satellite":0,"tor":0,"tor_exit_nodes":0,"vpn":0,"relay":0,"proxy":0,"hosting":0,"service":0}},"geometry":{"type":"Point","coordinates":[-120.83447,44.29985]}},{"type":"Feature","properties":{"country_code":"GBR","city":"Soham","id":"2637554","downloaders":{"size":18,"mobile":1,"satellite":0,"tor":0,"tor_exit_nodes":0,"vpn":1,"relay":0,"proxy":0,"hosting":2,"service":0},"uploaders":{"size":5,"mobile":1,"satellite":0,"tor":0,"tor_exit_nodes":0,"vpn":0,"relay":0,"proxy":0,"hosting":0,"service":0}},"geometry":{"type":"Point","coordinates":[0.33654,52.33543]}},{"type":"Feature","properties":{"country_code":"BGD","city":"Lakshm\u012bpur","id":"1196292","downloaders":{"size":18,"mobile":0,"satellite":0,"tor":0,"tor_exit_nodes":0,"vpn":1,"relay":0,"proxy":0,"hosting":0,"service":0},"uploaders":{"size":4,"mobile":0,"satellite":0,"tor":0,"tor_exit_nodes":0,"vpn":0,"relay":0,"proxy":0,"hosting":0,"service":0}},"geometry":{"type":"Point","coordinates":[90.83005,22.9443]}},{"type":"Feature","properties":{"country_code":"CZE","city":"Chval\u010dov","id":"3077508","downloaders":{"size":18,"mobile":0,"satellite":0,"tor":0,"tor_exit_nodes":0,"vpn":5,"relay":0,"proxy":0,"hosting":0,"service":0},"uploaders":{"size":3,"mobile":0,"satellite":0,"tor":0,"tor_exit_nodes":0,"vpn":2,"relay":0,"proxy":0,"hosting":0,"service":0}},"geometry":{"type":"Point","coordinates":[17.71149,49.38918]}},{"type":"Feature","properties":{"country_code":"FRA","city":"Brian\u00e7on","id":"3030142","downloaders":{"size":18,"mobile":5,"satellite":0,"tor":0,"tor_exit_nodes":0,"vpn":0,"relay":0,"proxy":0,"hosting":0,"service":0},"uploaders":{"size":3,"mobile":0,"satellite":0,"tor":0,"tor_exit_nodes":0,"vpn":0,"relay":0,"proxy":0,"hosting":0,"service":0}},"geometry":{"type":"Point","coordinates":[6.64201,44.89978]}},{"type":"Feature","properties":{"country_code":"FRA","city":"Perros-Guirec","id":"2987863","downloaders":{"size":18,"mobile":5,"satellite":0,"tor":0,"tor_exit_nodes":0,"vpn":0,"relay":0,"proxy":0,"hosting":0,"service":0},"uploaders":{"size":4,"mobile":1,"satellite":0,"tor":0,"tor_exit_nodes":0,"vpn":0,"relay":0,"proxy":0,"hosting":0,"service":0}},"geometry":{"type":"Point","coordinates":[-3.4437,48.81411]}},{"type":"Feature","properties":{"country_code":"ITA","city":"Casal di Principe","id":"3180240","downloaders":{"size":18,"mobile":0,"satellite":0,"tor":0,"tor_exit_nodes":0,"vpn":0,"relay":0,"proxy":0,"hosting":0,"service":0},"uploaders":{"size":3,"mobile":0,"satellite":0,"tor":0,"tor_exit_nodes":0,"vpn":0,"relay":0,"proxy":0,"hosting":0,"service":0}},"geometry":{"type":"Point","coordinates":[14.13013,41.00996]}},{"type":"Feature","properties":{"country_code":"CHL","city":"Pozo Almonte","id":"3875235","downloaders":{"size":18,"mobile":2,"satellite":0,"tor":0,"tor_exit_nodes":0,"vpn":0,"relay":0,"proxy":0,"hosting":0,"service":0},"uploaders":{"size":4,"mobile":0,"satellite":0,"tor":0,"tor_exit_nodes":0,"vpn":0,"relay":0,"proxy":0,"hosting":0,"service":0}},"geometry":{"type":"Point","coordinates":[-69.7863,-20.25585]}},{"type":"Feature","properties":{"country_code":"BRA","city":"Camamu","id":"3468025","downloaders":{"size":18,"mobile":0,"satellite":0,"tor":0,"tor_exit_nodes":0,"vpn":1,"relay":0,"proxy":0,"hosting":0,"service":0},"uploaders":{"size":8,"mobile":0,"satellite":0,"tor":0,"tor_exit_nodes":0,"vpn":0,"relay":0,"proxy":0,"hosting":0,"service":0}},"geometry":{"type":"Point","coordinates":[-39.10257,-13.94697]}},{"type":"Feature","properties":{"country_code":"CAN","city":"Saint Andrews","id":"6137411","downloaders":{"size":18,"mobile":0,"satellite":0,"tor":0,"tor_exit_nodes":0,"vpn":0,"relay":0,"proxy":0,"hosting":0,"service":0},"uploaders":{"size":3,"mobile":0,"satellite":0,"tor":0,"tor_exit_nodes":0,"vpn":0,"relay":0,"proxy":0,"hosting":0,"service":0}},"geometry":{"type":"Point","coordinates":[-67.05312,45.0737]}},{"type":"Feature","properties":{"country_code":"BDI","city":"Gitega","id":"426272","downloaders":{"size":18,"mobile":0,"satellite":18,"tor":0,"tor_exit_nodes":0,"vpn":0,"relay":0,"proxy":0,"hosting":0,"service":0},"uploaders":{"size":6,"mobile":0,"satellite":6,"tor":0,"tor_exit_nodes":0,"vpn":0,"relay":0,"proxy":0,"hosting":0,"service":0}},"geometry":{"type":"Point","coordinates":[29.92463,-3.42708]}},{"type":"Feature","properties":{"country_code":"DZA","city":"Sidi Akkacha","id":"2481207","downloaders":{"size":18,"mobile":0,"satellite":0,"tor":0,"tor_exit_nodes":0,"vpn":0,"relay":0,"proxy":0,"hosting":0,"service":0},"uploaders":{"size":3,"mobile":0,"satellite":0,"tor":0,"tor_exit_nodes":0,"vpn":0,"relay":0,"proxy":0,"hosting":0,"service":0}},"geometry":{"type":"Point","coordinates":[1.30258,36.46472]}},{"type":"Feature","properties":{"country_code":"USA","city":"Mammoth Lakes","id":"5370006","downloaders":{"size":18,"mobile":0,"satellite":0,"tor":0,"tor_exit_nodes":0,"vpn":6,"relay":0,"proxy":0,"hosting":0,"service":0},"uploaders":{"size":4,"mobile":0,"satellite":0,"tor":0,"tor_exit_nodes":0,"vpn":3,"relay":0,"proxy":0,"hosting":0,"service":0}},"geometry":{"type":"Point","coordinates":[-118.97208,37.64855]}},{"type":"Feature","properties":{"country_code":"POL","city":"Zawid\u00f3w","id":"3080533","downloaders":{"size":18,"mobile":0,"satellite":0,"tor":0,"tor_exit_nodes":0,"vpn":0,"relay":0,"proxy":0,"hosting":0,"service":0},"uploaders":{"size":5,"mobile":0,"satellite":0,"tor":0,"tor_exit_nodes":0,"vpn":0,"relay":0,"proxy":0,"hosting":0,"service":0}},"geometry":{"type":"Point","coordinates":[15.06213,51.02546]}},{"type":"Feature","properties":{"country_code":"ISR","city":"Sde Ne\u1e96emya","id":"293620","downloaders":{"size":18,"mobile":0,"satellite":0,"tor":0,"tor_exit_nodes":0,"vpn":0,"relay":0,"proxy":0,"hosting":0,"service":0},"uploaders":{"size":5,"mobile":0,"satellite":0,"tor":0,"tor_exit_nodes":0,"vpn":0,"relay":0,"proxy":0,"hosting":0,"service":0}},"geometry":{"type":"Point","coordinates":[35.62235,33.18756]}},{"type":"Feature","properties":{"country_code":"GBR","city":"Gamlingay","id":"2648899","downloaders":{"size":17,"mobile":1,"satellite":0,"tor":0,"tor_exit_nodes":0,"vpn":0,"relay":0,"proxy":0,"hosting":0,"service":0},"uploaders":{"size":4,"mobile":1,"satellite":0,"tor":0,"tor_exit_nodes":0,"vpn":0,"relay":0,"proxy":0,"hosting":0,"service":0}},"geometry":{"type":"Point","coordinates":[-0.19303,52.15561]}},{"type":"Feature","properties":{"country_code":"SWE","city":"\u00c4lvn\u00e4s","id":"2726275","downloaders":{"size":17,"mobile":0,"satellite":0,"tor":0,"tor_exit_nodes":0,"vpn":16,"relay":0,"proxy":0,"hosting":16,"service":16},"uploaders":{"size":7,"mobile":0,"satellite":0,"tor":0,"tor_exit_nodes":0,"vpn":6,"relay":0,"proxy":0,"hosting":6,"service":6}},"geometry":{"type":"Point","coordinates":[17.76667,59.28333]}},{"type":"Feature","properties":{"country_code":"IRL","city":"Cabinteely","id":"2965882","downloaders":{"size":17,"mobile":7,"satellite":0,"tor":0,"tor_exit_nodes":0,"vpn":0,"relay":0,"proxy":0,"hosting":0,"service":0},"uploaders":{"size":4,"mobile":2,"satellite":0,"tor":0,"tor_exit_nodes":0,"vpn":0,"relay":0,"proxy":0,"hosting":0,"service":0}},"geometry":{"type":"Point","coordinates":[-6.16058,53.26973]}},{"type":"Feature","properties":{"country_code":"ITA","city":"Viano","id":"3164434","downloaders":{"size":17,"mobile":0,"satellite":0,"tor":0,"tor_exit_nodes":0,"vpn":0,"relay":0,"proxy":0,"hosting":0,"service":0},"uploaders":{"size":5,"mobile":0,"satellite":0,"tor":0,"tor_exit_nodes":0,"vpn":0,"relay":0,"proxy":0,"hosting":0,"service":0}},"geometry":{"type":"Point","coordinates":[10.62435,44.54516]}},{"type":"Feature","properties":{"country_code":"USA","city":"Toppenish","id":"5813747","downloaders":{"size":17,"mobile":0,"satellite":0,"tor":0,"tor_exit_nodes":0,"vpn":0,"relay":0,"proxy":0,"hosting":0,"service":0},"uploaders":{"size":5,"mobile":0,"satellite":0,"tor":0,"tor_exit_nodes":0,"vpn":0,"relay":0,"proxy":0,"hosting":0,"service":0}},"geometry":{"type":"Point","coordinates":[-120.30867,46.37735]}},{"type":"Feature","properties":{"country_code":"USA","city":"Hawkinsville","id":"4199694","downloaders":{"size":17,"mobile":0,"satellite":0,"tor":0,"tor_exit_nodes":0,"vpn":0,"relay":0,"proxy":0,"hosting":0,"service":0},"uploaders":{"size":6,"mobile":0,"satellite":0,"tor":0,"tor_exit_nodes":0,"vpn":0,"relay":0,"proxy":0,"hosting":0,"service":0}},"geometry":{"type":"Point","coordinates":[-83.47212,32.28377]}},{"type":"Feature","properties":{"country_code":"GBR","city":"Leiston","id":"2644642","downloaders":{"size":17,"mobile":0,"satellite":0,"tor":0,"tor_exit_nodes":0,"vpn":0,"relay":0,"proxy":0,"hosting":0,"service":0},"uploaders":{"size":4,"mobile":0,"satellite":0,"tor":0,"tor_exit_nodes":0,"vpn":0,"relay":0,"proxy":0,"hosting":0,"service":0}},"geometry":{"type":"Point","coordinates":[1.57757,52.20611]}},{"type":"Feature","properties":{"country_code":"IRL","city":"Shanagarry","id":"2961533","downloaders":{"size":17,"mobile":0,"satellite":0,"tor":0,"tor_exit_nodes":0,"vpn":0,"relay":0,"proxy":0,"hosting":0,"service":0},"uploaders":{"size":4,"mobile":0,"satellite":0,"tor":0,"tor_exit_nodes":0,"vpn":0,"relay":0,"proxy":0,"hosting":0,"service":0}},"geometry":{"type":"Point","coordinates":[-8.02877,51.85261]}},{"type":"Feature","properties":{"country_code":"AUT","city":"Leitzersdorf","id":"2772689","downloaders":{"size":17,"mobile":0,"satellite":0,"tor":0,"tor_exit_nodes":0,"vpn":0,"relay":0,"proxy":0,"hosting":0,"service":0},"uploaders":{"size":4,"mobile":0,"satellite":0,"tor":0,"tor_exit_nodes":0,"vpn":0,"relay":0,"proxy":0,"hosting":0,"service":0}},"geometry":{"type":"Point","coordinates":[16.24513,48.41918]}},{"type":"Feature","properties":{"country_code":"IRL","city":"Abbeyknockmoy","id":"7870001","downloaders":{"size":17,"mobile":6,"satellite":0,"tor":0,"tor_exit_nodes":0,"vpn":0,"relay":0,"proxy":0,"hosting":0,"service":0},"uploaders":{"size":3,"mobile":3,"satellite":0,"tor":0,"tor_exit_nodes":0,"vpn":0,"relay":0,"proxy":0,"hosting":0,"service":0}},"geometry":{"type":"Point","coordinates":[-8.74812,53.43664]}},{"type":"Feature","properties":{"country_code":"USA","city":"Poulsbo","id":"5807337","downloaders":{"size":17,"mobile":0,"satellite":0,"tor":0,"tor_exit_nodes":0,"vpn":0,"relay":0,"proxy":0,"hosting":0,"service":0},"uploaders":{"size":3,"mobile":0,"satellite":0,"tor":0,"tor_exit_nodes":0,"vpn":0,"relay":0,"proxy":0,"hosting":0,"service":0}},"geometry":{"type":"Point","coordinates":[-122.64654,47.73593]}},{"type":"Feature","properties":{"country_code":"USA","city":"Hartwell","id":"4199572","downloaders":{"size":17,"mobile":0,"satellite":0,"tor":0,"tor_exit_nodes":0,"vpn":0,"relay":0,"proxy":0,"hosting":0,"service":0},"uploaders":{"size":3,"mobile":0,"satellite":0,"tor":0,"tor_exit_nodes":0,"vpn":0,"relay":0,"proxy":0,"hosting":0,"service":0}},"geometry":{"type":"Point","coordinates":[-82.93209,34.35288]}},{"type":"Feature","properties":{"country_code":"AFG","city":"Kunduz","id":"1135689","downloaders":{"size":16,"mobile":0,"satellite":0,"tor":0,"tor_exit_nodes":0,"vpn":0,"relay":0,"proxy":0,"hosting":0,"service":0},"uploaders":{"size":12,"mobile":0,"satellite":0,"tor":0,"tor_exit_nodes":0,"vpn":0,"relay":0,"proxy":0,"hosting":0,"service":0}},"geometry":{"type":"Point","coordinates":[68.857,36.72895]}},{"type":"Feature","properties":{"country_code":"NLD","city":"Neede","id":"2750460","downloaders":{"size":16,"mobile":0,"satellite":0,"tor":0,"tor_exit_nodes":0,"vpn":0,"relay":0,"proxy":0,"hosting":0,"service":0},"uploaders":{"size":3,"mobile":0,"satellite":0,"tor":0,"tor_exit_nodes":0,"vpn":0,"relay":0,"proxy":0,"hosting":0,"service":0}},"geometry":{"type":"Point","coordinates":[6.61389,52.13417]}},{"type":"Feature","properties":{"country_code":"BRA","city":"Seringueiras","id":"6318665","downloaders":{"size":16,"mobile":0,"satellite":0,"tor":0,"tor_exit_nodes":0,"vpn":0,"relay":0,"proxy":0,"hosting":0,"service":0},"uploaders":{"size":4,"mobile":0,"satellite":0,"tor":0,"tor_exit_nodes":0,"vpn":0,"relay":0,"proxy":0,"hosting":0,"service":0}},"geometry":{"type":"Point","coordinates":[-63.03111,-11.79806]}},{"type":"Feature","properties":{"country_code":"PAK","city":"Karachi University Employees Co-operative Housing Society","id":"7046010","downloaders":{"size":16,"mobile":2,"satellite":0,"tor":0,"tor_exit_nodes":0,"vpn":0,"relay":0,"proxy":0,"hosting":13,"service":0},"uploaders":{"size":3,"mobile":0,"satellite":0,"tor":0,"tor_exit_nodes":0,"vpn":0,"relay":0,"proxy":0,"hosting":3,"service":0}},"geometry":{"type":"Point","coordinates":[67.0875,24.917]}},{"type":"Feature","properties":{"country_code":"BLR","city":"Nesvizh","id":"624700","downloaders":{"size":16,"mobile":0,"satellite":0,"tor":0,"tor_exit_nodes":0,"vpn":0,"relay":0,"proxy":0,"hosting":0,"service":0},"uploaders":{"size":3,"mobile":0,"satellite":0,"tor":0,"tor_exit_nodes":0,"vpn":0,"relay":0,"proxy":0,"hosting":0,"service":0}},"geometry":{"type":"Point","coordinates":[26.67679,53.22186]}},{"type":"Feature","properties":{"country_code":"GBR","city":"Eastwood","id":"2650309","downloaders":{"size":16,"mobile":1,"satellite":0,"tor":0,"tor_exit_nodes":0,"vpn":0,"relay":0,"proxy":0,"hosting":0,"service":0},"uploaders":{"size":4,"mobile":0,"satellite":0,"tor":0,"tor_exit_nodes":0,"vpn":0,"relay":0,"proxy":0,"hosting":0,"service":0}},"geometry":{"type":"Point","coordinates":[-1.3,53.0]}},{"type":"Feature","properties":{"country_code":"FRA","city":"Paray-Vieille-Poste","id":"2988589","downloaders":{"size":16,"mobile":1,"satellite":0,"tor":0,"tor_exit_nodes":0,"vpn":0,"relay":0,"proxy":0,"hosting":0,"service":0},"uploaders":{"size":4,"mobile":0,"satellite":0,"tor":0,"tor_exit_nodes":0,"vpn":0,"relay":0,"proxy":0,"hosting":0,"service":0}},"geometry":{"type":"Point","coordinates":[2.36283,48.71402]}},{"type":"Feature","properties":{"country_code":"SVN","city":"Gorenja Vas","id":"3200379","downloaders":{"size":16,"mobile":0,"satellite":0,"tor":0,"tor_exit_nodes":0,"vpn":0,"relay":0,"proxy":0,"hosting":0,"service":0},"uploaders":{"size":3,"mobile":0,"satellite":0,"tor":0,"tor_exit_nodes":0,"vpn":0,"relay":0,"proxy":0,"hosting":0,"service":0}},"geometry":{"type":"Point","coordinates":[14.14806,46.10722]}},{"type":"Feature","properties":{"country_code":"TZA","city":"Ulenje","id":"149239","downloaders":{"size":16,"mobile":16,"satellite":0,"tor":0,"tor_exit_nodes":0,"vpn":0,"relay":0,"proxy":0,"hosting":0,"service":0},"uploaders":{"size":9,"mobile":9,"satellite":0,"tor":0,"tor_exit_nodes":0,"vpn":0,"relay":0,"proxy":0,"hosting":0,"service":0}},"geometry":{"type":"Point","coordinates":[33.68333,-8.93333]}},{"type":"Feature","properties":{"country_code":"ITA","city":"San Severino Marche","id":"3167732","downloaders":{"size":16,"mobile":0,"satellite":0,"tor":0,"tor_exit_nodes":0,"vpn":0,"relay":0,"proxy":0,"hosting":0,"service":0},"uploaders":{"size":4,"mobile":0,"satellite":0,"tor":0,"tor_exit_nodes":0,"vpn":0,"relay":0,"proxy":0,"hosting":0,"service":0}},"geometry":{"type":"Point","coordinates":[13.1799,43.23028]}},{"type":"Feature","properties":{"country_code":"TZA","city":"Korogwe","id":"156479","downloaders":{"size":16,"mobile":0,"satellite":0,"tor":0,"tor_exit_nodes":0,"vpn":0,"relay":0,"proxy":0,"hosting":0,"service":0},"uploaders":{"size":8,"mobile":0,"satellite":0,"tor":0,"tor_exit_nodes":0,"vpn":0,"relay":0,"proxy":0,"hosting":0,"service":0}},"geometry":{"type":"Point","coordinates":[38.48333,-5.15]}},{"type":"Feature","properties":{"country_code":"USA","city":"The Galena Territory","id":"7315248","downloaders":{"size":16,"mobile":0,"satellite":0,"tor":0,"tor_exit_nodes":0,"vpn":0,"relay":0,"proxy":0,"hosting":0,"service":0},"uploaders":{"size":3,"mobile":0,"satellite":0,"tor":0,"tor_exit_nodes":0,"vpn":0,"relay":0,"proxy":0,"hosting":0,"service":0}},"geometry":{"type":"Point","coordinates":[-90.32582,42.39343]}},{"type":"Feature","properties":{"country_code":"HRV","city":"Lopatinec","id":"3196201","downloaders":{"size":16,"mobile":0,"satellite":0,"tor":0,"tor_exit_nodes":0,"vpn":0,"relay":0,"proxy":0,"hosting":0,"service":0},"uploaders":{"size":3,"mobile":0,"satellite":0,"tor":0,"tor_exit_nodes":0,"vpn":0,"relay":0,"proxy":0,"hosting":0,"service":0}},"geometry":{"type":"Point","coordinates":[16.38333,46.43333]}},{"type":"Feature","properties":{"country_code":"IND","city":"Balasore","id":"1277599","downloaders":{"size":16,"mobile":9,"satellite":0,"tor":0,"tor_exit_nodes":0,"vpn":0,"relay":0,"proxy":0,"hosting":0,"service":0},"uploaders":{"size":3,"mobile":3,"satellite":0,"tor":0,"tor_exit_nodes":0,"vpn":0,"relay":0,"proxy":0,"hosting":0,"service":0}},"geometry":{"type":"Point","coordinates":[86.93348,21.49266]}},{"type":"Feature","properties":{"country_code":"CRI","city":"Guadalupe","id":"3623593","downloaders":{"size":16,"mobile":0,"satellite":0,"tor":0,"tor_exit_nodes":0,"vpn":0,"relay":0,"proxy":0,"hosting":0,"service":0},"uploaders":{"size":3,"mobile":0,"satellite":0,"tor":0,"tor_exit_nodes":0,"vpn":0,"relay":0,"proxy":0,"hosting":0,"service":0}},"geometry":{"type":"Point","coordinates":[-84.05665,9.94805]}},{"type":"Feature","properties":{"country_code":"NOR","city":"N\u00e6rb\u00f8","id":"3145080","downloaders":{"size":16,"mobile":0,"satellite":0,"tor":0,"tor_exit_nodes":0,"vpn":0,"relay":0,"proxy":0,"hosting":0,"service":0},"uploaders":{"size":5,"mobile":0,"satellite":0,"tor":0,"tor_exit_nodes":0,"vpn":0,"relay":0,"proxy":0,"hosting":0,"service":0}},"geometry":{"type":"Point","coordinates":[5.63788,58.66546]}},{"type":"Feature","properties":{"country_code":"LBY","city":"Janz\u016br","id":"2216349","downloaders":{"size":16,"mobile":0,"satellite":0,"tor":0,"tor_exit_nodes":0,"vpn":2,"relay":0,"proxy":0,"hosting":0,"service":0},"uploaders":{"size":4,"mobile":0,"satellite":0,"tor":0,"tor_exit_nodes":0,"vpn":0,"relay":0,"proxy":0,"hosting":0,"service":0}},"geometry":{"type":"Point","coordinates":[13.01727,32.81868]}},{"type":"Feature","properties":{"country_code":"NLD","city":"Kollumersweach","id":"2752520","downloaders":{"size":15,"mobile":0,"satellite":0,"tor":0,"tor_exit_nodes":0,"vpn":0,"relay":0,"proxy":0,"hosting":0,"service":0},"uploaders":{"size":3,"mobile":0,"satellite":0,"tor":0,"tor_exit_nodes":0,"vpn":0,"relay":0,"proxy":0,"hosting":0,"service":0}},"geometry":{"type":"Point","coordinates":[6.07544,53.26224]}},{"type":"Feature","properties":{"country_code":"RUS","city":"Novolakskoye","id":"518648","downloaders":{"size":15,"mobile":0,"satellite":0,"tor":0,"tor_exit_nodes":0,"vpn":0,"relay":0,"proxy":0,"hosting":0,"service":0},"uploaders":{"size":3,"mobile":0,"satellite":0,"tor":0,"tor_exit_nodes":0,"vpn":0,"relay":0,"proxy":0,"hosting":0,"service":0}},"geometry":{"type":"Point","coordinates":[46.48278,43.12056]}},{"type":"Feature","properties":{"country_code":"AZE","city":"Buzovna","id":"586925","downloaders":{"size":15,"mobile":0,"satellite":0,"tor":0,"tor_exit_nodes":0,"vpn":0,"relay":0,"proxy":0,"hosting":0,"service":0},"uploaders":{"size":3,"mobile":0,"satellite":0,"tor":0,"tor_exit_nodes":0,"vpn":0,"relay":0,"proxy":0,"hosting":0,"service":0}},"geometry":{"type":"Point","coordinates":[50.11438,40.51903]}},{"type":"Feature","properties":{"country_code":"USA","city":"El Moro","id":"5420925","downloaders":{"size":15,"mobile":0,"satellite":0,"tor":0,"tor_exit_nodes":0,"vpn":0,"relay":0,"proxy":0,"hosting":0,"service":0},"uploaders":{"size":3,"mobile":0,"satellite":0,"tor":0,"tor_exit_nodes":0,"vpn":0,"relay":0,"proxy":0,"hosting":0,"service":0}},"geometry":{"type":"Point","coordinates":[-104.46665,37.22446]}},{"type":"Feature","properties":{"country_code":"UGA","city":"Kireka","id":"231139","downloaders":{"size":15,"mobile":0,"satellite":0,"tor":0,"tor_exit_nodes":0,"vpn":0,"relay":0,"proxy":0,"hosting":0,"service":0},"uploaders":{"size":4,"mobile":0,"satellite":0,"tor":0,"tor_exit_nodes":0,"vpn":0,"relay":0,"proxy":0,"hosting":0,"service":0}},"geometry":{"type":"Point","coordinates":[32.64917,0.3475]}},{"type":"Feature","properties":{"country_code":"ECU","city":"Chong\u00f3n","id":"3659136","downloaders":{"size":15,"mobile":0,"satellite":0,"tor":0,"tor_exit_nodes":0,"vpn":0,"relay":0,"proxy":0,"hosting":0,"service":0},"uploaders":{"size":3,"mobile":0,"satellite":0,"tor":0,"tor_exit_nodes":0,"vpn":0,"relay":0,"proxy":0,"hosting":0,"service":0}},"geometry":{"type":"Point","coordinates":[-80.08249,-2.2364]}},{"type":"Feature","properties":{"country_code":"CPV","city":"Santa Maria","id":"3374218","downloaders":{"size":15,"mobile":6,"satellite":0,"tor":0,"tor_exit_nodes":0,"vpn":0,"relay":0,"proxy":0,"hosting":0,"service":0},"uploaders":{"size":4,"mobile":2,"satellite":0,"tor":0,"tor_exit_nodes":0,"vpn":0,"relay":0,"proxy":0,"hosting":0,"service":0}},"geometry":{"type":"Point","coordinates":[-22.90509,16.59796]}},{"type":"Feature","properties":{"country_code":"IDN","city":"Sukabumi","id":"1626381","downloaders":{"size":15,"mobile":10,"satellite":0,"tor":0,"tor_exit_nodes":0,"vpn":1,"relay":0,"proxy":0,"hosting":1,"service":0},"uploaders":{"size":7,"mobile":7,"satellite":0,"tor":0,"tor_exit_nodes":0,"vpn":0,"relay":0,"proxy":0,"hosting":0,"service":0}},"geometry":{"type":"Point","coordinates":[106.92667,-6.91806]}},{"type":"Feature","properties":{"country_code":"CYP","city":"Protaras","id":"18918","downloaders":{"size":15,"mobile":0,"satellite":0,"tor":0,"tor_exit_nodes":0,"vpn":5,"relay":0,"proxy":0,"hosting":0,"service":0},"uploaders":{"size":3,"mobile":0,"satellite":0,"tor":0,"tor_exit_nodes":0,"vpn":2,"relay":0,"proxy":0,"hosting":0,"service":0}},"geometry":{"type":"Point","coordinates":[34.05833,35.0125]}},{"type":"Feature","properties":{"country_code":"USA","city":"Bigfork","id":"5640284","downloaders":{"size":15,"mobile":0,"satellite":0,"tor":0,"tor_exit_nodes":0,"vpn":0,"relay":0,"proxy":0,"hosting":0,"service":0},"uploaders":{"size":4,"mobile":0,"satellite":0,"tor":0,"tor_exit_nodes":0,"vpn":0,"relay":0,"proxy":0,"hosting":0,"service":0}},"geometry":{"type":"Point","coordinates":[-114.07261,48.06329]}},{"type":"Feature","properties":{"country_code":"BEL","city":"Petegem","id":"2789146","downloaders":{"size":15,"mobile":0,"satellite":0,"tor":0,"tor_exit_nodes":0,"vpn":0,"relay":0,"proxy":0,"hosting":0,"service":0},"uploaders":{"size":3,"mobile":0,"satellite":0,"tor":0,"tor_exit_nodes":0,"vpn":0,"relay":0,"proxy":0,"hosting":0,"service":0}},"geometry":{"type":"Point","coordinates":[3.55,50.83333]}},{"type":"Feature","properties":{"country_code":"KAZ","city":"Abay","id":"1526970","downloaders":{"size":15,"mobile":15,"satellite":0,"tor":0,"tor_exit_nodes":0,"vpn":0,"relay":0,"proxy":0,"hosting":0,"service":0},"uploaders":{"size":4,"mobile":4,"satellite":0,"tor":0,"tor_exit_nodes":0,"vpn":0,"relay":0,"proxy":0,"hosting":0,"service":0}},"geometry":{"type":"Point","coordinates":[72.86523,49.63539]}},{"type":"Feature","properties":{"country_code":"FRA","city":"Craponne","id":"3022683","downloaders":{"size":15,"mobile":2,"satellite":0,"tor":0,"tor_exit_nodes":0,"vpn":6,"relay":0,"proxy":0,"hosting":0,"service":0},"uploaders":{"size":8,"mobile":1,"satellite":0,"tor":0,"tor_exit_nodes":0,"vpn":0,"relay":0,"proxy":0,"hosting":0,"service":0}},"geometry":{"type":"Point","coordinates":[4.72322,45.74526]}},{"type":"Feature","properties":{"country_code":"ITA","city":"Castelli Calepio","id":"3179625","downloaders":{"size":15,"mobile":0,"satellite":0,"tor":0,"tor_exit_nodes":0,"vpn":0,"relay":0,"proxy":0,"hosting":0,"service":0},"uploaders":{"size":4,"mobile":0,"satellite":0,"tor":0,"tor_exit_nodes":0,"vpn":0,"relay":0,"proxy":0,"hosting":0,"service":0}},"geometry":{"type":"Point","coordinates":[9.8854,45.61316]}},{"type":"Feature","properties":{"country_code":"KEN","city":"Busia","id":"199989","downloaders":{"size":15,"mobile":0,"satellite":0,"tor":0,"tor_exit_nodes":0,"vpn":0,"relay":0,"proxy":0,"hosting":0,"service":0},"uploaders":{"size":8,"mobile":0,"satellite":0,"tor":0,"tor_exit_nodes":0,"vpn":0,"relay":0,"proxy":0,"hosting":0,"service":0}},"geometry":{"type":"Point","coordinates":[34.11169,0.46005]}},{"type":"Feature","properties":{"country_code":"THA","city":"Kanchanaburi","id":"1153081","downloaders":{"size":15,"mobile":5,"satellite":0,"tor":0,"tor_exit_nodes":0,"vpn":0,"relay":0,"proxy":0,"hosting":0,"service":0},"uploaders":{"size":4,"mobile":0,"satellite":0,"tor":0,"tor_exit_nodes":0,"vpn":0,"relay":0,"proxy":0,"hosting":0,"service":0}},"geometry":{"type":"Point","coordinates":[99.54832,14.00412]}},{"type":"Feature","properties":{"country_code":"GRC","city":"Sidir\u00f3kastro","id":"734310","downloaders":{"size":15,"mobile":0,"satellite":0,"tor":0,"tor_exit_nodes":0,"vpn":0,"relay":0,"proxy":0,"hosting":0,"service":0},"uploaders":{"size":4,"mobile":0,"satellite":0,"tor":0,"tor_exit_nodes":0,"vpn":0,"relay":0,"proxy":0,"hosting":0,"service":0}},"geometry":{"type":"Point","coordinates":[23.38899,41.23499]}},{"type":"Feature","properties":{"country_code":"USA","city":"Rich Hill","id":"4405516","downloaders":{"size":15,"mobile":0,"satellite":0,"tor":0,"tor_exit_nodes":0,"vpn":0,"relay":0,"proxy":0,"hosting":15,"service":0},"uploaders":{"size":5,"mobile":0,"satellite":0,"tor":0,"tor_exit_nodes":0,"vpn":0,"relay":0,"proxy":0,"hosting":5,"service":0}},"geometry":{"type":"Point","coordinates":[-94.36106,38.09642]}},{"type":"Feature","properties":{"country_code":"GBR","city":"Keele","id":"2645897","downloaders":{"size":14,"mobile":0,"satellite":0,"tor":0,"tor_exit_nodes":0,"vpn":0,"relay":0,"proxy":0,"hosting":0,"service":0},"uploaders":{"size":3,"mobile":0,"satellite":0,"tor":0,"tor_exit_nodes":0,"vpn":0,"relay":0,"proxy":0,"hosting":0,"service":0}},"geometry":{"type":"Point","coordinates":[-2.28741,53.00382]}},{"type":"Feature","properties":{"country_code":"BRA","city":"Novo Horizonte do Oeste","id":"8505882","downloaders":{"size":14,"mobile":0,"satellite":0,"tor":0,"tor_exit_nodes":0,"vpn":0,"relay":0,"proxy":0,"hosting":0,"service":0},"uploaders":{"size":3,"mobile":0,"satellite":0,"tor":0,"tor_exit_nodes":0,"vpn":0,"relay":0,"proxy":0,"hosting":0,"service":0}},"geometry":{"type":"Point","coordinates":[-61.99975,-11.70956]}},{"type":"Feature","properties":{"country_code":"SAU","city":"Ha'il","id":"106281","downloaders":{"size":14,"mobile":7,"satellite":0,"tor":0,"tor_exit_nodes":0,"vpn":0,"relay":0,"proxy":0,"hosting":0,"service":0},"uploaders":{"size":3,"mobile":1,"satellite":0,"tor":0,"tor_exit_nodes":0,"vpn":0,"relay":0,"proxy":0,"hosting":0,"service":0}},"geometry":{"type":"Point","coordinates":[41.69073,27.52188]}},{"type":"Feature","properties":{"country_code":"FRA","city":"Volmerange-les-Mines","id":"2967728","downloaders":{"size":14,"mobile":9,"satellite":0,"tor":0,"tor_exit_nodes":0,"vpn":0,"relay":0,"proxy":0,"hosting":0,"service":0},"uploaders":{"size":3,"mobile":0,"satellite":0,"tor":0,"tor_exit_nodes":0,"vpn":0,"relay":0,"proxy":0,"hosting":0,"service":0}},"geometry":{"type":"Point","coordinates":[6.08062,49.44326]}},{"type":"Feature","properties":{"country_code":"USA","city":"Stamford","id":"5139428","downloaders":{"size":14,"mobile":0,"satellite":0,"tor":0,"tor_exit_nodes":0,"vpn":0,"relay":0,"proxy":0,"hosting":0,"service":0},"uploaders":{"size":5,"mobile":0,"satellite":0,"tor":0,"tor_exit_nodes":0,"vpn":0,"relay":0,"proxy":0,"hosting":0,"service":0}},"geometry":{"type":"Point","coordinates":[-74.61432,42.4073]}},{"type":"Feature","properties":{"country_code":"UKR","city":"Voronkiv","id":"689017","downloaders":{"size":14,"mobile":0,"satellite":0,"tor":0,"tor_exit_nodes":0,"vpn":3,"relay":0,"proxy":0,"hosting":0,"service":0},"uploaders":{"size":3,"mobile":0,"satellite":0,"tor":0,"tor_exit_nodes":0,"vpn":0,"relay":0,"proxy":0,"hosting":0,"service":0}},"geometry":{"type":"Point","coordinates":[30.89967,50.22235]}},{"type":"Feature","properties":{"country_code":"CHE","city":"Romont","id":"2658982","downloaders":{"size":14,"mobile":0,"satellite":0,"tor":0,"tor_exit_nodes":0,"vpn":0,"relay":0,"proxy":0,"hosting":0,"service":0},"uploaders":{"size":3,"mobile":0,"satellite":0,"tor":0,"tor_exit_nodes":0,"vpn":0,"relay":0,"proxy":0,"hosting":0,"service":0}},"geometry":{"type":"Point","coordinates":[6.91898,46.69652]}},{"type":"Feature","properties":{"country_code":"MEX","city":"Iberostar","id":"8869901","downloaders":{"size":14,"mobile":0,"satellite":0,"tor":0,"tor_exit_nodes":0,"vpn":0,"relay":0,"proxy":0,"hosting":0,"service":0},"uploaders":{"size":3,"mobile":0,"satellite":0,"tor":0,"tor_exit_nodes":0,"vpn":0,"relay":0,"proxy":0,"hosting":0,"service":0}},"geometry":{"type":"Point","coordinates":[-86.95806,20.75917]}},{"type":"Feature","properties":{"country_code":"USA","city":"Silver City","id":"5491487","downloaders":{"size":14,"mobile":0,"satellite":0,"tor":0,"tor_exit_nodes":0,"vpn":0,"relay":0,"proxy":0,"hosting":0,"service":0},"uploaders":{"size":4,"mobile":0,"satellite":0,"tor":0,"tor_exit_nodes":0,"vpn":0,"relay":0,"proxy":0,"hosting":0,"service":0}},"geometry":{"type":"Point","coordinates":[-108.28033,32.77007]}},{"type":"Feature","properties":{"country_code":"IRL","city":"Belcarra","id":"2966649","downloaders":{"size":14,"mobile":0,"satellite":0,"tor":0,"tor_exit_nodes":0,"vpn":2,"relay":0,"proxy":0,"hosting":0,"service":0},"uploaders":{"size":3,"mobile":0,"satellite":0,"tor":0,"tor_exit_nodes":0,"vpn":1,"relay":0,"proxy":0,"hosting":0,"service":0}},"geometry":{"type":"Point","coordinates":[-9.21489,53.80097]}},{"type":"Feature","properties":{"country_code":"ZAF","city":"Beaufort West","id":"1020641","downloaders":{"size":14,"mobile":0,"satellite":0,"tor":0,"tor_exit_nodes":0,"vpn":0,"relay":0,"proxy":0,"hosting":0,"service":0},"uploaders":{"size":3,"mobile":0,"satellite":0,"tor":0,"tor_exit_nodes":0,"vpn":0,"relay":0,"proxy":0,"hosting":0,"service":0}},"geometry":{"type":"Point","coordinates":[22.58295,-32.35671]}},{"type":"Feature","properties":{"country_code":"PRT","city":"Rubi\u00e3is","id":"2734970","downloaders":{"size":14,"mobile":0,"satellite":0,"tor":0,"tor_exit_nodes":0,"vpn":0,"relay":0,"proxy":0,"hosting":0,"service":0},"uploaders":{"size":3,"mobile":0,"satellite":0,"tor":0,"tor_exit_nodes":0,"vpn":0,"relay":0,"proxy":0,"hosting":0,"service":0}},"geometry":{"type":"Point","coordinates":[-8.6253,41.89614]}},{"type":"Feature","properties":{"country_code":"GBR","city":"Corsham","id":"2652318","downloaders":{"size":14,"mobile":0,"satellite":0,"tor":0,"tor_exit_nodes":0,"vpn":0,"relay":0,"proxy":0,"hosting":0,"service":0},"uploaders":{"size":3,"mobile":0,"satellite":0,"tor":0,"tor_exit_nodes":0,"vpn":0,"relay":0,"proxy":0,"hosting":0,"service":0}},"geometry":{"type":"Point","coordinates":[-2.18437,51.43433]}},{"type":"Feature","properties":{"country_code":"CAN","city":"Deep River","id":"5937073","downloaders":{"size":14,"mobile":0,"satellite":0,"tor":0,"tor_exit_nodes":0,"vpn":0,"relay":0,"proxy":0,"hosting":0,"service":0},"uploaders":{"size":5,"mobile":0,"satellite":0,"tor":0,"tor_exit_nodes":0,"vpn":0,"relay":0,"proxy":0,"hosting":0,"service":0}},"geometry":{"type":"Point","coordinates":[-77.49949,46.10012]}},{"type":"Feature","properties":{"country_code":"BEL","city":"Enghien","id":"2798747","downloaders":{"size":14,"mobile":0,"satellite":0,"tor":0,"tor_exit_nodes":0,"vpn":0,"relay":0,"proxy":0,"hosting":0,"service":0},"uploaders":{"size":3,"mobile":0,"satellite":0,"tor":0,"tor_exit_nodes":0,"vpn":0,"relay":0,"proxy":0,"hosting":0,"service":0}},"geometry":{"type":"Point","coordinates":[4.03788,50.69375]}},{"type":"Feature","properties":{"country_code":"USA","city":"Industry","id":"5359463","downloaders":{"size":13,"mobile":0,"satellite":0,"tor":0,"tor_exit_nodes":0,"vpn":0,"relay":0,"proxy":0,"hosting":0,"service":0},"uploaders":{"size":3,"mobile":0,"satellite":0,"tor":0,"tor_exit_nodes":0,"vpn":0,"relay":0,"proxy":0,"hosting":0,"service":0}},"geometry":{"type":"Point","coordinates":[-117.95868,34.01973]}},{"type":"Feature","properties":{"country_code":"VEN","city":"Carvajal","id":"3627683","downloaders":{"size":13,"mobile":0,"satellite":0,"tor":0,"tor_exit_nodes":0,"vpn":0,"relay":0,"proxy":0,"hosting":0,"service":0},"uploaders":{"size":6,"mobile":0,"satellite":0,"tor":0,"tor_exit_nodes":0,"vpn":0,"relay":0,"proxy":0,"hosting":0,"service":0}},"geometry":{"type":"Point","coordinates":[-70.59042,9.3067]}},{"type":"Feature","properties":{"country_code":"IND","city":"P\u0101m\u016bru","id":"1260615","downloaders":{"size":13,"mobile":0,"satellite":0,"tor":0,"tor_exit_nodes":0,"vpn":0,"relay":0,"proxy":0,"hosting":0,"service":0},"uploaders":{"size":3,"mobile":0,"satellite":0,"tor":0,"tor_exit_nodes":0,"vpn":0,"relay":0,"proxy":0,"hosting":0,"service":0}},"geometry":{"type":"Point","coordinates":[79.41174,15.09633]}},{"type":"Feature","properties":{"country_code":"CRI","city":"San Juan","id":"3621817","downloaders":{"size":13,"mobile":6,"satellite":0,"tor":0,"tor_exit_nodes":0,"vpn":3,"relay":0,"proxy":0,"hosting":0,"service":0},"uploaders":{"size":4,"mobile":1,"satellite":0,"tor":0,"tor_exit_nodes":0,"vpn":1,"relay":0,"proxy":0,"hosting":0,"service":0}},"geometry":{"type":"Point","coordinates":[-84.31694,10.10248]}},{"type":"Feature","properties":{"country_code":"USA","city":"North Hero","id":"5239188","downloaders":{"size":13,"mobile":0,"satellite":0,"tor":0,"tor_exit_nodes":0,"vpn":0,"relay":0,"proxy":0,"hosting":0,"service":0},"uploaders":{"size":4,"mobile":0,"satellite":0,"tor":0,"tor_exit_nodes":0,"vpn":0,"relay":0,"proxy":0,"hosting":0,"service":0}},"geometry":{"type":"Point","coordinates":[-73.27323,44.83125]}},{"type":"Feature","properties":{"country_code":"USA","city":"Tinley Park","id":"4913723","downloaders":{"size":13,"mobile":0,"satellite":0,"tor":0,"tor_exit_nodes":0,"vpn":0,"relay":0,"proxy":0,"hosting":0,"service":0},"uploaders":{"size":5,"mobile":0,"satellite":0,"tor":0,"tor_exit_nodes":0,"vpn":0,"relay":0,"proxy":0,"hosting":0,"service":0}},"geometry":{"type":"Point","coordinates":[-87.78449,41.57337]}},{"type":"Feature","properties":{"country_code":"AUT","city":"Bad H\u00e4ring","id":"2776866","downloaders":{"size":13,"mobile":0,"satellite":0,"tor":0,"tor_exit_nodes":0,"vpn":0,"relay":0,"proxy":0,"hosting":0,"service":0},"uploaders":{"size":4,"mobile":0,"satellite":0,"tor":0,"tor_exit_nodes":0,"vpn":0,"relay":0,"proxy":0,"hosting":0,"service":0}},"geometry":{"type":"Point","coordinates":[12.11912,47.51071]}},{"type":"Feature","properties":{"country_code":"IRL","city":"Donegal","id":"2964752","downloaders":{"size":13,"mobile":0,"satellite":0,"tor":0,"tor_exit_nodes":0,"vpn":0,"relay":0,"proxy":0,"hosting":0,"service":0},"uploaders":{"size":4,"mobile":0,"satellite":0,"tor":0,"tor_exit_nodes":0,"vpn":0,"relay":0,"proxy":0,"hosting":0,"service":0}},"geometry":{"type":"Point","coordinates":[-8.11134,54.65378]}},{"type":"Feature","properties":{"country_code":"FRA","city":"Bachy","id":"3035482","downloaders":{"size":13,"mobile":0,"satellite":0,"tor":0,"tor_exit_nodes":0,"vpn":1,"relay":0,"proxy":0,"hosting":0,"service":0},"uploaders":{"size":3,"mobile":0,"satellite":0,"tor":0,"tor_exit_nodes":0,"vpn":0,"relay":0,"proxy":0,"hosting":0,"service":0}},"geometry":{"type":"Point","coordinates":[3.25976,50.55079]}},{"type":"Feature","properties":{"country_code":"GBR","city":"Essington","id":"6693239","downloaders":{"size":13,"mobile":0,"satellite":0,"tor":0,"tor_exit_nodes":0,"vpn":0,"relay":0,"proxy":0,"hosting":8,"service":0},"uploaders":{"size":4,"mobile":0,"satellite":0,"tor":0,"tor_exit_nodes":0,"vpn":0,"relay":0,"proxy":0,"hosting":1,"service":0}},"geometry":{"type":"Point","coordinates":[-2.0577,52.6291]}},{"type":"Feature","properties":{"country_code":"BGD","city":"Mehendiganj","id":"1185171","downloaders":{"size":13,"mobile":13,"satellite":0,"tor":0,"tor_exit_nodes":0,"vpn":0,"relay":0,"proxy":0,"hosting":0,"service":0},"uploaders":{"size":6,"mobile":6,"satellite":0,"tor":0,"tor_exit_nodes":0,"vpn":0,"relay":0,"proxy":0,"hosting":0,"service":0}},"geometry":{"type":"Point","coordinates":[90.52859,22.82257]}},{"type":"Feature","properties":{"country_code":"BRA","city":"Dom Aquino","id":"3456447","downloaders":{"size":13,"mobile":0,"satellite":0,"tor":0,"tor_exit_nodes":0,"vpn":0,"relay":0,"proxy":0,"hosting":0,"service":0},"uploaders":{"size":4,"mobile":0,"satellite":0,"tor":0,"tor_exit_nodes":0,"vpn":0,"relay":0,"proxy":0,"hosting":0,"service":0}},"geometry":{"type":"Point","coordinates":[-54.92058,-15.81023]}},{"type":"Feature","properties":{"country_code":"USA","city":"Pawleys Island","id":"4590632","downloaders":{"size":13,"mobile":0,"satellite":0,"tor":0,"tor_exit_nodes":0,"vpn":0,"relay":0,"proxy":0,"hosting":0,"service":0},"uploaders":{"size":3,"mobile":0,"satellite":0,"tor":0,"tor_exit_nodes":0,"vpn":0,"relay":0,"proxy":0,"hosting":0,"service":0}},"geometry":{"type":"Point","coordinates":[-79.12143,33.43322]}},{"type":"Feature","properties":{"country_code":"KEN","city":"Mtwapa","id":"11002530","downloaders":{"size":13,"mobile":0,"satellite":0,"tor":0,"tor_exit_nodes":0,"vpn":0,"relay":0,"proxy":0,"hosting":0,"service":0},"uploaders":{"size":5,"mobile":0,"satellite":0,"tor":0,"tor_exit_nodes":0,"vpn":0,"relay":0,"proxy":0,"hosting":0,"service":0}},"geometry":{"type":"Point","coordinates":[39.74877,-3.93938]}},{"type":"Feature","properties":{"country_code":"USA","city":"Andrews","id":"4452655","downloaders":{"size":13,"mobile":0,"satellite":0,"tor":0,"tor_exit_nodes":0,"vpn":0,"relay":0,"proxy":0,"hosting":0,"service":0},"uploaders":{"size":4,"mobile":0,"satellite":0,"tor":0,"tor_exit_nodes":0,"vpn":0,"relay":0,"proxy":0,"hosting":0,"service":0}},"geometry":{"type":"Point","coordinates":[-83.82407,35.20175]}},{"type":"Feature","properties":{"country_code":"CZE","city":"Albrechtice","id":"3079824","downloaders":{"size":13,"mobile":0,"satellite":0,"tor":0,"tor_exit_nodes":0,"vpn":0,"relay":0,"proxy":0,"hosting":0,"service":0},"uploaders":{"size":5,"mobile":0,"satellite":0,"tor":0,"tor_exit_nodes":0,"vpn":0,"relay":0,"proxy":0,"hosting":0,"service":0}},"geometry":{"type":"Point","coordinates":[18.52444,49.78645]}},{"type":"Feature","properties":{"country_code":"BRA","city":"Rio Novo","id":"3451114","downloaders":{"size":13,"mobile":0,"satellite":0,"tor":0,"tor_exit_nodes":0,"vpn":0,"relay":0,"proxy":0,"hosting":0,"service":0},"uploaders":{"size":5,"mobile":0,"satellite":0,"tor":0,"tor_exit_nodes":0,"vpn":0,"relay":0,"proxy":0,"hosting":0,"service":0}},"geometry":{"type":"Point","coordinates":[-43.12589,-21.47703]}},{"type":"Feature","properties":{"country_code":"RUS","city":"Begunitsy","id":"578326","downloaders":{"size":13,"mobile":0,"satellite":0,"tor":0,"tor_exit_nodes":0,"vpn":0,"relay":0,"proxy":0,"hosting":0,"service":0},"uploaders":{"size":3,"mobile":0,"satellite":0,"tor":0,"tor_exit_nodes":0,"vpn":0,"relay":0,"proxy":0,"hosting":0,"service":0}},"geometry":{"type":"Point","coordinates":[29.31757,59.58552]}},{"type":"Feature","properties":{"country_code":"IND","city":"Auroville","id":"6620455","downloaders":{"size":13,"mobile":3,"satellite":0,"tor":0,"tor_exit_nodes":0,"vpn":0,"relay":0,"proxy":0,"hosting":0,"service":0},"uploaders":{"size":3,"mobile":0,"satellite":0,"tor":0,"tor_exit_nodes":0,"vpn":0,"relay":0,"proxy":0,"hosting":0,"service":0}},"geometry":{"type":"Point","coordinates":[79.80885,12.00549]}},{"type":"Feature","properties":{"country_code":"USA","city":"Sandston","id":"4784352","downloaders":{"size":13,"mobile":0,"satellite":0,"tor":0,"tor_exit_nodes":0,"vpn":0,"relay":0,"proxy":0,"hosting":0,"service":0},"uploaders":{"size":3,"mobile":0,"satellite":0,"tor":0,"tor_exit_nodes":0,"vpn":0,"relay":0,"proxy":0,"hosting":0,"service":0}},"geometry":{"type":"Point","coordinates":[-77.31581,37.52348]}},{"type":"Feature","properties":{"country_code":"USA","city":"Longview","id":"5801617","downloaders":{"size":13,"mobile":0,"satellite":0,"tor":0,"tor_exit_nodes":0,"vpn":5,"relay":0,"proxy":0,"hosting":0,"service":0},"uploaders":{"size":4,"mobile":0,"satellite":0,"tor":0,"tor_exit_nodes":0,"vpn":0,"relay":0,"proxy":0,"hosting":0,"service":0}},"geometry":{"type":"Point","coordinates":[-122.93817,46.13817]}},{"type":"Feature","properties":{"country_code":"PAN","city":"Guarar\u00e9","id":"3708911","downloaders":{"size":12,"mobile":0,"satellite":0,"tor":0,"tor_exit_nodes":0,"vpn":0,"relay":0,"proxy":0,"hosting":0,"service":0},"uploaders":{"size":4,"mobile":0,"satellite":0,"tor":0,"tor_exit_nodes":0,"vpn":0,"relay":0,"proxy":0,"hosting":0,"service":0}},"geometry":{"type":"Point","coordinates":[-80.2809,7.8198]}},{"type":"Feature","properties":{"country_code":"UKR","city":"Liutizh","id":"702379","downloaders":{"size":12,"mobile":0,"satellite":0,"tor":0,"tor_exit_nodes":0,"vpn":0,"relay":0,"proxy":0,"hosting":7,"service":0},"uploaders":{"size":3,"mobile":0,"satellite":0,"tor":0,"tor_exit_nodes":0,"vpn":0,"relay":0,"proxy":0,"hosting":0,"service":0}},"geometry":{"type":"Point","coordinates":[30.39324,50.6835]}},{"type":"Feature","properties":{"country_code":"CZE","city":"St\u0159emy","id":"3064949","downloaders":{"size":12,"mobile":0,"satellite":0,"tor":0,"tor_exit_nodes":0,"vpn":0,"relay":0,"proxy":0,"hosting":0,"service":0},"uploaders":{"size":3,"mobile":0,"satellite":0,"tor":0,"tor_exit_nodes":0,"vpn":0,"relay":0,"proxy":0,"hosting":0,"service":0}},"geometry":{"type":"Point","coordinates":[14.56552,50.38416]}},{"type":"Feature","properties":{"country_code":"GRL","city":"Ilulissat","id":"3423146","downloaders":{"size":12,"mobile":10,"satellite":0,"tor":0,"tor_exit_nodes":0,"vpn":0,"relay":0,"proxy":0,"hosting":0,"service":0},"uploaders":{"size":6,"mobile":6,"satellite":0,"tor":0,"tor_exit_nodes":0,"vpn":0,"relay":0,"proxy":0,"hosting":0,"service":0}},"geometry":{"type":"Point","coordinates":[-51.09861,69.21981]}},{"type":"Feature","properties":{"country_code":"BGD","city":"Joypur H\u0101t","id":"1185206","downloaders":{"size":12,"mobile":0,"satellite":0,"tor":0,"tor_exit_nodes":0,"vpn":0,"relay":0,"proxy":0,"hosting":0,"service":0},"uploaders":{"size":3,"mobile":0,"satellite":0,"tor":0,"tor_exit_nodes":0,"vpn":0,"relay":0,"proxy":0,"hosting":0,"service":0}},"geometry":{"type":"Point","coordinates":[89.02734,25.10147]}},{"type":"Feature","properties":{"country_code":"DZA","city":"Robbah","id":"2483000","downloaders":{"size":12,"mobile":0,"satellite":0,"tor":0,"tor_exit_nodes":0,"vpn":0,"relay":0,"proxy":0,"hosting":0,"service":0},"uploaders":{"size":4,"mobile":0,"satellite":0,"tor":0,"tor_exit_nodes":0,"vpn":0,"relay":0,"proxy":0,"hosting":0,"service":0}},"geometry":{"type":"Point","coordinates":[6.90984,33.27967]}},{"type":"Feature","properties":{"country_code":"USA","city":"Shallotte","id":"4490976","downloaders":{"size":12,"mobile":0,"satellite":0,"tor":0,"tor_exit_nodes":0,"vpn":0,"relay":0,"proxy":0,"hosting":0,"service":0},"uploaders":{"size":3,"mobile":0,"satellite":0,"tor":0,"tor_exit_nodes":0,"vpn":0,"relay":0,"proxy":0,"hosting":0,"service":0}},"geometry":{"type":"Point","coordinates":[-78.38584,33.97323]}},{"type":"Feature","properties":{"country_code":"IRL","city":"Burnfoot","id":"2965905","downloaders":{"size":12,"mobile":0,"satellite":0,"tor":0,"tor_exit_nodes":0,"vpn":0,"relay":0,"proxy":0,"hosting":0,"service":0},"uploaders":{"size":3,"mobile":0,"satellite":0,"tor":0,"tor_exit_nodes":0,"vpn":0,"relay":0,"proxy":0,"hosting":0,"service":0}},"geometry":{"type":"Point","coordinates":[-7.40302,55.05782]}},{"type":"Feature","properties":{"country_code":"BWA","city":"Maun","id":"933366","downloaders":{"size":12,"mobile":9,"satellite":0,"tor":0,"tor_exit_nodes":0,"vpn":0,"relay":0,"proxy":0,"hosting":0,"service":0},"uploaders":{"size":5,"mobile":3,"satellite":0,"tor":0,"tor_exit_nodes":0,"vpn":0,"relay":0,"proxy":0,"hosting":0,"service":0}},"geometry":{"type":"Point","coordinates":[23.41667,-19.98333]}},{"type":"Feature","properties":{"country_code":"USA","city":"Bryant","id":"4103448","downloaders":{"size":12,"mobile":0,"satellite":0,"tor":0,"tor_exit_nodes":0,"vpn":0,"relay":0,"proxy":0,"hosting":0,"service":0},"uploaders":{"size":4,"mobile":0,"satellite":0,"tor":0,"tor_exit_nodes":0,"vpn":0,"relay":0,"proxy":0,"hosting":0,"service":0}},"geometry":{"type":"Point","coordinates":[-92.492,34.6068]}},{"type":"Feature","properties":{"country_code":"LUX","city":"Schifflange","id":"2960102","downloaders":{"size":12,"mobile":0,"satellite":0,"tor":0,"tor_exit_nodes":0,"vpn":0,"relay":0,"proxy":0,"hosting":0,"service":0},"uploaders":{"size":5,"mobile":0,"satellite":0,"tor":0,"tor_exit_nodes":0,"vpn":0,"relay":0,"proxy":0,"hosting":0,"service":0}},"geometry":{"type":"Point","coordinates":[6.01278,49.50639]}},{"type":"Feature","properties":{"country_code":"UKR","city":"Novofedorivka","id":"699607","downloaders":{"size":12,"mobile":0,"satellite":0,"tor":0,"tor_exit_nodes":0,"vpn":0,"relay":0,"proxy":0,"hosting":0,"service":0},"uploaders":{"size":3,"mobile":0,"satellite":0,"tor":0,"tor_exit_nodes":0,"vpn":0,"relay":0,"proxy":0,"hosting":0,"service":0}},"geometry":{"type":"Point","coordinates":[32.31765,46.17477]}},{"type":"Feature","properties":{"country_code":"BRA","city":"Santa Cruz de Goi\u00e1s","id":"3450281","downloaders":{"size":12,"mobile":0,"satellite":0,"tor":0,"tor_exit_nodes":0,"vpn":2,"relay":0,"proxy":0,"hosting":0,"service":0},"uploaders":{"size":3,"mobile":0,"satellite":0,"tor":0,"tor_exit_nodes":0,"vpn":0,"relay":0,"proxy":0,"hosting":0,"service":0}},"geometry":{"type":"Point","coordinates":[-48.48167,-17.31583]}},{"type":"Feature","properties":{"country_code":"GAB","city":"Port-Gentil","id":"2396518","downloaders":{"size":12,"mobile":0,"satellite":0,"tor":0,"tor_exit_nodes":0,"vpn":0,"relay":0,"proxy":0,"hosting":0,"service":0},"uploaders":{"size":3,"mobile":0,"satellite":0,"tor":0,"tor_exit_nodes":0,"vpn":0,"relay":0,"proxy":0,"hosting":0,"service":0}},"geometry":{"type":"Point","coordinates":[8.78151,-0.71933]}},{"type":"Feature","properties":{"country_code":"MMR","city":"Monywa","id":"1308522","downloaders":{"size":12,"mobile":0,"satellite":0,"tor":0,"tor_exit_nodes":0,"vpn":0,"relay":0,"proxy":0,"hosting":0,"service":0},"uploaders":{"size":5,"mobile":0,"satellite":0,"tor":0,"tor_exit_nodes":0,"vpn":0,"relay":0,"proxy":0,"hosting":0,"service":0}},"geometry":{"type":"Point","coordinates":[95.13583,22.10856]}},{"type":"Feature","properties":{"country_code":"HRV","city":"Petrinja","id":"3193420","downloaders":{"size":12,"mobile":0,"satellite":0,"tor":0,"tor_exit_nodes":0,"vpn":0,"relay":0,"proxy":0,"hosting":0,"service":0},"uploaders":{"size":3,"mobile":0,"satellite":0,"tor":0,"tor_exit_nodes":0,"vpn":0,"relay":0,"proxy":0,"hosting":0,"service":0}},"geometry":{"type":"Point","coordinates":[16.29,45.4375]}},{"type":"Feature","properties":{"country_code":"KEN","city":"Kitengela","id":"7931934","downloaders":{"size":12,"mobile":0,"satellite":0,"tor":0,"tor_exit_nodes":0,"vpn":0,"relay":0,"proxy":0,"hosting":0,"service":0},"uploaders":{"size":5,"mobile":0,"satellite":0,"tor":0,"tor_exit_nodes":0,"vpn":0,"relay":0,"proxy":0,"hosting":0,"service":0}},"geometry":{"type":"Point","coordinates":[36.96144,-1.47612]}},{"type":"Feature","properties":{"country_code":"GBR","city":"Four Lanes","id":"8714312","downloaders":{"size":12,"mobile":0,"satellite":0,"tor":0,"tor_exit_nodes":0,"vpn":0,"relay":0,"proxy":0,"hosting":0,"service":0},"uploaders":{"size":3,"mobile":0,"satellite":0,"tor":0,"tor_exit_nodes":0,"vpn":0,"relay":0,"proxy":0,"hosting":0,"service":0}},"geometry":{"type":"Point","coordinates":[-5.24014,50.20163]}},{"type":"Feature","properties":{"country_code":"USA","city":"Granite Shoals","id":"4694535","downloaders":{"size":11,"mobile":0,"satellite":0,"tor":0,"tor_exit_nodes":0,"vpn":0,"relay":0,"proxy":0,"hosting":0,"service":0},"uploaders":{"size":3,"mobile":0,"satellite":0,"tor":0,"tor_exit_nodes":0,"vpn":0,"relay":0,"proxy":0,"hosting":0,"service":0}},"geometry":{"type":"Point","coordinates":[-98.38392,30.58908]}},{"type":"Feature","properties":{"country_code":"PAK","city":"Talagang","id":"1164069","downloaders":{"size":11,"mobile":10,"satellite":0,"tor":0,"tor_exit_nodes":0,"vpn":0,"relay":0,"proxy":0,"hosting":0,"service":0},"uploaders":{"size":3,"mobile":3,"satellite":0,"tor":0,"tor_exit_nodes":0,"vpn":0,"relay":0,"proxy":0,"hosting":0,"service":0}},"geometry":{"type":"Point","coordinates":[72.41594,32.92766]}},{"type":"Feature","properties":{"country_code":"MDV","city":"Dhihdhoo","id":"1337612","downloaders":{"size":11,"mobile":0,"satellite":0,"tor":0,"tor_exit_nodes":0,"vpn":0,"relay":0,"proxy":0,"hosting":0,"service":0},"uploaders":{"size":3,"mobile":0,"satellite":0,"tor":0,"tor_exit_nodes":0,"vpn":0,"relay":0,"proxy":0,"hosting":0,"service":0}},"geometry":{"type":"Point","coordinates":[73.11402,6.88744]}},{"type":"Feature","properties":{"country_code":"FRA","city":"Peille","id":"2988214","downloaders":{"size":11,"mobile":0,"satellite":0,"tor":0,"tor_exit_nodes":0,"vpn":0,"relay":0,"proxy":0,"hosting":0,"service":0},"uploaders":{"size":3,"mobile":0,"satellite":0,"tor":0,"tor_exit_nodes":0,"vpn":0,"relay":0,"proxy":0,"hosting":0,"service":0}},"geometry":{"type":"Point","coordinates":[7.40191,43.80296]}},{"type":"Feature","properties":{"country_code":"NLD","city":"Oudkarspel","id":"2748943","downloaders":{"size":11,"mobile":0,"satellite":0,"tor":0,"tor_exit_nodes":0,"vpn":0,"relay":0,"proxy":0,"hosting":0,"service":0},"uploaders":{"size":5,"mobile":0,"satellite":0,"tor":0,"tor_exit_nodes":0,"vpn":0,"relay":0,"proxy":0,"hosting":0,"service":0}},"geometry":{"type":"Point","coordinates":[4.7959,52.7159]}},{"type":"Feature","properties":{"country_code":"RUS","city":"Chernyanka","id":"568587","downloaders":{"size":11,"mobile":0,"satellite":0,"tor":0,"tor_exit_nodes":0,"vpn":0,"relay":0,"proxy":0,"hosting":0,"service":0},"uploaders":{"size":3,"mobile":0,"satellite":0,"tor":0,"tor_exit_nodes":0,"vpn":0,"relay":0,"proxy":0,"hosting":0,"service":0}},"geometry":{"type":"Point","coordinates":[37.81509,50.93816]}},{"type":"Feature","properties":{"country_code":"CZE","city":"V\u010deln\u00e1","id":"3063349","downloaders":{"size":11,"mobile":0,"satellite":0,"tor":0,"tor_exit_nodes":0,"vpn":0,"relay":0,"proxy":0,"hosting":0,"service":0},"uploaders":{"size":3,"mobile":0,"satellite":0,"tor":0,"tor_exit_nodes":0,"vpn":0,"relay":0,"proxy":0,"hosting":0,"service":0}},"geometry":{"type":"Point","coordinates":[14.468,48.9244]}},{"type":"Feature","properties":{"country_code":"GBR","city":"Edenbridge","id":"2650246","downloaders":{"size":11,"mobile":0,"satellite":0,"tor":0,"tor_exit_nodes":0,"vpn":0,"relay":0,"proxy":0,"hosting":0,"service":0},"uploaders":{"size":3,"mobile":0,"satellite":0,"tor":0,"tor_exit_nodes":0,"vpn":0,"relay":0,"proxy":0,"hosting":0,"service":0}},"geometry":{"type":"Point","coordinates":[0.06729,51.19172]}},{"type":"Feature","properties":{"country_code":"USA","city":"Wesleyville","id":"5218531","downloaders":{"size":10,"mobile":0,"satellite":0,"tor":0,"tor_exit_nodes":0,"vpn":0,"relay":0,"proxy":0,"hosting":4,"service":0},"uploaders":{"size":3,"mobile":0,"satellite":0,"tor":0,"tor_exit_nodes":0,"vpn":0,"relay":0,"proxy":0,"hosting":0,"service":0}},"geometry":{"type":"Point","coordinates":[-80.01506,42.14033]}},{"type":"Feature","properties":{"country_code":"CHN","city":"Jiangyou","id":"1885823","downloaders":{"size":10,"mobile":0,"satellite":0,"tor":0,"tor_exit_nodes":0,"vpn":0,"relay":0,"proxy":0,"hosting":0,"service":0},"uploaders":{"size":5,"mobile":0,"satellite":0,"tor":0,"tor_exit_nodes":0,"vpn":0,"relay":0,"proxy":0,"hosting":0,"service":0}},"geometry":{"type":"Point","coordinates":[104.71667,31.76667]}},{"type":"Feature","properties":{"country_code":"BWA","city":"Letlhakane","id":"933535","downloaders":{"size":10,"mobile":7,"satellite":0,"tor":0,"tor_exit_nodes":0,"vpn":0,"relay":0,"proxy":0,"hosting":0,"service":0},"uploaders":{"size":5,"mobile":2,"satellite":0,"tor":0,"tor_exit_nodes":0,"vpn":0,"relay":0,"proxy":0,"hosting":0,"service":0}},"geometry":{"type":"Point","coordinates":[25.59263,-21.41494]}},{"type":"Feature","properties":{"country_code":"NAM","city":"Keetmanshoop","id":"3356264","downloaders":{"size":10,"mobile":0,"satellite":0,"tor":0,"tor_exit_nodes":0,"vpn":0,"relay":0,"proxy":0,"hosting":0,"service":0},"uploaders":{"size":3,"mobile":0,"satellite":0,"tor":0,"tor_exit_nodes":0,"vpn":0,"relay":0,"proxy":0,"hosting":0,"service":0}},"geometry":{"type":"Point","coordinates":[18.13359,-26.57654]}},{"type":"Feature","properties":{"country_code":"GBR","city":"Charing","id":"2653342","downloaders":{"size":10,"mobile":0,"satellite":0,"tor":0,"tor_exit_nodes":0,"vpn":0,"relay":0,"proxy":0,"hosting":0,"service":0},"uploaders":{"size":3,"mobile":0,"satellite":0,"tor":0,"tor_exit_nodes":0,"vpn":0,"relay":0,"proxy":0,"hosting":0,"service":0}},"geometry":{"type":"Point","coordinates":[0.79466,51.21073]}},{"type":"Feature","properties":{"country_code":"ZAF","city":"Kirkwood","id":"990802","downloaders":{"size":10,"mobile":0,"satellite":0,"tor":0,"tor_exit_nodes":0,"vpn":0,"relay":0,"proxy":0,"hosting":0,"service":0},"uploaders":{"size":3,"mobile":0,"satellite":0,"tor":0,"tor_exit_nodes":0,"vpn":0,"relay":0,"proxy":0,"hosting":0,"service":0}},"geometry":{"type":"Point","coordinates":[25.44279,-33.39829]}},{"type":"Feature","properties":{"country_code":"ITA","city":"Quarrata","id":"3169713","downloaders":{"size":10,"mobile":0,"satellite":0,"tor":0,"tor_exit_nodes":0,"vpn":0,"relay":0,"proxy":0,"hosting":0,"service":0},"uploaders":{"size":3,"mobile":0,"satellite":0,"tor":0,"tor_exit_nodes":0,"vpn":0,"relay":0,"proxy":0,"hosting":0,"service":0}},"geometry":{"type":"Point","coordinates":[10.97888,43.84837]}},{"type":"Feature","properties":{"country_code":"ESP","city":"Villalonga","id":"2509583","downloaders":{"size":10,"mobile":0,"satellite":0,"tor":0,"tor_exit_nodes":0,"vpn":0,"relay":0,"proxy":0,"hosting":0,"service":0},"uploaders":{"size":3,"mobile":0,"satellite":0,"tor":0,"tor_exit_nodes":0,"vpn":0,"relay":0,"proxy":0,"hosting":0,"service":0}},"geometry":{"type":"Point","coordinates":[-0.20795,38.88566]}},{"type":"Feature","properties":{"country_code":"PAK","city":"Chuhar Kana","id":"1180983","downloaders":{"size":10,"mobile":7,"satellite":0,"tor":0,"tor_exit_nodes":0,"vpn":0,"relay":0,"proxy":0,"hosting":0,"service":0},"uploaders":{"size":4,"mobile":3,"satellite":0,"tor":0,"tor_exit_nodes":0,"vpn":0,"relay":0,"proxy":0,"hosting":0,"service":0}},"geometry":{"type":"Point","coordinates":[73.8,31.75]}},{"type":"Feature","properties":{"country_code":"USA","city":"Emmett","id":"5592562","downloaders":{"size":10,"mobile":0,"satellite":0,"tor":0,"tor_exit_nodes":0,"vpn":0,"relay":0,"proxy":0,"hosting":0,"service":0},"uploaders":{"size":3,"mobile":0,"satellite":0,"tor":0,"tor_exit_nodes":0,"vpn":0,"relay":0,"proxy":0,"hosting":0,"service":0}},"geometry":{"type":"Point","coordinates":[-116.4993,43.8735]}},{"type":"Feature","properties":{"country_code":"CHN","city":"Chengde","id":"2038087","downloaders":{"size":10,"mobile":0,"satellite":0,"tor":0,"tor_exit_nodes":0,"vpn":6,"relay":0,"proxy":0,"hosting":0,"service":0},"uploaders":{"size":3,"mobile":0,"satellite":0,"tor":0,"tor_exit_nodes":0,"vpn":3,"relay":0,"proxy":0,"hosting":0,"service":0}},"geometry":{"type":"Point","coordinates":[117.95883,40.9519]}},{"type":"Feature","properties":{"country_code":"USA","city":"Lakehills","id":"4704940","downloaders":{"size":10,"mobile":0,"satellite":0,"tor":0,"tor_exit_nodes":0,"vpn":0,"relay":0,"proxy":0,"hosting":0,"service":0},"uploaders":{"size":4,"mobile":0,"satellite":0,"tor":0,"tor_exit_nodes":0,"vpn":0,"relay":0,"proxy":0,"hosting":0,"service":0}},"geometry":{"type":"Point","coordinates":[-98.94309,29.60467]}},{"type":"Feature","properties":{"country_code":"GRC","city":"Schini\u00e1s","id":"8740256","downloaders":{"size":10,"mobile":0,"satellite":0,"tor":0,"tor_exit_nodes":0,"vpn":0,"relay":0,"proxy":0,"hosting":0,"service":0},"uploaders":{"size":3,"mobile":0,"satellite":0,"tor":0,"tor_exit_nodes":0,"vpn":0,"relay":0,"proxy":0,"hosting":0,"service":0}},"geometry":{"type":"Point","coordinates":[24.03043,38.14352]}},{"type":"Feature","properties":{"country_code":"GBR","city":"Atherstone","id":"2656848","downloaders":{"size":10,"mobile":0,"satellite":0,"tor":0,"tor_exit_nodes":0,"vpn":0,"relay":0,"proxy":0,"hosting":0,"service":0},"uploaders":{"size":3,"mobile":0,"satellite":0,"tor":0,"tor_exit_nodes":0,"vpn":0,"relay":0,"proxy":0,"hosting":0,"service":0}},"geometry":{"type":"Point","coordinates":[-1.54693,52.57536]}},{"type":"Feature","properties":{"country_code":"IRL","city":"Baltinglass","id":"2966375","downloaders":{"size":9,"mobile":8,"satellite":0,"tor":0,"tor_exit_nodes":0,"vpn":0,"relay":0,"proxy":0,"hosting":0,"service":0},"uploaders":{"size":3,"mobile":3,"satellite":0,"tor":0,"tor_exit_nodes":0,"vpn":0,"relay":0,"proxy":0,"hosting":0,"service":0}},"geometry":{"type":"Point","coordinates":[-6.70917,52.93722]}},{"type":"Feature","properties":{"country_code":"FRA","city":"Ligny-le-Ch\u00e2tel","id":"2998359","downloaders":{"size":9,"mobile":9,"satellite":0,"tor":0,"tor_exit_nodes":0,"vpn":0,"relay":0,"proxy":0,"hosting":0,"service":0},"uploaders":{"size":3,"mobile":3,"satellite":0,"tor":0,"tor_exit_nodes":0,"vpn":0,"relay":0,"proxy":0,"hosting":0,"service":0}},"geometry":{"type":"Point","coordinates":[3.7576,47.90022]}},{"type":"Feature","properties":{"country_code":"ESP","city":"Orba","id":"2513098","downloaders":{"size":9,"mobile":0,"satellite":0,"tor":0,"tor_exit_nodes":0,"vpn":0,"relay":0,"proxy":0,"hosting":0,"service":0},"uploaders":{"size":3,"mobile":0,"satellite":0,"tor":0,"tor_exit_nodes":0,"vpn":0,"relay":0,"proxy":0,"hosting":0,"service":0}},"geometry":{"type":"Point","coordinates":[-0.06278,38.78041]}},{"type":"Feature","properties":{"country_code":"USA","city":"South Berwick","id":"4979050","downloaders":{"size":9,"mobile":0,"satellite":0,"tor":0,"tor_exit_nodes":0,"vpn":0,"relay":0,"proxy":0,"hosting":0,"service":0},"uploaders":{"size":3,"mobile":0,"satellite":0,"tor":0,"tor_exit_nodes":0,"vpn":0,"relay":0,"proxy":0,"hosting":0,"service":0}},"geometry":{"type":"Point","coordinates":[-70.8095,43.23453]}},{"type":"Feature","properties":{"country_code":"IND","city":"Kotdw\u0101ra","id":"1266014","downloaders":{"size":9,"mobile":0,"satellite":0,"tor":0,"tor_exit_nodes":0,"vpn":0,"relay":0,"proxy":0,"hosting":0,"service":0},"uploaders":{"size":3,"mobile":0,"satellite":0,"tor":0,"tor_exit_nodes":0,"vpn":0,"relay":0,"proxy":0,"hosting":0,"service":0}},"geometry":{"type":"Point","coordinates":[78.52219,29.74612]}},{"type":"Feature","properties":{"country_code":"UKR","city":"Velykyi Burluk","id":"690193","downloaders":{"size":9,"mobile":0,"satellite":0,"tor":0,"tor_exit_nodes":0,"vpn":0,"relay":0,"proxy":0,"hosting":0,"service":0},"uploaders":{"size":4,"mobile":0,"satellite":0,"tor":0,"tor_exit_nodes":0,"vpn":0,"relay":0,"proxy":0,"hosting":0,"service":0}},"geometry":{"type":"Point","coordinates":[37.38373,50.0617]}},{"type":"Feature","properties":{"country_code":"IND","city":"Gundup\u0101laiyam","id":"11679708","downloaders":{"size":9,"mobile":0,"satellite":0,"tor":0,"tor_exit_nodes":0,"vpn":0,"relay":0,"proxy":0,"hosting":0,"service":0},"uploaders":{"size":4,"mobile":0,"satellite":0,"tor":0,"tor_exit_nodes":0,"vpn":0,"relay":0,"proxy":0,"hosting":0,"service":0}},"geometry":{"type":"Point","coordinates":[79.80294,11.94096]}},{"type":"Feature","properties":{"country_code":"ITA","city":"Prato Perillo","id":"8948856","downloaders":{"size":8,"mobile":3,"satellite":0,"tor":0,"tor_exit_nodes":0,"vpn":0,"relay":0,"proxy":0,"hosting":0,"service":0},"uploaders":{"size":3,"mobile":3,"satellite":0,"tor":0,"tor_exit_nodes":0,"vpn":0,"relay":0,"proxy":0,"hosting":0,"service":0}},"geometry":{"type":"Point","coordinates":[15.52503,40.3969]}},{"type":"Feature","properties":{"country_code":"ISR","city":"Ge\u2019alya","id":"295065","downloaders":{"size":8,"mobile":0,"satellite":0,"tor":0,"tor_exit_nodes":0,"vpn":0,"relay":0,"proxy":0,"hosting":0,"service":0},"uploaders":{"size":4,"mobile":0,"satellite":0,"tor":0,"tor_exit_nodes":0,"vpn":0,"relay":0,"proxy":0,"hosting":0,"service":0}},"geometry":{"type":"Point","coordinates":[34.76568,31.88419]}},{"type":"Feature","properties":{"country_code":"QAT","city":"Ash Sh\u012b\u1e29\u0101n\u012byah","id":"289877","downloaders":{"size":8,"mobile":6,"satellite":0,"tor":0,"tor_exit_nodes":0,"vpn":0,"relay":0,"proxy":0,"hosting":0,"service":0},"uploaders":{"size":5,"mobile":5,"satellite":0,"tor":0,"tor_exit_nodes":0,"vpn":0,"relay":0,"proxy":0,"hosting":0,"service":0}},"geometry":{"type":"Point","coordinates":[51.22264,25.37088]}},{"type":"Feature","properties":{"country_code":"USA","city":"Barrytown","id":"5108018","downloaders":{"size":8,"mobile":0,"satellite":0,"tor":0,"tor_exit_nodes":0,"vpn":0,"relay":0,"proxy":0,"hosting":0,"service":0},"uploaders":{"size":4,"mobile":0,"satellite":0,"tor":0,"tor_exit_nodes":0,"vpn":0,"relay":0,"proxy":0,"hosting":0,"service":0}},"geometry":{"type":"Point","coordinates":[-73.9082,42.0129]}},{"type":"Feature","properties":{"country_code":"NZL","city":"Gore","id":"6201424","downloaders":{"size":8,"mobile":6,"satellite":0,"tor":0,"tor_exit_nodes":0,"vpn":0,"relay":0,"proxy":0,"hosting":0,"service":0},"uploaders":{"size":3,"mobile":1,"satellite":0,"tor":0,"tor_exit_nodes":0,"vpn":0,"relay":0,"proxy":0,"hosting":0,"service":0}},"geometry":{"type":"Point","coordinates":[168.94357,-46.10282]}},{"type":"Feature","properties":{"country_code":"GBR","city":"Cricklade","id":"2651985","downloaders":{"size":8,"mobile":0,"satellite":0,"tor":0,"tor_exit_nodes":0,"vpn":0,"relay":0,"proxy":0,"hosting":0,"service":0},"uploaders":{"size":3,"mobile":0,"satellite":0,"tor":0,"tor_exit_nodes":0,"vpn":0,"relay":0,"proxy":0,"hosting":0,"service":0}},"geometry":{"type":"Point","coordinates":[-1.85738,51.64061]}},{"type":"Feature","properties":{"country_code":"USA","city":"Montello","id":"5263366","downloaders":{"size":8,"mobile":0,"satellite":0,"tor":0,"tor_exit_nodes":0,"vpn":0,"relay":0,"proxy":0,"hosting":0,"service":0},"uploaders":{"size":3,"mobile":0,"satellite":0,"tor":0,"tor_exit_nodes":0,"vpn":0,"relay":0,"proxy":0,"hosting":0,"service":0}},"geometry":{"type":"Point","coordinates":[-89.31984,43.79137]}},{"type":"Feature","properties":{"country_code":"UGA","city":"Bunamwaya","id":"234179","downloaders":{"size":8,"mobile":0,"satellite":0,"tor":0,"tor_exit_nodes":0,"vpn":0,"relay":0,"proxy":0,"hosting":0,"service":0},"uploaders":{"size":4,"mobile":0,"satellite":0,"tor":0,"tor_exit_nodes":0,"vpn":0,"relay":0,"proxy":0,"hosting":0,"service":0}},"geometry":{"type":"Point","coordinates":[32.55723,0.25344]}},{"type":"Feature","properties":{"country_code":"OMN","city":"As Suwayq","id":"288955","downloaders":{"size":8,"mobile":1,"satellite":0,"tor":0,"tor_exit_nodes":0,"vpn":0,"relay":0,"proxy":0,"hosting":0,"service":0},"uploaders":{"size":3,"mobile":0,"satellite":0,"tor":0,"tor_exit_nodes":0,"vpn":0,"relay":0,"proxy":0,"hosting":0,"service":0}},"geometry":{"type":"Point","coordinates":[57.43861,23.84944]}},{"type":"Feature","properties":{"country_code":"GBR","city":"Ponders End","id":"2640140","downloaders":{"size":8,"mobile":1,"satellite":0,"tor":0,"tor_exit_nodes":0,"vpn":0,"relay":0,"proxy":0,"hosting":0,"service":0},"uploaders":{"size":3,"mobile":0,"satellite":0,"tor":0,"tor_exit_nodes":0,"vpn":0,"relay":0,"proxy":0,"hosting":0,"service":0}},"geometry":{"type":"Point","coordinates":[-0.04652,51.6445]}},{"type":"Feature","properties":{"country_code":"BRA","city":"Duas Estradas","id":"3400935","downloaders":{"size":8,"mobile":0,"satellite":0,"tor":0,"tor_exit_nodes":0,"vpn":0,"relay":0,"proxy":0,"hosting":0,"service":0},"uploaders":{"size":7,"mobile":0,"satellite":0,"tor":0,"tor_exit_nodes":0,"vpn":0,"relay":0,"proxy":0,"hosting":0,"service":0}},"geometry":{"type":"Point","coordinates":[-35.4169,-6.68861]}},{"type":"Feature","properties":{"country_code":"GBR","city":"Burry Port","id":"2654229","downloaders":{"size":8,"mobile":0,"satellite":0,"tor":0,"tor_exit_nodes":0,"vpn":0,"relay":0,"proxy":0,"hosting":0,"service":0},"uploaders":{"size":3,"mobile":0,"satellite":0,"tor":0,"tor_exit_nodes":0,"vpn":0,"relay":0,"proxy":0,"hosting":0,"service":0}},"geometry":{"type":"Point","coordinates":[-4.24687,51.68435]}},{"type":"Feature","properties":{"country_code":"GBR","city":"Ipplepen","id":"2646062","downloaders":{"size":8,"mobile":0,"satellite":1,"tor":0,"tor_exit_nodes":0,"vpn":0,"relay":0,"proxy":0,"hosting":0,"service":0},"uploaders":{"size":3,"mobile":0,"satellite":0,"tor":0,"tor_exit_nodes":0,"vpn":0,"relay":0,"proxy":0,"hosting":0,"service":0}},"geometry":{"type":"Point","coordinates":[-3.639,50.48919]}},{"type":"Feature","properties":{"country_code":"GBR","city":"Rawtenstall","id":"2639586","downloaders":{"size":8,"mobile":0,"satellite":0,"tor":0,"tor_exit_nodes":0,"vpn":0,"relay":0,"proxy":0,"hosting":0,"service":0},"uploaders":{"size":3,"mobile":0,"satellite":0,"tor":0,"tor_exit_nodes":0,"vpn":0,"relay":0,"proxy":0,"hosting":0,"service":0}},"geometry":{"type":"Point","coordinates":[-2.28442,53.70076]}},{"type":"Feature","properties":{"country_code":"USA","city":"Vidalia","id":"4228425","downloaders":{"size":8,"mobile":0,"satellite":0,"tor":0,"tor_exit_nodes":0,"vpn":0,"relay":0,"proxy":0,"hosting":0,"service":0},"uploaders":{"size":3,"mobile":0,"satellite":0,"tor":0,"tor_exit_nodes":0,"vpn":0,"relay":0,"proxy":0,"hosting":0,"service":0}},"geometry":{"type":"Point","coordinates":[-82.41346,32.21769]}},{"type":"Feature","properties":{"country_code":"PHL","city":"Bitangan","id":"1724735","downloaders":{"size":8,"mobile":0,"satellite":0,"tor":0,"tor_exit_nodes":0,"vpn":0,"relay":0,"proxy":0,"hosting":6,"service":0},"uploaders":{"size":3,"mobile":0,"satellite":0,"tor":0,"tor_exit_nodes":0,"vpn":0,"relay":0,"proxy":0,"hosting":2,"service":0}},"geometry":{"type":"Point","coordinates":[120.87833,14.25389]}},{"type":"Feature","properties":{"country_code":"HRV","city":"Drni\u0161","id":"3201162","downloaders":{"size":8,"mobile":0,"satellite":0,"tor":0,"tor_exit_nodes":0,"vpn":0,"relay":0,"proxy":0,"hosting":0,"service":0},"uploaders":{"size":3,"mobile":0,"satellite":0,"tor":0,"tor_exit_nodes":0,"vpn":0,"relay":0,"proxy":0,"hosting":0,"service":0}},"geometry":{"type":"Point","coordinates":[16.15556,43.8625]}},{"type":"Feature","properties":{"country_code":"ESP","city":"Alcal\u00e1 de los Gazules","id":"2522162","downloaders":{"size":8,"mobile":0,"satellite":0,"tor":0,"tor_exit_nodes":0,"vpn":1,"relay":0,"proxy":0,"hosting":0,"service":0},"uploaders":{"size":3,"mobile":0,"satellite":0,"tor":0,"tor_exit_nodes":0,"vpn":0,"relay":0,"proxy":0,"hosting":0,"service":0}},"geometry":{"type":"Point","coordinates":[-5.72382,36.46212]}},{"type":"Feature","properties":{"country_code":"BWA","city":"Francistown","id":"933778","downloaders":{"size":8,"mobile":4,"satellite":0,"tor":0,"tor_exit_nodes":0,"vpn":0,"relay":0,"proxy":0,"hosting":0,"service":0},"uploaders":{"size":3,"mobile":1,"satellite":0,"tor":0,"tor_exit_nodes":0,"vpn":0,"relay":0,"proxy":0,"hosting":0,"service":0}},"geometry":{"type":"Point","coordinates":[27.50778,-21.17]}},{"type":"Feature","properties":{"country_code":"IRL","city":"An Muileann gCearr","id":"2962361","downloaders":{"size":8,"mobile":4,"satellite":0,"tor":0,"tor_exit_nodes":0,"vpn":0,"relay":0,"proxy":0,"hosting":0,"service":0},"uploaders":{"size":3,"mobile":1,"satellite":0,"tor":0,"tor_exit_nodes":0,"vpn":0,"relay":0,"proxy":0,"hosting":0,"service":0}},"geometry":{"type":"Point","coordinates":[-7.3385,53.52466]}},{"type":"Feature","properties":{"country_code":"DEU","city":"Schlangen","id":"2838922","downloaders":{"size":7,"mobile":0,"satellite":0,"tor":0,"tor_exit_nodes":0,"vpn":0,"relay":0,"proxy":0,"hosting":0,"service":0},"uploaders":{"size":3,"mobile":0,"satellite":0,"tor":0,"tor_exit_nodes":0,"vpn":0,"relay":0,"proxy":0,"hosting":0,"service":0}},"geometry":{"type":"Point","coordinates":[8.84605,51.80978]}},{"type":"Feature","properties":{"country_code":"POL","city":"Chojna","id":"3101675","downloaders":{"size":7,"mobile":3,"satellite":0,"tor":0,"tor_exit_nodes":0,"vpn":0,"relay":0,"proxy":0,"hosting":0,"service":0},"uploaders":{"size":3,"mobile":3,"satellite":0,"tor":0,"tor_exit_nodes":0,"vpn":0,"relay":0,"proxy":0,"hosting":0,"service":0}},"geometry":{"type":"Point","coordinates":[14.42797,52.96389]}},{"type":"Feature","properties":{"country_code":"IND","city":"Panamaram","id":"1260606","downloaders":{"size":7,"mobile":0,"satellite":0,"tor":0,"tor_exit_nodes":0,"vpn":0,"relay":0,"proxy":0,"hosting":0,"service":0},"uploaders":{"size":4,"mobile":0,"satellite":0,"tor":0,"tor_exit_nodes":0,"vpn":0,"relay":0,"proxy":0,"hosting":0,"service":0}},"geometry":{"type":"Point","coordinates":[76.07369,11.74014]}},{"type":"Feature","properties":{"country_code":"TZA","city":"Mtambile","id":"152877","downloaders":{"size":7,"mobile":7,"satellite":0,"tor":0,"tor_exit_nodes":0,"vpn":0,"relay":0,"proxy":0,"hosting":0,"service":0},"uploaders":{"size":3,"mobile":3,"satellite":0,"tor":0,"tor_exit_nodes":0,"vpn":0,"relay":0,"proxy":0,"hosting":0,"service":0}},"geometry":{"type":"Point","coordinates":[39.7,-5.38333]}},{"type":"Feature","properties":{"country_code":"IRL","city":"Enniscorthy","id":"2964403","downloaders":{"size":7,"mobile":7,"satellite":0,"tor":0,"tor_exit_nodes":0,"vpn":0,"relay":0,"proxy":0,"hosting":0,"service":0},"uploaders":{"size":3,"mobile":3,"satellite":0,"tor":0,"tor_exit_nodes":0,"vpn":0,"relay":0,"proxy":0,"hosting":0,"service":0}},"geometry":{"type":"Point","coordinates":[-6.55778,52.50083]}},{"type":"Feature","properties":{"country_code":"FRA","city":"Saint-Maurice-l\u00e8s-Charencey","id":"2978131","downloaders":{"size":7,"mobile":0,"satellite":0,"tor":0,"tor_exit_nodes":0,"vpn":0,"relay":0,"proxy":0,"hosting":0,"service":0},"uploaders":{"size":3,"mobile":0,"satellite":0,"tor":0,"tor_exit_nodes":0,"vpn":0,"relay":0,"proxy":0,"hosting":0,"service":0}},"geometry":{"type":"Point","coordinates":[0.75783,48.64846]}},{"type":"Feature","properties":{"country_code":"SYR","city":"Jaram\u0101n\u0101","id":"169174","downloaders":{"size":7,"mobile":0,"satellite":0,"tor":0,"tor_exit_nodes":0,"vpn":0,"relay":0,"proxy":0,"hosting":0,"service":0},"uploaders":{"size":3,"mobile":0,"satellite":0,"tor":0,"tor_exit_nodes":0,"vpn":0,"relay":0,"proxy":0,"hosting":0,"service":0}},"geometry":{"type":"Point","coordinates":[36.34614,33.4862]}},{"type":"Feature","properties":{"country_code":"ESP","city":"Les Franqueses del Vall\u00e8s","id":"8198696","downloaders":{"size":7,"mobile":1,"satellite":0,"tor":0,"tor_exit_nodes":0,"vpn":0,"relay":0,"proxy":0,"hosting":0,"service":0},"uploaders":{"size":4,"mobile":1,"satellite":0,"tor":0,"tor_exit_nodes":0,"vpn":0,"relay":0,"proxy":0,"hosting":0,"service":0}},"geometry":{"type":"Point","coordinates":[2.29829,41.61929]}},{"type":"Feature","properties":{"country_code":"ISR","city":"Manof","id":"8261970","downloaders":{"size":7,"mobile":0,"satellite":0,"tor":0,"tor_exit_nodes":0,"vpn":0,"relay":0,"proxy":0,"hosting":0,"service":0},"uploaders":{"size":4,"mobile":0,"satellite":0,"tor":0,"tor_exit_nodes":0,"vpn":0,"relay":0,"proxy":0,"hosting":0,"service":0}},"geometry":{"type":"Point","coordinates":[35.23684,32.85399]}},{"type":"Feature","properties":{"country_code":"ESP","city":"Vilanova de Arousa","id":"3105267","downloaders":{"size":7,"mobile":7,"satellite":0,"tor":0,"tor_exit_nodes":0,"vpn":0,"relay":0,"proxy":0,"hosting":0,"service":0},"uploaders":{"size":4,"mobile":4,"satellite":0,"tor":0,"tor_exit_nodes":0,"vpn":0,"relay":0,"proxy":0,"hosting":0,"service":0}},"geometry":{"type":"Point","coordinates":[-8.82797,42.564]}},{"type":"Feature","properties":{"country_code":"BIH","city":"Kalinovik","id":"3198448","downloaders":{"size":7,"mobile":7,"satellite":0,"tor":0,"tor_exit_nodes":0,"vpn":0,"relay":0,"proxy":0,"hosting":0,"service":0},"uploaders":{"size":3,"mobile":3,"satellite":0,"tor":0,"tor_exit_nodes":0,"vpn":0,"relay":0,"proxy":0,"hosting":0,"service":0}},"geometry":{"type":"Point","coordinates":[18.44649,43.50464]}},{"type":"Feature","properties":{"country_code":"FRA","city":"Bailly-Romainvilliers","id":"3035329","downloaders":{"size":7,"mobile":7,"satellite":0,"tor":0,"tor_exit_nodes":0,"vpn":0,"relay":0,"proxy":0,"hosting":0,"service":0},"uploaders":{"size":6,"mobile":6,"satellite":0,"tor":0,"tor_exit_nodes":0,"vpn":0,"relay":0,"proxy":0,"hosting":0,"service":0}},"geometry":{"type":"Point","coordinates":[2.82352,48.84729]}},{"type":"Feature","properties":{"country_code":"USA","city":"St Johnsbury","id":"6424355","downloaders":{"size":7,"mobile":0,"satellite":0,"tor":0,"tor_exit_nodes":0,"vpn":0,"relay":0,"proxy":0,"hosting":0,"service":0},"uploaders":{"size":4,"mobile":0,"satellite":0,"tor":0,"tor_exit_nodes":0,"vpn":0,"relay":0,"proxy":0,"hosting":0,"service":0}},"geometry":{"type":"Point","coordinates":[-72.01512,44.42526]}},{"type":"Feature","properties":{"country_code":"FIN","city":"Yl\u00e4st\u00f6","id":"847446","downloaders":{"size":7,"mobile":0,"satellite":0,"tor":0,"tor_exit_nodes":0,"vpn":0,"relay":0,"proxy":0,"hosting":0,"service":0},"uploaders":{"size":3,"mobile":0,"satellite":0,"tor":0,"tor_exit_nodes":0,"vpn":0,"relay":0,"proxy":0,"hosting":0,"service":0}},"geometry":{"type":"Point","coordinates":[24.9139,60.28417]}},{"type":"Feature","properties":{"country_code":"GBR","city":"Sandown","id":"2638568","downloaders":{"size":7,"mobile":0,"satellite":0,"tor":0,"tor_exit_nodes":0,"vpn":0,"relay":0,"proxy":0,"hosting":0,"service":0},"uploaders":{"size":3,"mobile":0,"satellite":0,"tor":0,"tor_exit_nodes":0,"vpn":0,"relay":0,"proxy":0,"hosting":0,"service":0}},"geometry":{"type":"Point","coordinates":[-1.16103,50.65158]}},{"type":"Feature","properties":{"country_code":"USA","city":"Addison","id":"4669828","downloaders":{"size":7,"mobile":0,"satellite":0,"tor":0,"tor_exit_nodes":0,"vpn":6,"relay":0,"proxy":0,"hosting":6,"service":6},"uploaders":{"size":3,"mobile":0,"satellite":0,"tor":0,"tor_exit_nodes":0,"vpn":3,"relay":0,"proxy":0,"hosting":3,"service":3}},"geometry":{"type":"Point","coordinates":[-96.82917,32.96179]}},{"type":"Feature","properties":{"country_code":"GBR","city":"Saint Agnes","id":"2638870","downloaders":{"size":6,"mobile":0,"satellite":0,"tor":0,"tor_exit_nodes":0,"vpn":0,"relay":0,"proxy":0,"hosting":0,"service":0},"uploaders":{"size":3,"mobile":0,"satellite":0,"tor":0,"tor_exit_nodes":0,"vpn":0,"relay":0,"proxy":0,"hosting":0,"service":0}},"geometry":{"type":"Point","coordinates":[-5.20456,50.31278]}},{"type":"Feature","properties":{"country_code":"CHE","city":"Surrein","id":"6943335","downloaders":{"size":6,"mobile":0,"satellite":0,"tor":0,"tor_exit_nodes":0,"vpn":0,"relay":0,"proxy":0,"hosting":0,"service":0},"uploaders":{"size":3,"mobile":0,"satellite":0,"tor":0,"tor_exit_nodes":0,"vpn":0,"relay":0,"proxy":0,"hosting":0,"service":0}},"geometry":{"type":"Point","coordinates":[8.94905,46.72309]}},{"type":"Feature","properties":{"country_code":"USA","city":"Wrangell","id":"5558586","downloaders":{"size":6,"mobile":0,"satellite":0,"tor":0,"tor_exit_nodes":0,"vpn":0,"relay":0,"proxy":0,"hosting":0,"service":0},"uploaders":{"size":4,"mobile":0,"satellite":0,"tor":0,"tor_exit_nodes":0,"vpn":0,"relay":0,"proxy":0,"hosting":0,"service":0}},"geometry":{"type":"Point","coordinates":[-132.37667,56.47083]}},{"type":"Feature","properties":{"country_code":"POL","city":"Nieszawa","id":"3090907","downloaders":{"size":6,"mobile":6,"satellite":0,"tor":0,"tor_exit_nodes":0,"vpn":0,"relay":0,"proxy":0,"hosting":0,"service":0},"uploaders":{"size":5,"mobile":5,"satellite":0,"tor":0,"tor_exit_nodes":0,"vpn":0,"relay":0,"proxy":0,"hosting":0,"service":0}},"geometry":{"type":"Point","coordinates":[18.89921,52.83452]}},{"type":"Feature","properties":{"country_code":"ECU","city":"El Triunfo","id":"3658053","downloaders":{"size":6,"mobile":0,"satellite":0,"tor":0,"tor_exit_nodes":0,"vpn":0,"relay":0,"proxy":0,"hosting":0,"service":0},"uploaders":{"size":3,"mobile":0,"satellite":0,"tor":0,"tor_exit_nodes":0,"vpn":0,"relay":0,"proxy":0,"hosting":0,"service":0}},"geometry":{"type":"Point","coordinates":[-79.96667,-1.93333]}},{"type":"Feature","properties":{"country_code":"CAN","city":"Shellbrook","id":"6145951","downloaders":{"size":6,"mobile":4,"satellite":0,"tor":0,"tor_exit_nodes":0,"vpn":0,"relay":0,"proxy":0,"hosting":0,"service":0},"uploaders":{"size":3,"mobile":1,"satellite":0,"tor":0,"tor_exit_nodes":0,"vpn":0,"relay":0,"proxy":0,"hosting":0,"service":0}},"geometry":{"type":"Point","coordinates":[-106.40109,53.21679]}},{"type":"Feature","properties":{"country_code":"MDV","city":"Hulhumale","id":"6930996","downloaders":{"size":6,"mobile":3,"satellite":0,"tor":0,"tor_exit_nodes":0,"vpn":0,"relay":0,"proxy":0,"hosting":0,"service":0},"uploaders":{"size":4,"mobile":1,"satellite":0,"tor":0,"tor_exit_nodes":0,"vpn":0,"relay":0,"proxy":0,"hosting":0,"service":0}},"geometry":{"type":"Point","coordinates":[73.54008,4.21169]}},{"type":"Feature","properties":{"country_code":"PAK","city":"Kahror Pakka","id":"1175446","downloaders":{"size":6,"mobile":0,"satellite":0,"tor":0,"tor_exit_nodes":0,"vpn":0,"relay":0,"proxy":0,"hosting":0,"service":0},"uploaders":{"size":4,"mobile":0,"satellite":0,"tor":0,"tor_exit_nodes":0,"vpn":0,"relay":0,"proxy":0,"hosting":0,"service":0}},"geometry":{"type":"Point","coordinates":[71.91437,29.6243]}},{"type":"Feature","properties":{"country_code":"BRA","city":"Maruim","id":"3457582","downloaders":{"size":6,"mobile":0,"satellite":0,"tor":0,"tor_exit_nodes":0,"vpn":0,"relay":0,"proxy":0,"hosting":0,"service":0},"uploaders":{"size":6,"mobile":0,"satellite":0,"tor":0,"tor_exit_nodes":0,"vpn":0,"relay":0,"proxy":0,"hosting":0,"service":0}},"geometry":{"type":"Point","coordinates":[-37.08167,-10.7375]}},{"type":"Feature","properties":{"country_code":"USA","city":"Homer","id":"5864145","downloaders":{"size":6,"mobile":0,"satellite":0,"tor":0,"tor_exit_nodes":0,"vpn":0,"relay":0,"proxy":0,"hosting":0,"service":0},"uploaders":{"size":3,"mobile":0,"satellite":0,"tor":0,"tor_exit_nodes":0,"vpn":0,"relay":0,"proxy":0,"hosting":0,"service":0}},"geometry":{"type":"Point","coordinates":[-151.5494,59.6425]}},{"type":"Feature","properties":{"country_code":"GBR","city":"Debenham","id":"2651436","downloaders":{"size":6,"mobile":0,"satellite":0,"tor":0,"tor_exit_nodes":0,"vpn":0,"relay":0,"proxy":0,"hosting":0,"service":0},"uploaders":{"size":4,"mobile":0,"satellite":0,"tor":0,"tor_exit_nodes":0,"vpn":0,"relay":0,"proxy":0,"hosting":0,"service":0}},"geometry":{"type":"Point","coordinates":[1.18172,52.22422]}},{"type":"Feature","properties":{"country_code":"ESP","city":"Ribadavia","id":"3111863","downloaders":{"size":6,"mobile":0,"satellite":0,"tor":0,"tor_exit_nodes":0,"vpn":0,"relay":0,"proxy":0,"hosting":0,"service":0},"uploaders":{"size":5,"mobile":0,"satellite":0,"tor":0,"tor_exit_nodes":0,"vpn":0,"relay":0,"proxy":0,"hosting":0,"service":0}},"geometry":{"type":"Point","coordinates":[-8.14362,42.28804]}},{"type":"Feature","properties":{"country_code":"BEL","city":"Wemmel","id":"2783856","downloaders":{"size":6,"mobile":0,"satellite":0,"tor":0,"tor_exit_nodes":0,"vpn":0,"relay":0,"proxy":0,"hosting":0,"service":0},"uploaders":{"size":3,"mobile":0,"satellite":0,"tor":0,"tor_exit_nodes":0,"vpn":0,"relay":0,"proxy":0,"hosting":0,"service":0}},"geometry":{"type":"Point","coordinates":[4.30613,50.90812]}},{"type":"Feature","properties":{"country_code":"BEL","city":"Ganshoren","id":"2797844","downloaders":{"size":6,"mobile":6,"satellite":0,"tor":0,"tor_exit_nodes":0,"vpn":0,"relay":0,"proxy":0,"hosting":0,"service":0},"uploaders":{"size":3,"mobile":3,"satellite":0,"tor":0,"tor_exit_nodes":0,"vpn":0,"relay":0,"proxy":0,"hosting":0,"service":0}},"geometry":{"type":"Point","coordinates":[4.31531,50.87065]}},{"type":"Feature","properties":{"country_code":"ZAF","city":"Delareyville","id":"1011062","downloaders":{"size":6,"mobile":0,"satellite":0,"tor":0,"tor_exit_nodes":0,"vpn":0,"relay":0,"proxy":0,"hosting":0,"service":0},"uploaders":{"size":6,"mobile":0,"satellite":0,"tor":0,"tor_exit_nodes":0,"vpn":0,"relay":0,"proxy":0,"hosting":0,"service":0}},"geometry":{"type":"Point","coordinates":[25.45907,-26.68638]}},{"type":"Feature","properties":{"country_code":"GRD","city":"Hillsborough","id":"3580215","downloaders":{"size":6,"mobile":0,"satellite":0,"tor":0,"tor_exit_nodes":0,"vpn":0,"relay":0,"proxy":0,"hosting":0,"service":0},"uploaders":{"size":3,"mobile":0,"satellite":0,"tor":0,"tor_exit_nodes":0,"vpn":0,"relay":0,"proxy":0,"hosting":0,"service":0}},"geometry":{"type":"Point","coordinates":[-61.45597,12.48292]}},{"type":"Feature","properties":{"country_code":"USA","city":"Pampa","id":"5527953","downloaders":{"size":6,"mobile":0,"satellite":0,"tor":0,"tor_exit_nodes":0,"vpn":0,"relay":0,"proxy":0,"hosting":0,"service":0},"uploaders":{"size":3,"mobile":0,"satellite":0,"tor":0,"tor_exit_nodes":0,"vpn":0,"relay":0,"proxy":0,"hosting":0,"service":0}},"geometry":{"type":"Point","coordinates":[-100.95987,35.53616]}},{"type":"Feature","properties":{"country_code":"ITA","city":"San Pietro in Casale","id":"3167824","downloaders":{"size":5,"mobile":0,"satellite":0,"tor":0,"tor_exit_nodes":0,"vpn":0,"relay":0,"proxy":0,"hosting":0,"service":0},"uploaders":{"size":3,"mobile":0,"satellite":0,"tor":0,"tor_exit_nodes":0,"vpn":0,"relay":0,"proxy":0,"hosting":0,"service":0}},"geometry":{"type":"Point","coordinates":[11.40492,44.70079]}},{"type":"Feature","properties":{"country_code":"FRA","city":"Bermont","id":"3033334","downloaders":{"size":5,"mobile":0,"satellite":0,"tor":0,"tor_exit_nodes":0,"vpn":5,"relay":0,"proxy":0,"hosting":0,"service":0},"uploaders":{"size":3,"mobile":0,"satellite":0,"tor":0,"tor_exit_nodes":0,"vpn":3,"relay":0,"proxy":0,"hosting":0,"service":0}},"geometry":{"type":"Point","coordinates":[6.85308,47.58063]}},{"type":"Feature","properties":{"country_code":"GBR","city":"Terrington","id":"2636093","downloaders":{"size":5,"mobile":5,"satellite":0,"tor":0,"tor_exit_nodes":0,"vpn":0,"relay":0,"proxy":0,"hosting":0,"service":0},"uploaders":{"size":3,"mobile":3,"satellite":0,"tor":0,"tor_exit_nodes":0,"vpn":0,"relay":0,"proxy":0,"hosting":0,"service":0}},"geometry":{"type":"Point","coordinates":[-0.97488,54.1272]}},{"type":"Feature","properties":{"country_code":"GBR","city":"Castleside","id":"2653550","downloaders":{"size":5,"mobile":0,"satellite":0,"tor":0,"tor_exit_nodes":0,"vpn":0,"relay":0,"proxy":0,"hosting":0,"service":0},"uploaders":{"size":3,"mobile":0,"satellite":0,"tor":0,"tor_exit_nodes":0,"vpn":0,"relay":0,"proxy":0,"hosting":0,"service":0}},"geometry":{"type":"Point","coordinates":[-1.87849,54.83429]}},{"type":"Feature","properties":{"country_code":"ETH","city":"Harar","id":"335035","downloaders":{"size":5,"mobile":0,"satellite":0,"tor":0,"tor_exit_nodes":0,"vpn":0,"relay":0,"proxy":0,"hosting":0,"service":0},"uploaders":{"size":3,"mobile":0,"satellite":0,"tor":0,"tor_exit_nodes":0,"vpn":0,"relay":0,"proxy":0,"hosting":0,"service":0}},"geometry":{"type":"Point","coordinates":[42.11815,9.31387]}},{"type":"Feature","properties":{"country_code":"PAK","city":"Chak Pindi","id":"1380401","downloaders":{"size":5,"mobile":5,"satellite":0,"tor":0,"tor_exit_nodes":0,"vpn":0,"relay":0,"proxy":0,"hosting":0,"service":0},"uploaders":{"size":4,"mobile":4,"satellite":0,"tor":0,"tor_exit_nodes":0,"vpn":0,"relay":0,"proxy":0,"hosting":0,"service":0}},"geometry":{"type":"Point","coordinates":[73.97301,32.59677]}},{"type":"Feature","properties":{"country_code":"POL","city":"Bol\u0119cin","id":"3102997","downloaders":{"size":5,"mobile":0,"satellite":0,"tor":0,"tor_exit_nodes":0,"vpn":0,"relay":0,"proxy":0,"hosting":0,"service":0},"uploaders":{"size":3,"mobile":0,"satellite":0,"tor":0,"tor_exit_nodes":0,"vpn":0,"relay":0,"proxy":0,"hosting":0,"service":0}},"geometry":{"type":"Point","coordinates":[19.48116,50.1175]}},{"type":"Feature","properties":{"country_code":"BWA","city":"Kgaphamadi","id":"1106211","downloaders":{"size":5,"mobile":0,"satellite":0,"tor":0,"tor_exit_nodes":0,"vpn":0,"relay":0,"proxy":0,"hosting":0,"service":0},"uploaders":{"size":4,"mobile":0,"satellite":0,"tor":0,"tor_exit_nodes":0,"vpn":0,"relay":0,"proxy":0,"hosting":0,"service":0}},"geometry":{"type":"Point","coordinates":[25.9275,-24.53778]}},{"type":"Feature","properties":{"country_code":"ESP","city":"Sant Hilari Sacalm","id":"3110584","downloaders":{"size":5,"mobile":0,"satellite":0,"tor":0,"tor_exit_nodes":0,"vpn":0,"relay":0,"proxy":0,"hosting":0,"service":0},"uploaders":{"size":4,"mobile":0,"satellite":0,"tor":0,"tor_exit_nodes":0,"vpn":0,"relay":0,"proxy":0,"hosting":0,"service":0}},"geometry":{"type":"Point","coordinates":[2.51667,41.88333]}},{"type":"Feature","properties":{"country_code":"IRN","city":"Pard\u012bs","id":"6681051","downloaders":{"size":5,"mobile":0,"satellite":0,"tor":0,"tor_exit_nodes":0,"vpn":0,"relay":0,"proxy":0,"hosting":0,"service":0},"uploaders":{"size":3,"mobile":0,"satellite":0,"tor":0,"tor_exit_nodes":0,"vpn":0,"relay":0,"proxy":0,"hosting":0,"service":0}},"geometry":{"type":"Point","coordinates":[51.81222,35.74687]}},{"type":"Feature","properties":{"country_code":"USA","city":"Sans Souci","id":"4594975","downloaders":{"size":5,"mobile":0,"satellite":0,"tor":0,"tor_exit_nodes":0,"vpn":0,"relay":0,"proxy":0,"hosting":0,"service":0},"uploaders":{"size":4,"mobile":0,"satellite":0,"tor":0,"tor_exit_nodes":0,"vpn":0,"relay":0,"proxy":0,"hosting":0,"service":0}},"geometry":{"type":"Point","coordinates":[-82.42401,34.8779]}},{"type":"Feature","properties":{"country_code":"GBR","city":"Sandford","id":"2638594","downloaders":{"size":5,"mobile":0,"satellite":0,"tor":0,"tor_exit_nodes":0,"vpn":0,"relay":0,"proxy":0,"hosting":0,"service":0},"uploaders":{"size":5,"mobile":0,"satellite":0,"tor":0,"tor_exit_nodes":0,"vpn":0,"relay":0,"proxy":0,"hosting":0,"service":0}},"geometry":{"type":"Point","coordinates":[-3.66367,50.80978]}},{"type":"Feature","properties":{"country_code":"FRA","city":"Saint-Germain-l\u00e8s-Corbeil","id":"2979752","downloaders":{"size":5,"mobile":2,"satellite":0,"tor":0,"tor_exit_nodes":0,"vpn":0,"relay":0,"proxy":0,"hosting":0,"service":0},"uploaders":{"size":4,"mobile":2,"satellite":0,"tor":0,"tor_exit_nodes":0,"vpn":0,"relay":0,"proxy":0,"hosting":0,"service":0}},"geometry":{"type":"Point","coordinates":[2.48775,48.62211]}},{"type":"Feature","properties":{"country_code":"ESP","city":"Espinosa de los Monteros","id":"3122838","downloaders":{"size":5,"mobile":0,"satellite":0,"tor":0,"tor_exit_nodes":0,"vpn":0,"relay":0,"proxy":0,"hosting":0,"service":0},"uploaders":{"size":4,"mobile":0,"satellite":0,"tor":0,"tor_exit_nodes":0,"vpn":0,"relay":0,"proxy":0,"hosting":0,"service":0}},"geometry":{"type":"Point","coordinates":[-3.55365,43.07754]}},{"type":"Feature","properties":{"country_code":"STP","city":"Monte Forte","id":"2410994","downloaders":{"size":5,"mobile":0,"satellite":0,"tor":0,"tor_exit_nodes":0,"vpn":0,"relay":0,"proxy":0,"hosting":0,"service":0},"uploaders":{"size":3,"mobile":0,"satellite":0,"tor":0,"tor_exit_nodes":0,"vpn":0,"relay":0,"proxy":0,"hosting":0,"service":0}},"geometry":{"type":"Point","coordinates":[6.53076,0.33973]}},{"type":"Feature","properties":{"country_code":"SVK","city":"Mal\u00e1 Ma\u0148a","id":"3058884","downloaders":{"size":5,"mobile":0,"satellite":0,"tor":0,"tor_exit_nodes":0,"vpn":0,"relay":0,"proxy":0,"hosting":0,"service":0},"uploaders":{"size":3,"mobile":0,"satellite":0,"tor":0,"tor_exit_nodes":0,"vpn":0,"relay":0,"proxy":0,"hosting":0,"service":0}},"geometry":{"type":"Point","coordinates":[18.26453,48.1452]}},{"type":"Feature","properties":{"country_code":"NGA","city":"Omu-Aran","id":"2326200","downloaders":{"size":4,"mobile":0,"satellite":0,"tor":0,"tor_exit_nodes":0,"vpn":0,"relay":0,"proxy":0,"hosting":0,"service":0},"uploaders":{"size":4,"mobile":0,"satellite":0,"tor":0,"tor_exit_nodes":0,"vpn":0,"relay":0,"proxy":0,"hosting":0,"service":0}},"geometry":{"type":"Point","coordinates":[5.10029,8.13385]}},{"type":"Feature","properties":{"country_code":"SGP","city":"Yew Tee","id":"1880137","downloaders":{"size":4,"mobile":0,"satellite":0,"tor":0,"tor_exit_nodes":0,"vpn":0,"relay":0,"proxy":0,"hosting":0,"service":0},"uploaders":{"size":3,"mobile":0,"satellite":0,"tor":0,"tor_exit_nodes":0,"vpn":0,"relay":0,"proxy":0,"hosting":0,"service":0}},"geometry":{"type":"Point","coordinates":[103.74738,1.39665]}},{"type":"Feature","properties":{"country_code":"GBR","city":"Pencoed","id":"2640484","downloaders":{"size":4,"mobile":0,"satellite":0,"tor":0,"tor_exit_nodes":0,"vpn":0,"relay":0,"proxy":0,"hosting":1,"service":0},"uploaders":{"size":3,"mobile":0,"satellite":0,"tor":0,"tor_exit_nodes":0,"vpn":0,"relay":0,"proxy":0,"hosting":1,"service":0}},"geometry":{"type":"Point","coordinates":[-3.50016,51.52371]}},{"type":"Feature","properties":{"country_code":"PAK","city":"Loralai","id":"1171868","downloaders":{"size":4,"mobile":4,"satellite":0,"tor":0,"tor_exit_nodes":0,"vpn":0,"relay":0,"proxy":0,"hosting":0,"service":0},"uploaders":{"size":3,"mobile":3,"satellite":0,"tor":0,"tor_exit_nodes":0,"vpn":0,"relay":0,"proxy":0,"hosting":0,"service":0}},"geometry":{"type":"Point","coordinates":[68.59795,30.37051]}},{"type":"Feature","properties":{"country_code":"BRA","city":"Ibicuitinga","id":"3398402","downloaders":{"size":4,"mobile":0,"satellite":0,"tor":0,"tor_exit_nodes":0,"vpn":0,"relay":0,"proxy":0,"hosting":0,"service":0},"uploaders":{"size":3,"mobile":0,"satellite":0,"tor":0,"tor_exit_nodes":0,"vpn":0,"relay":0,"proxy":0,"hosting":0,"service":0}},"geometry":{"type":"Point","coordinates":[-38.63889,-4.97389]}},{"type":"Feature","properties":{"country_code":"ETH","city":"Arba Minch","id":"343663","downloaders":{"size":4,"mobile":0,"satellite":0,"tor":0,"tor_exit_nodes":0,"vpn":0,"relay":0,"proxy":0,"hosting":0,"service":0},"uploaders":{"size":3,"mobile":0,"satellite":0,"tor":0,"tor_exit_nodes":0,"vpn":0,"relay":0,"proxy":0,"hosting":0,"service":0}},"geometry":{"type":"Point","coordinates":[37.55,6.03333]}},{"type":"Feature","properties":{"country_code":"CAN","city":"Vulcan","id":"6174687","downloaders":{"size":4,"mobile":0,"satellite":0,"tor":0,"tor_exit_nodes":0,"vpn":1,"relay":0,"proxy":0,"hosting":0,"service":0},"uploaders":{"size":3,"mobile":0,"satellite":0,"tor":0,"tor_exit_nodes":0,"vpn":1,"relay":0,"proxy":0,"hosting":0,"service":0}},"geometry":{"type":"Point","coordinates":[-113.25189,50.40008]}},{"type":"Feature","properties":{"country_code":"CYP","city":"P\u00f3lis","id":"146137","downloaders":{"size":4,"mobile":0,"satellite":0,"tor":0,"tor_exit_nodes":0,"vpn":0,"relay":0,"proxy":0,"hosting":0,"service":0},"uploaders":{"size":3,"mobile":0,"satellite":0,"tor":0,"tor_exit_nodes":0,"vpn":0,"relay":0,"proxy":0,"hosting":0,"service":0}},"geometry":{"type":"Point","coordinates":[32.4255,35.03403]}},{"type":"Feature","properties":{"country_code":"PRI","city":"Ciales","id":"4563773","downloaders":{"size":3,"mobile":0,"satellite":0,"tor":0,"tor_exit_nodes":0,"vpn":0,"relay":0,"proxy":0,"hosting":0,"service":0},"uploaders":{"size":3,"mobile":0,"satellite":0,"tor":0,"tor_exit_nodes":0,"vpn":0,"relay":0,"proxy":0,"hosting":0,"service":0}},"geometry":{"type":"Point","coordinates":[-66.46878,18.33606]}},{"type":"Feature","properties":{"country_code":"ESP","city":"San Miguel De Abona","id":"2511287","downloaders":{"size":3,"mobile":0,"satellite":0,"tor":0,"tor_exit_nodes":0,"vpn":0,"relay":0,"proxy":0,"hosting":0,"service":0},"uploaders":{"size":3,"mobile":0,"satellite":0,"tor":0,"tor_exit_nodes":0,"vpn":0,"relay":0,"proxy":0,"hosting":0,"service":0}},"geometry":{"type":"Point","coordinates":[-16.61708,28.09826]}}]}