{"type":"FeatureCollection","id":"andor-112-2022-cumulative-disappeared-h3_hexagon","swarm_size_min":3,"swarm_features_size":806,"data_version":"20260324","features":[{"type":"Feature","properties":{"country_code":"NOR","city":"Hammerfest","geoname_id":"779683","h3_hexagon":589991411114311679,"h3_resolution":3,"downloaders":{"size":8,"mobile":0,"satellite":0,"tor":0,"tor_exit_nodes":0,"vpn":0,"relay":0,"proxy":0,"hosting":0,"service":0},"uploaders":{"size":3,"mobile":0,"satellite":0,"tor":0,"tor_exit_nodes":0,"vpn":0,"relay":0,"proxy":0,"hosting":0,"service":0}},"geometry":{"type":"Point","coordinates":[23.68092,70.66313]}},{"type":"Feature","properties":{"country_code":"NOR","city":"Alta","geoname_id":"847633","h3_hexagon":589991685992218623,"h3_resolution":3,"downloaders":{"size":19,"mobile":0,"satellite":0,"tor":0,"tor_exit_nodes":0,"vpn":0,"relay":0,"proxy":0,"hosting":0,"service":0},"uploaders":{"size":5,"mobile":0,"satellite":0,"tor":0,"tor_exit_nodes":0,"vpn":0,"relay":0,"proxy":0,"hosting":0,"service":0}},"geometry":{"type":"Point","coordinates":[23.27165,69.96887]}},{"type":"Feature","properties":{"country_code":"RUS","city":"Zapolyarnyy","geoname_id":"464790","h3_hexagon":589992785503846399,"h3_resolution":3,"downloaders":{"size":6,"mobile":0,"satellite":0,"tor":0,"tor_exit_nodes":0,"vpn":2,"relay":0,"proxy":0,"hosting":0,"service":0},"uploaders":{"size":4,"mobile":0,"satellite":0,"tor":0,"tor_exit_nodes":0,"vpn":2,"relay":0,"proxy":0,"hosting":0,"service":0}},"geometry":{"type":"Point","coordinates":[30.81355,69.41541]}},{"type":"Feature","properties":{"country_code":"NOR","city":"Vadsø","geoname_id":"777073","h3_hexagon":589992854223323135,"h3_resolution":3,"downloaders":{"size":19,"mobile":0,"satellite":0,"tor":0,"tor_exit_nodes":0,"vpn":0,"relay":0,"proxy":0,"hosting":0,"service":0},"uploaders":{"size":10,"mobile":0,"satellite":0,"tor":0,"tor_exit_nodes":0,"vpn":0,"relay":0,"proxy":0,"hosting":0,"service":0}},"geometry":{"type":"Point","coordinates":[29.74943,70.07348]}},{"type":"Feature","properties":{"country_code":"RUS","city":"Polyarnyy","geoname_id":"506763","h3_hexagon":589992922942799871,"h3_resolution":3,"downloaders":{"size":22,"mobile":0,"satellite":0,"tor":0,"tor_exit_nodes":0,"vpn":0,"relay":0,"proxy":0,"hosting":0,"service":0},"uploaders":{"size":7,"mobile":0,"satellite":0,"tor":0,"tor_exit_nodes":0,"vpn":0,"relay":0,"proxy":0,"hosting":0,"service":0}},"geometry":{"type":"Point","coordinates":[33.43697,69.20279]}},{"type":"Feature","properties":{"country_code":"RUS","city":"Bilibino","geoname_id":"2126682","h3_hexagon":590056144861396991,"h3_resolution":3,"downloaders":{"size":7,"mobile":0,"satellite":4,"tor":0,"tor_exit_nodes":0,"vpn":0,"relay":0,"proxy":0,"hosting":3,"service":0},"uploaders":{"size":5,"mobile":0,"satellite":4,"tor":0,"tor_exit_nodes":0,"vpn":0,"relay":0,"proxy":0,"hosting":1,"service":0}},"geometry":{"type":"Point","coordinates":[166.43721,68.05464]}},{"type":"Feature","properties":{"country_code":"GRL","city":"Nuuk","geoname_id":"3421319","h3_hexagon":590092360025636863,"h3_resolution":3,"downloaders":{"size":36,"mobile":0,"satellite":0,"tor":0,"tor_exit_nodes":0,"vpn":0,"relay":0,"proxy":0,"hosting":0,"service":0},"uploaders":{"size":23,"mobile":0,"satellite":0,"tor":0,"tor_exit_nodes":0,"vpn":0,"relay":0,"proxy":0,"hosting":0,"service":0}},"geometry":{"type":"Point","coordinates":[-51.72157,64.18347]}},{"type":"Feature","properties":{"country_code":"NOR","city":"Berkåk","geoname_id":"3161622","h3_hexagon":590113731782901759,"h3_resolution":3,"downloaders":{"size":4,"mobile":0,"satellite":0,"tor":0,"tor_exit_nodes":0,"vpn":0,"relay":0,"proxy":0,"hosting":0,"service":0},"uploaders":{"size":3,"mobile":0,"satellite":0,"tor":0,"tor_exit_nodes":0,"vpn":0,"relay":0,"proxy":0,"hosting":0,"service":0}},"geometry":{"type":"Point","coordinates":[10.01177,62.82496]}},{"type":"Feature","properties":{"country_code":"SWE","city":"Vilhelmina","geoname_id":"2662935","h3_hexagon":590114212819238911,"h3_resolution":3,"downloaders":{"size":18,"mobile":0,"satellite":0,"tor":0,"tor_exit_nodes":0,"vpn":0,"relay":0,"proxy":0,"hosting":0,"service":0},"uploaders":{"size":4,"mobile":0,"satellite":0,"tor":0,"tor_exit_nodes":0,"vpn":0,"relay":0,"proxy":0,"hosting":0,"service":0}},"geometry":{"type":"Point","coordinates":[16.65596,64.62417]}},{"type":"Feature","properties":{"country_code":"SWE","city":"Avesta","geoname_id":"2724231","h3_hexagon":590121428364296191,"h3_resolution":3,"downloaders":{"size":26,"mobile":0,"satellite":0,"tor":0,"tor_exit_nodes":0,"vpn":1,"relay":0,"proxy":0,"hosting":0,"service":0},"uploaders":{"size":3,"mobile":0,"satellite":0,"tor":0,"tor_exit_nodes":0,"vpn":0,"relay":0,"proxy":0,"hosting":0,"service":0}},"geometry":{"type":"Point","coordinates":[16.16295,60.14274]}},{"type":"Feature","properties":{"country_code":"FIN","city":"Pori","geoname_id":"640999","h3_hexagon":590121703242203135,"h3_resolution":3,"downloaders":{"size":1172,"mobile":10,"satellite":0,"tor":0,"tor_exit_nodes":0,"vpn":1149,"relay":0,"proxy":0,"hosting":1150,"service":0},"uploaders":{"size":159,"mobile":5,"satellite":0,"tor":0,"tor_exit_nodes":0,"vpn":150,"relay":0,"proxy":0,"hosting":150,"service":0}},"geometry":{"type":"Point","coordinates":[21.78333,61.48333]}},{"type":"Feature","properties":{"country_code":"SWE","city":"Visby","geoname_id":"2662689","h3_hexagon":590122665314877439,"h3_resolution":3,"downloaders":{"size":27,"mobile":1,"satellite":0,"tor":0,"tor_exit_nodes":0,"vpn":0,"relay":0,"proxy":0,"hosting":0,"service":0},"uploaders":{"size":8,"mobile":1,"satellite":0,"tor":0,"tor_exit_nodes":0,"vpn":0,"relay":0,"proxy":0,"hosting":0,"service":0}},"geometry":{"type":"Point","coordinates":[18.29602,57.64089]}},{"type":"Feature","properties":{"country_code":"EST","city":"Paldiski","geoname_id":"589663","h3_hexagon":590122802753830911,"h3_resolution":3,"downloaders":{"size":53,"mobile":0,"satellite":0,"tor":0,"tor_exit_nodes":0,"vpn":0,"relay":0,"proxy":0,"hosting":0,"service":0},"uploaders":{"size":17,"mobile":0,"satellite":0,"tor":0,"tor_exit_nodes":0,"vpn":0,"relay":0,"proxy":0,"hosting":0,"service":0}},"geometry":{"type":"Point","coordinates":[24.05306,59.35667]}},{"type":"Feature","properties":{"country_code":"SWE","city":"Malung","geoname_id":"2692876","h3_hexagon":590123352509644799,"h3_resolution":3,"downloaders":{"size":7,"mobile":0,"satellite":0,"tor":0,"tor_exit_nodes":0,"vpn":0,"relay":0,"proxy":0,"hosting":0,"service":0},"uploaders":{"size":5,"mobile":0,"satellite":0,"tor":0,"tor_exit_nodes":0,"vpn":0,"relay":0,"proxy":0,"hosting":0,"service":0}},"geometry":{"type":"Point","coordinates":[13.71542,60.68329]}},{"type":"Feature","properties":{"country_code":"NOR","city":"Innbygda","geoname_id":"3133819","h3_hexagon":590123696107028479,"h3_resolution":3,"downloaders":{"size":27,"mobile":2,"satellite":0,"tor":0,"tor_exit_nodes":0,"vpn":0,"relay":0,"proxy":0,"hosting":0,"service":0},"uploaders":{"size":7,"mobile":0,"satellite":0,"tor":0,"tor_exit_nodes":0,"vpn":0,"relay":0,"proxy":0,"hosting":0,"service":0}},"geometry":{"type":"Point","coordinates":[12.26374,61.31484]}},{"type":"Feature","properties":{"country_code":"SWE","city":"Sollefteå","geoname_id":"2675416","h3_hexagon":590123970984935423,"h3_resolution":3,"downloaders":{"size":22,"mobile":0,"satellite":0,"tor":0,"tor_exit_nodes":0,"vpn":0,"relay":0,"proxy":0,"hosting":0,"service":0},"uploaders":{"size":16,"mobile":0,"satellite":0,"tor":0,"tor_exit_nodes":0,"vpn":0,"relay":0,"proxy":0,"hosting":0,"service":0}},"geometry":{"type":"Point","coordinates":[17.26667,63.16667]}},{"type":"Feature","properties":{"country_code":"SWE","city":"Hammarstrand","geoname_id":"2708152","h3_hexagon":590124245862842367,"h3_resolution":3,"downloaders":{"size":5,"mobile":0,"satellite":0,"tor":0,"tor_exit_nodes":0,"vpn":0,"relay":0,"proxy":0,"hosting":0,"service":0},"uploaders":{"size":5,"mobile":0,"satellite":0,"tor":0,"tor_exit_nodes":0,"vpn":0,"relay":0,"proxy":0,"hosting":0,"service":0}},"geometry":{"type":"Point","coordinates":[16.35377,63.11041]}},{"type":"Feature","properties":{"country_code":"RUS","city":"Kovdor","geoname_id":"543508","h3_hexagon":590126238727667711,"h3_resolution":3,"downloaders":{"size":22,"mobile":0,"satellite":0,"tor":0,"tor_exit_nodes":0,"vpn":0,"relay":0,"proxy":0,"hosting":0,"service":0},"uploaders":{"size":7,"mobile":0,"satellite":0,"tor":0,"tor_exit_nodes":0,"vpn":0,"relay":0,"proxy":0,"hosting":0,"service":0}},"geometry":{"type":"Point","coordinates":[30.47765,67.56627]}},{"type":"Feature","properties":{"country_code":"SWE","city":"Lycksele","geoname_id":"2693347","h3_hexagon":590129124945690623,"h3_resolution":3,"downloaders":{"size":29,"mobile":0,"satellite":0,"tor":0,"tor_exit_nodes":0,"vpn":0,"relay":0,"proxy":0,"hosting":2,"service":0},"uploaders":{"size":12,"mobile":0,"satellite":0,"tor":0,"tor_exit_nodes":0,"vpn":0,"relay":0,"proxy":0,"hosting":0,"service":0}},"geometry":{"type":"Point","coordinates":[18.67351,64.59537]}},{"type":"Feature","properties":{"country_code":"NOR","city":"Leknes","geoname_id":"7626400","h3_hexagon":590136134332317695,"h3_resolution":3,"downloaders":{"size":17,"mobile":0,"satellite":0,"tor":0,"tor_exit_nodes":0,"vpn":1,"relay":0,"proxy":0,"hosting":0,"service":0},"uploaders":{"size":8,"mobile":0,"satellite":0,"tor":0,"tor_exit_nodes":0,"vpn":0,"relay":0,"proxy":0,"hosting":0,"service":0}},"geometry":{"type":"Point","coordinates":[13.61151,68.14746]}},{"type":"Feature","properties":{"country_code":"NOR","city":"Lærdalsøyri","geoname_id":"3148569","h3_hexagon":590139295428247551,"h3_resolution":3,"downloaders":{"size":3,"mobile":0,"satellite":0,"tor":0,"tor_exit_nodes":0,"vpn":0,"relay":0,"proxy":0,"hosting":0,"service":0},"uploaders":{"size":3,"mobile":0,"satellite":0,"tor":0,"tor_exit_nodes":0,"vpn":0,"relay":0,"proxy":0,"hosting":0,"service":0}},"geometry":{"type":"Point","coordinates":[7.47374,61.10001]}},{"type":"Feature","properties":{"country_code":"NOR","city":"Dombås","geoname_id":"3159107","h3_hexagon":590139364147724287,"h3_resolution":3,"downloaders":{"size":11,"mobile":0,"satellite":0,"tor":0,"tor_exit_nodes":0,"vpn":0,"relay":0,"proxy":0,"hosting":0,"service":0},"uploaders":{"size":6,"mobile":0,"satellite":0,"tor":0,"tor_exit_nodes":0,"vpn":0,"relay":0,"proxy":0,"hosting":0,"service":0}},"geometry":{"type":"Point","coordinates":[9.12785,62.07554]}},{"type":"Feature","properties":{"country_code":"SWE","city":"Lysekil","geoname_id":"2693301","h3_hexagon":590140532378828799,"h3_resolution":3,"downloaders":{"size":21,"mobile":0,"satellite":0,"tor":0,"tor_exit_nodes":0,"vpn":0,"relay":0,"proxy":0,"hosting":0,"service":0},"uploaders":{"size":11,"mobile":0,"satellite":0,"tor":0,"tor_exit_nodes":0,"vpn":0,"relay":0,"proxy":0,"hosting":0,"service":0}},"geometry":{"type":"Point","coordinates":[11.43576,58.27429]}},{"type":"Feature","properties":{"country_code":"NOR","city":"Rjukan","geoname_id":"3141682","h3_hexagon":590140738537259007,"h3_resolution":3,"downloaders":{"size":5,"mobile":0,"satellite":0,"tor":0,"tor_exit_nodes":0,"vpn":0,"relay":0,"proxy":0,"hosting":0,"service":0},"uploaders":{"size":3,"mobile":0,"satellite":0,"tor":0,"tor_exit_nodes":0,"vpn":0,"relay":0,"proxy":0,"hosting":0,"service":0}},"geometry":{"type":"Point","coordinates":[8.59411,59.87891]}},{"type":"Feature","properties":{"country_code":"RUS","city":"Igarka","geoname_id":"1505991","h3_hexagon":590150290544525311,"h3_resolution":3,"downloaders":{"size":7,"mobile":0,"satellite":0,"tor":0,"tor_exit_nodes":0,"vpn":0,"relay":0,"proxy":0,"hosting":7,"service":0},"uploaders":{"size":3,"mobile":0,"satellite":0,"tor":0,"tor_exit_nodes":0,"vpn":0,"relay":0,"proxy":0,"hosting":3,"service":0}},"geometry":{"type":"Point","coordinates":[86.6027,67.4655]}},{"type":"Feature","properties":{"country_code":"RUS","city":"Kodinsk","geoname_id":"1503037","h3_hexagon":590156337858478079,"h3_resolution":3,"downloaders":{"size":9,"mobile":0,"satellite":0,"tor":0,"tor_exit_nodes":0,"vpn":0,"relay":0,"proxy":0,"hosting":0,"service":0},"uploaders":{"size":4,"mobile":0,"satellite":0,"tor":0,"tor_exit_nodes":0,"vpn":0,"relay":0,"proxy":0,"hosting":0,"service":0}},"geometry":{"type":"Point","coordinates":[99.17398,58.60629]}},{"type":"Feature","properties":{"country_code":"RUS","city":"Sayansk","geoname_id":"2055166","h3_hexagon":590157574809059327,"h3_resolution":3,"downloaders":{"size":54,"mobile":0,"satellite":0,"tor":0,"tor_exit_nodes":0,"vpn":0,"relay":0,"proxy":0,"hosting":0,"service":0},"uploaders":{"size":16,"mobile":0,"satellite":0,"tor":0,"tor_exit_nodes":0,"vpn":0,"relay":0,"proxy":0,"hosting":0,"service":0}},"geometry":{"type":"Point","coordinates":[102.17773,54.11287]}},{"type":"Feature","properties":{"country_code":"RUS","city":"Chunskiy","geoname_id":"1507636","h3_hexagon":590157780967489535,"h3_resolution":3,"downloaders":{"size":17,"mobile":0,"satellite":0,"tor":0,"tor_exit_nodes":0,"vpn":0,"relay":0,"proxy":0,"hosting":0,"service":0},"uploaders":{"size":6,"mobile":0,"satellite":0,"tor":0,"tor_exit_nodes":0,"vpn":0,"relay":0,"proxy":0,"hosting":0,"service":0}},"geometry":{"type":"Point","coordinates":[99.63563,56.09188]}},{"type":"Feature","properties":{"country_code":"RUS","city":"Kansk","geoname_id":"1504682","h3_hexagon":590159636393361407,"h3_resolution":3,"downloaders":{"size":10,"mobile":0,"satellite":0,"tor":0,"tor_exit_nodes":0,"vpn":0,"relay":0,"proxy":0,"hosting":0,"service":0},"uploaders":{"size":6,"mobile":0,"satellite":0,"tor":0,"tor_exit_nodes":0,"vpn":0,"relay":0,"proxy":0,"hosting":0,"service":0}},"geometry":{"type":"Point","coordinates":[95.71848,56.20218]}},{"type":"Feature","properties":{"country_code":"RUS","city":"Langepas","geoname_id":"6696767","h3_hexagon":590165271390453759,"h3_resolution":3,"downloaders":{"size":85,"mobile":0,"satellite":0,"tor":0,"tor_exit_nodes":0,"vpn":1,"relay":0,"proxy":0,"hosting":0,"service":0},"uploaders":{"size":37,"mobile":0,"satellite":0,"tor":0,"tor_exit_nodes":0,"vpn":0,"relay":0,"proxy":0,"hosting":0,"service":0}},"geometry":{"type":"Point","coordinates":[75.2124,61.25439]}},{"type":"Feature","properties":{"country_code":"RUS","city":"Lyantor","geoname_id":"1541359","h3_hexagon":590165408829407231,"h3_resolution":3,"downloaders":{"size":9,"mobile":0,"satellite":0,"tor":0,"tor_exit_nodes":0,"vpn":0,"relay":0,"proxy":0,"hosting":0,"service":0},"uploaders":{"size":8,"mobile":0,"satellite":0,"tor":0,"tor_exit_nodes":0,"vpn":0,"relay":0,"proxy":0,"hosting":0,"service":0}},"geometry":{"type":"Point","coordinates":[72.15546,61.61945]}},{"type":"Feature","properties":{"country_code":"RUS","city":"Gubkinskiy","geoname_id":"1539209","h3_hexagon":590165683707314175,"h3_resolution":3,"downloaders":{"size":7,"mobile":0,"satellite":0,"tor":0,"tor_exit_nodes":0,"vpn":0,"relay":0,"proxy":0,"hosting":0,"service":0},"uploaders":{"size":4,"mobile":0,"satellite":0,"tor":0,"tor_exit_nodes":0,"vpn":0,"relay":0,"proxy":0,"hosting":0,"service":0}},"geometry":{"type":"Point","coordinates":[76.50261,64.434]}},{"type":"Feature","properties":{"country_code":"RUS","city":"Urengoy","geoname_id":"1488414","h3_hexagon":590171043826499583,"h3_resolution":3,"downloaders":{"size":5,"mobile":0,"satellite":0,"tor":0,"tor_exit_nodes":0,"vpn":0,"relay":0,"proxy":0,"hosting":0,"service":0},"uploaders":{"size":4,"mobile":0,"satellite":0,"tor":0,"tor_exit_nodes":0,"vpn":0,"relay":0,"proxy":0,"hosting":0,"service":0}},"geometry":{"type":"Point","coordinates":[78.36929,65.9655]}},{"type":"Feature","properties":{"country_code":"RUS","city":"Dudinka","geoname_id":"1507116","h3_hexagon":590171387423883263,"h3_resolution":3,"downloaders":{"size":66,"mobile":0,"satellite":0,"tor":0,"tor_exit_nodes":0,"vpn":0,"relay":0,"proxy":0,"hosting":0,"service":0},"uploaders":{"size":39,"mobile":0,"satellite":0,"tor":0,"tor_exit_nodes":0,"vpn":0,"relay":0,"proxy":0,"hosting":0,"service":0}},"geometry":{"type":"Point","coordinates":[86.17778,69.40583]}},{"type":"Feature","properties":{"country_code":"RUS","city":"Verkh-Chebula","geoname_id":"1487599","h3_hexagon":590174067483475967,"h3_resolution":3,"downloaders":{"size":17,"mobile":0,"satellite":0,"tor":0,"tor_exit_nodes":0,"vpn":0,"relay":0,"proxy":0,"hosting":0,"service":0},"uploaders":{"size":4,"mobile":0,"satellite":0,"tor":0,"tor_exit_nodes":0,"vpn":0,"relay":0,"proxy":0,"hosting":0,"service":0}},"geometry":{"type":"Point","coordinates":[87.62022,56.03065]}},{"type":"Feature","properties":{"country_code":"RUS","city":"Sharypovo","geoname_id":"1492401","h3_hexagon":590175098275627007,"h3_resolution":3,"downloaders":{"size":21,"mobile":0,"satellite":0,"tor":0,"tor_exit_nodes":0,"vpn":0,"relay":0,"proxy":0,"hosting":0,"service":0},"uploaders":{"size":11,"mobile":0,"satellite":0,"tor":0,"tor_exit_nodes":0,"vpn":0,"relay":0,"proxy":0,"hosting":0,"service":0}},"geometry":{"type":"Point","coordinates":[89.20062,55.54004]}},{"type":"Feature","properties":{"country_code":"RUS","city":"Bogotol","geoname_id":"1509852","h3_hexagon":590175854189871103,"h3_resolution":3,"downloaders":{"size":22,"mobile":0,"satellite":0,"tor":0,"tor_exit_nodes":0,"vpn":2,"relay":0,"proxy":0,"hosting":0,"service":2},"uploaders":{"size":4,"mobile":0,"satellite":0,"tor":0,"tor_exit_nodes":0,"vpn":0,"relay":0,"proxy":0,"hosting":0,"service":0}},"geometry":{"type":"Point","coordinates":[89.53317,56.20449]}},{"type":"Feature","properties":{"country_code":"RUS","city":"Kamen’-na-Obi","geoname_id":"1504871","h3_hexagon":590177503457312767,"h3_resolution":3,"downloaders":{"size":38,"mobile":0,"satellite":0,"tor":0,"tor_exit_nodes":0,"vpn":0,"relay":0,"proxy":0,"hosting":0,"service":0},"uploaders":{"size":8,"mobile":0,"satellite":0,"tor":0,"tor_exit_nodes":0,"vpn":0,"relay":0,"proxy":0,"hosting":0,"service":0}},"geometry":{"type":"Point","coordinates":[81.33201,53.78901]}},{"type":"Feature","properties":{"country_code":"RUS","city":"Chulym","geoname_id":"1507679","h3_hexagon":590177572176789503,"h3_resolution":3,"downloaders":{"size":51,"mobile":0,"satellite":0,"tor":0,"tor_exit_nodes":0,"vpn":0,"relay":0,"proxy":0,"hosting":0,"service":0},"uploaders":{"size":10,"mobile":0,"satellite":0,"tor":0,"tor_exit_nodes":0,"vpn":0,"relay":0,"proxy":0,"hosting":0,"service":0}},"geometry":{"type":"Point","coordinates":[80.97022,55.08977]}},{"type":"Feature","properties":{"country_code":"USA","city":"Glennallen","geoname_id":"5862936","h3_hexagon":590189460646264831,"h3_resolution":3,"downloaders":{"size":5,"mobile":0,"satellite":0,"tor":0,"tor_exit_nodes":0,"vpn":0,"relay":0,"proxy":0,"hosting":0,"service":0},"uploaders":{"size":3,"mobile":0,"satellite":0,"tor":0,"tor_exit_nodes":0,"vpn":0,"relay":0,"proxy":0,"hosting":0,"service":0}},"geometry":{"type":"Point","coordinates":[-145.54639,62.10917]}},{"type":"Feature","properties":{"country_code":"CAN","city":"Inukjuak","geoname_id":"5983577","h3_hexagon":590219903374458879,"h3_resolution":3,"downloaders":{"size":5,"mobile":0,"satellite":0,"tor":0,"tor_exit_nodes":0,"vpn":0,"relay":0,"proxy":0,"hosting":0,"service":0},"uploaders":{"size":3,"mobile":0,"satellite":0,"tor":0,"tor_exit_nodes":0,"vpn":0,"relay":0,"proxy":0,"hosting":0,"service":0}},"geometry":{"type":"Point","coordinates":[-78.10139,58.45468]}},{"type":"Feature","properties":{"country_code":"CAN","city":"Chibougamau","geoname_id":"5921147","h3_hexagon":590224163982016511,"h3_resolution":3,"downloaders":{"size":17,"mobile":0,"satellite":0,"tor":0,"tor_exit_nodes":0,"vpn":0,"relay":0,"proxy":0,"hosting":0,"service":0},"uploaders":{"size":5,"mobile":0,"satellite":0,"tor":0,"tor_exit_nodes":0,"vpn":0,"relay":0,"proxy":0,"hosting":0,"service":0}},"geometry":{"type":"Point","coordinates":[-74.36586,49.91684]}},{"type":"Feature","properties":{"country_code":"CAN","city":"Thompson","geoname_id":"6165406","h3_hexagon":590228493309050879,"h3_resolution":3,"downloaders":{"size":32,"mobile":1,"satellite":0,"tor":0,"tor_exit_nodes":0,"vpn":0,"relay":0,"proxy":0,"hosting":0,"service":0},"uploaders":{"size":12,"mobile":0,"satellite":0,"tor":0,"tor_exit_nodes":0,"vpn":0,"relay":0,"proxy":0,"hosting":0,"service":0}},"geometry":{"type":"Point","coordinates":[-97.85579,55.7435]}},{"type":"Feature","properties":{"country_code":"CAN","city":"Iroquois Falls","geoname_id":"5984000","h3_hexagon":590231723124457471,"h3_resolution":3,"downloaders":{"size":4,"mobile":0,"satellite":0,"tor":0,"tor_exit_nodes":0,"vpn":0,"relay":0,"proxy":0,"hosting":0,"service":0},"uploaders":{"size":4,"mobile":0,"satellite":0,"tor":0,"tor_exit_nodes":0,"vpn":0,"relay":0,"proxy":0,"hosting":0,"service":0}},"geometry":{"type":"Point","coordinates":[-80.68307,48.76688]}},{"type":"Feature","properties":{"country_code":"CAN","city":"Iqaluit","geoname_id":"5983720","h3_hexagon":590236258609922047,"h3_resolution":3,"downloaders":{"size":19,"mobile":9,"satellite":2,"tor":0,"tor_exit_nodes":0,"vpn":0,"relay":0,"proxy":0,"hosting":0,"service":0},"uploaders":{"size":10,"mobile":4,"satellite":0,"tor":0,"tor_exit_nodes":0,"vpn":0,"relay":0,"proxy":0,"hosting":0,"service":0}},"geometry":{"type":"Point","coordinates":[-68.51727,63.74697]}},{"type":"Feature","properties":{"country_code":"RUS","city":"Tot’ma","geoname_id":"481960","h3_hexagon":590253369759629311,"h3_resolution":3,"downloaders":{"size":9,"mobile":0,"satellite":0,"tor":0,"tor_exit_nodes":0,"vpn":0,"relay":0,"proxy":0,"hosting":0,"service":0},"uploaders":{"size":4,"mobile":0,"satellite":0,"tor":0,"tor_exit_nodes":0,"vpn":0,"relay":0,"proxy":0,"hosting":0,"service":0}},"geometry":{"type":"Point","coordinates":[42.76487,59.97375]}},{"type":"Feature","properties":{"country_code":"RUS","city":"Ust’-Vym’","geoname_id":"477907","h3_hexagon":590253988234919935,"h3_resolution":3,"downloaders":{"size":42,"mobile":42,"satellite":0,"tor":0,"tor_exit_nodes":0,"vpn":0,"relay":0,"proxy":0,"hosting":0,"service":0},"uploaders":{"size":9,"mobile":9,"satellite":0,"tor":0,"tor_exit_nodes":0,"vpn":0,"relay":0,"proxy":0,"hosting":0,"service":0}},"geometry":{"type":"Point","coordinates":[50.39093,62.22583]}},{"type":"Feature","properties":{"country_code":"RUS","city":"Kovernino","geoname_id":"543494","h3_hexagon":590254469271257087,"h3_resolution":3,"downloaders":{"size":26,"mobile":0,"satellite":0,"tor":0,"tor_exit_nodes":0,"vpn":0,"relay":0,"proxy":0,"hosting":0,"service":0},"uploaders":{"size":3,"mobile":0,"satellite":0,"tor":0,"tor_exit_nodes":0,"vpn":0,"relay":0,"proxy":0,"hosting":0,"service":0}},"geometry":{"type":"Point","coordinates":[43.81462,57.128]}},{"type":"Feature","properties":{"country_code":"RUS","city":"Sovetsk","geoname_id":"490067","h3_hexagon":590255156466024447,"h3_resolution":3,"downloaders":{"size":43,"mobile":0,"satellite":0,"tor":0,"tor_exit_nodes":0,"vpn":0,"relay":0,"proxy":0,"hosting":0,"service":0},"uploaders":{"size":14,"mobile":0,"satellite":0,"tor":0,"tor_exit_nodes":0,"vpn":0,"relay":0,"proxy":0,"hosting":0,"service":0}},"geometry":{"type":"Point","coordinates":[48.95525,57.58937]}},{"type":"Feature","properties":{"country_code":"RUS","city":"Verkhovazh’ye","geoname_id":"474354","h3_hexagon":590255431343931391,"h3_resolution":3,"downloaders":{"size":16,"mobile":0,"satellite":0,"tor":0,"tor_exit_nodes":0,"vpn":0,"relay":0,"proxy":0,"hosting":0,"service":0},"uploaders":{"size":9,"mobile":0,"satellite":0,"tor":0,"tor_exit_nodes":0,"vpn":0,"relay":0,"proxy":0,"hosting":0,"service":0}},"geometry":{"type":"Point","coordinates":[42.04652,60.74717]}},{"type":"Feature","properties":{"country_code":"RUS","city":"Krasnoborsk","geoname_id":"542423","h3_hexagon":590255981099745279,"h3_resolution":3,"downloaders":{"size":4,"mobile":0,"satellite":0,"tor":0,"tor_exit_nodes":0,"vpn":0,"relay":0,"proxy":0,"hosting":0,"service":0},"uploaders":{"size":3,"mobile":0,"satellite":0,"tor":0,"tor_exit_nodes":0,"vpn":0,"relay":0,"proxy":0,"hosting":0,"service":0}},"geometry":{"type":"Point","coordinates":[45.934,61.55802]}},{"type":"Feature","properties":{"country_code":"RUS","city":"Soligalich","geoname_id":"491025","h3_hexagon":590256462136082431,"h3_resolution":3,"downloaders":{"size":27,"mobile":0,"satellite":0,"tor":0,"tor_exit_nodes":0,"vpn":0,"relay":0,"proxy":0,"hosting":0,"service":0},"uploaders":{"size":12,"mobile":0,"satellite":0,"tor":0,"tor_exit_nodes":0,"vpn":0,"relay":0,"proxy":0,"hosting":0,"service":0}},"geometry":{"type":"Point","coordinates":[42.28713,59.0784]}},{"type":"Feature","properties":{"country_code":"RUS","city":"Galich","geoname_id":"562161","h3_hexagon":590256599575035903,"h3_resolution":3,"downloaders":{"size":24,"mobile":0,"satellite":0,"tor":0,"tor_exit_nodes":0,"vpn":0,"relay":0,"proxy":0,"hosting":0,"service":0},"uploaders":{"size":8,"mobile":0,"satellite":0,"tor":0,"tor_exit_nodes":0,"vpn":0,"relay":0,"proxy":0,"hosting":0,"service":0}},"geometry":{"type":"Point","coordinates":[42.34633,58.37884]}},{"type":"Feature","properties":{"country_code":"RUS","city":"Sheksna","geoname_id":"495062","h3_hexagon":590256668294512639,"h3_resolution":3,"downloaders":{"size":12,"mobile":0,"satellite":0,"tor":0,"tor_exit_nodes":0,"vpn":2,"relay":0,"proxy":0,"hosting":0,"service":0},"uploaders":{"size":8,"mobile":0,"satellite":0,"tor":0,"tor_exit_nodes":0,"vpn":0,"relay":0,"proxy":0,"hosting":0,"service":0}},"geometry":{"type":"Point","coordinates":[38.51066,59.20998]}},{"type":"Feature","properties":{"country_code":"RUS","city":"Verkhnyaya Inta","geoname_id":"1487332","h3_hexagon":590257561647710207,"h3_resolution":3,"downloaders":{"size":801,"mobile":0,"satellite":0,"tor":0,"tor_exit_nodes":0,"vpn":1,"relay":0,"proxy":0,"hosting":0,"service":0},"uploaders":{"size":435,"mobile":0,"satellite":0,"tor":0,"tor_exit_nodes":0,"vpn":0,"relay":0,"proxy":0,"hosting":0,"service":0}},"geometry":{"type":"Point","coordinates":[60.30945,65.98115]}},{"type":"Feature","properties":{"country_code":"RUS","city":"Igrim","geoname_id":"1505965","h3_hexagon":590259348354105343,"h3_resolution":3,"downloaders":{"size":6,"mobile":0,"satellite":0,"tor":0,"tor_exit_nodes":0,"vpn":0,"relay":0,"proxy":0,"hosting":0,"service":0},"uploaders":{"size":4,"mobile":0,"satellite":0,"tor":0,"tor_exit_nodes":0,"vpn":0,"relay":0,"proxy":0,"hosting":0,"service":0}},"geometry":{"type":"Point","coordinates":[64.4162,63.1906]}},{"type":"Feature","properties":{"country_code":"RUS","city":"Kuznetsk","geoname_id":"537737","h3_hexagon":590262165852651519,"h3_resolution":3,"downloaders":{"size":121,"mobile":0,"satellite":0,"tor":0,"tor_exit_nodes":0,"vpn":3,"relay":0,"proxy":0,"hosting":0,"service":0},"uploaders":{"size":60,"mobile":0,"satellite":0,"tor":0,"tor_exit_nodes":0,"vpn":1,"relay":0,"proxy":0,"hosting":0,"service":0}},"geometry":{"type":"Point","coordinates":[46.60037,53.11675]}},{"type":"Feature","properties":{"country_code":"RUS","city":"Chishmy","geoname_id":"568012","h3_hexagon":590262509450035199,"h3_resolution":3,"downloaders":{"size":22,"mobile":0,"satellite":0,"tor":0,"tor_exit_nodes":0,"vpn":0,"relay":0,"proxy":0,"hosting":0,"service":0},"uploaders":{"size":8,"mobile":0,"satellite":0,"tor":0,"tor_exit_nodes":0,"vpn":0,"relay":0,"proxy":0,"hosting":0,"service":0}},"geometry":{"type":"Point","coordinates":[55.38201,54.59015]}},{"type":"Feature","properties":{"country_code":"RUS","city":"Sorochinsk","geoname_id":"490554","h3_hexagon":590262578169511935,"h3_resolution":3,"downloaders":{"size":13,"mobile":2,"satellite":0,"tor":0,"tor_exit_nodes":0,"vpn":0,"relay":0,"proxy":0,"hosting":0,"service":0},"uploaders":{"size":6,"mobile":2,"satellite":0,"tor":0,"tor_exit_nodes":0,"vpn":0,"relay":0,"proxy":0,"hosting":0,"service":0}},"geometry":{"type":"Point","coordinates":[53.15025,52.42882]}},{"type":"Feature","properties":{"country_code":"RUS","city":"Yershov","geoname_id":"467120","h3_hexagon":590263334083756031,"h3_resolution":3,"downloaders":{"size":6,"mobile":0,"satellite":0,"tor":0,"tor_exit_nodes":0,"vpn":0,"relay":0,"proxy":0,"hosting":0,"service":0},"uploaders":{"size":5,"mobile":0,"satellite":0,"tor":0,"tor_exit_nodes":0,"vpn":0,"relay":0,"proxy":0,"hosting":0,"service":0}},"geometry":{"type":"Point","coordinates":[48.27269,51.35595]}},{"type":"Feature","properties":{"country_code":"KAZ","city":"Zhanibek","geoname_id":"609953","h3_hexagon":590263402803232767,"h3_resolution":3,"downloaders":{"size":6,"mobile":6,"satellite":0,"tor":0,"tor_exit_nodes":0,"vpn":0,"relay":0,"proxy":0,"hosting":0,"service":0},"uploaders":{"size":5,"mobile":5,"satellite":0,"tor":0,"tor_exit_nodes":0,"vpn":0,"relay":0,"proxy":0,"hosting":0,"service":0}},"geometry":{"type":"Point","coordinates":[46.84626,49.42278]}},{"type":"Feature","properties":{"country_code":"RUS","city":"Alatyr’","geoname_id":"583437","h3_hexagon":590264158717476863,"h3_resolution":3,"downloaders":{"size":53,"mobile":0,"satellite":0,"tor":0,"tor_exit_nodes":0,"vpn":0,"relay":0,"proxy":0,"hosting":0,"service":0},"uploaders":{"size":10,"mobile":0,"satellite":0,"tor":0,"tor_exit_nodes":0,"vpn":0,"relay":0,"proxy":0,"hosting":0,"service":0}},"geometry":{"type":"Point","coordinates":[46.5813,54.8421]}},{"type":"Feature","properties":{"country_code":"RUS","city":"Atkarsk","geoname_id":"580420","h3_hexagon":590265189509627903,"h3_resolution":3,"downloaders":{"size":100,"mobile":0,"satellite":0,"tor":0,"tor_exit_nodes":0,"vpn":0,"relay":0,"proxy":0,"hosting":0,"service":0},"uploaders":{"size":37,"mobile":0,"satellite":0,"tor":0,"tor_exit_nodes":0,"vpn":0,"relay":0,"proxy":0,"hosting":0,"service":0}},"geometry":{"type":"Point","coordinates":[45.00609,51.88056]}},{"type":"Feature","properties":{"country_code":"RUS","city":"Petrovsk","geoname_id":"509987","h3_hexagon":590265258229104639,"h3_resolution":3,"downloaders":{"size":11,"mobile":0,"satellite":0,"tor":0,"tor_exit_nodes":0,"vpn":4,"relay":0,"proxy":0,"hosting":0,"service":0},"uploaders":{"size":5,"mobile":0,"satellite":0,"tor":0,"tor_exit_nodes":0,"vpn":0,"relay":0,"proxy":0,"hosting":0,"service":0}},"geometry":{"type":"Point","coordinates":[45.38992,52.30881]}},{"type":"Feature","properties":{"country_code":"RUS","city":"Balashov","geoname_id":"579460","h3_hexagon":590265464387534847,"h3_resolution":3,"downloaders":{"size":28,"mobile":0,"satellite":0,"tor":0,"tor_exit_nodes":0,"vpn":5,"relay":0,"proxy":0,"hosting":0,"service":0},"uploaders":{"size":19,"mobile":0,"satellite":0,"tor":0,"tor_exit_nodes":0,"vpn":5,"relay":0,"proxy":0,"hosting":0,"service":0}},"geometry":{"type":"Point","coordinates":[43.17069,51.55103]}},{"type":"Feature","properties":{"country_code":"RUS","city":"Tabory","geoname_id":"1490364","h3_hexagon":590266838777069567,"h3_resolution":3,"downloaders":{"size":20,"mobile":0,"satellite":0,"tor":0,"tor_exit_nodes":0,"vpn":0,"relay":0,"proxy":0,"hosting":0,"service":0},"uploaders":{"size":6,"mobile":0,"satellite":0,"tor":0,"tor_exit_nodes":0,"vpn":0,"relay":0,"proxy":0,"hosting":0,"service":0}},"geometry":{"type":"Point","coordinates":[64.54839,58.5201]}},{"type":"Feature","properties":{"country_code":"RUS","city":"Tavda","geoname_id":"1489962","h3_hexagon":590266976216023039,"h3_resolution":3,"downloaders":{"size":27,"mobile":0,"satellite":0,"tor":0,"tor_exit_nodes":0,"vpn":0,"relay":0,"proxy":0,"hosting":0,"service":0},"uploaders":{"size":5,"mobile":0,"satellite":0,"tor":0,"tor_exit_nodes":0,"vpn":0,"relay":0,"proxy":0,"hosting":0,"service":0}},"geometry":{"type":"Point","coordinates":[65.27165,58.04203]}},{"type":"Feature","properties":{"country_code":"RUS","city":"Irbit","geoname_id":"1505526","h3_hexagon":590267251093929983,"h3_resolution":3,"downloaders":{"size":12,"mobile":0,"satellite":0,"tor":0,"tor_exit_nodes":0,"vpn":0,"relay":0,"proxy":0,"hosting":0,"service":0},"uploaders":{"size":6,"mobile":0,"satellite":0,"tor":0,"tor_exit_nodes":0,"vpn":0,"relay":0,"proxy":0,"hosting":0,"service":0}},"geometry":{"type":"Point","coordinates":[63.07072,57.66863]}},{"type":"Feature","properties":{"country_code":"RUS","city":"Severoural’sk","geoname_id":"496275","h3_hexagon":590269450117185535,"h3_resolution":3,"downloaders":{"size":81,"mobile":0,"satellite":0,"tor":0,"tor_exit_nodes":0,"vpn":0,"relay":0,"proxy":0,"hosting":0,"service":0},"uploaders":{"size":26,"mobile":0,"satellite":0,"tor":0,"tor_exit_nodes":0,"vpn":0,"relay":0,"proxy":0,"hosting":0,"service":0}},"geometry":{"type":"Point","coordinates":[59.95205,60.15328]}},{"type":"Feature","properties":{"country_code":"RUS","city":"Balezino","geoname_id":"579432","h3_hexagon":590269931153522687,"h3_resolution":3,"downloaders":{"size":26,"mobile":0,"satellite":0,"tor":0,"tor_exit_nodes":0,"vpn":0,"relay":0,"proxy":0,"hosting":0,"service":0},"uploaders":{"size":16,"mobile":0,"satellite":0,"tor":0,"tor_exit_nodes":0,"vpn":0,"relay":0,"proxy":0,"hosting":0,"service":0}},"geometry":{"type":"Point","coordinates":[53.0138,57.9787]}},{"type":"Feature","properties":{"country_code":"RUS","city":"Vaskelovo","geoname_id":"476500","h3_hexagon":590270687067766783,"h3_resolution":3,"downloaders":{"size":21,"mobile":0,"satellite":0,"tor":0,"tor_exit_nodes":0,"vpn":0,"relay":0,"proxy":0,"hosting":0,"service":0},"uploaders":{"size":12,"mobile":0,"satellite":0,"tor":0,"tor_exit_nodes":0,"vpn":0,"relay":0,"proxy":0,"hosting":0,"service":0}},"geometry":{"type":"Point","coordinates":[30.35419,60.39571]}},{"type":"Feature","properties":{"country_code":"RUS","city":"Podporozh’ye","geoname_id":"508034","h3_hexagon":590270893226196991,"h3_resolution":3,"downloaders":{"size":39,"mobile":3,"satellite":0,"tor":0,"tor_exit_nodes":0,"vpn":0,"relay":0,"proxy":0,"hosting":0,"service":0},"uploaders":{"size":6,"mobile":2,"satellite":0,"tor":0,"tor_exit_nodes":0,"vpn":0,"relay":0,"proxy":0,"hosting":0,"service":0}},"geometry":{"type":"Point","coordinates":[34.16188,60.91]}},{"type":"Feature","properties":{"country_code":"RUS","city":"Sortavala","geoname_id":"490466","h3_hexagon":590271030665150463,"h3_resolution":3,"downloaders":{"size":36,"mobile":0,"satellite":0,"tor":0,"tor_exit_nodes":0,"vpn":0,"relay":0,"proxy":0,"hosting":0,"service":0},"uploaders":{"size":11,"mobile":0,"satellite":0,"tor":0,"tor_exit_nodes":0,"vpn":0,"relay":0,"proxy":0,"hosting":0,"service":0}},"geometry":{"type":"Point","coordinates":[30.70953,61.71233]}},{"type":"Feature","properties":{"country_code":"RUS","city":"Kondopoga","geoname_id":"545626","h3_hexagon":590271511701487615,"h3_resolution":3,"downloaders":{"size":26,"mobile":0,"satellite":0,"tor":0,"tor_exit_nodes":0,"vpn":0,"relay":0,"proxy":0,"hosting":0,"service":0},"uploaders":{"size":7,"mobile":0,"satellite":0,"tor":0,"tor_exit_nodes":0,"vpn":0,"relay":0,"proxy":0,"hosting":0,"service":0}},"geometry":{"type":"Point","coordinates":[34.26932,62.20406]}},{"type":"Feature","properties":{"country_code":"RUS","city":"Staraya Russa","geoname_id":"489088","h3_hexagon":590271786579394559,"h3_resolution":3,"downloaders":{"size":33,"mobile":0,"satellite":0,"tor":0,"tor_exit_nodes":0,"vpn":0,"relay":0,"proxy":0,"hosting":0,"service":0},"uploaders":{"size":7,"mobile":0,"satellite":0,"tor":0,"tor_exit_nodes":0,"vpn":0,"relay":0,"proxy":0,"hosting":0,"service":0}},"geometry":{"type":"Point","coordinates":[31.36003,57.99618]}},{"type":"Feature","properties":{"country_code":"RUS","city":"Ostashkov","geoname_id":"514259","h3_hexagon":590271924018348031,"h3_resolution":3,"downloaders":{"size":13,"mobile":0,"satellite":0,"tor":0,"tor_exit_nodes":0,"vpn":0,"relay":0,"proxy":0,"hosting":0,"service":0},"uploaders":{"size":4,"mobile":0,"satellite":0,"tor":0,"tor_exit_nodes":0,"vpn":0,"relay":0,"proxy":0,"hosting":0,"service":0}},"geometry":{"type":"Point","coordinates":[33.10659,57.14695]}},{"type":"Feature","properties":{"country_code":"RUS","city":"Shimsk","geoname_id":"494366","h3_hexagon":590272061457301503,"h3_resolution":3,"downloaders":{"size":10,"mobile":0,"satellite":0,"tor":0,"tor_exit_nodes":0,"vpn":0,"relay":0,"proxy":0,"hosting":0,"service":0},"uploaders":{"size":6,"mobile":0,"satellite":0,"tor":0,"tor_exit_nodes":0,"vpn":0,"relay":0,"proxy":0,"hosting":0,"service":0}},"geometry":{"type":"Point","coordinates":[30.7179,58.20997]}},{"type":"Feature","properties":{"country_code":"RUS","city":"Vytegra","geoname_id":"469960","h3_hexagon":590272405054685183,"h3_resolution":3,"downloaders":{"size":24,"mobile":0,"satellite":0,"tor":0,"tor_exit_nodes":0,"vpn":0,"relay":0,"proxy":0,"hosting":0,"service":0},"uploaders":{"size":10,"mobile":0,"satellite":0,"tor":0,"tor_exit_nodes":0,"vpn":0,"relay":0,"proxy":0,"hosting":0,"service":0}},"geometry":{"type":"Point","coordinates":[36.44811,61.00636]}},{"type":"Feature","properties":{"country_code":"EST","city":"Tartu","geoname_id":"588335","h3_hexagon":590274397919510527,"h3_resolution":3,"downloaders":{"size":7,"mobile":0,"satellite":0,"tor":0,"tor_exit_nodes":0,"vpn":0,"relay":0,"proxy":0,"hosting":0,"service":0},"uploaders":{"size":3,"mobile":0,"satellite":0,"tor":0,"tor_exit_nodes":0,"vpn":0,"relay":0,"proxy":0,"hosting":0,"service":0}},"geometry":{"type":"Point","coordinates":[26.72509,58.38062]}},{"type":"Feature","properties":{"country_code":"RUS","city":"Kolpna","geoname_id":"546092","h3_hexagon":590280926269800447,"h3_resolution":3,"downloaders":{"size":19,"mobile":0,"satellite":0,"tor":0,"tor_exit_nodes":0,"vpn":0,"relay":0,"proxy":0,"hosting":0,"service":0},"uploaders":{"size":6,"mobile":0,"satellite":0,"tor":0,"tor_exit_nodes":0,"vpn":0,"relay":0,"proxy":0,"hosting":0,"service":0}},"geometry":{"type":"Point","coordinates":[36.7833,52.1167]}},{"type":"Feature","properties":{"country_code":"RUS","city":"Uvarovo","geoname_id":"477626","h3_hexagon":590281269867184127,"h3_resolution":3,"downloaders":{"size":13,"mobile":0,"satellite":0,"tor":0,"tor_exit_nodes":0,"vpn":0,"relay":0,"proxy":0,"hosting":0,"service":0},"uploaders":{"size":3,"mobile":0,"satellite":0,"tor":0,"tor_exit_nodes":0,"vpn":0,"relay":0,"proxy":0,"hosting":0,"service":0}},"geometry":{"type":"Point","coordinates":[42.26175,51.982]}},{"type":"Feature","properties":{"country_code":"RUS","city":"Rasskazovo","geoname_id":"502793","h3_hexagon":590281338586660863,"h3_resolution":3,"downloaders":{"size":32,"mobile":0,"satellite":0,"tor":0,"tor_exit_nodes":0,"vpn":0,"relay":0,"proxy":0,"hosting":0,"service":0},"uploaders":{"size":6,"mobile":0,"satellite":0,"tor":0,"tor_exit_nodes":0,"vpn":0,"relay":0,"proxy":0,"hosting":0,"service":0}},"geometry":{"type":"Point","coordinates":[41.88915,52.66384]}},{"type":"Feature","properties":{"country_code":"RUS","city":"Zharkovskiy","geoname_id":"463516","h3_hexagon":590282025781428223,"h3_resolution":3,"downloaders":{"size":6,"mobile":0,"satellite":0,"tor":0,"tor_exit_nodes":0,"vpn":0,"relay":0,"proxy":0,"hosting":0,"service":0},"uploaders":{"size":4,"mobile":0,"satellite":0,"tor":0,"tor_exit_nodes":0,"vpn":0,"relay":0,"proxy":0,"hosting":0,"service":0}},"geometry":{"type":"Point","coordinates":[32.267,55.84907]}},{"type":"Feature","properties":{"country_code":"RUS","city":"Unecha","geoname_id":"479028","h3_hexagon":590282781695672319,"h3_resolution":3,"downloaders":{"size":30,"mobile":0,"satellite":0,"tor":0,"tor_exit_nodes":0,"vpn":3,"relay":0,"proxy":0,"hosting":0,"service":0},"uploaders":{"size":10,"mobile":0,"satellite":0,"tor":0,"tor_exit_nodes":0,"vpn":0,"relay":0,"proxy":0,"hosting":0,"service":0}},"geometry":{"type":"Point","coordinates":[32.68761,52.84294]}},{"type":"Feature","properties":{"country_code":"UKR","city":"Snovsk","geoname_id":"694273","h3_hexagon":590283194012532735,"h3_resolution":3,"downloaders":{"size":4,"mobile":0,"satellite":0,"tor":0,"tor_exit_nodes":0,"vpn":0,"relay":0,"proxy":0,"hosting":0,"service":0},"uploaders":{"size":3,"mobile":0,"satellite":0,"tor":0,"tor_exit_nodes":0,"vpn":0,"relay":0,"proxy":0,"hosting":0,"service":0}},"geometry":{"type":"Point","coordinates":[31.94412,51.81943]}},{"type":"Feature","properties":{"country_code":"CAN","city":"Dawson Creek","geoname_id":"5935804","h3_hexagon":590289928521252863,"h3_resolution":3,"downloaders":{"size":17,"mobile":1,"satellite":0,"tor":0,"tor_exit_nodes":0,"vpn":0,"relay":0,"proxy":0,"hosting":0,"service":0},"uploaders":{"size":9,"mobile":0,"satellite":0,"tor":0,"tor_exit_nodes":0,"vpn":0,"relay":0,"proxy":0,"hosting":0,"service":0}},"geometry":{"type":"Point","coordinates":[-120.2403,55.75984]}},{"type":"Feature","properties":{"country_code":"CAN","city":"Lac La Biche","geoname_id":"6028050","h3_hexagon":590293776811950079,"h3_resolution":3,"downloaders":{"size":5,"mobile":0,"satellite":0,"tor":0,"tor_exit_nodes":0,"vpn":0,"relay":0,"proxy":0,"hosting":0,"service":0},"uploaders":{"size":4,"mobile":0,"satellite":0,"tor":0,"tor_exit_nodes":0,"vpn":0,"relay":0,"proxy":0,"hosting":0,"service":0}},"geometry":{"type":"Point","coordinates":[-111.96861,54.7669]}},{"type":"Feature","properties":{"country_code":"CAN","city":"Lloydminster","geoname_id":"6058024","h3_hexagon":590294738884624383,"h3_resolution":3,"downloaders":{"size":34,"mobile":7,"satellite":0,"tor":0,"tor_exit_nodes":0,"vpn":0,"relay":0,"proxy":0,"hosting":0,"service":0},"uploaders":{"size":20,"mobile":4,"satellite":0,"tor":0,"tor_exit_nodes":0,"vpn":0,"relay":0,"proxy":0,"hosting":0,"service":0}},"geometry":{"type":"Point","coordinates":[-110.02256,53.27237]}},{"type":"Feature","properties":{"country_code":"CAN","city":"Flin Flon","geoname_id":"5954718","h3_hexagon":590295632237821951,"h3_resolution":3,"downloaders":{"size":8,"mobile":2,"satellite":0,"tor":0,"tor_exit_nodes":0,"vpn":0,"relay":0,"proxy":0,"hosting":0,"service":0},"uploaders":{"size":6,"mobile":1,"satellite":0,"tor":0,"tor_exit_nodes":0,"vpn":0,"relay":0,"proxy":0,"hosting":0,"service":0}},"geometry":{"type":"Point","coordinates":[-101.87433,54.76703]}},{"type":"Feature","properties":{"country_code":"CAN","city":"Kitimat","geoname_id":"5993072","h3_hexagon":590297075346833407,"h3_resolution":3,"downloaders":{"size":13,"mobile":0,"satellite":0,"tor":0,"tor_exit_nodes":0,"vpn":0,"relay":0,"proxy":0,"hosting":0,"service":0},"uploaders":{"size":5,"mobile":0,"satellite":0,"tor":0,"tor_exit_nodes":0,"vpn":0,"relay":0,"proxy":0,"hosting":0,"service":0}},"geometry":{"type":"Point","coordinates":[-128.65342,54.05244]}},{"type":"Feature","properties":{"country_code":"CAN","city":"Port Hardy","geoname_id":"6111862","h3_hexagon":590298930772705279,"h3_resolution":3,"downloaders":{"size":15,"mobile":4,"satellite":0,"tor":0,"tor_exit_nodes":0,"vpn":0,"relay":0,"proxy":0,"hosting":0,"service":0},"uploaders":{"size":6,"mobile":3,"satellite":0,"tor":0,"tor_exit_nodes":0,"vpn":0,"relay":0,"proxy":0,"hosting":0,"service":0}},"geometry":{"type":"Point","coordinates":[-127.49231,50.72086]}},{"type":"Feature","properties":{"country_code":"CAN","city":"Hazelton","geoname_id":"5972901","h3_hexagon":590299480528519167,"h3_resolution":3,"downloaders":{"size":19,"mobile":0,"satellite":0,"tor":0,"tor_exit_nodes":0,"vpn":0,"relay":0,"proxy":0,"hosting":0,"service":0},"uploaders":{"size":13,"mobile":0,"satellite":0,"tor":0,"tor_exit_nodes":0,"vpn":0,"relay":0,"proxy":0,"hosting":0,"service":0}},"geometry":{"type":"Point","coordinates":[-127.67025,55.24973]}},{"type":"Feature","properties":{"country_code":"CAN","city":"Vanderhoof","geoname_id":"6173361","h3_hexagon":590300030284333055,"h3_resolution":3,"downloaders":{"size":13,"mobile":0,"satellite":0,"tor":0,"tor_exit_nodes":0,"vpn":0,"relay":0,"proxy":0,"hosting":0,"service":0},"uploaders":{"size":4,"mobile":0,"satellite":0,"tor":0,"tor_exit_nodes":0,"vpn":0,"relay":0,"proxy":0,"hosting":0,"service":0}},"geometry":{"type":"Point","coordinates":[-124.01982,54.01657]}},{"type":"Feature","properties":{"country_code":"CAN","city":"Revelstoke","geoname_id":"6121621","h3_hexagon":590301610832297983,"h3_resolution":3,"downloaders":{"size":31,"mobile":0,"satellite":0,"tor":0,"tor_exit_nodes":0,"vpn":0,"relay":0,"proxy":0,"hosting":0,"service":0},"uploaders":{"size":22,"mobile":0,"satellite":0,"tor":0,"tor_exit_nodes":0,"vpn":0,"relay":0,"proxy":0,"hosting":0,"service":0}},"geometry":{"type":"Point","coordinates":[-118.1953,50.99712]}},{"type":"Feature","properties":{"country_code":"CAN","city":"Invermere","geoname_id":"5983626","h3_hexagon":590301679551774719,"h3_resolution":3,"downloaders":{"size":8,"mobile":2,"satellite":0,"tor":0,"tor_exit_nodes":0,"vpn":0,"relay":0,"proxy":0,"hosting":0,"service":0},"uploaders":{"size":6,"mobile":1,"satellite":0,"tor":0,"tor_exit_nodes":0,"vpn":0,"relay":0,"proxy":0,"hosting":0,"service":0}},"geometry":{"type":"Point","coordinates":[-116.03538,50.51666]}},{"type":"Feature","properties":{"country_code":"CAN","city":"Rocky Mountain House","geoname_id":"6126749","h3_hexagon":590301816990728191,"h3_resolution":3,"downloaders":{"size":15,"mobile":0,"satellite":0,"tor":0,"tor_exit_nodes":0,"vpn":0,"relay":0,"proxy":0,"hosting":0,"service":0},"uploaders":{"size":5,"mobile":0,"satellite":0,"tor":0,"tor_exit_nodes":0,"vpn":0,"relay":0,"proxy":0,"hosting":0,"service":0}},"geometry":{"type":"Point","coordinates":[-114.9188,52.36683]}},{"type":"Feature","properties":{"country_code":"CAN","city":"Fernie","geoname_id":"5952370","h3_hexagon":590302160588111871,"h3_resolution":3,"downloaders":{"size":3,"mobile":0,"satellite":0,"tor":0,"tor_exit_nodes":0,"vpn":0,"relay":0,"proxy":0,"hosting":0,"service":0},"uploaders":{"size":3,"mobile":0,"satellite":0,"tor":0,"tor_exit_nodes":0,"vpn":0,"relay":0,"proxy":0,"hosting":0,"service":0}},"geometry":{"type":"Point","coordinates":[-115.06871,49.49996]}},{"type":"Feature","properties":{"country_code":"CAN","city":"Coaldale","geoname_id":"5924417","h3_hexagon":590302366746542079,"h3_resolution":3,"downloaders":{"size":10,"mobile":0,"satellite":0,"tor":0,"tor_exit_nodes":0,"vpn":0,"relay":0,"proxy":0,"hosting":0,"service":0},"uploaders":{"size":6,"mobile":0,"satellite":0,"tor":0,"tor_exit_nodes":0,"vpn":0,"relay":0,"proxy":0,"hosting":0,"service":0}},"geometry":{"type":"Point","coordinates":[-112.61854,49.7167]}},{"type":"Feature","properties":{"country_code":"CAN","city":"100 Mile House","geoname_id":"5881639","h3_hexagon":590302847782879231,"h3_resolution":3,"downloaders":{"size":7,"mobile":1,"satellite":0,"tor":0,"tor_exit_nodes":0,"vpn":0,"relay":0,"proxy":0,"hosting":0,"service":0},"uploaders":{"size":3,"mobile":1,"satellite":0,"tor":0,"tor_exit_nodes":0,"vpn":0,"relay":0,"proxy":0,"hosting":0,"service":0}},"geometry":{"type":"Point","coordinates":[-121.28594,51.64982]}},{"type":"Feature","properties":{"country_code":"CAN","city":"Whitecourt","geoname_id":"6180285","h3_hexagon":590303672416600063,"h3_resolution":3,"downloaders":{"size":9,"mobile":0,"satellite":0,"tor":0,"tor_exit_nodes":0,"vpn":0,"relay":0,"proxy":0,"hosting":0,"service":0},"uploaders":{"size":4,"mobile":0,"satellite":0,"tor":0,"tor_exit_nodes":0,"vpn":0,"relay":0,"proxy":0,"hosting":0,"service":0}},"geometry":{"type":"Point","coordinates":[-115.68548,54.15015]}},{"type":"Feature","properties":{"country_code":"CAN","city":"Drayton Valley","geoname_id":"5942547","h3_hexagon":590303878575030271,"h3_resolution":3,"downloaders":{"size":7,"mobile":0,"satellite":0,"tor":0,"tor_exit_nodes":0,"vpn":0,"relay":0,"proxy":0,"hosting":0,"service":0},"uploaders":{"size":3,"mobile":0,"satellite":0,"tor":0,"tor_exit_nodes":0,"vpn":0,"relay":0,"proxy":0,"hosting":0,"service":0}},"geometry":{"type":"Point","coordinates":[-114.98544,53.21682]}},{"type":"Feature","properties":{"country_code":"CAN","city":"Wainwright","geoname_id":"6175059","h3_hexagon":590304565769797631,"h3_resolution":3,"downloaders":{"size":16,"mobile":1,"satellite":0,"tor":0,"tor_exit_nodes":0,"vpn":0,"relay":0,"proxy":0,"hosting":0,"service":0},"uploaders":{"size":6,"mobile":1,"satellite":0,"tor":0,"tor_exit_nodes":0,"vpn":0,"relay":0,"proxy":0,"hosting":0,"service":0}},"geometry":{"type":"Point","coordinates":[-110.85342,52.83482]}},{"type":"Feature","properties":{"country_code":"CAN","city":"McBride","geoname_id":"6068627","h3_hexagon":590304771928227839,"h3_resolution":3,"downloaders":{"size":8,"mobile":5,"satellite":0,"tor":0,"tor_exit_nodes":0,"vpn":1,"relay":0,"proxy":0,"hosting":0,"service":0},"uploaders":{"size":5,"mobile":4,"satellite":0,"tor":0,"tor_exit_nodes":0,"vpn":1,"relay":0,"proxy":0,"hosting":0,"service":0}},"geometry":{"type":"Point","coordinates":[-120.16932,53.29995]}},{"type":"Feature","properties":{"country_code":"CHN","city":"Daqing","geoname_id":"2037860","h3_hexagon":590335695692759039,"h3_resolution":3,"downloaders":{"size":11,"mobile":0,"satellite":0,"tor":0,"tor_exit_nodes":0,"vpn":0,"relay":0,"proxy":0,"hosting":0,"service":0},"uploaders":{"size":3,"mobile":0,"satellite":0,"tor":0,"tor_exit_nodes":0,"vpn":0,"relay":0,"proxy":0,"hosting":0,"service":0}},"geometry":{"type":"Point","coordinates":[125.0,46.58333]}},{"type":"Feature","properties":{"country_code":"RUS","city":"Nogliki","geoname_id":"2122783","h3_hexagon":590337207521247231,"h3_resolution":3,"downloaders":{"size":13,"mobile":0,"satellite":0,"tor":0,"tor_exit_nodes":0,"vpn":0,"relay":0,"proxy":0,"hosting":0,"service":0},"uploaders":{"size":8,"mobile":0,"satellite":0,"tor":0,"tor_exit_nodes":0,"vpn":0,"relay":0,"proxy":0,"hosting":0,"service":0}},"geometry":{"type":"Point","coordinates":[143.13645,51.79681]}},{"type":"Feature","properties":{"country_code":"RUS","city":"Aleksandrovsk-Sakhalinskiy","geoname_id":"2127282","h3_hexagon":590337344960200703,"h3_resolution":3,"downloaders":{"size":9,"mobile":0,"satellite":0,"tor":0,"tor_exit_nodes":0,"vpn":0,"relay":0,"proxy":0,"hosting":0,"service":0},"uploaders":{"size":5,"mobile":0,"satellite":0,"tor":0,"tor_exit_nodes":0,"vpn":0,"relay":0,"proxy":0,"hosting":0,"service":0}},"geometry":{"type":"Point","coordinates":[142.16337,50.89632]}},{"type":"Feature","properties":{"country_code":"RUS","city":"Mukhen","geoname_id":"2019718","h3_hexagon":590337894716014591,"h3_resolution":3,"downloaders":{"size":10,"mobile":0,"satellite":0,"tor":0,"tor_exit_nodes":0,"vpn":0,"relay":0,"proxy":0,"hosting":0,"service":0},"uploaders":{"size":10,"mobile":0,"satellite":0,"tor":0,"tor_exit_nodes":0,"vpn":0,"relay":0,"proxy":0,"hosting":0,"service":0}},"geometry":{"type":"Point","coordinates":[136.12428,48.19781]}},{"type":"Feature","properties":{"country_code":"RUS","city":"Taksimo","geoname_id":"2015701","h3_hexagon":590341193250897919,"h3_resolution":3,"downloaders":{"size":18,"mobile":0,"satellite":0,"tor":0,"tor_exit_nodes":0,"vpn":0,"relay":0,"proxy":0,"hosting":0,"service":0},"uploaders":{"size":7,"mobile":0,"satellite":0,"tor":0,"tor_exit_nodes":0,"vpn":0,"relay":0,"proxy":0,"hosting":0,"service":0}},"geometry":{"type":"Point","coordinates":[114.89428,56.34543]}},{"type":"Feature","properties":{"country_code":"RUS","city":"Kuanda","geoname_id":"2055815","h3_hexagon":590342979957293055,"h3_resolution":3,"downloaders":{"size":24,"mobile":0,"satellite":0,"tor":0,"tor_exit_nodes":0,"vpn":0,"relay":0,"proxy":0,"hosting":0,"service":0},"uploaders":{"size":13,"mobile":0,"satellite":0,"tor":0,"tor_exit_nodes":0,"vpn":0,"relay":0,"proxy":0,"hosting":0,"service":0}},"geometry":{"type":"Point","coordinates":[116.09313,56.32691]}},{"type":"Feature","properties":{"country_code":"RUS","city":"Magistral’nyy","geoname_id":"2020584","h3_hexagon":590344629224734719,"h3_resolution":3,"downloaders":{"size":13,"mobile":0,"satellite":0,"tor":0,"tor_exit_nodes":0,"vpn":0,"relay":0,"proxy":0,"hosting":0,"service":0},"uploaders":{"size":9,"mobile":0,"satellite":0,"tor":0,"tor_exit_nodes":0,"vpn":0,"relay":0,"proxy":0,"hosting":0,"service":0}},"geometry":{"type":"Point","coordinates":[107.44166,56.17148]}},{"type":"Feature","properties":{"country_code":"RUS","city":"Zabaykal’sk","geoname_id":"2012780","h3_hexagon":590351295013978111,"h3_resolution":3,"downloaders":{"size":12,"mobile":0,"satellite":0,"tor":0,"tor_exit_nodes":0,"vpn":0,"relay":0,"proxy":0,"hosting":0,"service":0},"uploaders":{"size":6,"mobile":0,"satellite":0,"tor":0,"tor_exit_nodes":0,"vpn":0,"relay":0,"proxy":0,"hosting":0,"service":0}},"geometry":{"type":"Point","coordinates":[117.32674,49.65137]}},{"type":"Feature","properties":{"country_code":"RUS","city":"Aginskoye","geoname_id":"2028078","h3_hexagon":590352188367175679,"h3_resolution":3,"downloaders":{"size":36,"mobile":0,"satellite":0,"tor":0,"tor_exit_nodes":0,"vpn":0,"relay":0,"proxy":0,"hosting":0,"service":0},"uploaders":{"size":3,"mobile":0,"satellite":0,"tor":0,"tor_exit_nodes":0,"vpn":0,"relay":0,"proxy":0,"hosting":0,"service":0}},"geometry":{"type":"Point","coordinates":[114.54173,51.10754]}},{"type":"Feature","properties":{"country_code":"IRL","city":"Skibbereen","geoname_id":"2961459","h3_hexagon":590394657003798527,"h3_resolution":3,"downloaders":{"size":9,"mobile":0,"satellite":0,"tor":0,"tor_exit_nodes":0,"vpn":0,"relay":0,"proxy":0,"hosting":0,"service":0},"uploaders":{"size":6,"mobile":0,"satellite":0,"tor":0,"tor_exit_nodes":0,"vpn":0,"relay":0,"proxy":0,"hosting":0,"service":0}},"geometry":{"type":"Point","coordinates":[-9.26667,51.55]}},{"type":"Feature","properties":{"country_code":"FRA","city":"Quimper","geoname_id":"2984701","h3_hexagon":590398642733449215,"h3_resolution":3,"downloaders":{"size":88,"mobile":36,"satellite":0,"tor":0,"tor_exit_nodes":0,"vpn":0,"relay":0,"proxy":0,"hosting":0,"service":0},"uploaders":{"size":26,"mobile":12,"satellite":0,"tor":0,"tor_exit_nodes":0,"vpn":0,"relay":0,"proxy":0,"hosting":0,"service":0}},"geometry":{"type":"Point","coordinates":[-4.09795,47.99597]}},{"type":"Feature","properties":{"country_code":"FRA","city":"Angoulême","geoname_id":"3037598","h3_hexagon":590401185354088447,"h3_resolution":3,"downloaders":{"size":110,"mobile":43,"satellite":0,"tor":0,"tor_exit_nodes":0,"vpn":0,"relay":0,"proxy":0,"hosting":0,"service":0},"uploaders":{"size":14,"mobile":4,"satellite":0,"tor":0,"tor_exit_nodes":0,"vpn":0,"relay":0,"proxy":0,"hosting":0,"service":0}},"geometry":{"type":"Point","coordinates":[0.15345,45.64997]}},{"type":"Feature","properties":{"country_code":"GBR","city":"Stornoway","geoname_id":"2636790","h3_hexagon":590411493275598847,"h3_resolution":3,"downloaders":{"size":13,"mobile":0,"satellite":0,"tor":0,"tor_exit_nodes":0,"vpn":0,"relay":0,"proxy":0,"hosting":0,"service":0},"uploaders":{"size":7,"mobile":0,"satellite":0,"tor":0,"tor_exit_nodes":0,"vpn":0,"relay":0,"proxy":0,"hosting":0,"service":0}},"geometry":{"type":"Point","coordinates":[-6.38649,58.20925]}},{"type":"Feature","properties":{"country_code":"GBR","city":"Wick","geoname_id":"2633982","h3_hexagon":590414173335191551,"h3_resolution":3,"downloaders":{"size":11,"mobile":2,"satellite":0,"tor":0,"tor_exit_nodes":0,"vpn":0,"relay":0,"proxy":0,"hosting":0,"service":0},"uploaders":{"size":8,"mobile":0,"satellite":0,"tor":0,"tor_exit_nodes":0,"vpn":0,"relay":0,"proxy":0,"hosting":0,"service":0}},"geometry":{"type":"Point","coordinates":[-3.09424,58.43906]}},{"type":"Feature","properties":{"country_code":"CAN","city":"Clarenville","geoname_id":"5923118","h3_hexagon":590440424175304703,"h3_resolution":3,"downloaders":{"size":10,"mobile":0,"satellite":0,"tor":0,"tor_exit_nodes":0,"vpn":0,"relay":0,"proxy":0,"hosting":0,"service":0},"uploaders":{"size":3,"mobile":0,"satellite":0,"tor":0,"tor_exit_nodes":0,"vpn":0,"relay":0,"proxy":0,"hosting":0,"service":0}},"geometry":{"type":"Point","coordinates":[-53.96482,48.1666]}},{"type":"Feature","properties":{"country_code":"SPM","city":"Saint-Pierre","geoname_id":"3424934","h3_hexagon":590441111370072063,"h3_resolution":3,"downloaders":{"size":25,"mobile":0,"satellite":0,"tor":0,"tor_exit_nodes":0,"vpn":0,"relay":0,"proxy":0,"hosting":0,"service":0},"uploaders":{"size":13,"mobile":0,"satellite":0,"tor":0,"tor_exit_nodes":0,"vpn":0,"relay":0,"proxy":0,"hosting":0,"service":0}},"geometry":{"type":"Point","coordinates":[-56.1773,46.77914]}},{"type":"Feature","properties":{"country_code":"CAN","city":"Harbour Breton","geoname_id":"5970478","h3_hexagon":590441454967455743,"h3_resolution":3,"downloaders":{"size":9,"mobile":0,"satellite":0,"tor":0,"tor_exit_nodes":0,"vpn":0,"relay":0,"proxy":0,"hosting":0,"service":0},"uploaders":{"size":5,"mobile":0,"satellite":0,"tor":0,"tor_exit_nodes":0,"vpn":0,"relay":0,"proxy":0,"hosting":0,"service":0}},"geometry":{"type":"Point","coordinates":[-55.79833,47.48325]}},{"type":"Feature","properties":{"country_code":"CAN","city":"Gander","geoname_id":"5959335","h3_hexagon":590457123008151551,"h3_resolution":3,"downloaders":{"size":49,"mobile":4,"satellite":0,"tor":0,"tor_exit_nodes":0,"vpn":0,"relay":0,"proxy":0,"hosting":0,"service":0},"uploaders":{"size":10,"mobile":2,"satellite":0,"tor":0,"tor_exit_nodes":0,"vpn":0,"relay":0,"proxy":0,"hosting":0,"service":0}},"geometry":{"type":"Point","coordinates":[-54.61647,48.95624]}},{"type":"Feature","properties":{"country_code":"CAN","city":"Happy Valley-Goose Bay","geoname_id":"5970458","h3_hexagon":590458909714546687,"h3_resolution":3,"downloaders":{"size":11,"mobile":2,"satellite":0,"tor":0,"tor_exit_nodes":0,"vpn":0,"relay":0,"proxy":0,"hosting":0,"service":0},"uploaders":{"size":5,"mobile":1,"satellite":0,"tor":0,"tor_exit_nodes":0,"vpn":0,"relay":0,"proxy":0,"hosting":0,"service":0}},"geometry":{"type":"Point","coordinates":[-60.32576,53.3038]}},{"type":"Feature","properties":{"country_code":"DEU","city":"Passau","geoname_id":"2855328","h3_hexagon":590502821460180991,"h3_resolution":3,"downloaders":{"size":22,"mobile":0,"satellite":0,"tor":0,"tor_exit_nodes":0,"vpn":0,"relay":0,"proxy":0,"hosting":0,"service":0},"uploaders":{"size":11,"mobile":0,"satellite":0,"tor":0,"tor_exit_nodes":0,"vpn":0,"relay":0,"proxy":0,"hosting":0,"service":0}},"geometry":{"type":"Point","coordinates":[13.43122,48.5665]}},{"type":"Feature","properties":{"country_code":"DEU","city":"Weiden","geoname_id":"2813040","h3_hexagon":590503096338087935,"h3_resolution":3,"downloaders":{"size":198,"mobile":188,"satellite":0,"tor":0,"tor_exit_nodes":0,"vpn":0,"relay":0,"proxy":0,"hosting":0,"service":0},"uploaders":{"size":8,"mobile":5,"satellite":0,"tor":0,"tor_exit_nodes":0,"vpn":0,"relay":0,"proxy":0,"hosting":0,"service":0}},"geometry":{"type":"Point","coordinates":[12.15613,49.67682]}},{"type":"Feature","properties":{"country_code":"UKR","city":"Shabo","geoname_id":"694392","h3_hexagon":590505432800296959,"h3_resolution":3,"downloaders":{"size":45,"mobile":0,"satellite":0,"tor":0,"tor_exit_nodes":0,"vpn":0,"relay":0,"proxy":0,"hosting":0,"service":0},"uploaders":{"size":17,"mobile":0,"satellite":0,"tor":0,"tor_exit_nodes":0,"vpn":0,"relay":0,"proxy":0,"hosting":0,"service":0}},"geometry":{"type":"Point","coordinates":[30.38567,46.12657]}},{"type":"Feature","properties":{"country_code":"ITA","city":"Marina di Ardea-Tor San Lorenzo","geoname_id":"8394392","h3_hexagon":590508319018319871,"h3_resolution":3,"downloaders":{"size":174,"mobile":0,"satellite":0,"tor":0,"tor_exit_nodes":0,"vpn":0,"relay":0,"proxy":0,"hosting":0,"service":0},"uploaders":{"size":97,"mobile":0,"satellite":0,"tor":0,"tor_exit_nodes":0,"vpn":0,"relay":0,"proxy":0,"hosting":0,"service":0}},"geometry":{"type":"Point","coordinates":[12.54115,41.55439]}},{"type":"Feature","properties":{"country_code":"ITA","city":"Foggia","geoname_id":"3176885","h3_hexagon":590509143652040703,"h3_resolution":3,"downloaders":{"size":152,"mobile":21,"satellite":0,"tor":0,"tor_exit_nodes":0,"vpn":0,"relay":0,"proxy":0,"hosting":0,"service":0},"uploaders":{"size":28,"mobile":3,"satellite":0,"tor":0,"tor_exit_nodes":0,"vpn":0,"relay":0,"proxy":0,"hosting":0,"service":0}},"geometry":{"type":"Point","coordinates":[15.55188,41.45845]}},{"type":"Feature","properties":{"country_code":"ITA","city":"Nuoro","geoname_id":"3172154","h3_hexagon":590509555968901119,"h3_resolution":3,"downloaders":{"size":6,"mobile":0,"satellite":0,"tor":0,"tor_exit_nodes":0,"vpn":0,"relay":0,"proxy":0,"hosting":0,"service":0},"uploaders":{"size":3,"mobile":0,"satellite":0,"tor":0,"tor_exit_nodes":0,"vpn":0,"relay":0,"proxy":0,"hosting":0,"service":0}},"geometry":{"type":"Point","coordinates":[9.32568,40.31991]}},{"type":"Feature","properties":{"country_code":"ITA","city":"Iglesias","geoname_id":"2524533","h3_hexagon":590509693407854591,"h3_resolution":3,"downloaders":{"size":29,"mobile":0,"satellite":0,"tor":0,"tor_exit_nodes":0,"vpn":0,"relay":0,"proxy":0,"hosting":0,"service":0},"uploaders":{"size":5,"mobile":0,"satellite":0,"tor":0,"tor_exit_nodes":0,"vpn":0,"relay":0,"proxy":0,"hosting":0,"service":0}},"geometry":{"type":"Point","coordinates":[8.5372,39.3092]}},{"type":"Feature","properties":{"country_code":"ITA","city":"Paola","geoname_id":"2523888","h3_hexagon":590509899566284799,"h3_resolution":3,"downloaders":{"size":9,"mobile":0,"satellite":0,"tor":0,"tor_exit_nodes":0,"vpn":0,"relay":0,"proxy":0,"hosting":0,"service":0},"uploaders":{"size":3,"mobile":0,"satellite":0,"tor":0,"tor_exit_nodes":0,"vpn":0,"relay":0,"proxy":0,"hosting":0,"service":0}},"geometry":{"type":"Point","coordinates":[16.03691,39.36313]}},{"type":"Feature","properties":{"country_code":"ITA","city":"Barcellona Pozzo di Gotto","geoname_id":"2525597","h3_hexagon":590510037005238271,"h3_resolution":3,"downloaders":{"size":21,"mobile":1,"satellite":0,"tor":0,"tor_exit_nodes":0,"vpn":0,"relay":0,"proxy":0,"hosting":0,"service":0},"uploaders":{"size":8,"mobile":0,"satellite":0,"tor":0,"tor_exit_nodes":0,"vpn":0,"relay":0,"proxy":0,"hosting":0,"service":0}},"geometry":{"type":"Point","coordinates":[15.21469,38.14772]}},{"type":"Feature","properties":{"country_code":"FRA","city":"Porto-Vecchio","geoname_id":"2985947","h3_hexagon":590511686272679935,"h3_resolution":3,"downloaders":{"size":27,"mobile":0,"satellite":0,"tor":0,"tor_exit_nodes":0,"vpn":0,"relay":0,"proxy":0,"hosting":0,"service":0},"uploaders":{"size":20,"mobile":0,"satellite":0,"tor":0,"tor_exit_nodes":0,"vpn":0,"relay":0,"proxy":0,"hosting":0,"service":0}},"geometry":{"type":"Point","coordinates":[9.27947,41.59101]}},{"type":"Feature","properties":{"country_code":"BGR","city":"Primorsko","geoname_id":"727964","h3_hexagon":590513472979075071,"h3_resolution":3,"downloaders":{"size":39,"mobile":0,"satellite":0,"tor":0,"tor_exit_nodes":0,"vpn":0,"relay":0,"proxy":0,"hosting":0,"service":0},"uploaders":{"size":15,"mobile":0,"satellite":0,"tor":0,"tor_exit_nodes":0,"vpn":0,"relay":0,"proxy":0,"hosting":0,"service":0}},"geometry":{"type":"Point","coordinates":[27.75611,42.26791]}},{"type":"Feature","properties":{"country_code":"DEU","city":"Brieselang","geoname_id":"2944126","h3_hexagon":590518626939830271,"h3_resolution":3,"downloaders":{"size":152,"mobile":0,"satellite":0,"tor":138,"tor_exit_nodes":152,"vpn":152,"relay":0,"proxy":0,"hosting":152,"service":152},"uploaders":{"size":4,"mobile":0,"satellite":0,"tor":4,"tor_exit_nodes":4,"vpn":4,"relay":0,"proxy":0,"hosting":4,"service":4}},"geometry":{"type":"Point","coordinates":[13.0,52.58333]}},{"type":"Feature","properties":{"country_code":"DEU","city":"Magdeburg","geoname_id":"2874545","h3_hexagon":590519039256690687,"h3_resolution":3,"downloaders":{"size":61,"mobile":1,"satellite":0,"tor":0,"tor_exit_nodes":0,"vpn":0,"relay":0,"proxy":0,"hosting":27,"service":0},"uploaders":{"size":3,"mobile":1,"satellite":0,"tor":0,"tor_exit_nodes":0,"vpn":0,"relay":0,"proxy":0,"hosting":1,"service":0}},"geometry":{"type":"Point","coordinates":[11.62916,52.12773]}},{"type":"Feature","properties":{"country_code":"BLR","city":"Bierazino","geoname_id":"630197","h3_hexagon":590521925474713599,"h3_resolution":3,"downloaders":{"size":4,"mobile":0,"satellite":0,"tor":0,"tor_exit_nodes":0,"vpn":0,"relay":0,"proxy":0,"hosting":0,"service":0},"uploaders":{"size":3,"mobile":0,"satellite":0,"tor":0,"tor_exit_nodes":0,"vpn":0,"relay":0,"proxy":0,"hosting":0,"service":0}},"geometry":{"type":"Point","coordinates":[28.9879,53.8391]}},{"type":"Feature","properties":{"country_code":"BLR","city":"Luninyets","geoname_id":"625818","h3_hexagon":590523093705818111,"h3_resolution":3,"downloaders":{"size":29,"mobile":0,"satellite":0,"tor":0,"tor_exit_nodes":0,"vpn":0,"relay":0,"proxy":0,"hosting":0,"service":0},"uploaders":{"size":3,"mobile":0,"satellite":0,"tor":0,"tor_exit_nodes":0,"vpn":0,"relay":0,"proxy":0,"hosting":0,"service":0}},"geometry":{"type":"Point","coordinates":[26.80061,52.24864]}},{"type":"Feature","properties":{"country_code":"LVA","city":"Valmiera","geoname_id":"453754","h3_hexagon":590523918339538943,"h3_resolution":3,"downloaders":{"size":17,"mobile":0,"satellite":0,"tor":0,"tor_exit_nodes":0,"vpn":0,"relay":0,"proxy":0,"hosting":0,"service":0},"uploaders":{"size":9,"mobile":0,"satellite":0,"tor":0,"tor_exit_nodes":0,"vpn":0,"relay":0,"proxy":0,"hosting":0,"service":0}},"geometry":{"type":"Point","coordinates":[25.42751,57.54108]}},{"type":"Feature","properties":{"country_code":"BLR","city":"Hlybokaye","geoname_id":"627908","h3_hexagon":590524261936922623,"h3_resolution":3,"downloaders":{"size":34,"mobile":0,"satellite":0,"tor":0,"tor_exit_nodes":0,"vpn":0,"relay":0,"proxy":0,"hosting":0,"service":0},"uploaders":{"size":10,"mobile":0,"satellite":0,"tor":0,"tor_exit_nodes":0,"vpn":0,"relay":0,"proxy":0,"hosting":0,"service":0}},"geometry":{"type":"Point","coordinates":[27.69143,55.13933]}},{"type":"Feature","properties":{"country_code":"RUS","city":"Pushkinskiye Gory","geoname_id":"503965","h3_hexagon":590524468095352831,"h3_resolution":3,"downloaders":{"size":45,"mobile":0,"satellite":0,"tor":0,"tor_exit_nodes":0,"vpn":11,"relay":0,"proxy":0,"hosting":0,"service":0},"uploaders":{"size":9,"mobile":0,"satellite":0,"tor":0,"tor_exit_nodes":0,"vpn":0,"relay":0,"proxy":0,"hosting":0,"service":0}},"geometry":{"type":"Point","coordinates":[28.92488,57.01712]}},{"type":"Feature","properties":{"country_code":"CHE","city":"Celerina","geoname_id":"2661241","h3_hexagon":590526460960178175,"h3_resolution":3,"downloaders":{"size":7,"mobile":0,"satellite":0,"tor":0,"tor_exit_nodes":0,"vpn":0,"relay":0,"proxy":0,"hosting":0,"service":0},"uploaders":{"size":3,"mobile":0,"satellite":0,"tor":0,"tor_exit_nodes":0,"vpn":0,"relay":0,"proxy":0,"hosting":0,"service":0}},"geometry":{"type":"Point","coordinates":[9.85794,46.51217]}},{"type":"Feature","properties":{"country_code":"DEU","city":"Aalen","geoname_id":"2959927","h3_hexagon":590526598399131647,"h3_resolution":3,"downloaders":{"size":295,"mobile":0,"satellite":0,"tor":0,"tor_exit_nodes":0,"vpn":0,"relay":0,"proxy":0,"hosting":5,"service":0},"uploaders":{"size":17,"mobile":0,"satellite":0,"tor":0,"tor_exit_nodes":0,"vpn":0,"relay":0,"proxy":0,"hosting":2,"service":0}},"geometry":{"type":"Point","coordinates":[10.0933,48.83777]}},{"type":"Feature","properties":{"country_code":"FRA","city":"Le Puy-en-Velay","geoname_id":"3002465","h3_hexagon":590527010715992063,"h3_resolution":3,"downloaders":{"size":48,"mobile":7,"satellite":0,"tor":0,"tor_exit_nodes":0,"vpn":0,"relay":0,"proxy":0,"hosting":0,"service":0},"uploaders":{"size":5,"mobile":2,"satellite":0,"tor":0,"tor_exit_nodes":0,"vpn":0,"relay":0,"proxy":0,"hosting":0,"service":0}},"geometry":{"type":"Point","coordinates":[3.88523,45.04366]}},{"type":"Feature","properties":{"country_code":"DEU","city":"Gießen","geoname_id":"2920512","h3_hexagon":590528797422387199,"h3_resolution":3,"downloaders":{"size":255,"mobile":0,"satellite":0,"tor":0,"tor_exit_nodes":0,"vpn":0,"relay":0,"proxy":0,"hosting":0,"service":0},"uploaders":{"size":17,"mobile":0,"satellite":0,"tor":0,"tor_exit_nodes":0,"vpn":0,"relay":0,"proxy":0,"hosting":0,"service":0}},"geometry":{"type":"Point","coordinates":[8.67554,50.58727]}},{"type":"Feature","properties":{"country_code":"DEU","city":"Erfurt","geoname_id":"2929670","h3_hexagon":590528866141863935,"h3_resolution":3,"downloaders":{"size":72,"mobile":3,"satellite":0,"tor":3,"tor_exit_nodes":10,"vpn":0,"relay":0,"proxy":0,"hosting":11,"service":0},"uploaders":{"size":10,"mobile":0,"satellite":0,"tor":0,"tor_exit_nodes":0,"vpn":0,"relay":0,"proxy":0,"hosting":3,"service":0}},"geometry":{"type":"Point","coordinates":[11.03283,50.9787]}},{"type":"Feature","properties":{"country_code":"KAZ","city":"Shakhtinsk","geoname_id":"1519327","h3_hexagon":590537593515409407,"h3_resolution":3,"downloaders":{"size":220,"mobile":0,"satellite":0,"tor":0,"tor_exit_nodes":0,"vpn":10,"relay":0,"proxy":0,"hosting":0,"service":0},"uploaders":{"size":51,"mobile":0,"satellite":0,"tor":0,"tor_exit_nodes":0,"vpn":4,"relay":0,"proxy":0,"hosting":0,"service":0}},"geometry":{"type":"Point","coordinates":[72.59321,49.70713]}},{"type":"Feature","properties":{"country_code":"KAZ","city":"Asubulak","geoname_id":"1526055","h3_hexagon":590538967904944127,"h3_resolution":3,"downloaders":{"size":16,"mobile":16,"satellite":0,"tor":0,"tor_exit_nodes":0,"vpn":0,"relay":0,"proxy":0,"hosting":0,"service":0},"uploaders":{"size":14,"mobile":14,"satellite":0,"tor":0,"tor_exit_nodes":0,"vpn":0,"relay":0,"proxy":0,"hosting":0,"service":0}},"geometry":{"type":"Point","coordinates":[82.99471,49.54026]}},{"type":"Feature","properties":{"country_code":"RUS","city":"Aleysk","geoname_id":"1511783","h3_hexagon":590541235647676415,"h3_resolution":3,"downloaders":{"size":5,"mobile":0,"satellite":0,"tor":0,"tor_exit_nodes":0,"vpn":0,"relay":0,"proxy":0,"hosting":0,"service":0},"uploaders":{"size":3,"mobile":0,"satellite":0,"tor":0,"tor_exit_nodes":0,"vpn":0,"relay":0,"proxy":0,"hosting":0,"service":0}},"geometry":{"type":"Point","coordinates":[82.77466,52.49631]}},{"type":"Feature","properties":{"country_code":"RUS","city":"Iogach","geoname_id":"1539582","h3_hexagon":590541785403490303,"h3_resolution":3,"downloaders":{"size":18,"mobile":0,"satellite":0,"tor":0,"tor_exit_nodes":0,"vpn":0,"relay":0,"proxy":0,"hosting":0,"service":0},"uploaders":{"size":3,"mobile":0,"satellite":0,"tor":0,"tor_exit_nodes":0,"vpn":0,"relay":0,"proxy":0,"hosting":0,"service":0}},"geometry":{"type":"Point","coordinates":[87.26306,51.78167]}},{"type":"Feature","properties":{"country_code":"RUS","city":"Petropavlovskoye","geoname_id":"1495101","h3_hexagon":590541991561920511,"h3_resolution":3,"downloaders":{"size":8,"mobile":0,"satellite":0,"tor":0,"tor_exit_nodes":0,"vpn":0,"relay":0,"proxy":0,"hosting":0,"service":0},"uploaders":{"size":5,"mobile":0,"satellite":0,"tor":0,"tor_exit_nodes":0,"vpn":0,"relay":0,"proxy":0,"hosting":0,"service":0}},"geometry":{"type":"Point","coordinates":[84.10854,52.07292]}},{"type":"Feature","properties":{"country_code":"AFG","city":"Kabul","geoname_id":"1138958","h3_hexagon":590544465463083007,"h3_resolution":3,"downloaders":{"size":134,"mobile":55,"satellite":0,"tor":0,"tor_exit_nodes":0,"vpn":2,"relay":0,"proxy":0,"hosting":1,"service":0},"uploaders":{"size":33,"mobile":11,"satellite":0,"tor":0,"tor_exit_nodes":0,"vpn":1,"relay":0,"proxy":0,"hosting":1,"service":0}},"geometry":{"type":"Point","coordinates":[69.17233,34.52813]}},{"type":"Feature","properties":{"country_code":"UZB","city":"Samarkand","geoname_id":"1216265","h3_hexagon":590545977291571199,"h3_resolution":3,"downloaders":{"size":38,"mobile":0,"satellite":0,"tor":0,"tor_exit_nodes":0,"vpn":0,"relay":0,"proxy":0,"hosting":0,"service":0},"uploaders":{"size":17,"mobile":0,"satellite":0,"tor":0,"tor_exit_nodes":0,"vpn":0,"relay":0,"proxy":0,"hosting":0,"service":0}},"geometry":{"type":"Point","coordinates":[66.96445,39.65456]}},{"type":"Feature","properties":{"country_code":"KGZ","city":"Osh","geoname_id":"1527534","h3_hexagon":590546114730524671,"h3_resolution":3,"downloaders":{"size":89,"mobile":0,"satellite":0,"tor":0,"tor_exit_nodes":0,"vpn":0,"relay":0,"proxy":0,"hosting":0,"service":0},"uploaders":{"size":32,"mobile":0,"satellite":0,"tor":0,"tor_exit_nodes":0,"vpn":0,"relay":0,"proxy":0,"hosting":0,"service":0}},"geometry":{"type":"Point","coordinates":[72.7985,40.52828]}},{"type":"Feature","properties":{"country_code":"AFG","city":"Mazār-e Sharīf","geoname_id":"1133616","h3_hexagon":590546801925292031,"h3_resolution":3,"downloaders":{"size":14,"mobile":2,"satellite":0,"tor":0,"tor_exit_nodes":0,"vpn":0,"relay":0,"proxy":0,"hosting":0,"service":0},"uploaders":{"size":6,"mobile":1,"satellite":0,"tor":0,"tor_exit_nodes":0,"vpn":0,"relay":0,"proxy":0,"hosting":0,"service":0}},"geometry":{"type":"Point","coordinates":[67.11087,36.70904]}},{"type":"Feature","properties":{"country_code":"KAZ","city":"Badamsha","geoname_id":"610416","h3_hexagon":590552436922384383,"h3_resolution":3,"downloaders":{"size":6,"mobile":0,"satellite":0,"tor":0,"tor_exit_nodes":0,"vpn":0,"relay":0,"proxy":0,"hosting":0,"service":0},"uploaders":{"size":4,"mobile":0,"satellite":0,"tor":0,"tor_exit_nodes":0,"vpn":0,"relay":0,"proxy":0,"hosting":0,"service":0}},"geometry":{"type":"Point","coordinates":[58.2772,50.56183]}},{"type":"Feature","properties":{"country_code":"KAZ","city":"Aral","geoname_id":"1526265","h3_hexagon":590553467714535423,"h3_resolution":3,"downloaders":{"size":16,"mobile":16,"satellite":0,"tor":0,"tor_exit_nodes":0,"vpn":0,"relay":0,"proxy":0,"hosting":0,"service":0},"uploaders":{"size":6,"mobile":6,"satellite":0,"tor":0,"tor_exit_nodes":0,"vpn":0,"relay":0,"proxy":0,"hosting":0,"service":0}},"geometry":{"type":"Point","coordinates":[61.66312,46.80174]}},{"type":"Feature","properties":{"country_code":"RUS","city":"Kuvandyk","geoname_id":"538138","h3_hexagon":590554498506686463,"h3_resolution":3,"downloaders":{"size":41,"mobile":0,"satellite":0,"tor":0,"tor_exit_nodes":0,"vpn":0,"relay":0,"proxy":0,"hosting":0,"service":0},"uploaders":{"size":17,"mobile":0,"satellite":0,"tor":0,"tor_exit_nodes":0,"vpn":0,"relay":0,"proxy":0,"hosting":0,"service":0}},"geometry":{"type":"Point","coordinates":[57.0908,51.449]}},{"type":"Feature","properties":{"country_code":"RUS","city":"Yumaguzino","geoname_id":"466538","h3_hexagon":590554704665116671,"h3_resolution":3,"downloaders":{"size":13,"mobile":0,"satellite":0,"tor":0,"tor_exit_nodes":0,"vpn":0,"relay":0,"proxy":0,"hosting":0,"service":0},"uploaders":{"size":5,"mobile":0,"satellite":0,"tor":0,"tor_exit_nodes":0,"vpn":0,"relay":0,"proxy":0,"hosting":0,"service":0}},"geometry":{"type":"Point","coordinates":[56.39329,52.90412]}},{"type":"Feature","properties":{"country_code":"KAZ","city":"Zhitikara","geoname_id":"1516601","h3_hexagon":590555323140407295,"h3_resolution":3,"downloaders":{"size":19,"mobile":19,"satellite":0,"tor":0,"tor_exit_nodes":0,"vpn":0,"relay":0,"proxy":0,"hosting":0,"service":0},"uploaders":{"size":13,"mobile":13,"satellite":0,"tor":0,"tor_exit_nodes":0,"vpn":0,"relay":0,"proxy":0,"hosting":0,"service":0}},"geometry":{"type":"Point","coordinates":[61.19894,52.19019]}},{"type":"Feature","properties":{"country_code":"RUS","city":"Karasuk","geoname_id":"1504489","h3_hexagon":590557247285755903,"h3_resolution":3,"downloaders":{"size":9,"mobile":0,"satellite":0,"tor":0,"tor_exit_nodes":0,"vpn":0,"relay":0,"proxy":0,"hosting":0,"service":0},"uploaders":{"size":4,"mobile":0,"satellite":0,"tor":0,"tor_exit_nodes":0,"vpn":0,"relay":0,"proxy":0,"hosting":0,"service":0}},"geometry":{"type":"Point","coordinates":[78.04387,53.73953]}},{"type":"Feature","properties":{"country_code":"KAZ","city":"Aqmol","geoname_id":"1521193","h3_hexagon":590557659602616319,"h3_resolution":3,"downloaders":{"size":7,"mobile":0,"satellite":0,"tor":0,"tor_exit_nodes":0,"vpn":0,"relay":0,"proxy":0,"hosting":0,"service":0},"uploaders":{"size":5,"mobile":0,"satellite":0,"tor":0,"tor_exit_nodes":0,"vpn":0,"relay":0,"proxy":0,"hosting":0,"service":0}},"geometry":{"type":"Point","coordinates":[70.97777,51.06568]}},{"type":"Feature","properties":{"country_code":"KAZ","city":"Stepnogorsk","geoname_id":"1537939","h3_hexagon":590557728322093055,"h3_resolution":3,"downloaders":{"size":88,"mobile":0,"satellite":0,"tor":0,"tor_exit_nodes":0,"vpn":0,"relay":0,"proxy":0,"hosting":0,"service":0},"uploaders":{"size":12,"mobile":0,"satellite":0,"tor":0,"tor_exit_nodes":0,"vpn":0,"relay":0,"proxy":0,"hosting":0,"service":0}},"geometry":{"type":"Point","coordinates":[71.88161,52.35062]}},{"type":"Feature","properties":{"country_code":"KAZ","city":"Shchuchinsk","geoname_id":"1519244","h3_hexagon":590558003199999999,"h3_resolution":3,"downloaders":{"size":8,"mobile":0,"satellite":0,"tor":0,"tor_exit_nodes":0,"vpn":0,"relay":0,"proxy":0,"hosting":0,"service":0},"uploaders":{"size":4,"mobile":0,"satellite":0,"tor":0,"tor_exit_nodes":0,"vpn":0,"relay":0,"proxy":0,"hosting":0,"service":0}},"geometry":{"type":"Point","coordinates":[70.18895,52.93592]}},{"type":"Feature","properties":{"country_code":"KAZ","city":"Terengköl","geoname_id":"1523662","h3_hexagon":590558552955813887,"h3_resolution":3,"downloaders":{"size":4,"mobile":0,"satellite":0,"tor":0,"tor_exit_nodes":0,"vpn":0,"relay":0,"proxy":0,"hosting":0,"service":0},"uploaders":{"size":3,"mobile":0,"satellite":0,"tor":0,"tor_exit_nodes":0,"vpn":0,"relay":0,"proxy":0,"hosting":0,"service":0}},"geometry":{"type":"Point","coordinates":[76.10489,53.06649]}},{"type":"Feature","properties":{"country_code":"RUS","city":"Aromashevo","geoname_id":"1511381","h3_hexagon":590559033992151039,"h3_resolution":3,"downloaders":{"size":10,"mobile":0,"satellite":0,"tor":0,"tor_exit_nodes":0,"vpn":0,"relay":0,"proxy":0,"hosting":0,"service":0},"uploaders":{"size":4,"mobile":0,"satellite":0,"tor":0,"tor_exit_nodes":0,"vpn":0,"relay":0,"proxy":0,"hosting":0,"service":0}},"geometry":{"type":"Point","coordinates":[67.96,56.96]}},{"type":"Feature","properties":{"country_code":"KAZ","city":"Troyebratskiy","geoname_id":"1518019","h3_hexagon":590560133503778815,"h3_resolution":3,"downloaders":{"size":22,"mobile":22,"satellite":0,"tor":0,"tor_exit_nodes":0,"vpn":0,"relay":0,"proxy":0,"hosting":0,"service":0},"uploaders":{"size":14,"mobile":14,"satellite":0,"tor":0,"tor_exit_nodes":0,"vpn":0,"relay":0,"proxy":0,"hosting":0,"service":0}},"geometry":{"type":"Point","coordinates":[66.07982,54.44306]}},{"type":"Feature","properties":{"country_code":"UZB","city":"Nishon Tumani","geoname_id":"1215736","h3_hexagon":590562813563371519,"h3_resolution":3,"downloaders":{"size":4,"mobile":4,"satellite":0,"tor":0,"tor_exit_nodes":0,"vpn":0,"relay":0,"proxy":0,"hosting":0,"service":0},"uploaders":{"size":4,"mobile":4,"satellite":0,"tor":0,"tor_exit_nodes":0,"vpn":0,"relay":0,"proxy":0,"hosting":0,"service":0}},"geometry":{"type":"Point","coordinates":[65.67512,38.69395]}},{"type":"Feature","properties":{"country_code":"CHN","city":"Zhangye","geoname_id":"1785036","h3_hexagon":590616689633132543,"h3_resolution":3,"downloaders":{"size":4,"mobile":0,"satellite":0,"tor":0,"tor_exit_nodes":0,"vpn":0,"relay":0,"proxy":0,"hosting":0,"service":0},"uploaders":{"size":4,"mobile":0,"satellite":0,"tor":0,"tor_exit_nodes":0,"vpn":0,"relay":0,"proxy":0,"hosting":0,"service":0}},"geometry":{"type":"Point","coordinates":[100.45167,38.93417]}},{"type":"Feature","properties":{"country_code":"CHN","city":"Baotou","geoname_id":"2038432","h3_hexagon":590620950240690175,"h3_resolution":3,"downloaders":{"size":10,"mobile":0,"satellite":0,"tor":0,"tor_exit_nodes":0,"vpn":0,"relay":0,"proxy":0,"hosting":0,"service":0},"uploaders":{"size":6,"mobile":0,"satellite":0,"tor":0,"tor_exit_nodes":0,"vpn":0,"relay":0,"proxy":0,"hosting":0,"service":0}},"geometry":{"type":"Point","coordinates":[109.84389,40.6516]}},{"type":"Feature","properties":{"country_code":"RUS","city":"Abaza","geoname_id":"1512205","h3_hexagon":590626172920922111,"h3_resolution":3,"downloaders":{"size":9,"mobile":0,"satellite":0,"tor":0,"tor_exit_nodes":0,"vpn":0,"relay":0,"proxy":0,"hosting":0,"service":0},"uploaders":{"size":3,"mobile":0,"satellite":0,"tor":0,"tor_exit_nodes":0,"vpn":0,"relay":0,"proxy":0,"hosting":0,"service":0}},"geometry":{"type":"Point","coordinates":[90.09454,52.65303]}},{"type":"Feature","properties":{"country_code":"RUS","city":"Balykcha","geoname_id":"1510943","h3_hexagon":590626241640398847,"h3_resolution":3,"downloaders":{"size":27,"mobile":0,"satellite":0,"tor":0,"tor_exit_nodes":0,"vpn":0,"relay":0,"proxy":0,"hosting":0,"service":0},"uploaders":{"size":16,"mobile":0,"satellite":0,"tor":0,"tor_exit_nodes":0,"vpn":0,"relay":0,"proxy":0,"hosting":0,"service":0}},"geometry":{"type":"Point","coordinates":[87.71806,51.28528]}},{"type":"Feature","properties":{"country_code":"USA","city":"Wagner","geoname_id":"5232661","h3_hexagon":590640260413652991,"h3_resolution":3,"downloaders":{"size":10,"mobile":0,"satellite":0,"tor":0,"tor_exit_nodes":0,"vpn":0,"relay":0,"proxy":0,"hosting":0,"service":0},"uploaders":{"size":6,"mobile":0,"satellite":0,"tor":0,"tor_exit_nodes":0,"vpn":0,"relay":0,"proxy":0,"hosting":0,"service":0}},"geometry":{"type":"Point","coordinates":[-98.29313,43.07972]}},{"type":"Feature","properties":{"country_code":"USA","city":"Watertown","geoname_id":"5232741","h3_hexagon":590640397852606463,"h3_resolution":3,"downloaders":{"size":12,"mobile":0,"satellite":0,"tor":0,"tor_exit_nodes":0,"vpn":0,"relay":0,"proxy":0,"hosting":0,"service":0},"uploaders":{"size":3,"mobile":0,"satellite":0,"tor":0,"tor_exit_nodes":0,"vpn":0,"relay":0,"proxy":0,"hosting":0,"service":0}},"geometry":{"type":"Point","coordinates":[-97.11507,44.89941]}},{"type":"Feature","properties":{"country_code":"USA","city":"Harlan","geoname_id":"4859802","h3_hexagon":590640947608420351,"h3_resolution":3,"downloaders":{"size":7,"mobile":0,"satellite":0,"tor":0,"tor_exit_nodes":0,"vpn":0,"relay":0,"proxy":0,"hosting":0,"service":0},"uploaders":{"size":5,"mobile":0,"satellite":0,"tor":0,"tor_exit_nodes":0,"vpn":0,"relay":0,"proxy":0,"hosting":0,"service":0}},"geometry":{"type":"Point","coordinates":[-95.32555,41.65304]}},{"type":"Feature","properties":{"country_code":"USA","city":"North Platte","geoname_id":"5697939","h3_hexagon":590641909681094655,"h3_resolution":3,"downloaders":{"size":9,"mobile":0,"satellite":0,"tor":0,"tor_exit_nodes":0,"vpn":3,"relay":0,"proxy":0,"hosting":0,"service":0},"uploaders":{"size":4,"mobile":0,"satellite":0,"tor":0,"tor_exit_nodes":0,"vpn":0,"relay":0,"proxy":0,"hosting":0,"service":0}},"geometry":{"type":"Point","coordinates":[-100.76542,41.12389]}},{"type":"Feature","properties":{"country_code":"USA","city":"Columbus","geoname_id":"5066001","h3_hexagon":590642115839524863,"h3_resolution":3,"downloaders":{"size":13,"mobile":0,"satellite":0,"tor":0,"tor_exit_nodes":0,"vpn":0,"relay":0,"proxy":0,"hosting":0,"service":0},"uploaders":{"size":4,"mobile":0,"satellite":0,"tor":0,"tor_exit_nodes":0,"vpn":0,"relay":0,"proxy":0,"hosting":0,"service":0}},"geometry":{"type":"Point","coordinates":[-97.36838,41.42973]}},{"type":"Feature","properties":{"country_code":"USA","city":"Glenwood","geoname_id":"5028087","h3_hexagon":590642321997955071,"h3_resolution":3,"downloaders":{"size":3,"mobile":0,"satellite":0,"tor":0,"tor_exit_nodes":0,"vpn":0,"relay":0,"proxy":0,"hosting":0,"service":0},"uploaders":{"size":3,"mobile":0,"satellite":0,"tor":0,"tor_exit_nodes":0,"vpn":0,"relay":0,"proxy":0,"hosting":0,"service":0}},"geometry":{"type":"Point","coordinates":[-95.38976,45.65024]}},{"type":"Feature","properties":{"country_code":"USA","city":"Brainerd","geoname_id":"5019116","h3_hexagon":590642665595338751,"h3_resolution":3,"downloaders":{"size":17,"mobile":0,"satellite":0,"tor":0,"tor_exit_nodes":0,"vpn":0,"relay":0,"proxy":0,"hosting":0,"service":0},"uploaders":{"size":11,"mobile":0,"satellite":0,"tor":0,"tor_exit_nodes":0,"vpn":0,"relay":0,"proxy":0,"hosting":0,"service":0}},"geometry":{"type":"Point","coordinates":[-94.20083,46.35802]}},{"type":"Feature","properties":{"country_code":"USA","city":"Storm Lake","geoname_id":"4877655","h3_hexagon":590643009192722431,"h3_resolution":3,"downloaders":{"size":8,"mobile":0,"satellite":0,"tor":0,"tor_exit_nodes":0,"vpn":0,"relay":0,"proxy":0,"hosting":0,"service":0},"uploaders":{"size":3,"mobile":0,"satellite":0,"tor":0,"tor_exit_nodes":0,"vpn":0,"relay":0,"proxy":0,"hosting":0,"service":0}},"geometry":{"type":"Point","coordinates":[-95.20972,42.64109]}},{"type":"Feature","properties":{"country_code":"USA","city":"Aberdeen","geoname_id":"5225857","h3_hexagon":590643490229059583,"h3_resolution":3,"downloaders":{"size":9,"mobile":0,"satellite":0,"tor":0,"tor_exit_nodes":0,"vpn":0,"relay":0,"proxy":0,"hosting":0,"service":0},"uploaders":{"size":3,"mobile":0,"satellite":0,"tor":0,"tor_exit_nodes":0,"vpn":0,"relay":0,"proxy":0,"hosting":0,"service":0}},"geometry":{"type":"Point","coordinates":[-98.48648,45.4647]}},{"type":"Feature","properties":{"country_code":"USA","city":"Sullivan","geoname_id":"4410669","h3_hexagon":590644658460164095,"h3_resolution":3,"downloaders":{"size":18,"mobile":0,"satellite":0,"tor":0,"tor_exit_nodes":0,"vpn":0,"relay":0,"proxy":0,"hosting":0,"service":0},"uploaders":{"size":5,"mobile":0,"satellite":0,"tor":0,"tor_exit_nodes":0,"vpn":0,"relay":0,"proxy":0,"hosting":0,"service":0}},"geometry":{"type":"Point","coordinates":[-91.16042,38.2081]}},{"type":"Feature","properties":{"country_code":"USA","city":"Fulton","geoname_id":"4427345","h3_hexagon":590645276935454719,"h3_resolution":3,"downloaders":{"size":10,"mobile":0,"satellite":0,"tor":0,"tor_exit_nodes":0,"vpn":0,"relay":0,"proxy":0,"hosting":0,"service":0},"uploaders":{"size":3,"mobile":0,"satellite":0,"tor":0,"tor_exit_nodes":0,"vpn":0,"relay":0,"proxy":0,"hosting":0,"service":0}},"geometry":{"type":"Point","coordinates":[-88.40921,34.27399]}},{"type":"Feature","properties":{"country_code":"USA","city":"Salem","geoname_id":"4129962","h3_hexagon":590646170288652287,"h3_resolution":3,"downloaders":{"size":20,"mobile":0,"satellite":0,"tor":0,"tor_exit_nodes":0,"vpn":0,"relay":0,"proxy":0,"hosting":0,"service":0},"uploaders":{"size":5,"mobile":0,"satellite":0,"tor":0,"tor_exit_nodes":0,"vpn":0,"relay":0,"proxy":0,"hosting":0,"service":0}},"geometry":{"type":"Point","coordinates":[-91.82265,36.37118]}},{"type":"Feature","properties":{"country_code":"USA","city":"Jonesboro","geoname_id":"4116834","h3_hexagon":590646513886035967,"h3_resolution":3,"downloaders":{"size":20,"mobile":0,"satellite":0,"tor":0,"tor_exit_nodes":0,"vpn":0,"relay":0,"proxy":0,"hosting":0,"service":0},"uploaders":{"size":3,"mobile":0,"satellite":0,"tor":0,"tor_exit_nodes":0,"vpn":0,"relay":0,"proxy":0,"hosting":0,"service":0}},"geometry":{"type":"Point","coordinates":[-90.7039,35.8305]}},{"type":"Feature","properties":{"country_code":"USA","city":"Branson","geoname_id":"4378219","h3_hexagon":590646582605512703,"h3_resolution":3,"downloaders":{"size":3,"mobile":0,"satellite":0,"tor":0,"tor_exit_nodes":0,"vpn":0,"relay":0,"proxy":0,"hosting":0,"service":0},"uploaders":{"size":3,"mobile":0,"satellite":0,"tor":0,"tor_exit_nodes":0,"vpn":0,"relay":0,"proxy":0,"hosting":0,"service":0}},"geometry":{"type":"Point","coordinates":[-93.21851,36.64367]}},{"type":"Feature","properties":{"country_code":"USA","city":"Danville","geoname_id":"4889426","h3_hexagon":590646720044466175,"h3_resolution":3,"downloaders":{"size":17,"mobile":0,"satellite":0,"tor":0,"tor_exit_nodes":0,"vpn":0,"relay":0,"proxy":0,"hosting":0,"service":0},"uploaders":{"size":5,"mobile":0,"satellite":0,"tor":0,"tor_exit_nodes":0,"vpn":0,"relay":0,"proxy":0,"hosting":0,"service":0}},"geometry":{"type":"Point","coordinates":[-87.63002,40.12448]}},{"type":"Feature","properties":{"country_code":"USA","city":"Quincy","geoname_id":"4247703","h3_hexagon":590648025714524159,"h3_resolution":3,"downloaders":{"size":32,"mobile":0,"satellite":0,"tor":0,"tor_exit_nodes":0,"vpn":0,"relay":0,"proxy":0,"hosting":0,"service":0},"uploaders":{"size":3,"mobile":0,"satellite":0,"tor":0,"tor_exit_nodes":0,"vpn":0,"relay":0,"proxy":0,"hosting":0,"service":0}},"geometry":{"type":"Point","coordinates":[-91.40987,39.9356]}},{"type":"Feature","properties":{"country_code":"USA","city":"Marshalltown","geoname_id":"4866371","h3_hexagon":590648231872954367,"h3_resolution":3,"downloaders":{"size":11,"mobile":0,"satellite":0,"tor":0,"tor_exit_nodes":0,"vpn":0,"relay":0,"proxy":0,"hosting":0,"service":0},"uploaders":{"size":3,"mobile":0,"satellite":0,"tor":0,"tor_exit_nodes":0,"vpn":0,"relay":0,"proxy":0,"hosting":0,"service":0}},"geometry":{"type":"Point","coordinates":[-92.90798,42.04943]}},{"type":"Feature","properties":{"country_code":"USA","city":"Steamboat Springs","geoname_id":"5582371","h3_hexagon":590648919067721727,"h3_resolution":3,"downloaders":{"size":17,"mobile":0,"satellite":0,"tor":0,"tor_exit_nodes":0,"vpn":1,"relay":0,"proxy":0,"hosting":0,"service":0},"uploaders":{"size":5,"mobile":0,"satellite":0,"tor":0,"tor_exit_nodes":0,"vpn":0,"relay":0,"proxy":0,"hosting":0,"service":0}},"geometry":{"type":"Point","coordinates":[-106.83172,40.48498]}},{"type":"Feature","properties":{"country_code":"USA","city":"Glenwood Springs","geoname_id":"5423092","h3_hexagon":590649125226151935,"h3_resolution":3,"downloaders":{"size":14,"mobile":0,"satellite":0,"tor":0,"tor_exit_nodes":0,"vpn":0,"relay":0,"proxy":0,"hosting":0,"service":0},"uploaders":{"size":4,"mobile":0,"satellite":0,"tor":0,"tor_exit_nodes":0,"vpn":0,"relay":0,"proxy":0,"hosting":0,"service":0}},"geometry":{"type":"Point","coordinates":[-107.32478,39.55054]}},{"type":"Feature","properties":{"country_code":"USA","city":"Laramie","geoname_id":"5830062","h3_hexagon":590649262665105407,"h3_resolution":3,"downloaders":{"size":12,"mobile":0,"satellite":0,"tor":0,"tor_exit_nodes":0,"vpn":0,"relay":0,"proxy":0,"hosting":0,"service":0},"uploaders":{"size":6,"mobile":0,"satellite":0,"tor":0,"tor_exit_nodes":0,"vpn":0,"relay":0,"proxy":0,"hosting":0,"service":0}},"geometry":{"type":"Point","coordinates":[-105.5911,41.31137]}},{"type":"Feature","properties":{"country_code":"USA","city":"La Junta","geoname_id":"5427705","h3_hexagon":590649537543012351,"h3_resolution":3,"downloaders":{"size":13,"mobile":0,"satellite":0,"tor":0,"tor_exit_nodes":0,"vpn":0,"relay":0,"proxy":0,"hosting":0,"service":0},"uploaders":{"size":5,"mobile":0,"satellite":0,"tor":0,"tor_exit_nodes":0,"vpn":0,"relay":0,"proxy":0,"hosting":0,"service":0}},"geometry":{"type":"Point","coordinates":[-103.54383,37.98501]}},{"type":"Feature","properties":{"country_code":"USA","city":"Alamosa","geoname_id":"5411479","h3_hexagon":590649606262489087,"h3_resolution":3,"downloaders":{"size":7,"mobile":0,"satellite":0,"tor":0,"tor_exit_nodes":0,"vpn":0,"relay":0,"proxy":0,"hosting":0,"service":0},"uploaders":{"size":4,"mobile":0,"satellite":0,"tor":0,"tor_exit_nodes":0,"vpn":0,"relay":0,"proxy":0,"hosting":0,"service":0}},"geometry":{"type":"Point","coordinates":[-105.87002,37.46945]}},{"type":"Feature","properties":{"country_code":"USA","city":"Victor","geoname_id":"5442961","h3_hexagon":590649881140396031,"h3_resolution":3,"downloaders":{"size":3,"mobile":0,"satellite":0,"tor":0,"tor_exit_nodes":0,"vpn":0,"relay":0,"proxy":0,"hosting":0,"service":0},"uploaders":{"size":3,"mobile":0,"satellite":0,"tor":0,"tor_exit_nodes":0,"vpn":0,"relay":0,"proxy":0,"hosting":0,"service":0}},"geometry":{"type":"Point","coordinates":[-105.13998,38.70999]}},{"type":"Feature","properties":{"country_code":"USA","city":"Orangeville","geoname_id":"5544402","h3_hexagon":590650224737779711,"h3_resolution":3,"downloaders":{"size":4,"mobile":0,"satellite":0,"tor":0,"tor_exit_nodes":0,"vpn":0,"relay":0,"proxy":0,"hosting":0,"service":0},"uploaders":{"size":4,"mobile":0,"satellite":0,"tor":0,"tor_exit_nodes":0,"vpn":0,"relay":0,"proxy":0,"hosting":0,"service":0}},"geometry":{"type":"Point","coordinates":[-111.0535,39.22719]}},{"type":"Feature","properties":{"country_code":"USA","city":"Pagosa Springs","geoname_id":"5433784","h3_hexagon":590650637054640127,"h3_resolution":3,"downloaders":{"size":28,"mobile":0,"satellite":0,"tor":0,"tor_exit_nodes":0,"vpn":0,"relay":0,"proxy":0,"hosting":0,"service":0},"uploaders":{"size":15,"mobile":0,"satellite":0,"tor":0,"tor_exit_nodes":0,"vpn":0,"relay":0,"proxy":0,"hosting":0,"service":0}},"geometry":{"type":"Point","coordinates":[-107.00976,37.26945]}},{"type":"Feature","properties":{"country_code":"USA","city":"Farmington","geoname_id":"5467328","h3_hexagon":590650774493593599,"h3_resolution":3,"downloaders":{"size":30,"mobile":0,"satellite":0,"tor":0,"tor_exit_nodes":0,"vpn":0,"relay":0,"proxy":0,"hosting":0,"service":0},"uploaders":{"size":3,"mobile":0,"satellite":0,"tor":0,"tor_exit_nodes":0,"vpn":0,"relay":0,"proxy":0,"hosting":0,"service":0}},"geometry":{"type":"Point","coordinates":[-108.21869,36.72806]}},{"type":"Feature","properties":{"country_code":"USA","city":"Casper","geoname_id":"5820705","h3_hexagon":590651255529930751,"h3_resolution":3,"downloaders":{"size":16,"mobile":0,"satellite":0,"tor":0,"tor_exit_nodes":0,"vpn":1,"relay":0,"proxy":0,"hosting":0,"service":0},"uploaders":{"size":3,"mobile":0,"satellite":0,"tor":0,"tor_exit_nodes":0,"vpn":0,"relay":0,"proxy":0,"hosting":0,"service":0}},"geometry":{"type":"Point","coordinates":[-106.3166,42.8458]}},{"type":"Feature","properties":{"country_code":"USA","city":"Alliance","geoname_id":"5693164","h3_hexagon":590651942724698111,"h3_resolution":3,"downloaders":{"size":10,"mobile":0,"satellite":0,"tor":0,"tor_exit_nodes":0,"vpn":0,"relay":0,"proxy":0,"hosting":0,"service":0},"uploaders":{"size":5,"mobile":0,"satellite":0,"tor":0,"tor_exit_nodes":0,"vpn":0,"relay":0,"proxy":0,"hosting":0,"service":0}},"geometry":{"type":"Point","coordinates":[-102.87215,42.10163]}},{"type":"Feature","properties":{"country_code":"USA","city":"Ogallala","geoname_id":"5698040","h3_hexagon":590652011444174847,"h3_resolution":3,"downloaders":{"size":15,"mobile":0,"satellite":0,"tor":0,"tor_exit_nodes":0,"vpn":0,"relay":0,"proxy":0,"hosting":0,"service":0},"uploaders":{"size":4,"mobile":0,"satellite":0,"tor":0,"tor_exit_nodes":0,"vpn":0,"relay":0,"proxy":0,"hosting":0,"service":0}},"geometry":{"type":"Point","coordinates":[-101.71962,41.12805]}},{"type":"Feature","properties":{"country_code":"USA","city":"Jackson","geoname_id":"5828648","h3_hexagon":590652629919465471,"h3_resolution":3,"downloaders":{"size":14,"mobile":0,"satellite":0,"tor":0,"tor_exit_nodes":0,"vpn":2,"relay":0,"proxy":0,"hosting":0,"service":0},"uploaders":{"size":4,"mobile":0,"satellite":0,"tor":0,"tor_exit_nodes":0,"vpn":2,"relay":0,"proxy":0,"hosting":0,"service":0}},"geometry":{"type":"Point","coordinates":[-110.7393,43.4528]}},{"type":"Feature","properties":{"country_code":"USA","city":"Granbury","geoname_id":"4694459","h3_hexagon":590654004309000191,"h3_resolution":3,"downloaders":{"size":21,"mobile":0,"satellite":0,"tor":0,"tor_exit_nodes":0,"vpn":0,"relay":0,"proxy":0,"hosting":0,"service":0},"uploaders":{"size":3,"mobile":0,"satellite":0,"tor":0,"tor_exit_nodes":0,"vpn":0,"relay":0,"proxy":0,"hosting":0,"service":0}},"geometry":{"type":"Point","coordinates":[-97.7285,32.4488]}},{"type":"Feature","properties":{"country_code":"USA","city":"Abilene","geoname_id":"4669635","h3_hexagon":590655035101151231,"h3_resolution":3,"downloaders":{"size":54,"mobile":0,"satellite":0,"tor":0,"tor_exit_nodes":0,"vpn":0,"relay":0,"proxy":0,"hosting":0,"service":0},"uploaders":{"size":10,"mobile":0,"satellite":0,"tor":0,"tor_exit_nodes":0,"vpn":0,"relay":0,"proxy":0,"hosting":0,"service":0}},"geometry":{"type":"Point","coordinates":[-99.7746,32.392]}},{"type":"Feature","properties":{"country_code":"USA","city":"Childress","geoname_id":"5518758","h3_hexagon":590655241259581439,"h3_resolution":3,"downloaders":{"size":5,"mobile":0,"satellite":0,"tor":0,"tor_exit_nodes":0,"vpn":0,"relay":0,"proxy":0,"hosting":0,"service":0},"uploaders":{"size":3,"mobile":0,"satellite":0,"tor":0,"tor_exit_nodes":0,"vpn":0,"relay":0,"proxy":0,"hosting":0,"service":0}},"geometry":{"type":"Point","coordinates":[-100.204,34.42645]}},{"type":"Feature","properties":{"country_code":"USA","city":"Hutchinson","geoname_id":"4273299","h3_hexagon":590655653576441855,"h3_resolution":3,"downloaders":{"size":5,"mobile":0,"satellite":0,"tor":0,"tor_exit_nodes":0,"vpn":0,"relay":0,"proxy":0,"hosting":0,"service":0},"uploaders":{"size":3,"mobile":0,"satellite":0,"tor":0,"tor_exit_nodes":0,"vpn":0,"relay":0,"proxy":0,"hosting":0,"service":0}},"geometry":{"type":"Point","coordinates":[-97.92977,38.06084]}},{"type":"Feature","properties":{"country_code":"USA","city":"Ashland","geoname_id":"4267710","h3_hexagon":590656684368592895,"h3_resolution":3,"downloaders":{"size":30,"mobile":0,"satellite":0,"tor":0,"tor_exit_nodes":0,"vpn":0,"relay":0,"proxy":0,"hosting":0,"service":0},"uploaders":{"size":22,"mobile":0,"satellite":0,"tor":0,"tor_exit_nodes":0,"vpn":0,"relay":0,"proxy":0,"hosting":0,"service":0}},"geometry":{"type":"Point","coordinates":[-99.76568,37.18864]}},{"type":"Feature","properties":{"country_code":"USA","city":"Burlington","geoname_id":"5415502","h3_hexagon":590657027965976575,"h3_resolution":3,"downloaders":{"size":5,"mobile":0,"satellite":0,"tor":0,"tor_exit_nodes":0,"vpn":0,"relay":0,"proxy":0,"hosting":0,"service":0},"uploaders":{"size":3,"mobile":0,"satellite":0,"tor":0,"tor_exit_nodes":0,"vpn":0,"relay":0,"proxy":0,"hosting":0,"service":0}},"geometry":{"type":"Point","coordinates":[-102.26936,39.30611]}},{"type":"Feature","properties":{"country_code":"CAN","city":"Red Lake","geoname_id":"6118417","h3_hexagon":590658058758127615,"h3_resolution":3,"downloaders":{"size":7,"mobile":0,"satellite":0,"tor":0,"tor_exit_nodes":0,"vpn":0,"relay":0,"proxy":0,"hosting":0,"service":0},"uploaders":{"size":4,"mobile":0,"satellite":0,"tor":0,"tor_exit_nodes":0,"vpn":0,"relay":0,"proxy":0,"hosting":0,"service":0}},"geometry":{"type":"Point","coordinates":[-93.82736,51.01678]}},{"type":"Feature","properties":{"country_code":"CAN","city":"Fort Frances","geoname_id":"5955826","h3_hexagon":590658264916557823,"h3_resolution":3,"downloaders":{"size":6,"mobile":0,"satellite":0,"tor":0,"tor_exit_nodes":0,"vpn":0,"relay":0,"proxy":0,"hosting":0,"service":0},"uploaders":{"size":3,"mobile":0,"satellite":0,"tor":0,"tor_exit_nodes":0,"vpn":0,"relay":0,"proxy":0,"hosting":0,"service":0}},"geometry":{"type":"Point","coordinates":[-93.4003,48.61667]}},{"type":"Feature","properties":{"country_code":"CAN","city":"Dryden","geoname_id":"5942913","h3_hexagon":590658539794464767,"h3_resolution":3,"downloaders":{"size":8,"mobile":0,"satellite":0,"tor":0,"tor_exit_nodes":0,"vpn":0,"relay":0,"proxy":0,"hosting":0,"service":0},"uploaders":{"size":4,"mobile":0,"satellite":0,"tor":0,"tor_exit_nodes":0,"vpn":0,"relay":0,"proxy":0,"hosting":0,"service":0}},"geometry":{"type":"Point","coordinates":[-92.75032,49.78334]}},{"type":"Feature","properties":{"country_code":"CAN","city":"Dauphin","geoname_id":"5935341","h3_hexagon":590658814672371711,"h3_resolution":3,"downloaders":{"size":34,"mobile":1,"satellite":0,"tor":0,"tor_exit_nodes":0,"vpn":0,"relay":0,"proxy":0,"hosting":0,"service":0},"uploaders":{"size":7,"mobile":0,"satellite":0,"tor":0,"tor_exit_nodes":0,"vpn":0,"relay":0,"proxy":0,"hosting":0,"service":0}},"geometry":{"type":"Point","coordinates":[-100.05023,51.14941]}},{"type":"Feature","properties":{"country_code":"CAN","city":"Portage la Prairie","geoname_id":"6111529","h3_hexagon":590658883391848447,"h3_resolution":3,"downloaders":{"size":31,"mobile":0,"satellite":0,"tor":0,"tor_exit_nodes":0,"vpn":0,"relay":0,"proxy":0,"hosting":0,"service":0},"uploaders":{"size":13,"mobile":0,"satellite":0,"tor":0,"tor_exit_nodes":0,"vpn":0,"relay":0,"proxy":0,"hosting":0,"service":0}},"geometry":{"type":"Point","coordinates":[-98.29263,49.97282]}},{"type":"Feature","properties":{"country_code":"USA","city":"Karlstad","geoname_id":"5032900","h3_hexagon":590659708025569279,"h3_resolution":3,"downloaders":{"size":6,"mobile":0,"satellite":0,"tor":0,"tor_exit_nodes":0,"vpn":0,"relay":0,"proxy":0,"hosting":0,"service":0},"uploaders":{"size":3,"mobile":0,"satellite":0,"tor":0,"tor_exit_nodes":0,"vpn":0,"relay":0,"proxy":0,"hosting":0,"service":0}},"geometry":{"type":"Point","coordinates":[-96.5206,48.57748]}},{"type":"Feature","properties":{"country_code":"CAN","city":"Sioux Lookout","geoname_id":"6148374","h3_hexagon":590660670098243583,"h3_resolution":3,"downloaders":{"size":17,"mobile":0,"satellite":0,"tor":0,"tor_exit_nodes":0,"vpn":0,"relay":0,"proxy":0,"hosting":0,"service":0},"uploaders":{"size":8,"mobile":0,"satellite":0,"tor":0,"tor_exit_nodes":0,"vpn":0,"relay":0,"proxy":0,"hosting":0,"service":0}},"geometry":{"type":"Point","coordinates":[-91.98358,50.06676]}},{"type":"Feature","properties":{"country_code":"USA","city":"Pulaski","geoname_id":"5268148","h3_hexagon":590662250646208511,"h3_resolution":3,"downloaders":{"size":3,"mobile":0,"satellite":0,"tor":0,"tor_exit_nodes":0,"vpn":0,"relay":0,"proxy":0,"hosting":0,"service":0},"uploaders":{"size":3,"mobile":0,"satellite":0,"tor":0,"tor_exit_nodes":0,"vpn":0,"relay":0,"proxy":0,"hosting":0,"service":0}},"geometry":{"type":"Point","coordinates":[-88.2426,44.67222]}},{"type":"Feature","properties":{"country_code":"USA","city":"South Haven","geoname_id":"5010517","h3_hexagon":590662800402022399,"h3_resolution":3,"downloaders":{"size":18,"mobile":0,"satellite":0,"tor":0,"tor_exit_nodes":0,"vpn":0,"relay":0,"proxy":0,"hosting":0,"service":0},"uploaders":{"size":5,"mobile":0,"satellite":0,"tor":0,"tor_exit_nodes":0,"vpn":0,"relay":0,"proxy":0,"hosting":0,"service":0}},"geometry":{"type":"Point","coordinates":[-86.27364,42.40309]}},{"type":"Feature","properties":{"country_code":"USA","city":"Rice Lake","geoname_id":"5268798","h3_hexagon":590663212718882815,"h3_resolution":3,"downloaders":{"size":13,"mobile":0,"satellite":0,"tor":0,"tor_exit_nodes":0,"vpn":0,"relay":0,"proxy":0,"hosting":0,"service":0},"uploaders":{"size":5,"mobile":0,"satellite":0,"tor":0,"tor_exit_nodes":0,"vpn":0,"relay":0,"proxy":0,"hosting":0,"service":0}},"geometry":{"type":"Point","coordinates":[-91.73823,45.50607]}},{"type":"Feature","properties":{"country_code":"USA","city":"Platteville","geoname_id":"5267332","h3_hexagon":590663899913650175,"h3_resolution":3,"downloaders":{"size":17,"mobile":0,"satellite":0,"tor":0,"tor_exit_nodes":0,"vpn":0,"relay":0,"proxy":0,"hosting":0,"service":0},"uploaders":{"size":6,"mobile":0,"satellite":0,"tor":0,"tor_exit_nodes":0,"vpn":0,"relay":0,"proxy":0,"hosting":0,"service":0}},"geometry":{"type":"Point","coordinates":[-90.47846,42.73416]}},{"type":"Feature","properties":{"country_code":"CAN","city":"Manitouwadge","geoname_id":"6065253","h3_hexagon":590664724547371007,"h3_resolution":3,"downloaders":{"size":3,"mobile":0,"satellite":0,"tor":0,"tor_exit_nodes":0,"vpn":0,"relay":0,"proxy":0,"hosting":0,"service":0},"uploaders":{"size":3,"mobile":0,"satellite":0,"tor":0,"tor_exit_nodes":0,"vpn":0,"relay":0,"proxy":0,"hosting":0,"service":0}},"geometry":{"type":"Point","coordinates":[-85.8403,49.12152]}},{"type":"Feature","properties":{"country_code":"USA","city":"Lewiston","geoname_id":"4999167","h3_hexagon":590664999425277951,"h3_resolution":3,"downloaders":{"size":4,"mobile":0,"satellite":0,"tor":0,"tor_exit_nodes":0,"vpn":0,"relay":0,"proxy":0,"hosting":0,"service":0},"uploaders":{"size":3,"mobile":0,"satellite":0,"tor":0,"tor_exit_nodes":0,"vpn":0,"relay":0,"proxy":0,"hosting":0,"service":0}},"geometry":{"type":"Point","coordinates":[-84.30557,44.8839]}},{"type":"Feature","properties":{"country_code":"CAN","city":"Tobermory","geoname_id":"6167125","h3_hexagon":590665205583708159,"h3_resolution":3,"downloaders":{"size":5,"mobile":4,"satellite":0,"tor":0,"tor_exit_nodes":0,"vpn":0,"relay":0,"proxy":0,"hosting":0,"service":0},"uploaders":{"size":3,"mobile":3,"satellite":0,"tor":0,"tor_exit_nodes":0,"vpn":0,"relay":0,"proxy":0,"hosting":0,"service":0}},"geometry":{"type":"Point","coordinates":[-81.66647,45.25007]}},{"type":"Feature","properties":{"country_code":"USA","city":"Fairfield","geoname_id":"5651382","h3_hexagon":590668023082254335,"h3_resolution":3,"downloaders":{"size":3,"mobile":0,"satellite":0,"tor":0,"tor_exit_nodes":0,"vpn":0,"relay":0,"proxy":0,"hosting":0,"service":0},"uploaders":{"size":3,"mobile":0,"satellite":0,"tor":0,"tor_exit_nodes":0,"vpn":0,"relay":0,"proxy":0,"hosting":0,"service":0}},"geometry":{"type":"Point","coordinates":[-111.98028,47.61467]}},{"type":"Feature","properties":{"country_code":"USA","city":"Sheridan","geoname_id":"5838198","h3_hexagon":590668229240684543,"h3_resolution":3,"downloaders":{"size":14,"mobile":0,"satellite":0,"tor":0,"tor_exit_nodes":0,"vpn":0,"relay":0,"proxy":0,"hosting":0,"service":0},"uploaders":{"size":3,"mobile":0,"satellite":0,"tor":0,"tor_exit_nodes":0,"vpn":0,"relay":0,"proxy":0,"hosting":0,"service":0}},"geometry":{"type":"Point","coordinates":[-106.95618,44.79719]}},{"type":"Feature","properties":{"country_code":"USA","city":"Worden","geoname_id":"5687258","h3_hexagon":590668435399114751,"h3_resolution":3,"downloaders":{"size":3,"mobile":0,"satellite":0,"tor":0,"tor_exit_nodes":0,"vpn":0,"relay":0,"proxy":0,"hosting":0,"service":0},"uploaders":{"size":3,"mobile":0,"satellite":0,"tor":0,"tor_exit_nodes":0,"vpn":0,"relay":0,"proxy":0,"hosting":0,"service":0}},"geometry":{"type":"Point","coordinates":[-108.16095,45.95996]}},{"type":"Feature","properties":{"country_code":"CAN","city":"Weyburn","geoname_id":"6179652","h3_hexagon":590668778996498431,"h3_resolution":3,"downloaders":{"size":7,"mobile":7,"satellite":0,"tor":0,"tor_exit_nodes":0,"vpn":0,"relay":0,"proxy":0,"hosting":0,"service":0},"uploaders":{"size":4,"mobile":4,"satellite":0,"tor":0,"tor_exit_nodes":0,"vpn":0,"relay":0,"proxy":0,"hosting":0,"service":0}},"geometry":{"type":"Point","coordinates":[-103.85109,49.66675]}},{"type":"Feature","properties":{"country_code":"USA","city":"Williston","geoname_id":"5692947","h3_hexagon":590669397471789055,"h3_resolution":3,"downloaders":{"size":31,"mobile":0,"satellite":0,"tor":0,"tor_exit_nodes":0,"vpn":0,"relay":0,"proxy":0,"hosting":0,"service":0},"uploaders":{"size":3,"mobile":0,"satellite":0,"tor":0,"tor_exit_nodes":0,"vpn":0,"relay":0,"proxy":0,"hosting":0,"service":0}},"geometry":{"type":"Point","coordinates":[-103.61797,48.14697]}},{"type":"Feature","properties":{"country_code":"USA","city":"Dickinson","geoname_id":"5688789","h3_hexagon":590669466191265791,"h3_resolution":3,"downloaders":{"size":11,"mobile":0,"satellite":0,"tor":0,"tor_exit_nodes":0,"vpn":0,"relay":0,"proxy":0,"hosting":0,"service":0},"uploaders":{"size":5,"mobile":0,"satellite":0,"tor":0,"tor_exit_nodes":0,"vpn":0,"relay":0,"proxy":0,"hosting":0,"service":0}},"geometry":{"type":"Point","coordinates":[-102.78962,46.87918]}},{"type":"Feature","properties":{"country_code":"USA","city":"Minot","geoname_id":"5690532","h3_hexagon":590669603630219263,"h3_resolution":3,"downloaders":{"size":22,"mobile":0,"satellite":0,"tor":0,"tor_exit_nodes":0,"vpn":0,"relay":0,"proxy":0,"hosting":0,"service":0},"uploaders":{"size":4,"mobile":0,"satellite":0,"tor":0,"tor_exit_nodes":0,"vpn":0,"relay":0,"proxy":0,"hosting":0,"service":0}},"geometry":{"type":"Point","coordinates":[-101.29627,48.23251]}},{"type":"Feature","properties":{"country_code":"CAN","city":"Estevan","geoname_id":"5949568","h3_hexagon":590669672349695999,"h3_resolution":3,"downloaders":{"size":9,"mobile":4,"satellite":0,"tor":0,"tor_exit_nodes":0,"vpn":0,"relay":0,"proxy":0,"hosting":0,"service":0},"uploaders":{"size":3,"mobile":1,"satellite":0,"tor":0,"tor_exit_nodes":0,"vpn":0,"relay":0,"proxy":0,"hosting":0,"service":0}},"geometry":{"type":"Point","coordinates":[-102.98422,49.13337]}},{"type":"Feature","properties":{"country_code":"USA","city":"Yreka","geoname_id":"5574093","h3_hexagon":590676475577892863,"h3_resolution":3,"downloaders":{"size":10,"mobile":0,"satellite":0,"tor":0,"tor_exit_nodes":0,"vpn":0,"relay":0,"proxy":0,"hosting":0,"service":0},"uploaders":{"size":4,"mobile":0,"satellite":0,"tor":0,"tor_exit_nodes":0,"vpn":0,"relay":0,"proxy":0,"hosting":0,"service":0}},"geometry":{"type":"Point","coordinates":[-122.63447,41.73542]}},{"type":"Feature","properties":{"country_code":"USA","city":"Alturas","geoname_id":"5558829","h3_hexagon":590676544297369599,"h3_resolution":3,"downloaders":{"size":11,"mobile":0,"satellite":0,"tor":0,"tor_exit_nodes":0,"vpn":0,"relay":0,"proxy":0,"hosting":0,"service":0},"uploaders":{"size":5,"mobile":0,"satellite":0,"tor":0,"tor_exit_nodes":0,"vpn":0,"relay":0,"proxy":0,"hosting":0,"service":0}},"geometry":{"type":"Point","coordinates":[-120.54349,41.48714]}},{"type":"Feature","properties":{"country_code":"USA","city":"Oroville","geoname_id":"5379759","h3_hexagon":590676681736323071,"h3_resolution":3,"downloaders":{"size":6,"mobile":0,"satellite":0,"tor":0,"tor_exit_nodes":0,"vpn":0,"relay":0,"proxy":0,"hosting":0,"service":0},"uploaders":{"size":6,"mobile":0,"satellite":0,"tor":0,"tor_exit_nodes":0,"vpn":0,"relay":0,"proxy":0,"hosting":0,"service":0}},"geometry":{"type":"Point","coordinates":[-121.55776,39.51394]}},{"type":"Feature","properties":{"country_code":"USA","city":"Crescent City","geoname_id":"5562087","h3_hexagon":590677231492136959,"h3_resolution":3,"downloaders":{"size":8,"mobile":0,"satellite":0,"tor":0,"tor_exit_nodes":0,"vpn":0,"relay":0,"proxy":0,"hosting":0,"service":0},"uploaders":{"size":5,"mobile":0,"satellite":0,"tor":0,"tor_exit_nodes":0,"vpn":0,"relay":0,"proxy":0,"hosting":0,"service":0}},"geometry":{"type":"Point","coordinates":[-124.1332,41.7817]}},{"type":"Feature","properties":{"country_code":"USA","city":"Chico","geoname_id":"5336269","h3_hexagon":590678812040101887,"h3_resolution":3,"downloaders":{"size":20,"mobile":0,"satellite":0,"tor":0,"tor_exit_nodes":0,"vpn":0,"relay":0,"proxy":0,"hosting":0,"service":0},"uploaders":{"size":14,"mobile":0,"satellite":0,"tor":0,"tor_exit_nodes":0,"vpn":0,"relay":0,"proxy":0,"hosting":0,"service":0}},"geometry":{"type":"Point","coordinates":[-121.83748,39.72849]}},{"type":"Feature","properties":{"country_code":"USA","city":"Baker City","geoname_id":"5712169","h3_hexagon":590684172159287295,"h3_resolution":3,"downloaders":{"size":11,"mobile":0,"satellite":0,"tor":0,"tor_exit_nodes":0,"vpn":0,"relay":0,"proxy":0,"hosting":0,"service":0},"uploaders":{"size":4,"mobile":0,"satellite":0,"tor":0,"tor_exit_nodes":0,"vpn":0,"relay":0,"proxy":0,"hosting":0,"service":0}},"geometry":{"type":"Point","coordinates":[-117.83438,44.77487]}},{"type":"Feature","properties":{"country_code":"USA","city":"Sun Valley","geoname_id":"5609286","h3_hexagon":590684515756670975,"h3_resolution":3,"downloaders":{"size":10,"mobile":0,"satellite":0,"tor":0,"tor_exit_nodes":0,"vpn":0,"relay":0,"proxy":0,"hosting":0,"service":0},"uploaders":{"size":3,"mobile":0,"satellite":0,"tor":0,"tor_exit_nodes":0,"vpn":0,"relay":0,"proxy":0,"hosting":0,"service":0}},"geometry":{"type":"Point","coordinates":[-114.35172,43.69713]}},{"type":"Feature","properties":{"country_code":"USA","city":"Pullman","geoname_id":"5807540","h3_hexagon":590684790634577919,"h3_resolution":3,"downloaders":{"size":27,"mobile":0,"satellite":0,"tor":0,"tor_exit_nodes":0,"vpn":2,"relay":0,"proxy":0,"hosting":0,"service":0},"uploaders":{"size":11,"mobile":0,"satellite":0,"tor":0,"tor_exit_nodes":0,"vpn":0,"relay":0,"proxy":0,"hosting":0,"service":0}},"geometry":{"type":"Point","coordinates":[-117.17962,46.73127]}},{"type":"Feature","properties":{"country_code":"USA","city":"Bozeman","geoname_id":"5641727","h3_hexagon":590685340390391807,"h3_resolution":3,"downloaders":{"size":47,"mobile":0,"satellite":0,"tor":0,"tor_exit_nodes":0,"vpn":0,"relay":0,"proxy":0,"hosting":0,"service":0},"uploaders":{"size":14,"mobile":0,"satellite":0,"tor":0,"tor_exit_nodes":0,"vpn":0,"relay":0,"proxy":0,"hosting":0,"service":0}},"geometry":{"type":"Point","coordinates":[-111.03856,45.67965]}},{"type":"Feature","properties":{"country_code":"USA","city":"Butte","geoname_id":"5642934","h3_hexagon":590685409109868543,"h3_resolution":3,"downloaders":{"size":16,"mobile":0,"satellite":0,"tor":0,"tor_exit_nodes":0,"vpn":0,"relay":0,"proxy":0,"hosting":0,"service":0},"uploaders":{"size":3,"mobile":0,"satellite":0,"tor":0,"tor_exit_nodes":0,"vpn":0,"relay":0,"proxy":0,"hosting":0,"service":0}},"geometry":{"type":"Point","coordinates":[-112.5988,45.9979]}},{"type":"Feature","properties":{"country_code":"USA","city":"John Day","geoname_id":"5733770","h3_hexagon":590686989657833471,"h3_resolution":3,"downloaders":{"size":6,"mobile":0,"satellite":0,"tor":0,"tor_exit_nodes":0,"vpn":0,"relay":0,"proxy":0,"hosting":0,"service":0},"uploaders":{"size":4,"mobile":0,"satellite":0,"tor":0,"tor_exit_nodes":0,"vpn":0,"relay":0,"proxy":0,"hosting":0,"service":0}},"geometry":{"type":"Point","coordinates":[-118.95301,44.41599]}},{"type":"Feature","properties":{"country_code":"USA","city":"Logan","geoname_id":"5777544","h3_hexagon":590687814291554303,"h3_resolution":3,"downloaders":{"size":10,"mobile":0,"satellite":0,"tor":0,"tor_exit_nodes":0,"vpn":0,"relay":0,"proxy":0,"hosting":0,"service":0},"uploaders":{"size":3,"mobile":0,"satellite":0,"tor":0,"tor_exit_nodes":0,"vpn":0,"relay":0,"proxy":0,"hosting":0,"service":0}},"geometry":{"type":"Point","coordinates":[-111.83439,41.73549]}},{"type":"Feature","properties":{"country_code":"USA","city":"Pahrump","geoname_id":"5509851","h3_hexagon":590701970503761919,"h3_resolution":3,"downloaders":{"size":48,"mobile":0,"satellite":0,"tor":0,"tor_exit_nodes":0,"vpn":0,"relay":0,"proxy":0,"hosting":0,"service":0},"uploaders":{"size":15,"mobile":0,"satellite":0,"tor":0,"tor_exit_nodes":0,"vpn":0,"relay":0,"proxy":0,"hosting":0,"service":0}},"geometry":{"type":"Point","coordinates":[-115.98391,36.20829]}},{"type":"Feature","properties":{"country_code":"USA","city":"Fallon","geoname_id":"5503914","h3_hexagon":590702245381668863,"h3_resolution":3,"downloaders":{"size":12,"mobile":0,"satellite":0,"tor":0,"tor_exit_nodes":0,"vpn":0,"relay":0,"proxy":0,"hosting":0,"service":0},"uploaders":{"size":9,"mobile":0,"satellite":0,"tor":0,"tor_exit_nodes":0,"vpn":0,"relay":0,"proxy":0,"hosting":0,"service":0}},"geometry":{"type":"Point","coordinates":[-118.77737,39.47353]}},{"type":"Feature","properties":{"country_code":"USA","city":"Gardnerville","geoname_id":"5504468","h3_hexagon":590702588979052543,"h3_resolution":3,"downloaders":{"size":5,"mobile":0,"satellite":0,"tor":0,"tor_exit_nodes":0,"vpn":0,"relay":0,"proxy":0,"hosting":0,"service":0},"uploaders":{"size":3,"mobile":0,"satellite":0,"tor":0,"tor_exit_nodes":0,"vpn":0,"relay":0,"proxy":0,"hosting":0,"service":0}},"geometry":{"type":"Point","coordinates":[-119.6115,38.8703]}},{"type":"Feature","properties":{"country_code":"USA","city":"Ely","geoname_id":"5503694","h3_hexagon":590703344893296639,"h3_resolution":3,"downloaders":{"size":7,"mobile":0,"satellite":0,"tor":0,"tor_exit_nodes":0,"vpn":2,"relay":0,"proxy":0,"hosting":0,"service":0},"uploaders":{"size":3,"mobile":0,"satellite":0,"tor":0,"tor_exit_nodes":0,"vpn":1,"relay":0,"proxy":0,"hosting":0,"service":0}},"geometry":{"type":"Point","coordinates":[-114.88863,39.24744]}},{"type":"Feature","properties":{"country_code":"USA","city":"California City","geoname_id":"5332748","h3_hexagon":590704100807540735,"h3_resolution":3,"downloaders":{"size":11,"mobile":0,"satellite":0,"tor":0,"tor_exit_nodes":0,"vpn":0,"relay":0,"proxy":0,"hosting":0,"service":0},"uploaders":{"size":3,"mobile":0,"satellite":0,"tor":0,"tor_exit_nodes":0,"vpn":0,"relay":0,"proxy":0,"hosting":0,"service":0}},"geometry":{"type":"Point","coordinates":[-117.9859,35.1258]}},{"type":"Feature","properties":{"country_code":"USA","city":"Bakersfield","geoname_id":"5325738","h3_hexagon":590704719282831359,"h3_resolution":3,"downloaders":{"size":142,"mobile":2,"satellite":0,"tor":0,"tor_exit_nodes":0,"vpn":0,"relay":0,"proxy":0,"hosting":0,"service":0},"uploaders":{"size":16,"mobile":0,"satellite":0,"tor":0,"tor_exit_nodes":0,"vpn":0,"relay":0,"proxy":0,"hosting":0,"service":0}},"geometry":{"type":"Point","coordinates":[-119.1056,35.3039]}},{"type":"Feature","properties":{"country_code":"USA","city":"Somerset","geoname_id":"5212853","h3_hexagon":590719631409283071,"h3_resolution":3,"downloaders":{"size":11,"mobile":0,"satellite":0,"tor":0,"tor_exit_nodes":0,"vpn":0,"relay":0,"proxy":0,"hosting":0,"service":0},"uploaders":{"size":3,"mobile":0,"satellite":0,"tor":0,"tor_exit_nodes":0,"vpn":0,"relay":0,"proxy":0,"hosting":0,"service":0}},"geometry":{"type":"Point","coordinates":[-79.07808,40.00841]}},{"type":"Feature","properties":{"country_code":"USA","city":"Jersey Shore","geoname_id":"5195416","h3_hexagon":590721486835154943,"h3_resolution":3,"downloaders":{"size":13,"mobile":0,"satellite":0,"tor":0,"tor_exit_nodes":0,"vpn":0,"relay":0,"proxy":0,"hosting":0,"service":0},"uploaders":{"size":3,"mobile":0,"satellite":0,"tor":0,"tor_exit_nodes":0,"vpn":0,"relay":0,"proxy":0,"hosting":0,"service":0}},"geometry":{"type":"Point","coordinates":[-77.26442,41.20202]}},{"type":"Feature","properties":{"country_code":"CAN","city":"Miramichi","geoname_id":"6075081","h3_hexagon":590728496221782015,"h3_resolution":3,"downloaders":{"size":61,"mobile":38,"satellite":0,"tor":0,"tor_exit_nodes":0,"vpn":0,"relay":0,"proxy":0,"hosting":0,"service":0},"uploaders":{"size":24,"mobile":14,"satellite":0,"tor":0,"tor_exit_nodes":0,"vpn":0,"relay":0,"proxy":0,"hosting":0,"service":0}},"geometry":{"type":"Point","coordinates":[-65.50186,47.02895]}},{"type":"Feature","properties":{"country_code":"CAN","city":"Digby","geoname_id":"5939236","h3_hexagon":590730076769746943,"h3_resolution":3,"downloaders":{"size":9,"mobile":0,"satellite":0,"tor":0,"tor_exit_nodes":0,"vpn":0,"relay":0,"proxy":0,"hosting":0,"service":0},"uploaders":{"size":4,"mobile":0,"satellite":0,"tor":0,"tor_exit_nodes":0,"vpn":0,"relay":0,"proxy":0,"hosting":0,"service":0}},"geometry":{"type":"Point","coordinates":[-65.7586,44.62188]}},{"type":"Feature","properties":{"country_code":"USA","city":"Lincoln","geoname_id":"4969547","h3_hexagon":590730145489223679,"h3_resolution":3,"downloaders":{"size":4,"mobile":0,"satellite":0,"tor":0,"tor_exit_nodes":0,"vpn":0,"relay":0,"proxy":0,"hosting":0,"service":0},"uploaders":{"size":3,"mobile":0,"satellite":0,"tor":0,"tor_exit_nodes":0,"vpn":0,"relay":0,"proxy":0,"hosting":0,"service":0}},"geometry":{"type":"Point","coordinates":[-68.50502,45.36228]}},{"type":"Feature","properties":{"country_code":"CAN","city":"Stephenville","geoname_id":"6156244","h3_hexagon":590730557806084095,"h3_resolution":3,"downloaders":{"size":13,"mobile":2,"satellite":0,"tor":0,"tor_exit_nodes":0,"vpn":0,"relay":0,"proxy":0,"hosting":0,"service":0},"uploaders":{"size":3,"mobile":0,"satellite":0,"tor":0,"tor_exit_nodes":0,"vpn":0,"relay":0,"proxy":0,"hosting":0,"service":0}},"geometry":{"type":"Point","coordinates":[-58.5818,48.55001]}},{"type":"Feature","properties":{"country_code":"CAN","city":"Channel-Port aux Basques","geoname_id":"5919815","h3_hexagon":590730626525560831,"h3_resolution":3,"downloaders":{"size":6,"mobile":0,"satellite":0,"tor":0,"tor_exit_nodes":0,"vpn":0,"relay":0,"proxy":0,"hosting":0,"service":0},"uploaders":{"size":4,"mobile":0,"satellite":0,"tor":0,"tor_exit_nodes":0,"vpn":0,"relay":0,"proxy":0,"hosting":0,"service":0}},"geometry":{"type":"Point","coordinates":[-59.13808,47.57286]}},{"type":"Feature","properties":{"country_code":"CAN","city":"Chandler","geoname_id":"6943811","h3_hexagon":590731588598235135,"h3_resolution":3,"downloaders":{"size":28,"mobile":14,"satellite":0,"tor":0,"tor_exit_nodes":0,"vpn":0,"relay":0,"proxy":0,"hosting":0,"service":0},"uploaders":{"size":7,"mobile":5,"satellite":0,"tor":0,"tor_exit_nodes":0,"vpn":0,"relay":0,"proxy":0,"hosting":0,"service":0}},"geometry":{"type":"Point","coordinates":[-64.67926,48.34935]}},{"type":"Feature","properties":{"country_code":"CAN","city":"Shannon","geoname_id":"8354533","h3_hexagon":590739147740676095,"h3_resolution":3,"downloaders":{"size":12,"mobile":0,"satellite":0,"tor":0,"tor_exit_nodes":0,"vpn":0,"relay":0,"proxy":0,"hosting":0,"service":0},"uploaders":{"size":3,"mobile":0,"satellite":0,"tor":0,"tor_exit_nodes":0,"vpn":0,"relay":0,"proxy":0,"hosting":0,"service":0}},"geometry":{"type":"Point","coordinates":[-71.51464,46.88026]}},{"type":"Feature","properties":{"country_code":"CAN","city":"La Tuque","geoname_id":"6050416","h3_hexagon":590739285179629567,"h3_resolution":3,"downloaders":{"size":55,"mobile":0,"satellite":0,"tor":0,"tor_exit_nodes":0,"vpn":0,"relay":0,"proxy":0,"hosting":0,"service":0},"uploaders":{"size":3,"mobile":0,"satellite":0,"tor":0,"tor_exit_nodes":0,"vpn":0,"relay":0,"proxy":0,"hosting":0,"service":0}},"geometry":{"type":"Point","coordinates":[-72.7824,47.43337]}},{"type":"Feature","properties":{"country_code":"USA","city":"Hebron","geoname_id":"4966883","h3_hexagon":590739697496489983,"h3_resolution":3,"downloaders":{"size":5,"mobile":0,"satellite":0,"tor":0,"tor_exit_nodes":0,"vpn":0,"relay":0,"proxy":0,"hosting":5,"service":0},"uploaders":{"size":3,"mobile":0,"satellite":0,"tor":0,"tor_exit_nodes":0,"vpn":0,"relay":0,"proxy":0,"hosting":3,"service":0}},"geometry":{"type":"Point","coordinates":[-70.40645,44.19813]}},{"type":"Feature","properties":{"country_code":"CAN","city":"Val-d'Or","geoname_id":"6173017","h3_hexagon":590740384691257343,"h3_resolution":3,"downloaders":{"size":124,"mobile":5,"satellite":0,"tor":0,"tor_exit_nodes":0,"vpn":1,"relay":0,"proxy":0,"hosting":0,"service":0},"uploaders":{"size":28,"mobile":1,"satellite":0,"tor":0,"tor_exit_nodes":0,"vpn":0,"relay":0,"proxy":0,"hosting":0,"service":0}},"geometry":{"type":"Point","coordinates":[-77.79737,48.0974]}},{"type":"Feature","properties":{"country_code":"TUR","city":"Ağrı","geoname_id":"309647","h3_hexagon":590745950968872959,"h3_resolution":3,"downloaders":{"size":59,"mobile":1,"satellite":0,"tor":0,"tor_exit_nodes":0,"vpn":0,"relay":0,"proxy":0,"hosting":0,"service":0},"uploaders":{"size":9,"mobile":0,"satellite":0,"tor":0,"tor_exit_nodes":0,"vpn":0,"relay":0,"proxy":0,"hosting":0,"service":0}},"geometry":{"type":"Point","coordinates":[43.04015,39.71467]}},{"type":"Feature","properties":{"country_code":"AZE","city":"Naftalan","geoname_id":"585400","h3_hexagon":590746638163640319,"h3_resolution":3,"downloaders":{"size":6,"mobile":0,"satellite":0,"tor":0,"tor_exit_nodes":0,"vpn":0,"relay":0,"proxy":0,"hosting":0,"service":0},"uploaders":{"size":4,"mobile":0,"satellite":0,"tor":0,"tor_exit_nodes":0,"vpn":0,"relay":0,"proxy":0,"hosting":0,"service":0}},"geometry":{"type":"Point","coordinates":[46.8203,40.50821]}},{"type":"Feature","properties":{"country_code":"IRQ","city":"Kirkuk","geoname_id":"94787","h3_hexagon":590746913041547263,"h3_resolution":3,"downloaders":{"size":179,"mobile":16,"satellite":0,"tor":0,"tor_exit_nodes":0,"vpn":0,"relay":0,"proxy":0,"hosting":0,"service":0},"uploaders":{"size":15,"mobile":10,"satellite":0,"tor":0,"tor_exit_nodes":0,"vpn":0,"relay":0,"proxy":0,"hosting":0,"service":0}},"geometry":{"type":"Point","coordinates":[44.39222,35.46806]}},{"type":"Feature","properties":{"country_code":"AZE","city":"Masally","geoname_id":"147552","h3_hexagon":590747394077884415,"h3_resolution":3,"downloaders":{"size":7,"mobile":0,"satellite":0,"tor":0,"tor_exit_nodes":0,"vpn":0,"relay":0,"proxy":0,"hosting":0,"service":0},"uploaders":{"size":3,"mobile":0,"satellite":0,"tor":0,"tor_exit_nodes":0,"vpn":0,"relay":0,"proxy":0,"hosting":0,"service":0}},"geometry":{"type":"Point","coordinates":[48.6654,39.03532]}},{"type":"Feature","properties":{"country_code":"TUR","city":"Artvin","geoname_id":"751817","h3_hexagon":590748081272651775,"h3_resolution":3,"downloaders":{"size":73,"mobile":0,"satellite":0,"tor":0,"tor_exit_nodes":0,"vpn":0,"relay":0,"proxy":0,"hosting":0,"service":0},"uploaders":{"size":6,"mobile":0,"satellite":0,"tor":0,"tor_exit_nodes":0,"vpn":0,"relay":0,"proxy":0,"hosting":0,"service":0}},"geometry":{"type":"Point","coordinates":[41.82172,41.18161]}},{"type":"Feature","properties":{"country_code":"GEO","city":"Gori","geoname_id":"614455","h3_hexagon":590748424870035455,"h3_resolution":3,"downloaders":{"size":21,"mobile":5,"satellite":0,"tor":0,"tor_exit_nodes":0,"vpn":0,"relay":0,"proxy":0,"hosting":0,"service":0},"uploaders":{"size":7,"mobile":3,"satellite":0,"tor":0,"tor_exit_nodes":0,"vpn":0,"relay":0,"proxy":0,"hosting":0,"service":0}},"geometry":{"type":"Point","coordinates":[44.1129,41.98532]}},{"type":"Feature","properties":{"country_code":"GEO","city":"Akhmeta","geoname_id":"615844","h3_hexagon":590748631028465663,"h3_resolution":3,"downloaders":{"size":11,"mobile":0,"satellite":0,"tor":0,"tor_exit_nodes":0,"vpn":0,"relay":0,"proxy":0,"hosting":0,"service":0},"uploaders":{"size":3,"mobile":0,"satellite":0,"tor":0,"tor_exit_nodes":0,"vpn":0,"relay":0,"proxy":0,"hosting":0,"service":0}},"geometry":{"type":"Point","coordinates":[45.20804,42.03495]}},{"type":"Feature","properties":{"country_code":"GEO","city":"Sachkhere","geoname_id":"612256","h3_hexagon":590748837186895871,"h3_resolution":3,"downloaders":{"size":74,"mobile":0,"satellite":0,"tor":0,"tor_exit_nodes":0,"vpn":0,"relay":0,"proxy":0,"hosting":0,"service":0},"uploaders":{"size":22,"mobile":0,"satellite":0,"tor":0,"tor_exit_nodes":0,"vpn":0,"relay":0,"proxy":0,"hosting":0,"service":0}},"geometry":{"type":"Point","coordinates":[43.40575,42.33594]}},{"type":"Feature","properties":{"country_code":"TUR","city":"Cizre","geoname_id":"318253","h3_hexagon":590749112064802815,"h3_resolution":3,"downloaders":{"size":63,"mobile":0,"satellite":0,"tor":0,"tor_exit_nodes":0,"vpn":0,"relay":0,"proxy":0,"hosting":0,"service":0},"uploaders":{"size":3,"mobile":0,"satellite":0,"tor":0,"tor_exit_nodes":0,"vpn":0,"relay":0,"proxy":0,"hosting":0,"service":0}},"geometry":{"type":"Point","coordinates":[42.18484,37.33024]}},{"type":"Feature","properties":{"country_code":"TUR","city":"Siirt","geoname_id":"300822","h3_hexagon":590749180784279551,"h3_resolution":3,"downloaders":{"size":16,"mobile":1,"satellite":0,"tor":0,"tor_exit_nodes":0,"vpn":0,"relay":0,"proxy":0,"hosting":0,"service":0},"uploaders":{"size":3,"mobile":1,"satellite":0,"tor":0,"tor_exit_nodes":0,"vpn":0,"relay":0,"proxy":0,"hosting":0,"service":0}},"geometry":{"type":"Point","coordinates":[41.94134,37.9293]}},{"type":"Feature","properties":{"country_code":"KAZ","city":"Bautino","geoname_id":"610398","h3_hexagon":590750486454337535,"h3_resolution":3,"downloaders":{"size":3,"mobile":0,"satellite":0,"tor":0,"tor_exit_nodes":0,"vpn":0,"relay":0,"proxy":0,"hosting":0,"service":0},"uploaders":{"size":3,"mobile":0,"satellite":0,"tor":0,"tor_exit_nodes":0,"vpn":0,"relay":0,"proxy":0,"hosting":0,"service":0}},"geometry":{"type":"Point","coordinates":[50.24629,44.54479]}},{"type":"Feature","properties":{"country_code":"KAZ","city":"Qulsary","geoname_id":"609123","h3_hexagon":590750898771197951,"h3_resolution":3,"downloaders":{"size":31,"mobile":0,"satellite":0,"tor":0,"tor_exit_nodes":0,"vpn":0,"relay":0,"proxy":0,"hosting":0,"service":0},"uploaders":{"size":11,"mobile":0,"satellite":0,"tor":0,"tor_exit_nodes":0,"vpn":0,"relay":0,"proxy":0,"hosting":0,"service":0}},"geometry":{"type":"Point","coordinates":[54.01978,46.95307]}},{"type":"Feature","properties":{"country_code":"IRQ","city":"Nasiriyah","geoname_id":"98854","h3_hexagon":590754884500848639,"h3_resolution":3,"downloaders":{"size":180,"mobile":0,"satellite":0,"tor":0,"tor_exit_nodes":0,"vpn":1,"relay":0,"proxy":0,"hosting":0,"service":0},"uploaders":{"size":3,"mobile":0,"satellite":0,"tor":0,"tor_exit_nodes":0,"vpn":0,"relay":0,"proxy":0,"hosting":0,"service":0}},"geometry":{"type":"Point","coordinates":[46.25726,31.05799]}},{"type":"Feature","properties":{"country_code":"IRN","city":"Mahājerān","geoname_id":"6746932","h3_hexagon":590755365537185791,"h3_resolution":3,"downloaders":{"size":9,"mobile":0,"satellite":0,"tor":0,"tor_exit_nodes":0,"vpn":0,"relay":0,"proxy":0,"hosting":0,"service":0},"uploaders":{"size":3,"mobile":0,"satellite":0,"tor":0,"tor_exit_nodes":0,"vpn":0,"relay":0,"proxy":0,"hosting":0,"service":0}},"geometry":{"type":"Point","coordinates":[49.43498,34.05042]}},{"type":"Feature","properties":{"country_code":"IRN","city":"Ahvaz","geoname_id":"144448","h3_hexagon":590756465048813567,"h3_resolution":3,"downloaders":{"size":25,"mobile":19,"satellite":0,"tor":0,"tor_exit_nodes":0,"vpn":0,"relay":0,"proxy":0,"hosting":1,"service":0},"uploaders":{"size":13,"mobile":11,"satellite":0,"tor":0,"tor_exit_nodes":0,"vpn":0,"relay":0,"proxy":0,"hosting":0,"service":0}},"geometry":{"type":"Point","coordinates":[48.6842,31.31901]}},{"type":"Feature","properties":{"country_code":"IRQ","city":"Al Ḩillah","geoname_id":"99347","h3_hexagon":590756808646197247,"h3_resolution":3,"downloaders":{"size":289,"mobile":2,"satellite":0,"tor":0,"tor_exit_nodes":0,"vpn":0,"relay":0,"proxy":0,"hosting":0,"service":0},"uploaders":{"size":14,"mobile":0,"satellite":0,"tor":0,"tor_exit_nodes":0,"vpn":0,"relay":0,"proxy":0,"hosting":0,"service":0}},"geometry":{"type":"Point","coordinates":[44.41963,32.46367]}},{"type":"Feature","properties":{"country_code":"IRQ","city":"Hīt","geoname_id":"95788","h3_hexagon":590756946085150719,"h3_resolution":3,"downloaders":{"size":21,"mobile":0,"satellite":0,"tor":0,"tor_exit_nodes":0,"vpn":0,"relay":0,"proxy":0,"hosting":0,"service":0},"uploaders":{"size":4,"mobile":0,"satellite":0,"tor":0,"tor_exit_nodes":0,"vpn":0,"relay":0,"proxy":0,"hosting":0,"service":0}},"geometry":{"type":"Point","coordinates":[42.82768,33.63664]}},{"type":"Feature","properties":{"country_code":"IRN","city":"Qom","geoname_id":"119208","h3_hexagon":590762306204336127,"h3_resolution":3,"downloaders":{"size":20,"mobile":0,"satellite":0,"tor":0,"tor_exit_nodes":0,"vpn":1,"relay":0,"proxy":0,"hosting":0,"service":0},"uploaders":{"size":11,"mobile":0,"satellite":0,"tor":0,"tor_exit_nodes":0,"vpn":0,"relay":0,"proxy":0,"hosting":0,"service":0}},"geometry":{"type":"Point","coordinates":[50.8764,34.6401]}},{"type":"Feature","properties":{"country_code":"TUR","city":"Çankırı","geoname_id":"749748","h3_hexagon":590763680593870847,"h3_resolution":3,"downloaders":{"size":115,"mobile":1,"satellite":0,"tor":0,"tor_exit_nodes":0,"vpn":0,"relay":0,"proxy":0,"hosting":0,"service":0},"uploaders":{"size":10,"mobile":0,"satellite":0,"tor":0,"tor_exit_nodes":0,"vpn":0,"relay":0,"proxy":0,"hosting":0,"service":0}},"geometry":{"type":"Point","coordinates":[33.6153,40.59995]}},{"type":"Feature","properties":{"country_code":"TUR","city":"Erzincan","geoname_id":"315373","h3_hexagon":590765123702882303,"h3_resolution":3,"downloaders":{"size":123,"mobile":0,"satellite":0,"tor":0,"tor_exit_nodes":0,"vpn":0,"relay":0,"proxy":0,"hosting":0,"service":0},"uploaders":{"size":3,"mobile":0,"satellite":0,"tor":0,"tor_exit_nodes":0,"vpn":0,"relay":0,"proxy":0,"hosting":0,"service":0}},"geometry":{"type":"Point","coordinates":[39.49015,39.73919]}},{"type":"Feature","properties":{"country_code":"TUR","city":"Doğanhisar","geoname_id":"316475","h3_hexagon":590766704250847231,"h3_resolution":3,"downloaders":{"size":7,"mobile":0,"satellite":0,"tor":0,"tor_exit_nodes":0,"vpn":0,"relay":0,"proxy":0,"hosting":0,"service":0},"uploaders":{"size":4,"mobile":0,"satellite":0,"tor":0,"tor_exit_nodes":0,"vpn":0,"relay":0,"proxy":0,"hosting":0,"service":0}},"geometry":{"type":"Point","coordinates":[31.67648,38.1463]}},{"type":"Feature","properties":{"country_code":"RUS","city":"Svetlograd","geoname_id":"485698","h3_hexagon":590769590468870143,"h3_resolution":3,"downloaders":{"size":21,"mobile":0,"satellite":0,"tor":0,"tor_exit_nodes":0,"vpn":2,"relay":0,"proxy":0,"hosting":0,"service":0},"uploaders":{"size":5,"mobile":0,"satellite":0,"tor":0,"tor_exit_nodes":0,"vpn":0,"relay":0,"proxy":0,"hosting":0,"service":0}},"geometry":{"type":"Point","coordinates":[42.8562,45.32736]}},{"type":"Feature","properties":{"country_code":"UKR","city":"Kryva Luka","geoname_id":"704046","h3_hexagon":590769934066253823,"h3_resolution":3,"downloaders":{"size":21,"mobile":0,"satellite":0,"tor":0,"tor_exit_nodes":0,"vpn":0,"relay":0,"proxy":0,"hosting":0,"service":0},"uploaders":{"size":9,"mobile":0,"satellite":0,"tor":0,"tor_exit_nodes":0,"vpn":0,"relay":0,"proxy":0,"hosting":0,"service":0}},"geometry":{"type":"Point","coordinates":[37.90327,48.87382]}},{"type":"Feature","properties":{"country_code":"RUS","city":"Milyutinskaya","geoname_id":"526504","h3_hexagon":590770552541544447,"h3_resolution":3,"downloaders":{"size":11,"mobile":0,"satellite":0,"tor":0,"tor_exit_nodes":0,"vpn":0,"relay":0,"proxy":0,"hosting":0,"service":0},"uploaders":{"size":5,"mobile":0,"satellite":0,"tor":0,"tor_exit_nodes":0,"vpn":0,"relay":0,"proxy":0,"hosting":0,"service":0}},"geometry":{"type":"Point","coordinates":[41.66941,48.62823]}},{"type":"Feature","properties":{"country_code":"RUS","city":"Serafimovich","geoname_id":"496957","h3_hexagon":590770621261021183,"h3_resolution":3,"downloaders":{"size":12,"mobile":0,"satellite":0,"tor":0,"tor_exit_nodes":0,"vpn":0,"relay":0,"proxy":0,"hosting":0,"service":0},"uploaders":{"size":7,"mobile":0,"satellite":0,"tor":0,"tor_exit_nodes":0,"vpn":0,"relay":0,"proxy":0,"hosting":0,"service":0}},"geometry":{"type":"Point","coordinates":[42.73227,49.57572]}},{"type":"Feature","properties":{"country_code":"UKR","city":"Shchyolkino","geoname_id":"700551","h3_hexagon":590771239736311807,"h3_resolution":3,"downloaders":{"size":44,"mobile":0,"satellite":0,"tor":0,"tor_exit_nodes":0,"vpn":0,"relay":0,"proxy":0,"hosting":0,"service":0},"uploaders":{"size":13,"mobile":0,"satellite":0,"tor":0,"tor_exit_nodes":0,"vpn":0,"relay":0,"proxy":0,"hosting":0,"service":0}},"geometry":{"type":"Point","coordinates":[35.8225,45.42985]}},{"type":"Feature","properties":{"country_code":"TUR","city":"Adıyaman","geoname_id":"325330","h3_hexagon":590774881868578815,"h3_resolution":3,"downloaders":{"size":62,"mobile":0,"satellite":0,"tor":0,"tor_exit_nodes":0,"vpn":0,"relay":0,"proxy":0,"hosting":0,"service":0},"uploaders":{"size":9,"mobile":0,"satellite":0,"tor":0,"tor_exit_nodes":0,"vpn":0,"relay":0,"proxy":0,"hosting":0,"service":0}},"geometry":{"type":"Point","coordinates":[38.27629,37.76441]}},{"type":"Feature","properties":{"country_code":"SYR","city":"Ar Raqqah","geoname_id":"172955","h3_hexagon":590774950588055551,"h3_resolution":3,"downloaders":{"size":3,"mobile":0,"satellite":0,"tor":0,"tor_exit_nodes":0,"vpn":0,"relay":0,"proxy":0,"hosting":0,"service":0},"uploaders":{"size":3,"mobile":0,"satellite":0,"tor":0,"tor_exit_nodes":0,"vpn":0,"relay":0,"proxy":0,"hosting":0,"service":0}},"geometry":{"type":"Point","coordinates":[39.00788,35.95283]}},{"type":"Feature","properties":{"country_code":"JPN","city":"Ōsaki","geoname_id":"6822188","h3_hexagon":590781685096775679,"h3_resolution":3,"downloaders":{"size":12,"mobile":4,"satellite":0,"tor":0,"tor_exit_nodes":0,"vpn":0,"relay":0,"proxy":0,"hosting":0,"service":0},"uploaders":{"size":5,"mobile":2,"satellite":0,"tor":0,"tor_exit_nodes":0,"vpn":0,"relay":0,"proxy":0,"hosting":0,"service":0}},"geometry":{"type":"Point","coordinates":[140.973,38.58866]}},{"type":"Feature","properties":{"country_code":"JPN","city":"Obanazawa","geoname_id":"2111559","h3_hexagon":590781753816252415,"h3_resolution":3,"downloaders":{"size":12,"mobile":0,"satellite":0,"tor":0,"tor_exit_nodes":0,"vpn":0,"relay":0,"proxy":0,"hosting":0,"service":0},"uploaders":{"size":6,"mobile":0,"satellite":0,"tor":0,"tor_exit_nodes":0,"vpn":0,"relay":0,"proxy":0,"hosting":0,"service":0}},"geometry":{"type":"Point","coordinates":[140.40194,38.60333]}},{"type":"Feature","properties":{"country_code":"JPN","city":"Morioka","geoname_id":"2111834","h3_hexagon":590781822535729151,"h3_resolution":3,"downloaders":{"size":66,"mobile":9,"satellite":0,"tor":0,"tor_exit_nodes":0,"vpn":0,"relay":0,"proxy":0,"hosting":0,"service":0},"uploaders":{"size":12,"mobile":1,"satellite":0,"tor":0,"tor_exit_nodes":0,"vpn":0,"relay":0,"proxy":0,"hosting":0,"service":0}},"geometry":{"type":"Point","coordinates":[141.15,39.7]}},{"type":"Feature","properties":{"country_code":"JPN","city":"Asahikawa","geoname_id":"2130629","h3_hexagon":590782647169449983,"h3_resolution":3,"downloaders":{"size":42,"mobile":4,"satellite":0,"tor":0,"tor_exit_nodes":0,"vpn":0,"relay":0,"proxy":0,"hosting":0,"service":0},"uploaders":{"size":6,"mobile":0,"satellite":0,"tor":0,"tor_exit_nodes":0,"vpn":0,"relay":0,"proxy":0,"hosting":0,"service":0}},"geometry":{"type":"Point","coordinates":[142.36489,43.77063]}},{"type":"Feature","properties":{"country_code":"JPN","city":"Misawa","geoname_id":"2129211","h3_hexagon":590782853327880191,"h3_resolution":3,"downloaders":{"size":19,"mobile":0,"satellite":0,"tor":0,"tor_exit_nodes":0,"vpn":0,"relay":0,"proxy":0,"hosting":0,"service":0},"uploaders":{"size":5,"mobile":0,"satellite":0,"tor":0,"tor_exit_nodes":0,"vpn":0,"relay":0,"proxy":0,"hosting":0,"service":0}},"geometry":{"type":"Point","coordinates":[141.38969,40.68682]}},{"type":"Feature","properties":{"country_code":"JPN","city":"Obihiro","geoname_id":"2128815","h3_hexagon":590782922047356927,"h3_resolution":3,"downloaders":{"size":25,"mobile":13,"satellite":0,"tor":0,"tor_exit_nodes":0,"vpn":0,"relay":0,"proxy":0,"hosting":0,"service":0},"uploaders":{"size":3,"mobile":3,"satellite":0,"tor":0,"tor_exit_nodes":0,"vpn":0,"relay":0,"proxy":0,"hosting":0,"service":0}},"geometry":{"type":"Point","coordinates":[143.20444,42.91722]}},{"type":"Feature","properties":{"country_code":"JPN","city":"Minokamo","geoname_id":"6822217","h3_hexagon":590787594971774975,"h3_resolution":3,"downloaders":{"size":17,"mobile":0,"satellite":0,"tor":0,"tor_exit_nodes":0,"vpn":5,"relay":0,"proxy":0,"hosting":0,"service":5},"uploaders":{"size":3,"mobile":0,"satellite":0,"tor":0,"tor_exit_nodes":0,"vpn":1,"relay":0,"proxy":0,"hosting":0,"service":1}},"geometry":{"type":"Point","coordinates":[137.02166,35.48199]}},{"type":"Feature","properties":{"country_code":"JPN","city":"Matsue","geoname_id":"1857550","h3_hexagon":590788213447065599,"h3_resolution":3,"downloaders":{"size":52,"mobile":11,"satellite":0,"tor":0,"tor_exit_nodes":0,"vpn":0,"relay":0,"proxy":0,"hosting":0,"service":0},"uploaders":{"size":4,"mobile":1,"satellite":0,"tor":0,"tor_exit_nodes":0,"vpn":0,"relay":0,"proxy":0,"hosting":0,"service":0}},"geometry":{"type":"Point","coordinates":[133.05,35.48333]}},{"type":"Feature","properties":{"country_code":"JPN","city":"Tottori-shi","geoname_id":"1849892","h3_hexagon":590788419605495807,"h3_resolution":3,"downloaders":{"size":32,"mobile":5,"satellite":0,"tor":0,"tor_exit_nodes":0,"vpn":0,"relay":0,"proxy":0,"hosting":0,"service":0},"uploaders":{"size":9,"mobile":2,"satellite":0,"tor":0,"tor_exit_nodes":0,"vpn":0,"relay":0,"proxy":0,"hosting":0,"service":0}},"geometry":{"type":"Point","coordinates":[134.23333,35.5]}},{"type":"Feature","properties":{"country_code":"RUS","city":"Nevel’sk","geoname_id":"2122894","h3_hexagon":590790275031367679,"h3_resolution":3,"downloaders":{"size":19,"mobile":0,"satellite":0,"tor":0,"tor_exit_nodes":0,"vpn":0,"relay":0,"proxy":0,"hosting":0,"service":0},"uploaders":{"size":11,"mobile":0,"satellite":0,"tor":0,"tor_exit_nodes":0,"vpn":0,"relay":0,"proxy":0,"hosting":0,"service":0}},"geometry":{"type":"Point","coordinates":[141.85587,46.67956]}},{"type":"Feature","properties":{"country_code":"RUS","city":"Poronaysk","geoname_id":"2121909","h3_hexagon":590791374542995455,"h3_resolution":3,"downloaders":{"size":11,"mobile":0,"satellite":0,"tor":0,"tor_exit_nodes":0,"vpn":0,"relay":0,"proxy":0,"hosting":0,"service":0},"uploaders":{"size":7,"mobile":0,"satellite":0,"tor":0,"tor_exit_nodes":0,"vpn":0,"relay":0,"proxy":0,"hosting":0,"service":0}},"geometry":{"type":"Point","coordinates":[143.0912,49.22045]}},{"type":"Feature","properties":{"country_code":"RUS","city":"Preobrazheniye","geoname_id":"2017658","h3_hexagon":590797009540087807,"h3_resolution":3,"downloaders":{"size":5,"mobile":0,"satellite":0,"tor":0,"tor_exit_nodes":0,"vpn":0,"relay":0,"proxy":0,"hosting":0,"service":0},"uploaders":{"size":4,"mobile":0,"satellite":0,"tor":0,"tor_exit_nodes":0,"vpn":0,"relay":0,"proxy":0,"hosting":0,"service":0}},"geometry":{"type":"Point","coordinates":[133.90422,42.90091]}},{"type":"Feature","properties":{"country_code":"CHN","city":"Kangqiao","geoname_id":"7843648","h3_hexagon":590826696354037759,"h3_resolution":3,"downloaders":{"size":21,"mobile":0,"satellite":0,"tor":0,"tor_exit_nodes":0,"vpn":0,"relay":0,"proxy":0,"hosting":0,"service":0},"uploaders":{"size":3,"mobile":0,"satellite":0,"tor":0,"tor_exit_nodes":0,"vpn":0,"relay":0,"proxy":0,"hosting":0,"service":0}},"geometry":{"type":"Point","coordinates":[121.56856,31.12931]}},{"type":"Feature","properties":{"country_code":"CHN","city":"Nantong","geoname_id":"1799722","h3_hexagon":590826833792991231,"h3_resolution":3,"downloaders":{"size":116,"mobile":0,"satellite":0,"tor":0,"tor_exit_nodes":0,"vpn":0,"relay":0,"proxy":0,"hosting":0,"service":0},"uploaders":{"size":6,"mobile":0,"satellite":0,"tor":0,"tor_exit_nodes":0,"vpn":0,"relay":0,"proxy":0,"hosting":0,"service":0}},"geometry":{"type":"Point","coordinates":[120.87472,32.03028]}},{"type":"Feature","properties":{"country_code":"JPN","city":"Yamaguchi","geoname_id":"1848689","h3_hexagon":590829994888921087,"h3_resolution":3,"downloaders":{"size":38,"mobile":14,"satellite":0,"tor":0,"tor_exit_nodes":0,"vpn":0,"relay":0,"proxy":0,"hosting":0,"service":0},"uploaders":{"size":11,"mobile":7,"satellite":0,"tor":0,"tor_exit_nodes":0,"vpn":0,"relay":0,"proxy":0,"hosting":0,"service":0}},"geometry":{"type":"Point","coordinates":[131.46667,34.18333]}},{"type":"Feature","properties":{"country_code":"CHN","city":"Tieling","geoname_id":"2034439","h3_hexagon":590834392935432191,"h3_resolution":3,"downloaders":{"size":7,"mobile":0,"satellite":0,"tor":0,"tor_exit_nodes":0,"vpn":0,"relay":0,"proxy":0,"hosting":0,"service":0},"uploaders":{"size":4,"mobile":0,"satellite":0,"tor":0,"tor_exit_nodes":0,"vpn":0,"relay":0,"proxy":0,"hosting":0,"service":0}},"geometry":{"type":"Point","coordinates":[123.84139,42.29306]}},{"type":"Feature","properties":{"country_code":"RUS","city":"Slavyanka","geoname_id":"2016430","h3_hexagon":590841196163629055,"h3_resolution":3,"downloaders":{"size":6,"mobile":0,"satellite":0,"tor":0,"tor_exit_nodes":0,"vpn":0,"relay":0,"proxy":0,"hosting":0,"service":0},"uploaders":{"size":5,"mobile":0,"satellite":0,"tor":0,"tor_exit_nodes":0,"vpn":0,"relay":0,"proxy":0,"hosting":0,"service":0}},"geometry":{"type":"Point","coordinates":[131.38919,42.86242]}},{"type":"Feature","properties":{"country_code":"CHN","city":"Handan","geoname_id":"1808963","h3_hexagon":590844494698512383,"h3_resolution":3,"downloaders":{"size":12,"mobile":0,"satellite":0,"tor":0,"tor_exit_nodes":0,"vpn":0,"relay":0,"proxy":0,"hosting":0,"service":0},"uploaders":{"size":7,"mobile":0,"satellite":0,"tor":0,"tor_exit_nodes":0,"vpn":0,"relay":0,"proxy":0,"hosting":0,"service":0}},"geometry":{"type":"Point","coordinates":[114.48764,36.60999]}},{"type":"Feature","properties":{"country_code":"PRT","city":"Almagreira","geoname_id":"3373361","h3_hexagon":590888750041530367,"h3_resolution":3,"downloaders":{"size":21,"mobile":0,"satellite":0,"tor":0,"tor_exit_nodes":0,"vpn":0,"relay":0,"proxy":0,"hosting":0,"service":0},"uploaders":{"size":5,"mobile":0,"satellite":0,"tor":0,"tor_exit_nodes":0,"vpn":0,"relay":0,"proxy":0,"hosting":0,"service":0}},"geometry":{"type":"Point","coordinates":[-25.10815,36.96523]}},{"type":"Feature","properties":{"country_code":"PRT","city":"Velas","geoname_id":"3372485","h3_hexagon":590889986992111615,"h3_resolution":3,"downloaders":{"size":14,"mobile":0,"satellite":0,"tor":0,"tor_exit_nodes":0,"vpn":0,"relay":0,"proxy":0,"hosting":0,"service":0},"uploaders":{"size":7,"mobile":0,"satellite":0,"tor":0,"tor_exit_nodes":0,"vpn":0,"relay":0,"proxy":0,"hosting":0,"service":0}},"geometry":{"type":"Point","coordinates":[-28.20909,38.68182]}},{"type":"Feature","properties":{"country_code":"ESP","city":"Adra","geoname_id":"2522430","h3_hexagon":590959393663614975,"h3_resolution":3,"downloaders":{"size":13,"mobile":6,"satellite":0,"tor":0,"tor_exit_nodes":0,"vpn":0,"relay":0,"proxy":0,"hosting":0,"service":0},"uploaders":{"size":5,"mobile":3,"satellite":0,"tor":0,"tor_exit_nodes":0,"vpn":0,"relay":0,"proxy":0,"hosting":0,"service":0}},"geometry":{"type":"Point","coordinates":[-3.02076,36.74831]}},{"type":"Feature","properties":{"country_code":"DZA","city":"Ténès","geoname_id":"2477148","h3_hexagon":590959805980475391,"h3_resolution":3,"downloaders":{"size":5,"mobile":3,"satellite":0,"tor":0,"tor_exit_nodes":0,"vpn":0,"relay":0,"proxy":0,"hosting":0,"service":0},"uploaders":{"size":3,"mobile":1,"satellite":0,"tor":0,"tor_exit_nodes":0,"vpn":0,"relay":0,"proxy":0,"hosting":0,"service":0}},"geometry":{"type":"Point","coordinates":[1.30809,36.51076]}},{"type":"Feature","properties":{"country_code":"DZA","city":"Mostaganem","geoname_id":"2487134","h3_hexagon":590959943419428863,"h3_resolution":3,"downloaders":{"size":13,"mobile":5,"satellite":0,"tor":0,"tor_exit_nodes":0,"vpn":0,"relay":0,"proxy":0,"hosting":0,"service":0},"uploaders":{"size":3,"mobile":1,"satellite":0,"tor":0,"tor_exit_nodes":0,"vpn":0,"relay":0,"proxy":0,"hosting":0,"service":0}},"geometry":{"type":"Point","coordinates":[0.08918,35.93115]}},{"type":"Feature","properties":{"country_code":"DZA","city":"Khenchela","geoname_id":"2491889","h3_hexagon":590961455247917055,"h3_resolution":3,"downloaders":{"size":7,"mobile":0,"satellite":0,"tor":0,"tor_exit_nodes":0,"vpn":0,"relay":0,"proxy":0,"hosting":0,"service":0},"uploaders":{"size":3,"mobile":0,"satellite":0,"tor":0,"tor_exit_nodes":0,"vpn":0,"relay":0,"proxy":0,"hosting":0,"service":0}},"geometry":{"type":"Point","coordinates":[7.14333,35.43583]}},{"type":"Feature","properties":{"country_code":"DZA","city":"Touggourt","geoname_id":"2475475","h3_hexagon":590962279881637887,"h3_resolution":3,"downloaders":{"size":4,"mobile":0,"satellite":0,"tor":0,"tor_exit_nodes":0,"vpn":0,"relay":0,"proxy":0,"hosting":0,"service":0},"uploaders":{"size":3,"mobile":0,"satellite":0,"tor":0,"tor_exit_nodes":0,"vpn":0,"relay":0,"proxy":0,"hosting":0,"service":0}},"geometry":{"type":"Point","coordinates":[6.07,33.11083]}},{"type":"Feature","properties":{"country_code":"ITA","city":"Carbonia","geoname_id":"2525362","h3_hexagon":590963722990649343,"h3_resolution":3,"downloaders":{"size":19,"mobile":0,"satellite":0,"tor":0,"tor_exit_nodes":0,"vpn":0,"relay":0,"proxy":0,"hosting":0,"service":0},"uploaders":{"size":6,"mobile":0,"satellite":0,"tor":0,"tor_exit_nodes":0,"vpn":0,"relay":0,"proxy":0,"hosting":0,"service":0}},"geometry":{"type":"Point","coordinates":[8.5213,39.16465]}},{"type":"Feature","properties":{"country_code":"ITA","city":"Mazara del Vallo","geoname_id":"2524205","h3_hexagon":590963997868556287,"h3_resolution":3,"downloaders":{"size":12,"mobile":1,"satellite":0,"tor":0,"tor_exit_nodes":0,"vpn":0,"relay":0,"proxy":0,"hosting":0,"service":0},"uploaders":{"size":3,"mobile":1,"satellite":0,"tor":0,"tor_exit_nodes":0,"vpn":0,"relay":0,"proxy":0,"hosting":0,"service":0}},"geometry":{"type":"Point","coordinates":[12.58986,37.65535]}},{"type":"Feature","properties":{"country_code":"ITA","city":"Marsala","geoname_id":"2524245","h3_hexagon":590964272746463231,"h3_resolution":3,"downloaders":{"size":19,"mobile":4,"satellite":0,"tor":0,"tor_exit_nodes":0,"vpn":0,"relay":0,"proxy":0,"hosting":0,"service":0},"uploaders":{"size":4,"mobile":1,"satellite":0,"tor":0,"tor_exit_nodes":0,"vpn":0,"relay":0,"proxy":0,"hosting":0,"service":0}},"geometry":{"type":"Point","coordinates":[12.4367,37.7992]}},{"type":"Feature","properties":{"country_code":"DZA","city":"Zeribet el Oued","geoname_id":"2474506","h3_hexagon":590964685063323647,"h3_resolution":3,"downloaders":{"size":10,"mobile":0,"satellite":0,"tor":0,"tor_exit_nodes":0,"vpn":0,"relay":0,"proxy":0,"hosting":0,"service":0},"uploaders":{"size":6,"mobile":0,"satellite":0,"tor":0,"tor_exit_nodes":0,"vpn":0,"relay":0,"proxy":0,"hosting":0,"service":0}},"geometry":{"type":"Point","coordinates":[6.51109,34.68284]}},{"type":"Feature","properties":{"country_code":"IND","city":"Muzaffarpur","geoname_id":"1262330","h3_hexagon":591028319298781183,"h3_resolution":3,"downloaders":{"size":49,"mobile":44,"satellite":0,"tor":0,"tor_exit_nodes":0,"vpn":0,"relay":0,"proxy":0,"hosting":0,"service":0},"uploaders":{"size":5,"mobile":4,"satellite":0,"tor":0,"tor_exit_nodes":0,"vpn":0,"relay":0,"proxy":0,"hosting":0,"service":0}},"geometry":{"type":"Point","coordinates":[85.39055,26.12259]}},{"type":"Feature","properties":{"country_code":"IND","city":"Saraiya","geoname_id":"10834311","h3_hexagon":591028388018257919,"h3_resolution":3,"downloaders":{"size":3,"mobile":0,"satellite":0,"tor":0,"tor_exit_nodes":0,"vpn":0,"relay":0,"proxy":0,"hosting":0,"service":0},"uploaders":{"size":3,"mobile":0,"satellite":0,"tor":0,"tor_exit_nodes":0,"vpn":0,"relay":0,"proxy":0,"hosting":0,"service":0}},"geometry":{"type":"Point","coordinates":[84.0816,24.80118]}},{"type":"Feature","properties":{"country_code":"IND","city":"Gorakhpur","geoname_id":"1270927","h3_hexagon":591028525457211391,"h3_resolution":3,"downloaders":{"size":40,"mobile":15,"satellite":0,"tor":0,"tor_exit_nodes":0,"vpn":0,"relay":0,"proxy":0,"hosting":1,"service":0},"uploaders":{"size":4,"mobile":3,"satellite":0,"tor":0,"tor_exit_nodes":0,"vpn":0,"relay":0,"proxy":0,"hosting":0,"service":0}},"geometry":{"type":"Point","coordinates":[83.36889,26.76628]}},{"type":"Feature","properties":{"country_code":"NPL","city":"Biratnagar","geoname_id":"1283582","h3_hexagon":591028800335118335,"h3_resolution":3,"downloaders":{"size":91,"mobile":0,"satellite":0,"tor":0,"tor_exit_nodes":0,"vpn":0,"relay":0,"proxy":0,"hosting":0,"service":0},"uploaders":{"size":63,"mobile":0,"satellite":0,"tor":0,"tor_exit_nodes":0,"vpn":0,"relay":0,"proxy":0,"hosting":0,"service":0}},"geometry":{"type":"Point","coordinates":[87.27007,26.45505]}},{"type":"Feature","properties":{"country_code":"IND","city":"Bhāgalpur","geoname_id":"1276300","h3_hexagon":591028937774071807,"h3_resolution":3,"downloaders":{"size":73,"mobile":1,"satellite":0,"tor":0,"tor_exit_nodes":0,"vpn":0,"relay":0,"proxy":0,"hosting":0,"service":0},"uploaders":{"size":10,"mobile":1,"satellite":0,"tor":0,"tor_exit_nodes":0,"vpn":0,"relay":0,"proxy":0,"hosting":0,"service":0}},"geometry":{"type":"Point","coordinates":[86.97183,25.24446]}},{"type":"Feature","properties":{"country_code":"IND","city":"Dārjiling","geoname_id":"1273467","h3_hexagon":591029143932502015,"h3_resolution":3,"downloaders":{"size":14,"mobile":0,"satellite":0,"tor":0,"tor_exit_nodes":0,"vpn":0,"relay":0,"proxy":0,"hosting":0,"service":0},"uploaders":{"size":11,"mobile":0,"satellite":0,"tor":0,"tor_exit_nodes":0,"vpn":0,"relay":0,"proxy":0,"hosting":0,"service":0}},"geometry":{"type":"Point","coordinates":[88.26667,27.03333]}},{"type":"Feature","properties":{"country_code":"IND","city":"Samāstipur","geoname_id":"1257551","h3_hexagon":591029212651978751,"h3_resolution":3,"downloaders":{"size":13,"mobile":7,"satellite":0,"tor":0,"tor_exit_nodes":0,"vpn":0,"relay":0,"proxy":0,"hosting":0,"service":0},"uploaders":{"size":5,"mobile":4,"satellite":0,"tor":0,"tor_exit_nodes":0,"vpn":0,"relay":0,"proxy":0,"hosting":0,"service":0}},"geometry":{"type":"Point","coordinates":[85.77953,25.86222]}},{"type":"Feature","properties":{"country_code":"IND","city":"Tinsukia","geoname_id":"1254432","h3_hexagon":591033335820582911,"h3_resolution":3,"downloaders":{"size":7,"mobile":1,"satellite":0,"tor":0,"tor_exit_nodes":0,"vpn":0,"relay":0,"proxy":0,"hosting":0,"service":0},"uploaders":{"size":3,"mobile":0,"satellite":0,"tor":0,"tor_exit_nodes":0,"vpn":0,"relay":0,"proxy":0,"hosting":0,"service":0}},"geometry":{"type":"Point","coordinates":[95.35992,27.48905]}},{"type":"Feature","properties":{"country_code":"IND","city":"Kharagpur","geoname_id":"1266976","h3_hexagon":591036840513896447,"h3_resolution":3,"downloaders":{"size":21,"mobile":1,"satellite":0,"tor":0,"tor_exit_nodes":0,"vpn":0,"relay":0,"proxy":0,"hosting":9,"service":0},"uploaders":{"size":8,"mobile":0,"satellite":0,"tor":0,"tor_exit_nodes":0,"vpn":0,"relay":0,"proxy":0,"hosting":4,"service":0}},"geometry":{"type":"Point","coordinates":[87.32501,22.33971]}},{"type":"Feature","properties":{"country_code":"IND","city":"Mandapeta","geoname_id":"1263898","h3_hexagon":591037184111280127,"h3_resolution":3,"downloaders":{"size":3,"mobile":0,"satellite":0,"tor":0,"tor_exit_nodes":0,"vpn":0,"relay":0,"proxy":0,"hosting":0,"service":0},"uploaders":{"size":3,"mobile":0,"satellite":0,"tor":0,"tor_exit_nodes":0,"vpn":0,"relay":0,"proxy":0,"hosting":0,"service":0}},"geometry":{"type":"Point","coordinates":[81.92921,16.86254]}},{"type":"Feature","properties":{"country_code":"IND","city":"Ambikāpur","geoname_id":"1278827","h3_hexagon":591038352342384639,"h3_resolution":3,"downloaders":{"size":5,"mobile":1,"satellite":0,"tor":0,"tor_exit_nodes":0,"vpn":0,"relay":0,"proxy":0,"hosting":0,"service":0},"uploaders":{"size":4,"mobile":1,"satellite":0,"tor":0,"tor_exit_nodes":0,"vpn":0,"relay":0,"proxy":0,"hosting":0,"service":0}},"geometry":{"type":"Point","coordinates":[83.19537,23.11892]}},{"type":"Feature","properties":{"country_code":"IND","city":"Rewa","geoname_id":"1258182","h3_hexagon":591038421061861375,"h3_resolution":3,"downloaders":{"size":16,"mobile":0,"satellite":0,"tor":0,"tor_exit_nodes":0,"vpn":0,"relay":0,"proxy":0,"hosting":0,"service":0},"uploaders":{"size":4,"mobile":0,"satellite":0,"tor":0,"tor_exit_nodes":0,"vpn":0,"relay":0,"proxy":0,"hosting":0,"service":0}},"geometry":{"type":"Point","coordinates":[81.29234,24.53256]}},{"type":"Feature","properties":{"country_code":"IND","city":"Jamshedpur","geoname_id":"1269300","h3_hexagon":591038902098198527,"h3_resolution":3,"downloaders":{"size":217,"mobile":18,"satellite":0,"tor":0,"tor_exit_nodes":0,"vpn":0,"relay":0,"proxy":0,"hosting":0,"service":0},"uploaders":{"size":31,"mobile":2,"satellite":0,"tor":0,"tor_exit_nodes":0,"vpn":0,"relay":0,"proxy":0,"hosting":0,"service":0}},"geometry":{"type":"Point","coordinates":[86.18545,22.80278]}},{"type":"Feature","properties":{"country_code":"IND","city":"Islamnagar Aliganj","geoname_id":"12523076","h3_hexagon":591039039537151999,"h3_resolution":3,"downloaders":{"size":6,"mobile":0,"satellite":0,"tor":0,"tor_exit_nodes":0,"vpn":0,"relay":0,"proxy":0,"hosting":0,"service":0},"uploaders":{"size":4,"mobile":0,"satellite":0,"tor":0,"tor_exit_nodes":0,"vpn":0,"relay":0,"proxy":0,"hosting":0,"service":0}},"geometry":{"type":"Point","coordinates":[85.92577,24.94416]}},{"type":"Feature","properties":{"country_code":"IND","city":"Bhilai","geoname_id":"1275971","h3_hexagon":591039245695582207,"h3_resolution":3,"downloaders":{"size":27,"mobile":0,"satellite":0,"tor":0,"tor_exit_nodes":0,"vpn":0,"relay":0,"proxy":0,"hosting":0,"service":0},"uploaders":{"size":5,"mobile":0,"satellite":0,"tor":0,"tor_exit_nodes":0,"vpn":0,"relay":0,"proxy":0,"hosting":0,"service":0}},"geometry":{"type":"Point","coordinates":[81.4285,21.20919]}},{"type":"Feature","properties":{"country_code":"IND","city":"Kānker","geoname_id":"1268031","h3_hexagon":591039451854012415,"h3_resolution":3,"downloaders":{"size":9,"mobile":0,"satellite":0,"tor":0,"tor_exit_nodes":0,"vpn":0,"relay":0,"proxy":0,"hosting":0,"service":0},"uploaders":{"size":4,"mobile":0,"satellite":0,"tor":0,"tor_exit_nodes":0,"vpn":0,"relay":0,"proxy":0,"hosting":0,"service":0}},"geometry":{"type":"Point","coordinates":[81.49177,20.27193]}},{"type":"Feature","properties":{"country_code":"IND","city":"Tumsar","geoname_id":"1254080","h3_hexagon":591039520573489151,"h3_resolution":3,"downloaders":{"size":5,"mobile":0,"satellite":0,"tor":0,"tor_exit_nodes":0,"vpn":0,"relay":0,"proxy":0,"hosting":0,"service":0},"uploaders":{"size":5,"mobile":0,"satellite":0,"tor":0,"tor_exit_nodes":0,"vpn":0,"relay":0,"proxy":0,"hosting":0,"service":0}},"geometry":{"type":"Point","coordinates":[79.73333,21.38333]}},{"type":"Feature","properties":{"country_code":"IND","city":"Silchar","geoname_id":"1256287","h3_hexagon":591040688804593663,"h3_resolution":3,"downloaders":{"size":34,"mobile":4,"satellite":0,"tor":0,"tor_exit_nodes":0,"vpn":0,"relay":0,"proxy":0,"hosting":0,"service":0},"uploaders":{"size":9,"mobile":1,"satellite":0,"tor":0,"tor_exit_nodes":0,"vpn":0,"relay":0,"proxy":0,"hosting":0,"service":0}},"geometry":{"type":"Point","coordinates":[92.79787,24.82733]}},{"type":"Feature","properties":{"country_code":"MMR","city":"Pyin Oo Lwin","geoname_id":"1309937","h3_hexagon":591041101121454079,"h3_resolution":3,"downloaders":{"size":60,"mobile":29,"satellite":0,"tor":0,"tor_exit_nodes":0,"vpn":0,"relay":0,"proxy":0,"hosting":0,"service":0},"uploaders":{"size":35,"mobile":21,"satellite":0,"tor":0,"tor_exit_nodes":0,"vpn":0,"relay":0,"proxy":0,"hosting":0,"service":0}},"geometry":{"type":"Point","coordinates":[96.45683,22.03501]}},{"type":"Feature","properties":{"country_code":"BGD","city":"Burhānuddin","geoname_id":"1210565","h3_hexagon":591041788316221439,"h3_resolution":3,"downloaders":{"size":12,"mobile":0,"satellite":0,"tor":0,"tor_exit_nodes":0,"vpn":3,"relay":0,"proxy":0,"hosting":0,"service":0},"uploaders":{"size":6,"mobile":0,"satellite":0,"tor":0,"tor_exit_nodes":0,"vpn":0,"relay":0,"proxy":0,"hosting":0,"service":0}},"geometry":{"type":"Point","coordinates":[90.72391,22.49518]}},{"type":"Feature","properties":{"country_code":"BGD","city":"Teknāf","geoname_id":"1185095","h3_hexagon":591042406791512063,"h3_resolution":3,"downloaders":{"size":5,"mobile":0,"satellite":0,"tor":0,"tor_exit_nodes":0,"vpn":0,"relay":0,"proxy":0,"hosting":0,"service":0},"uploaders":{"size":3,"mobile":0,"satellite":0,"tor":0,"tor_exit_nodes":0,"vpn":0,"relay":0,"proxy":0,"hosting":0,"service":0}},"geometry":{"type":"Point","coordinates":[92.29773,20.85829]}},{"type":"Feature","properties":{"country_code":"IND","city":"Bongaigaon","geoname_id":"1275321","h3_hexagon":591042544230465535,"h3_resolution":3,"downloaders":{"size":64,"mobile":2,"satellite":0,"tor":0,"tor_exit_nodes":0,"vpn":0,"relay":0,"proxy":0,"hosting":0,"service":0},"uploaders":{"size":13,"mobile":0,"satellite":0,"tor":0,"tor_exit_nodes":0,"vpn":0,"relay":0,"proxy":0,"hosting":0,"service":0}},"geometry":{"type":"Point","coordinates":[90.55815,26.47703]}},{"type":"Feature","properties":{"country_code":"IND","city":"Tezpur","geoname_id":"1254710","h3_hexagon":591043368864186367,"h3_resolution":3,"downloaders":{"size":29,"mobile":3,"satellite":0,"tor":0,"tor_exit_nodes":0,"vpn":0,"relay":0,"proxy":0,"hosting":0,"service":0},"uploaders":{"size":6,"mobile":1,"satellite":0,"tor":0,"tor_exit_nodes":0,"vpn":0,"relay":0,"proxy":0,"hosting":0,"service":0}},"geometry":{"type":"Point","coordinates":[92.8,26.63333]}},{"type":"Feature","properties":{"country_code":"PAK","city":"Skardu","geoname_id":"1164709","h3_hexagon":591047354593837055,"h3_resolution":3,"downloaders":{"size":38,"mobile":0,"satellite":0,"tor":0,"tor_exit_nodes":0,"vpn":0,"relay":0,"proxy":0,"hosting":0,"service":0},"uploaders":{"size":9,"mobile":0,"satellite":0,"tor":0,"tor_exit_nodes":0,"vpn":0,"relay":0,"proxy":0,"hosting":0,"service":0}},"geometry":{"type":"Point","coordinates":[75.63372,35.29787]}},{"type":"Feature","properties":{"country_code":"IND","city":"Gwalior","geoname_id":"1270583","h3_hexagon":591053539346743295,"h3_resolution":3,"downloaders":{"size":15,"mobile":3,"satellite":0,"tor":0,"tor_exit_nodes":0,"vpn":0,"relay":0,"proxy":0,"hosting":0,"service":0},"uploaders":{"size":6,"mobile":2,"satellite":0,"tor":0,"tor_exit_nodes":0,"vpn":0,"relay":0,"proxy":0,"hosting":0,"service":0}},"geometry":{"type":"Point","coordinates":[78.17337,26.22983]}},{"type":"Feature","properties":{"country_code":"IND","city":"Satna","geoname_id":"1257022","h3_hexagon":591054226541510655,"h3_resolution":3,"downloaders":{"size":4,"mobile":0,"satellite":0,"tor":0,"tor_exit_nodes":0,"vpn":0,"relay":0,"proxy":0,"hosting":0,"service":0},"uploaders":{"size":3,"mobile":0,"satellite":0,"tor":0,"tor_exit_nodes":0,"vpn":0,"relay":0,"proxy":0,"hosting":0,"service":0}},"geometry":{"type":"Point","coordinates":[80.82719,24.57726]}},{"type":"Feature","properties":{"country_code":"IND","city":"Bānda","geoname_id":"1277397","h3_hexagon":591054501419417599,"h3_resolution":3,"downloaders":{"size":14,"mobile":14,"satellite":0,"tor":0,"tor_exit_nodes":0,"vpn":0,"relay":0,"proxy":0,"hosting":0,"service":0},"uploaders":{"size":3,"mobile":3,"satellite":0,"tor":0,"tor_exit_nodes":0,"vpn":0,"relay":0,"proxy":0,"hosting":0,"service":0}},"geometry":{"type":"Point","coordinates":[80.33491,25.47758]}},{"type":"Feature","properties":{"country_code":"IND","city":"Murwāra","geoname_id":"1262395","h3_hexagon":591055257333661695,"h3_resolution":3,"downloaders":{"size":10,"mobile":5,"satellite":0,"tor":0,"tor_exit_nodes":0,"vpn":0,"relay":0,"proxy":0,"hosting":0,"service":0},"uploaders":{"size":5,"mobile":5,"satellite":0,"tor":0,"tor_exit_nodes":0,"vpn":0,"relay":0,"proxy":0,"hosting":0,"service":0}},"geometry":{"type":"Point","coordinates":[80.39405,23.83776]}},{"type":"Feature","properties":{"country_code":"IND","city":"Narsimhapur","geoname_id":"1261754","h3_hexagon":591055326053138431,"h3_resolution":3,"downloaders":{"size":67,"mobile":0,"satellite":0,"tor":0,"tor_exit_nodes":0,"vpn":0,"relay":0,"proxy":0,"hosting":0,"service":0},"uploaders":{"size":51,"mobile":0,"satellite":0,"tor":0,"tor_exit_nodes":0,"vpn":0,"relay":0,"proxy":0,"hosting":0,"service":0}},"geometry":{"type":"Point","coordinates":[79.18357,22.94936]}},{"type":"Feature","properties":{"country_code":"IND","city":"Mathura","geoname_id":"1263364","h3_hexagon":591055944528429055,"h3_resolution":3,"downloaders":{"size":21,"mobile":0,"satellite":0,"tor":0,"tor_exit_nodes":0,"vpn":0,"relay":0,"proxy":0,"hosting":10,"service":0},"uploaders":{"size":8,"mobile":0,"satellite":0,"tor":0,"tor_exit_nodes":0,"vpn":0,"relay":0,"proxy":0,"hosting":4,"service":0}},"geometry":{"type":"Point","coordinates":[77.67215,27.5035]}},{"type":"Feature","properties":{"country_code":"IND","city":"Sīkar","geoname_id":"1256320","h3_hexagon":591056150686859263,"h3_resolution":3,"downloaders":{"size":13,"mobile":1,"satellite":0,"tor":0,"tor_exit_nodes":0,"vpn":0,"relay":0,"proxy":0,"hosting":2,"service":0},"uploaders":{"size":4,"mobile":1,"satellite":0,"tor":0,"tor_exit_nodes":0,"vpn":0,"relay":0,"proxy":0,"hosting":1,"service":0}},"geometry":{"type":"Point","coordinates":[75.13996,27.61206]}},{"type":"Feature","properties":{"country_code":"IND","city":"Bareilly","geoname_id":"1277013","h3_hexagon":591056288125812735,"h3_resolution":3,"downloaders":{"size":29,"mobile":0,"satellite":0,"tor":0,"tor_exit_nodes":0,"vpn":0,"relay":0,"proxy":0,"hosting":0,"service":0},"uploaders":{"size":20,"mobile":0,"satellite":0,"tor":0,"tor_exit_nodes":0,"vpn":0,"relay":0,"proxy":0,"hosting":0,"service":0}},"geometry":{"type":"Point","coordinates":[79.43167,28.36678]}},{"type":"Feature","properties":{"country_code":"IND","city":"Haldwani","geoname_id":"1270498","h3_hexagon":591056631723196415,"h3_resolution":3,"downloaders":{"size":63,"mobile":52,"satellite":0,"tor":0,"tor_exit_nodes":0,"vpn":0,"relay":0,"proxy":0,"hosting":3,"service":0},"uploaders":{"size":12,"mobile":10,"satellite":0,"tor":0,"tor_exit_nodes":0,"vpn":0,"relay":0,"proxy":0,"hosting":0,"service":0}},"geometry":{"type":"Point","coordinates":[79.5286,29.22254]}},{"type":"Feature","properties":{"country_code":"IND","city":"Bhilwara","geoname_id":"1275960","h3_hexagon":591056837881626623,"h3_resolution":3,"downloaders":{"size":20,"mobile":7,"satellite":0,"tor":0,"tor_exit_nodes":0,"vpn":0,"relay":0,"proxy":0,"hosting":0,"service":0},"uploaders":{"size":4,"mobile":1,"satellite":0,"tor":0,"tor_exit_nodes":0,"vpn":0,"relay":0,"proxy":0,"hosting":0,"service":0}},"geometry":{"type":"Point","coordinates":[74.64081,25.34707]}},{"type":"Feature","properties":{"country_code":"IND","city":"Chittorgarh","geoname_id":"1274040","h3_hexagon":591056975320580095,"h3_resolution":3,"downloaders":{"size":3,"mobile":0,"satellite":0,"tor":0,"tor_exit_nodes":0,"vpn":0,"relay":0,"proxy":0,"hosting":0,"service":0},"uploaders":{"size":3,"mobile":0,"satellite":0,"tor":0,"tor_exit_nodes":0,"vpn":0,"relay":0,"proxy":0,"hosting":0,"service":0}},"geometry":{"type":"Point","coordinates":[74.62403,24.88963]}},{"type":"Feature","properties":{"country_code":"IND","city":"Ajmer","geoname_id":"1279159","h3_hexagon":591057181479010303,"h3_resolution":3,"downloaders":{"size":12,"mobile":0,"satellite":0,"tor":0,"tor_exit_nodes":0,"vpn":0,"relay":0,"proxy":0,"hosting":6,"service":0},"uploaders":{"size":6,"mobile":0,"satellite":0,"tor":0,"tor_exit_nodes":0,"vpn":0,"relay":0,"proxy":0,"hosting":4,"service":0}},"geometry":{"type":"Point","coordinates":[74.63867,26.4521]}},{"type":"Feature","properties":{"country_code":"EGY","city":"Sohag","geoname_id":"347796","h3_hexagon":591066870925230079,"h3_resolution":3,"downloaders":{"size":33,"mobile":0,"satellite":0,"tor":0,"tor_exit_nodes":0,"vpn":0,"relay":0,"proxy":0,"hosting":0,"service":0},"uploaders":{"size":13,"mobile":0,"satellite":0,"tor":0,"tor_exit_nodes":0,"vpn":0,"relay":0,"proxy":0,"hosting":0,"service":0}},"geometry":{"type":"Point","coordinates":[31.69478,26.55695]}},{"type":"Feature","properties":{"country_code":"EGY","city":"Qina","geoname_id":"350550","h3_hexagon":591066939644706815,"h3_resolution":3,"downloaders":{"size":19,"mobile":0,"satellite":0,"tor":0,"tor_exit_nodes":0,"vpn":0,"relay":0,"proxy":0,"hosting":0,"service":0},"uploaders":{"size":3,"mobile":0,"satellite":0,"tor":0,"tor_exit_nodes":0,"vpn":0,"relay":0,"proxy":0,"hosting":0,"service":0}},"geometry":{"type":"Point","coordinates":[32.72671,26.16418]}},{"type":"Feature","properties":{"country_code":"EGY","city":"Assiut","geoname_id":"359783","h3_hexagon":591067145803137023,"h3_resolution":3,"downloaders":{"size":35,"mobile":0,"satellite":0,"tor":0,"tor_exit_nodes":0,"vpn":0,"relay":0,"proxy":0,"hosting":0,"service":0},"uploaders":{"size":6,"mobile":0,"satellite":0,"tor":0,"tor_exit_nodes":0,"vpn":0,"relay":0,"proxy":0,"hosting":0,"service":0}},"geometry":{"type":"Point","coordinates":[31.18368,27.18096]}},{"type":"Feature","properties":{"country_code":"EGY","city":"Damietta","geoname_id":"358048","h3_hexagon":591069207387439103,"h3_resolution":3,"downloaders":{"size":27,"mobile":0,"satellite":0,"tor":0,"tor_exit_nodes":0,"vpn":0,"relay":0,"proxy":0,"hosting":0,"service":0},"uploaders":{"size":5,"mobile":0,"satellite":0,"tor":0,"tor_exit_nodes":0,"vpn":0,"relay":0,"proxy":0,"hosting":0,"service":0}},"geometry":{"type":"Point","coordinates":[31.81332,31.41648]}},{"type":"Feature","properties":{"country_code":"LBY","city":"Qaryat Sulūq","geoname_id":"81604","h3_hexagon":591081783051681791,"h3_resolution":3,"downloaders":{"size":4,"mobile":0,"satellite":0,"tor":0,"tor_exit_nodes":0,"vpn":0,"relay":0,"proxy":0,"hosting":0,"service":0},"uploaders":{"size":3,"mobile":0,"satellite":0,"tor":0,"tor_exit_nodes":0,"vpn":0,"relay":0,"proxy":0,"hosting":0,"service":0}},"geometry":{"type":"Point","coordinates":[20.25205,31.66818]}},{"type":"Feature","properties":{"country_code":"ITA","city":"Gela","geoname_id":"2524653","h3_hexagon":591083501038600191,"h3_resolution":3,"downloaders":{"size":17,"mobile":4,"satellite":0,"tor":0,"tor_exit_nodes":0,"vpn":0,"relay":0,"proxy":0,"hosting":0,"service":0},"uploaders":{"size":3,"mobile":1,"satellite":0,"tor":0,"tor_exit_nodes":0,"vpn":0,"relay":0,"proxy":0,"hosting":0,"service":0}},"geometry":{"type":"Point","coordinates":[14.24038,37.07381]}},{"type":"Feature","properties":{"country_code":"TUR","city":"Kınık","geoname_id":"307795","h3_hexagon":591084669269704703,"h3_resolution":3,"downloaders":{"size":3,"mobile":3,"satellite":0,"tor":0,"tor_exit_nodes":0,"vpn":0,"relay":0,"proxy":0,"hosting":0,"service":0},"uploaders":{"size":3,"mobile":3,"satellite":0,"tor":0,"tor_exit_nodes":0,"vpn":0,"relay":0,"proxy":0,"hosting":0,"service":0}},"geometry":{"type":"Point","coordinates":[29.32132,36.34947]}},{"type":"Feature","properties":{"country_code":"LBY","city":"Tobruk","geoname_id":"81302","h3_hexagon":591085562622902271,"h3_resolution":3,"downloaders":{"size":11,"mobile":0,"satellite":0,"tor":0,"tor_exit_nodes":0,"vpn":0,"relay":0,"proxy":0,"hosting":0,"service":0},"uploaders":{"size":3,"mobile":0,"satellite":0,"tor":0,"tor_exit_nodes":0,"vpn":0,"relay":0,"proxy":0,"hosting":0,"service":0}},"geometry":{"type":"Point","coordinates":[23.95385,32.08963]}},{"type":"Feature","properties":{"country_code":"EGY","city":"Idkū","geoname_id":"355628","h3_hexagon":591086043659239423,"h3_resolution":3,"downloaders":{"size":4,"mobile":0,"satellite":0,"tor":0,"tor_exit_nodes":0,"vpn":0,"relay":0,"proxy":0,"hosting":0,"service":0},"uploaders":{"size":3,"mobile":0,"satellite":0,"tor":0,"tor_exit_nodes":0,"vpn":0,"relay":0,"proxy":0,"hosting":0,"service":0}},"geometry":{"type":"Point","coordinates":[30.2981,31.3073]}},{"type":"Feature","properties":{"country_code":"TUR","city":"Gazipaşa","geoname_id":"314812","h3_hexagon":591087143170867199,"h3_resolution":3,"downloaders":{"size":21,"mobile":1,"satellite":0,"tor":0,"tor_exit_nodes":0,"vpn":0,"relay":0,"proxy":0,"hosting":0,"service":0},"uploaders":{"size":7,"mobile":0,"satellite":0,"tor":0,"tor_exit_nodes":0,"vpn":0,"relay":0,"proxy":0,"hosting":0,"service":0}},"geometry":{"type":"Point","coordinates":[32.31792,36.26942]}},{"type":"Feature","properties":{"country_code":"TUR","city":"Finike","geoname_id":"314923","h3_hexagon":591087211890343935,"h3_resolution":3,"downloaders":{"size":9,"mobile":9,"satellite":0,"tor":0,"tor_exit_nodes":0,"vpn":0,"relay":0,"proxy":0,"hosting":0,"service":0},"uploaders":{"size":6,"mobile":6,"satellite":0,"tor":0,"tor_exit_nodes":0,"vpn":0,"relay":0,"proxy":0,"hosting":0,"service":0}},"geometry":{"type":"Point","coordinates":[30.14056,36.295]}},{"type":"Feature","properties":{"country_code":"GRC","city":"Tálanta","geoname_id":"253057","h3_hexagon":591088036524064767,"h3_resolution":3,"downloaders":{"size":5,"mobile":0,"satellite":0,"tor":0,"tor_exit_nodes":0,"vpn":0,"relay":0,"proxy":0,"hosting":0,"service":0},"uploaders":{"size":3,"mobile":0,"satellite":0,"tor":0,"tor_exit_nodes":0,"vpn":0,"relay":0,"proxy":0,"hosting":0,"service":0}},"geometry":{"type":"Point","coordinates":[22.93229,36.6678]}},{"type":"Feature","properties":{"country_code":"CHN","city":"Zunyi","geoname_id":"1783621","h3_hexagon":591098481884528639,"h3_resolution":3,"downloaders":{"size":4,"mobile":0,"satellite":0,"tor":0,"tor_exit_nodes":0,"vpn":0,"relay":0,"proxy":0,"hosting":0,"service":0},"uploaders":{"size":3,"mobile":0,"satellite":0,"tor":0,"tor_exit_nodes":0,"vpn":0,"relay":0,"proxy":0,"hosting":0,"service":0}},"geometry":{"type":"Point","coordinates":[106.90722,27.68667]}},{"type":"Feature","properties":{"country_code":"CHN","city":"Shanxi","geoname_id":"1928421","h3_hexagon":591098962920865791,"h3_resolution":3,"downloaders":{"size":133,"mobile":0,"satellite":0,"tor":0,"tor_exit_nodes":0,"vpn":0,"relay":0,"proxy":0,"hosting":0,"service":0},"uploaders":{"size":31,"mobile":0,"satellite":0,"tor":0,"tor_exit_nodes":0,"vpn":0,"relay":0,"proxy":0,"hosting":0,"service":0}},"geometry":{"type":"Point","coordinates":[110.95444,28.03167]}},{"type":"Feature","properties":{"country_code":"CHN","city":"Liuzhou","geoname_id":"1803300","h3_hexagon":591099787554586623,"h3_resolution":3,"downloaders":{"size":17,"mobile":0,"satellite":0,"tor":0,"tor_exit_nodes":0,"vpn":0,"relay":0,"proxy":0,"hosting":0,"service":0},"uploaders":{"size":3,"mobile":0,"satellite":0,"tor":0,"tor_exit_nodes":0,"vpn":0,"relay":0,"proxy":0,"hosting":0,"service":0}},"geometry":{"type":"Point","coordinates":[109.40698,24.32405]}},{"type":"Feature","properties":{"country_code":"CHN","city":"Guilin","geoname_id":"1809498","h3_hexagon":591099856274063359,"h3_resolution":3,"downloaders":{"size":7,"mobile":0,"satellite":0,"tor":0,"tor_exit_nodes":0,"vpn":0,"relay":0,"proxy":0,"hosting":0,"service":0},"uploaders":{"size":4,"mobile":0,"satellite":0,"tor":0,"tor_exit_nodes":0,"vpn":0,"relay":0,"proxy":0,"hosting":0,"service":0}},"geometry":{"type":"Point","coordinates":[110.29639,25.28022]}},{"type":"Feature","properties":{"country_code":"CHN","city":"Chenzhou","geoname_id":"1815059","h3_hexagon":591101093224644607,"h3_resolution":3,"downloaders":{"size":8,"mobile":0,"satellite":0,"tor":0,"tor_exit_nodes":0,"vpn":0,"relay":0,"proxy":0,"hosting":0,"service":0},"uploaders":{"size":4,"mobile":0,"satellite":0,"tor":0,"tor_exit_nodes":0,"vpn":0,"relay":0,"proxy":0,"hosting":0,"service":0}},"geometry":{"type":"Point","coordinates":[113.03333,25.8]}},{"type":"Feature","properties":{"country_code":"CHN","city":"Luoyang","geoname_id":"1801792","h3_hexagon":591107484135981055,"h3_resolution":3,"downloaders":{"size":22,"mobile":0,"satellite":0,"tor":0,"tor_exit_nodes":0,"vpn":0,"relay":0,"proxy":0,"hosting":0,"service":0},"uploaders":{"size":8,"mobile":0,"satellite":0,"tor":0,"tor_exit_nodes":0,"vpn":0,"relay":0,"proxy":0,"hosting":0,"service":0}},"geometry":{"type":"Point","coordinates":[112.43684,34.67345]}},{"type":"Feature","properties":{"country_code":"CHN","city":"Jincheng","geoname_id":"1805741","h3_hexagon":591107621574934527,"h3_resolution":3,"downloaders":{"size":45,"mobile":0,"satellite":0,"tor":0,"tor_exit_nodes":0,"vpn":0,"relay":0,"proxy":0,"hosting":0,"service":0},"uploaders":{"size":8,"mobile":0,"satellite":0,"tor":0,"tor_exit_nodes":0,"vpn":0,"relay":0,"proxy":0,"hosting":0,"service":0}},"geometry":{"type":"Point","coordinates":[112.83278,35.50222]}},{"type":"Feature","properties":{"country_code":"CHN","city":"Neijiang","geoname_id":"1799491","h3_hexagon":591112912974643199,"h3_resolution":3,"downloaders":{"size":19,"mobile":0,"satellite":0,"tor":0,"tor_exit_nodes":0,"vpn":0,"relay":0,"proxy":0,"hosting":0,"service":0},"uploaders":{"size":6,"mobile":0,"satellite":0,"tor":0,"tor_exit_nodes":0,"vpn":0,"relay":0,"proxy":0,"hosting":0,"service":0}},"geometry":{"type":"Point","coordinates":[105.06216,29.58354]}},{"type":"Feature","properties":{"country_code":"CHN","city":"Puning","geoname_id":"1802940","h3_hexagon":591116211509526527,"h3_resolution":3,"downloaders":{"size":12,"mobile":12,"satellite":0,"tor":0,"tor_exit_nodes":0,"vpn":0,"relay":0,"proxy":0,"hosting":0,"service":0},"uploaders":{"size":3,"mobile":3,"satellite":0,"tor":0,"tor_exit_nodes":0,"vpn":0,"relay":0,"proxy":0,"hosting":0,"service":0}},"geometry":{"type":"Point","coordinates":[116.16869,23.31072]}},{"type":"Feature","properties":{"country_code":"CHN","city":"Changxing","geoname_id":"8333958","h3_hexagon":591116761265340415,"h3_resolution":3,"downloaders":{"size":30,"mobile":0,"satellite":0,"tor":0,"tor_exit_nodes":0,"vpn":0,"relay":0,"proxy":0,"hosting":0,"service":0},"uploaders":{"size":18,"mobile":0,"satellite":0,"tor":0,"tor_exit_nodes":0,"vpn":0,"relay":0,"proxy":0,"hosting":0,"service":0}},"geometry":{"type":"Point","coordinates":[113.34652,23.17837]}},{"type":"Feature","properties":{"country_code":"CHN","city":"Chengzhong","geoname_id":"6645597","h3_hexagon":591116829984817151,"h3_resolution":3,"downloaders":{"size":8,"mobile":0,"satellite":0,"tor":0,"tor_exit_nodes":0,"vpn":0,"relay":0,"proxy":0,"hosting":0,"service":0},"uploaders":{"size":4,"mobile":0,"satellite":0,"tor":0,"tor_exit_nodes":0,"vpn":0,"relay":0,"proxy":0,"hosting":0,"service":0}},"geometry":{"type":"Point","coordinates":[112.68764,23.34055]}},{"type":"Feature","properties":{"country_code":"VNM","city":"Lạng Sơn","geoname_id":"1576633","h3_hexagon":591120678275514367,"h3_resolution":3,"downloaders":{"size":6,"mobile":0,"satellite":0,"tor":0,"tor_exit_nodes":0,"vpn":0,"relay":0,"proxy":0,"hosting":0,"service":0},"uploaders":{"size":5,"mobile":0,"satellite":0,"tor":0,"tor_exit_nodes":0,"vpn":0,"relay":0,"proxy":0,"hosting":0,"service":0}},"geometry":{"type":"Point","coordinates":[106.76101,21.85264]}},{"type":"Feature","properties":{"country_code":"LAO","city":"Savannakhet","geoname_id":"1653316","h3_hexagon":591122602420862975,"h3_resolution":3,"downloaders":{"size":26,"mobile":21,"satellite":0,"tor":0,"tor_exit_nodes":0,"vpn":0,"relay":0,"proxy":0,"hosting":0,"service":0},"uploaders":{"size":8,"mobile":7,"satellite":0,"tor":0,"tor_exit_nodes":0,"vpn":0,"relay":0,"proxy":0,"hosting":0,"service":0}},"geometry":{"type":"Point","coordinates":[104.7622,16.5703]}},{"type":"Feature","properties":{"country_code":"CHN","city":"Sanya","geoname_id":"1796556","h3_hexagon":591123152176676863,"h3_resolution":3,"downloaders":{"size":28,"mobile":0,"satellite":0,"tor":0,"tor_exit_nodes":0,"vpn":0,"relay":0,"proxy":0,"hosting":0,"service":0},"uploaders":{"size":13,"mobile":0,"satellite":0,"tor":0,"tor_exit_nodes":0,"vpn":0,"relay":0,"proxy":0,"hosting":0,"service":0}},"geometry":{"type":"Point","coordinates":[109.50947,18.25435]}},{"type":"Feature","properties":{"country_code":"CHN","city":"Shangrao","geoname_id":"1787858","h3_hexagon":591124045529874431,"h3_resolution":3,"downloaders":{"size":12,"mobile":0,"satellite":0,"tor":0,"tor_exit_nodes":0,"vpn":0,"relay":0,"proxy":0,"hosting":0,"service":0},"uploaders":{"size":5,"mobile":0,"satellite":0,"tor":0,"tor_exit_nodes":0,"vpn":0,"relay":0,"proxy":0,"hosting":0,"service":0}},"geometry":{"type":"Point","coordinates":[117.94287,28.45179]}},{"type":"Feature","properties":{"country_code":"CHN","city":"Yiwu","geoname_id":"1814870","h3_hexagon":591125419919409151,"h3_resolution":3,"downloaders":{"size":27,"mobile":0,"satellite":0,"tor":0,"tor_exit_nodes":0,"vpn":0,"relay":0,"proxy":0,"hosting":0,"service":0},"uploaders":{"size":4,"mobile":0,"satellite":0,"tor":0,"tor_exit_nodes":0,"vpn":0,"relay":0,"proxy":0,"hosting":0,"service":0}},"geometry":{"type":"Point","coordinates":[120.07676,29.31506]}},{"type":"Feature","properties":{"country_code":"CHN","city":"Longyan","geoname_id":"1802276","h3_hexagon":591126175833653247,"h3_resolution":3,"downloaders":{"size":73,"mobile":0,"satellite":0,"tor":0,"tor_exit_nodes":0,"vpn":2,"relay":0,"proxy":0,"hosting":0,"service":0},"uploaders":{"size":4,"mobile":0,"satellite":0,"tor":0,"tor_exit_nodes":0,"vpn":0,"relay":0,"proxy":0,"hosting":0,"service":0}},"geometry":{"type":"Point","coordinates":[117.01775,25.07485]}},{"type":"Feature","properties":{"country_code":"PAK","city":"Dera Ghazi Khan","geoname_id":"1180289","h3_hexagon":591137102230454271,"h3_resolution":3,"downloaders":{"size":22,"mobile":20,"satellite":0,"tor":0,"tor_exit_nodes":0,"vpn":0,"relay":0,"proxy":0,"hosting":0,"service":0},"uploaders":{"size":8,"mobile":8,"satellite":0,"tor":0,"tor_exit_nodes":0,"vpn":0,"relay":0,"proxy":0,"hosting":0,"service":0}},"geometry":{"type":"Point","coordinates":[70.64029,30.04587]}},{"type":"Feature","properties":{"country_code":"IND","city":"Abohar","geoname_id":"1279403","h3_hexagon":591137651986268159,"h3_resolution":3,"downloaders":{"size":57,"mobile":0,"satellite":0,"tor":0,"tor_exit_nodes":0,"vpn":0,"relay":0,"proxy":0,"hosting":0,"service":0},"uploaders":{"size":3,"mobile":0,"satellite":0,"tor":0,"tor_exit_nodes":0,"vpn":0,"relay":0,"proxy":0,"hosting":0,"service":0}},"geometry":{"type":"Point","coordinates":[74.19552,30.14453]}},{"type":"Feature","properties":{"country_code":"IND","city":"Sirsa","geoname_id":"1256052","h3_hexagon":591137858144698367,"h3_resolution":3,"downloaders":{"size":18,"mobile":0,"satellite":0,"tor":0,"tor_exit_nodes":0,"vpn":0,"relay":0,"proxy":0,"hosting":4,"service":0},"uploaders":{"size":12,"mobile":0,"satellite":0,"tor":0,"tor_exit_nodes":0,"vpn":0,"relay":0,"proxy":0,"hosting":4,"service":0}},"geometry":{"type":"Point","coordinates":[75.02898,29.53489]}},{"type":"Feature","properties":{"country_code":"PAK","city":"Dera Ismail Khan","geoname_id":"1180281","h3_hexagon":591140263326384127,"h3_resolution":3,"downloaders":{"size":56,"mobile":5,"satellite":0,"tor":0,"tor_exit_nodes":0,"vpn":0,"relay":0,"proxy":0,"hosting":0,"service":0},"uploaders":{"size":26,"mobile":3,"satellite":0,"tor":0,"tor_exit_nodes":0,"vpn":0,"relay":0,"proxy":0,"hosting":0,"service":0}},"geometry":{"type":"Point","coordinates":[70.9017,31.83129]}},{"type":"Feature","properties":{"country_code":"PAK","city":"Quetta","geoname_id":"1167528","h3_hexagon":591140744362721279,"h3_resolution":3,"downloaders":{"size":67,"mobile":5,"satellite":0,"tor":0,"tor_exit_nodes":0,"vpn":0,"relay":0,"proxy":0,"hosting":0,"service":0},"uploaders":{"size":33,"mobile":0,"satellite":0,"tor":0,"tor_exit_nodes":0,"vpn":0,"relay":0,"proxy":0,"hosting":0,"service":0}},"geometry":{"type":"Point","coordinates":[67.00141,30.18414]}},{"type":"Feature","properties":{"country_code":"IND","city":"Jūnāgadh","geoname_id":"1268773","h3_hexagon":591146035762429951,"h3_resolution":3,"downloaders":{"size":18,"mobile":0,"satellite":0,"tor":0,"tor_exit_nodes":0,"vpn":0,"relay":0,"proxy":0,"hosting":0,"service":0},"uploaders":{"size":6,"mobile":0,"satellite":0,"tor":0,"tor_exit_nodes":0,"vpn":0,"relay":0,"proxy":0,"hosting":0,"service":0}},"geometry":{"type":"Point","coordinates":[70.45981,21.51966]}},{"type":"Feature","properties":{"country_code":"IND","city":"Bhuj","geoname_id":"1275812","h3_hexagon":591146173201383423,"h3_resolution":3,"downloaders":{"size":6,"mobile":1,"satellite":0,"tor":0,"tor_exit_nodes":0,"vpn":0,"relay":0,"proxy":0,"hosting":0,"service":0},"uploaders":{"size":3,"mobile":0,"satellite":0,"tor":0,"tor_exit_nodes":0,"vpn":0,"relay":0,"proxy":0,"hosting":0,"service":0}},"geometry":{"type":"Point","coordinates":[69.66928,23.25397]}},{"type":"Feature","properties":{"country_code":"IND","city":"Madhavkampa","geoname_id":"12172723","h3_hexagon":591146448079290367,"h3_resolution":3,"downloaders":{"size":8,"mobile":0,"satellite":0,"tor":0,"tor_exit_nodes":0,"vpn":0,"relay":0,"proxy":0,"hosting":0,"service":0},"uploaders":{"size":5,"mobile":0,"satellite":0,"tor":0,"tor_exit_nodes":0,"vpn":0,"relay":0,"proxy":0,"hosting":0,"service":0}},"geometry":{"type":"Point","coordinates":[73.22759,23.19148]}},{"type":"Feature","properties":{"country_code":"IND","city":"Gandhinagar","geoname_id":"1271715","h3_hexagon":591146722957197311,"h3_resolution":3,"downloaders":{"size":34,"mobile":0,"satellite":0,"tor":0,"tor_exit_nodes":0,"vpn":0,"relay":0,"proxy":0,"hosting":2,"service":0},"uploaders":{"size":17,"mobile":0,"satellite":0,"tor":0,"tor_exit_nodes":0,"vpn":0,"relay":0,"proxy":0,"hosting":0,"service":0}},"geometry":{"type":"Point","coordinates":[72.68333,23.21667]}},{"type":"Feature","properties":{"country_code":"IND","city":"Deesa","geoname_id":"1272513","h3_hexagon":591148853260976127,"h3_resolution":3,"downloaders":{"size":13,"mobile":0,"satellite":0,"tor":0,"tor_exit_nodes":0,"vpn":0,"relay":0,"proxy":0,"hosting":0,"service":0},"uploaders":{"size":7,"mobile":0,"satellite":0,"tor":0,"tor_exit_nodes":0,"vpn":0,"relay":0,"proxy":0,"hosting":0,"service":0}},"geometry":{"type":"Point","coordinates":[72.17928,24.25612]}},{"type":"Feature","properties":{"country_code":"USA","city":"Key West","geoname_id":"4160812","h3_hexagon":591169400384520191,"h3_resolution":3,"downloaders":{"size":21,"mobile":0,"satellite":0,"tor":0,"tor_exit_nodes":0,"vpn":0,"relay":0,"proxy":0,"hosting":0,"service":0},"uploaders":{"size":7,"mobile":0,"satellite":0,"tor":0,"tor_exit_nodes":0,"vpn":0,"relay":0,"proxy":0,"hosting":0,"service":0}},"geometry":{"type":"Point","coordinates":[-81.78163,24.55524]}},{"type":"Feature","properties":{"country_code":"CUB","city":"Havana","geoname_id":"3553478","h3_hexagon":591171324529868799,"h3_resolution":3,"downloaders":{"size":13,"mobile":0,"satellite":0,"tor":0,"tor_exit_nodes":0,"vpn":1,"relay":0,"proxy":0,"hosting":2,"service":1},"uploaders":{"size":6,"mobile":0,"satellite":0,"tor":0,"tor_exit_nodes":0,"vpn":1,"relay":0,"proxy":0,"hosting":2,"service":1}},"geometry":{"type":"Point","coordinates":[-82.38304,23.13302]}},{"type":"Feature","properties":{"country_code":"USA","city":"Pineville","geoname_id":"4337291","h3_hexagon":591172355322019839,"h3_resolution":3,"downloaders":{"size":20,"mobile":0,"satellite":0,"tor":0,"tor_exit_nodes":0,"vpn":0,"relay":0,"proxy":0,"hosting":0,"service":0},"uploaders":{"size":10,"mobile":0,"satellite":0,"tor":0,"tor_exit_nodes":0,"vpn":0,"relay":0,"proxy":0,"hosting":0,"service":0}},"geometry":{"type":"Point","coordinates":[-92.4343,31.3224]}},{"type":"Feature","properties":{"country_code":"USA","city":"Brookhaven","geoname_id":"4419500","h3_hexagon":591172424041496575,"h3_resolution":3,"downloaders":{"size":10,"mobile":0,"satellite":0,"tor":0,"tor_exit_nodes":0,"vpn":0,"relay":0,"proxy":0,"hosting":0,"service":0},"uploaders":{"size":6,"mobile":0,"satellite":0,"tor":0,"tor_exit_nodes":0,"vpn":0,"relay":0,"proxy":0,"hosting":0,"service":0}},"geometry":{"type":"Point","coordinates":[-90.44065,31.57906]}},{"type":"Feature","properties":{"country_code":"USA","city":"Natchez","geoname_id":"4437982","h3_hexagon":591172492760973311,"h3_resolution":3,"downloaders":{"size":6,"mobile":3,"satellite":0,"tor":0,"tor_exit_nodes":0,"vpn":0,"relay":0,"proxy":0,"hosting":0,"service":0},"uploaders":{"size":5,"mobile":3,"satellite":0,"tor":0,"tor_exit_nodes":0,"vpn":0,"relay":0,"proxy":0,"hosting":0,"service":0}},"geometry":{"type":"Point","coordinates":[-91.3642,31.5492]}},{"type":"Feature","properties":{"country_code":"USA","city":"Monroe","geoname_id":"4333669","h3_hexagon":591173248675217407,"h3_resolution":3,"downloaders":{"size":57,"mobile":0,"satellite":0,"tor":0,"tor_exit_nodes":0,"vpn":0,"relay":0,"proxy":0,"hosting":0,"service":0},"uploaders":{"size":8,"mobile":0,"satellite":0,"tor":0,"tor_exit_nodes":0,"vpn":0,"relay":0,"proxy":0,"hosting":0,"service":0}},"geometry":{"type":"Point","coordinates":[-92.1061,32.5286]}},{"type":"Feature","properties":{"country_code":"USA","city":"Clarksdale","geoname_id":"4421935","h3_hexagon":591174004589461503,"h3_resolution":3,"downloaders":{"size":13,"mobile":0,"satellite":0,"tor":0,"tor_exit_nodes":0,"vpn":0,"relay":0,"proxy":0,"hosting":0,"service":0},"uploaders":{"size":6,"mobile":0,"satellite":0,"tor":0,"tor_exit_nodes":0,"vpn":0,"relay":0,"proxy":0,"hosting":0,"service":0}},"geometry":{"type":"Point","coordinates":[-90.57093,34.20011]}},{"type":"Feature","properties":{"country_code":"USA","city":"Meridian","geoname_id":"4435764","h3_hexagon":591174348186845183,"h3_resolution":3,"downloaders":{"size":30,"mobile":0,"satellite":0,"tor":0,"tor_exit_nodes":0,"vpn":0,"relay":0,"proxy":0,"hosting":0,"service":0},"uploaders":{"size":7,"mobile":0,"satellite":0,"tor":0,"tor_exit_nodes":0,"vpn":0,"relay":0,"proxy":0,"hosting":0,"service":0}},"geometry":{"type":"Point","coordinates":[-88.656,32.3574]}},{"type":"Feature","properties":{"country_code":"USA","city":"Huntsville","geoname_id":"4699540","h3_hexagon":591175035381612543,"h3_resolution":3,"downloaders":{"size":18,"mobile":0,"satellite":0,"tor":0,"tor_exit_nodes":0,"vpn":0,"relay":0,"proxy":0,"hosting":0,"service":0},"uploaders":{"size":3,"mobile":0,"satellite":0,"tor":0,"tor_exit_nodes":0,"vpn":0,"relay":0,"proxy":0,"hosting":0,"service":0}},"geometry":{"type":"Point","coordinates":[-95.55078,30.72353]}},{"type":"Feature","properties":{"country_code":"USA","city":"Palestine","geoname_id":"4717232","h3_hexagon":591175104101089279,"h3_resolution":3,"downloaders":{"size":33,"mobile":0,"satellite":0,"tor":0,"tor_exit_nodes":0,"vpn":0,"relay":0,"proxy":0,"hosting":0,"service":0},"uploaders":{"size":19,"mobile":0,"satellite":0,"tor":0,"tor_exit_nodes":0,"vpn":0,"relay":0,"proxy":0,"hosting":0,"service":0}},"geometry":{"type":"Point","coordinates":[-95.8998,31.7929]}},{"type":"Feature","properties":{"country_code":"USA","city":"Islamorada","geoname_id":"4159839","h3_hexagon":591179227269693439,"h3_resolution":3,"downloaders":{"size":13,"mobile":0,"satellite":0,"tor":0,"tor_exit_nodes":0,"vpn":0,"relay":0,"proxy":0,"hosting":0,"service":0},"uploaders":{"size":5,"mobile":0,"satellite":0,"tor":0,"tor_exit_nodes":0,"vpn":0,"relay":0,"proxy":0,"hosting":0,"service":0}},"geometry":{"type":"Point","coordinates":[-80.62784,24.9243]}},{"type":"Feature","properties":{"country_code":"USA","city":"Cocoa","geoname_id":"4151440","h3_hexagon":591179639586553855,"h3_resolution":3,"downloaders":{"size":28,"mobile":0,"satellite":0,"tor":0,"tor_exit_nodes":0,"vpn":0,"relay":0,"proxy":0,"hosting":0,"service":0},"uploaders":{"size":7,"mobile":0,"satellite":0,"tor":0,"tor_exit_nodes":0,"vpn":0,"relay":0,"proxy":0,"hosting":0,"service":0}},"geometry":{"type":"Point","coordinates":[-80.742,28.38612]}},{"type":"Feature","properties":{"country_code":"USA","city":"Cypress Gardens","geoname_id":"4152628","h3_hexagon":591179777025507327,"h3_resolution":3,"downloaders":{"size":16,"mobile":0,"satellite":0,"tor":0,"tor_exit_nodes":0,"vpn":0,"relay":0,"proxy":0,"hosting":0,"service":0},"uploaders":{"size":7,"mobile":0,"satellite":0,"tor":0,"tor_exit_nodes":0,"vpn":0,"relay":0,"proxy":0,"hosting":0,"service":0}},"geometry":{"type":"Point","coordinates":[-81.69008,27.99391]}},{"type":"Feature","properties":{"country_code":"USA","city":"Walterboro","geoname_id":"4600065","h3_hexagon":591182250926669823,"h3_resolution":3,"downloaders":{"size":8,"mobile":0,"satellite":0,"tor":0,"tor_exit_nodes":0,"vpn":0,"relay":0,"proxy":0,"hosting":0,"service":0},"uploaders":{"size":3,"mobile":0,"satellite":0,"tor":0,"tor_exit_nodes":0,"vpn":0,"relay":0,"proxy":0,"hosting":0,"service":0}},"geometry":{"type":"Point","coordinates":[-80.66677,32.90517]}},{"type":"Feature","properties":{"country_code":"USA","city":"Manning","geoname_id":"4586196","h3_hexagon":591182388365623295,"h3_resolution":3,"downloaders":{"size":26,"mobile":0,"satellite":0,"tor":0,"tor_exit_nodes":0,"vpn":0,"relay":0,"proxy":0,"hosting":0,"service":0},"uploaders":{"size":8,"mobile":0,"satellite":0,"tor":0,"tor_exit_nodes":0,"vpn":0,"relay":0,"proxy":0,"hosting":0,"service":0}},"geometry":{"type":"Point","coordinates":[-80.21091,33.69516]}},{"type":"Feature","properties":{"country_code":"MEX","city":"Tulum","geoname_id":"3515040","h3_hexagon":591186442814750719,"h3_resolution":3,"downloaders":{"size":12,"mobile":0,"satellite":0,"tor":0,"tor_exit_nodes":0,"vpn":0,"relay":0,"proxy":0,"hosting":0,"service":0},"uploaders":{"size":3,"mobile":0,"satellite":0,"tor":0,"tor_exit_nodes":0,"vpn":0,"relay":0,"proxy":0,"hosting":0,"service":0}},"geometry":{"type":"Point","coordinates":[-87.46325,20.21173]}},{"type":"Feature","properties":{"country_code":"HND","city":"La Esperanza","geoname_id":"3607966","h3_hexagon":591187954643238911,"h3_resolution":3,"downloaders":{"size":9,"mobile":0,"satellite":0,"tor":0,"tor_exit_nodes":0,"vpn":0,"relay":0,"proxy":0,"hosting":0,"service":0},"uploaders":{"size":5,"mobile":0,"satellite":0,"tor":0,"tor_exit_nodes":0,"vpn":0,"relay":0,"proxy":0,"hosting":0,"service":0}},"geometry":{"type":"Point","coordinates":[-88.16725,14.30158]}},{"type":"Feature","properties":{"country_code":"HND","city":"Comayagua","geoname_id":"3613321","h3_hexagon":591188092082192383,"h3_resolution":3,"downloaders":{"size":16,"mobile":0,"satellite":0,"tor":0,"tor_exit_nodes":0,"vpn":0,"relay":0,"proxy":0,"hosting":0,"service":0},"uploaders":{"size":4,"mobile":0,"satellite":0,"tor":0,"tor_exit_nodes":0,"vpn":0,"relay":0,"proxy":0,"hosting":0,"service":0}},"geometry":{"type":"Point","coordinates":[-87.63968,14.45577]}},{"type":"Feature","properties":{"country_code":"BLZ","city":"Belmopan","geoname_id":"3582672","h3_hexagon":591188641838006271,"h3_resolution":3,"downloaders":{"size":61,"mobile":0,"satellite":0,"tor":0,"tor_exit_nodes":0,"vpn":0,"relay":0,"proxy":0,"hosting":52,"service":0},"uploaders":{"size":16,"mobile":0,"satellite":0,"tor":0,"tor_exit_nodes":0,"vpn":0,"relay":0,"proxy":0,"hosting":12,"service":0}},"geometry":{"type":"Point","coordinates":[-88.76401,17.25376]}},{"type":"Feature","properties":{"country_code":"HND","city":"Bonito Oriental","geoname_id":"3614705","h3_hexagon":591188779276959743,"h3_resolution":3,"downloaders":{"size":26,"mobile":0,"satellite":0,"tor":0,"tor_exit_nodes":0,"vpn":0,"relay":0,"proxy":0,"hosting":0,"service":0},"uploaders":{"size":11,"mobile":0,"satellite":0,"tor":0,"tor_exit_nodes":0,"vpn":0,"relay":0,"proxy":0,"hosting":0,"service":0}},"geometry":{"type":"Point","coordinates":[-85.73559,15.74765]}},{"type":"Feature","properties":{"country_code":"HND","city":"Coxen Hole","geoname_id":"3602736","h3_hexagon":591188847996436479,"h3_resolution":3,"downloaders":{"size":46,"mobile":0,"satellite":0,"tor":0,"tor_exit_nodes":0,"vpn":0,"relay":0,"proxy":0,"hosting":0,"service":0},"uploaders":{"size":13,"mobile":0,"satellite":0,"tor":0,"tor_exit_nodes":0,"vpn":0,"relay":0,"proxy":0,"hosting":0,"service":0}},"geometry":{"type":"Point","coordinates":[-86.53966,16.31553]}},{"type":"Feature","properties":{"country_code":"HND","city":"San José de Río Tinto","geoname_id":"3602066","h3_hexagon":591189054154866687,"h3_resolution":3,"downloaders":{"size":507,"mobile":0,"satellite":0,"tor":0,"tor_exit_nodes":0,"vpn":7,"relay":0,"proxy":0,"hosting":0,"service":7},"uploaders":{"size":108,"mobile":0,"satellite":0,"tor":0,"tor_exit_nodes":0,"vpn":1,"relay":0,"proxy":0,"hosting":0,"service":1}},"geometry":{"type":"Point","coordinates":[-85.7,14.93333]}},{"type":"Feature","properties":{"country_code":"MEX","city":"Cuauhtémoc","geoname_id":"4012406","h3_hexagon":591240112726081535,"h3_resolution":3,"downloaders":{"size":23,"mobile":0,"satellite":0,"tor":0,"tor_exit_nodes":0,"vpn":0,"relay":0,"proxy":0,"hosting":0,"service":0},"uploaders":{"size":9,"mobile":0,"satellite":0,"tor":0,"tor_exit_nodes":0,"vpn":0,"relay":0,"proxy":0,"hosting":0,"service":0}},"geometry":{"type":"Point","coordinates":[-106.86658,28.40688]}},{"type":"Feature","properties":{"country_code":"MEX","city":"Tecate","geoname_id":"3982266","h3_hexagon":591244373333639167,"h3_resolution":3,"downloaders":{"size":10,"mobile":0,"satellite":0,"tor":0,"tor_exit_nodes":0,"vpn":0,"relay":0,"proxy":0,"hosting":0,"service":0},"uploaders":{"size":3,"mobile":0,"satellite":0,"tor":0,"tor_exit_nodes":0,"vpn":0,"relay":0,"proxy":0,"hosting":0,"service":0}},"geometry":{"type":"Point","coordinates":[-116.63187,32.566]}},{"type":"Feature","properties":{"country_code":"MEX","city":"Puerto Peñasco","geoname_id":"3991347","h3_hexagon":591244716931022847,"h3_resolution":3,"downloaders":{"size":20,"mobile":0,"satellite":0,"tor":0,"tor_exit_nodes":0,"vpn":0,"relay":0,"proxy":0,"hosting":0,"service":0},"uploaders":{"size":3,"mobile":0,"satellite":0,"tor":0,"tor_exit_nodes":0,"vpn":0,"relay":0,"proxy":0,"hosting":0,"service":0}},"geometry":{"type":"Point","coordinates":[-113.53799,31.31716]}},{"type":"Feature","properties":{"country_code":"MEX","city":"Piedras Negras","geoname_id":"3992619","h3_hexagon":591247122112708607,"h3_resolution":3,"downloaders":{"size":42,"mobile":0,"satellite":0,"tor":0,"tor_exit_nodes":0,"vpn":0,"relay":0,"proxy":0,"hosting":0,"service":0},"uploaders":{"size":5,"mobile":0,"satellite":0,"tor":0,"tor_exit_nodes":0,"vpn":0,"relay":0,"proxy":0,"hosting":0,"service":0}},"geometry":{"type":"Point","coordinates":[-100.52353,28.70007]}},{"type":"Feature","properties":{"country_code":"USA","city":"Del Rio","geoname_id":"5520076","h3_hexagon":591248015465906175,"h3_resolution":3,"downloaders":{"size":16,"mobile":0,"satellite":0,"tor":0,"tor_exit_nodes":0,"vpn":0,"relay":0,"proxy":0,"hosting":0,"service":0},"uploaders":{"size":4,"mobile":0,"satellite":0,"tor":0,"tor_exit_nodes":0,"vpn":0,"relay":0,"proxy":0,"hosting":0,"service":0}},"geometry":{"type":"Point","coordinates":[-100.8932,29.4102]}},{"type":"Feature","properties":{"country_code":"USA","city":"Kerrville","geoname_id":"4703078","h3_hexagon":591249046258057215,"h3_resolution":3,"downloaders":{"size":16,"mobile":0,"satellite":0,"tor":0,"tor_exit_nodes":0,"vpn":0,"relay":0,"proxy":0,"hosting":0,"service":0},"uploaders":{"size":3,"mobile":0,"satellite":0,"tor":0,"tor_exit_nodes":0,"vpn":0,"relay":0,"proxy":0,"hosting":0,"service":0}},"geometry":{"type":"Point","coordinates":[-99.14032,30.04743]}},{"type":"Feature","properties":{"country_code":"USA","city":"Alamogordo","geoname_id":"5454627","h3_hexagon":591251588878696447,"h3_resolution":3,"downloaders":{"size":13,"mobile":0,"satellite":0,"tor":0,"tor_exit_nodes":0,"vpn":0,"relay":0,"proxy":0,"hosting":0,"service":0},"uploaders":{"size":7,"mobile":0,"satellite":0,"tor":0,"tor_exit_nodes":0,"vpn":0,"relay":0,"proxy":0,"hosting":0,"service":0}},"geometry":{"type":"Point","coordinates":[-105.96027,32.89953]}},{"type":"Feature","properties":{"country_code":"USA","city":"Ganado","geoname_id":"5295585","h3_hexagon":591252207353987071,"h3_resolution":3,"downloaders":{"size":14,"mobile":0,"satellite":0,"tor":0,"tor_exit_nodes":0,"vpn":0,"relay":0,"proxy":0,"hosting":0,"service":0},"uploaders":{"size":8,"mobile":0,"satellite":0,"tor":0,"tor_exit_nodes":0,"vpn":0,"relay":0,"proxy":0,"hosting":0,"service":0}},"geometry":{"type":"Point","coordinates":[-109.54205,35.7114]}},{"type":"Feature","properties":{"country_code":"USA","city":"Roswell","geoname_id":"5488441","h3_hexagon":591252550951370751,"h3_resolution":3,"downloaders":{"size":9,"mobile":0,"satellite":0,"tor":0,"tor_exit_nodes":0,"vpn":0,"relay":0,"proxy":0,"hosting":0,"service":0},"uploaders":{"size":4,"mobile":0,"satellite":0,"tor":0,"tor_exit_nodes":0,"vpn":0,"relay":0,"proxy":0,"hosting":0,"service":0}},"geometry":{"type":"Point","coordinates":[-104.52491,33.39437]}},{"type":"Feature","properties":{"country_code":"USA","city":"Wolfforth","geoname_id":"5534109","h3_hexagon":591252688390324223,"h3_resolution":3,"downloaders":{"size":19,"mobile":0,"satellite":0,"tor":0,"tor_exit_nodes":0,"vpn":0,"relay":0,"proxy":0,"hosting":0,"service":0},"uploaders":{"size":7,"mobile":0,"satellite":0,"tor":0,"tor_exit_nodes":0,"vpn":0,"relay":0,"proxy":0,"hosting":0,"service":0}},"geometry":{"type":"Point","coordinates":[-102.00906,33.50592]}},{"type":"Feature","properties":{"country_code":"USA","city":"Socorro","geoname_id":"5491999","h3_hexagon":591253375585091583,"h3_resolution":3,"downloaders":{"size":7,"mobile":0,"satellite":0,"tor":0,"tor_exit_nodes":0,"vpn":0,"relay":0,"proxy":0,"hosting":0,"service":0},"uploaders":{"size":4,"mobile":0,"satellite":0,"tor":0,"tor_exit_nodes":0,"vpn":0,"relay":0,"proxy":0,"hosting":0,"service":0}},"geometry":{"type":"Point","coordinates":[-106.89142,34.0584]}},{"type":"Feature","properties":{"country_code":"USA","city":"Santa Rosa","geoname_id":"5490338","h3_hexagon":591253513024045055,"h3_resolution":3,"downloaders":{"size":9,"mobile":0,"satellite":0,"tor":0,"tor_exit_nodes":0,"vpn":0,"relay":0,"proxy":0,"hosting":0,"service":0},"uploaders":{"size":5,"mobile":0,"satellite":0,"tor":0,"tor_exit_nodes":0,"vpn":0,"relay":0,"proxy":0,"hosting":0,"service":0}},"geometry":{"type":"Point","coordinates":[-104.68249,34.93867]}},{"type":"Feature","properties":{"country_code":"MEX","city":"Agua Prieta","geoname_id":"4019260","h3_hexagon":591253856621428735,"h3_resolution":3,"downloaders":{"size":31,"mobile":0,"satellite":0,"tor":0,"tor_exit_nodes":0,"vpn":0,"relay":0,"proxy":0,"hosting":0,"service":0},"uploaders":{"size":3,"mobile":0,"satellite":0,"tor":0,"tor_exit_nodes":0,"vpn":0,"relay":0,"proxy":0,"hosting":0,"service":0}},"geometry":{"type":"Point","coordinates":[-109.54251,31.3224]}},{"type":"Feature","properties":{"country_code":"USA","city":"Pima","geoname_id":"5308867","h3_hexagon":591254337657765887,"h3_resolution":3,"downloaders":{"size":17,"mobile":0,"satellite":0,"tor":0,"tor_exit_nodes":0,"vpn":0,"relay":0,"proxy":0,"hosting":0,"service":0},"uploaders":{"size":16,"mobile":0,"satellite":0,"tor":0,"tor_exit_nodes":0,"vpn":0,"relay":0,"proxy":0,"hosting":0,"service":0}},"geometry":{"type":"Point","coordinates":[-109.82835,32.89656]}},{"type":"Feature","properties":{"country_code":"USA","city":"Bisbee","geoname_id":"5284905","h3_hexagon":591254612535672831,"h3_resolution":3,"downloaders":{"size":5,"mobile":0,"satellite":0,"tor":0,"tor_exit_nodes":0,"vpn":0,"relay":0,"proxy":0,"hosting":0,"service":0},"uploaders":{"size":4,"mobile":0,"satellite":0,"tor":0,"tor_exit_nodes":0,"vpn":0,"relay":0,"proxy":0,"hosting":0,"service":0}},"geometry":{"type":"Point","coordinates":[-109.92841,31.44815]}},{"type":"Feature","properties":{"country_code":"MEX","city":"Fresnillo","geoname_id":"4006163","h3_hexagon":591265401493520383,"h3_resolution":3,"downloaders":{"size":23,"mobile":0,"satellite":0,"tor":0,"tor_exit_nodes":0,"vpn":2,"relay":0,"proxy":0,"hosting":0,"service":0},"uploaders":{"size":3,"mobile":0,"satellite":0,"tor":0,"tor_exit_nodes":0,"vpn":0,"relay":0,"proxy":0,"hosting":0,"service":0}},"geometry":{"type":"Point","coordinates":[-102.86785,23.1749]}},{"type":"Feature","properties":{"country_code":"MEX","city":"Ixtapa-Zihuatanejo","geoname_id":"3979673","h3_hexagon":591266982041485311,"h3_resolution":3,"downloaders":{"size":39,"mobile":0,"satellite":0,"tor":0,"tor_exit_nodes":0,"vpn":0,"relay":0,"proxy":0,"hosting":0,"service":0},"uploaders":{"size":4,"mobile":0,"satellite":0,"tor":0,"tor_exit_nodes":0,"vpn":0,"relay":0,"proxy":0,"hosting":0,"service":0}},"geometry":{"type":"Point","coordinates":[-101.55212,17.64344]}},{"type":"Feature","properties":{"country_code":"MEX","city":"Ciudad de Huajuapan de León","geoname_id":"3527023","h3_hexagon":591268081553113087,"h3_resolution":3,"downloaders":{"size":114,"mobile":0,"satellite":0,"tor":0,"tor_exit_nodes":0,"vpn":0,"relay":0,"proxy":0,"hosting":0,"service":0},"uploaders":{"size":11,"mobile":0,"satellite":0,"tor":0,"tor_exit_nodes":0,"vpn":0,"relay":0,"proxy":0,"hosting":0,"service":0}},"geometry":{"type":"Point","coordinates":[-97.77956,17.80787]}},{"type":"Feature","properties":{"country_code":"TWN","city":"Taitung","geoname_id":"1668295","h3_hexagon":591300104829272063,"h3_resolution":3,"downloaders":{"size":52,"mobile":0,"satellite":0,"tor":0,"tor_exit_nodes":0,"vpn":1,"relay":0,"proxy":0,"hosting":0,"service":0},"uploaders":{"size":18,"mobile":0,"satellite":0,"tor":0,"tor_exit_nodes":0,"vpn":1,"relay":0,"proxy":0,"hosting":0,"service":0}},"geometry":{"type":"Point","coordinates":[121.14457,22.75991]}},{"type":"Feature","properties":{"country_code":"TCA","city":"Providenciales","geoname_id":"11703857","h3_hexagon":591317490856886271,"h3_resolution":3,"downloaders":{"size":51,"mobile":0,"satellite":0,"tor":0,"tor_exit_nodes":0,"vpn":0,"relay":0,"proxy":0,"hosting":0,"service":0},"uploaders":{"size":22,"mobile":0,"satellite":0,"tor":0,"tor_exit_nodes":0,"vpn":0,"relay":0,"proxy":0,"hosting":0,"service":0}},"geometry":{"type":"Point","coordinates":[-72.25206,21.78254]}},{"type":"Feature","properties":{"country_code":"HTI","city":"Cap-Haïtien","geoname_id":"3728474","h3_hexagon":591317971893223423,"h3_resolution":3,"downloaders":{"size":17,"mobile":14,"satellite":0,"tor":0,"tor_exit_nodes":0,"vpn":0,"relay":0,"proxy":0,"hosting":0,"service":0},"uploaders":{"size":5,"mobile":3,"satellite":0,"tor":0,"tor_exit_nodes":0,"vpn":0,"relay":0,"proxy":0,"hosting":0,"service":0}},"geometry":{"type":"Point","coordinates":[-72.19815,19.75938]}},{"type":"Feature","properties":{"country_code":"DOM","city":"Salvaleón de Higüey","geoname_id":"3493240","h3_hexagon":591322232500781055,"h3_resolution":3,"downloaders":{"size":31,"mobile":8,"satellite":0,"tor":0,"tor_exit_nodes":0,"vpn":0,"relay":0,"proxy":0,"hosting":0,"service":0},"uploaders":{"size":6,"mobile":2,"satellite":0,"tor":0,"tor_exit_nodes":0,"vpn":0,"relay":0,"proxy":0,"hosting":0,"service":0}},"geometry":{"type":"Point","coordinates":[-68.70798,18.61501]}},{"type":"Feature","properties":{"country_code":"DOM","city":"San Cristóbal","geoname_id":"3511540","h3_hexagon":591322919695548415,"h3_resolution":3,"downloaders":{"size":51,"mobile":20,"satellite":0,"tor":0,"tor_exit_nodes":0,"vpn":0,"relay":0,"proxy":0,"hosting":2,"service":0},"uploaders":{"size":4,"mobile":0,"satellite":0,"tor":0,"tor_exit_nodes":0,"vpn":0,"relay":0,"proxy":0,"hosting":0,"service":0}},"geometry":{"type":"Point","coordinates":[-70.10682,18.41713]}},{"type":"Feature","properties":{"country_code":"DOM","city":"Santa Cruz de Barahona","geoname_id":"3492985","h3_hexagon":591323332012408831,"h3_resolution":3,"downloaders":{"size":282,"mobile":8,"satellite":0,"tor":0,"tor_exit_nodes":0,"vpn":0,"relay":0,"proxy":0,"hosting":0,"service":0},"uploaders":{"size":169,"mobile":1,"satellite":0,"tor":0,"tor_exit_nodes":0,"vpn":0,"relay":0,"proxy":0,"hosting":0,"service":0}},"geometry":{"type":"Point","coordinates":[-71.10068,18.20861]}},{"type":"Feature","properties":{"country_code":"PRI","city":"Humacao","geoname_id":"4565564","h3_hexagon":591324706401943551,"h3_resolution":3,"downloaders":{"size":29,"mobile":7,"satellite":0,"tor":0,"tor_exit_nodes":0,"vpn":0,"relay":0,"proxy":0,"hosting":0,"service":0},"uploaders":{"size":8,"mobile":2,"satellite":0,"tor":0,"tor_exit_nodes":0,"vpn":0,"relay":0,"proxy":0,"hosting":0,"service":0}},"geometry":{"type":"Point","coordinates":[-65.82738,18.14968]}},{"type":"Feature","properties":{"country_code":"DOM","city":"Las Terrenas","geoname_id":"3500243","h3_hexagon":591325324877234175,"h3_resolution":3,"downloaders":{"size":17,"mobile":0,"satellite":0,"tor":0,"tor_exit_nodes":0,"vpn":12,"relay":0,"proxy":0,"hosting":1,"service":0},"uploaders":{"size":3,"mobile":0,"satellite":0,"tor":0,"tor_exit_nodes":0,"vpn":1,"relay":0,"proxy":0,"hosting":1,"service":0}},"geometry":{"type":"Point","coordinates":[-69.5428,19.31102]}},{"type":"Feature","properties":{"country_code":"MAF","city":"Marigot","geoname_id":"3578851","h3_hexagon":591331372191186943,"h3_resolution":3,"downloaders":{"size":51,"mobile":0,"satellite":0,"tor":0,"tor_exit_nodes":0,"vpn":0,"relay":0,"proxy":0,"hosting":0,"service":0},"uploaders":{"size":13,"mobile":0,"satellite":0,"tor":0,"tor_exit_nodes":0,"vpn":0,"relay":0,"proxy":0,"hosting":0,"service":0}},"geometry":{"type":"Point","coordinates":[-63.08302,18.06819]}},{"type":"Feature","properties":{"country_code":"ETH","city":"Aksum","geoname_id":"344420","h3_hexagon":591423250131582975,"h3_resolution":3,"downloaders":{"size":4,"mobile":0,"satellite":0,"tor":0,"tor_exit_nodes":0,"vpn":0,"relay":0,"proxy":0,"hosting":0,"service":0},"uploaders":{"size":3,"mobile":0,"satellite":0,"tor":0,"tor_exit_nodes":0,"vpn":0,"relay":0,"proxy":0,"hosting":0,"service":0}},"geometry":{"type":"Point","coordinates":[38.72337,14.12109]}},{"type":"Feature","properties":{"country_code":"YEM","city":"Al Manşūrah","geoname_id":"78931","h3_hexagon":591427785617047551,"h3_resolution":3,"downloaders":{"size":91,"mobile":0,"satellite":0,"tor":0,"tor_exit_nodes":0,"vpn":5,"relay":0,"proxy":0,"hosting":0,"service":0},"uploaders":{"size":25,"mobile":0,"satellite":0,"tor":0,"tor_exit_nodes":0,"vpn":1,"relay":0,"proxy":0,"hosting":0,"service":0}},"geometry":{"type":"Point","coordinates":[44.98166,12.86019]}},{"type":"Feature","properties":{"country_code":"DJI","city":"Djibouti","geoname_id":"223817","h3_hexagon":591428747689721855,"h3_resolution":3,"downloaders":{"size":182,"mobile":0,"satellite":0,"tor":0,"tor_exit_nodes":0,"vpn":0,"relay":0,"proxy":0,"hosting":0,"service":0},"uploaders":{"size":38,"mobile":0,"satellite":0,"tor":0,"tor_exit_nodes":0,"vpn":0,"relay":0,"proxy":0,"hosting":0,"service":0}},"geometry":{"type":"Point","coordinates":[43.14503,11.58901]}},{"type":"Feature","properties":{"country_code":"YEM","city":"Taiz","geoname_id":"70225","h3_hexagon":591430671835070463,"h3_resolution":3,"downloaders":{"size":79,"mobile":3,"satellite":0,"tor":0,"tor_exit_nodes":0,"vpn":4,"relay":0,"proxy":0,"hosting":0,"service":0},"uploaders":{"size":17,"mobile":1,"satellite":0,"tor":0,"tor_exit_nodes":0,"vpn":0,"relay":0,"proxy":0,"hosting":0,"service":0}},"geometry":{"type":"Point","coordinates":[44.02091,13.57952]}},{"type":"Feature","properties":{"country_code":"SAU","city":"Al Qaţīf","geoname_id":"108927","h3_hexagon":591438574574895103,"h3_resolution":3,"downloaders":{"size":10,"mobile":1,"satellite":0,"tor":0,"tor_exit_nodes":0,"vpn":0,"relay":0,"proxy":0,"hosting":0,"service":0},"uploaders":{"size":3,"mobile":0,"satellite":0,"tor":0,"tor_exit_nodes":0,"vpn":0,"relay":0,"proxy":0,"hosting":0,"service":0}},"geometry":{"type":"Point","coordinates":[50.0089,26.56542]}},{"type":"Feature","properties":{"country_code":"QAT","city":"Az̧ Z̧a‘āyin","geoname_id":"289847","h3_hexagon":591438918172278783,"h3_resolution":3,"downloaders":{"size":14,"mobile":0,"satellite":0,"tor":0,"tor_exit_nodes":0,"vpn":0,"relay":0,"proxy":0,"hosting":0,"service":0},"uploaders":{"size":5,"mobile":0,"satellite":0,"tor":0,"tor_exit_nodes":0,"vpn":0,"relay":0,"proxy":0,"hosting":0,"service":0}},"geometry":{"type":"Point","coordinates":[51.48306,25.57744]}},{"type":"Feature","properties":{"country_code":"SDN","city":"Port Sudan","geoname_id":"377039","h3_hexagon":591440636159197183,"h3_resolution":3,"downloaders":{"size":124,"mobile":8,"satellite":0,"tor":0,"tor_exit_nodes":0,"vpn":0,"relay":0,"proxy":0,"hosting":0,"service":0},"uploaders":{"size":81,"mobile":3,"satellite":0,"tor":0,"tor_exit_nodes":0,"vpn":0,"relay":0,"proxy":0,"hosting":0,"service":0}},"geometry":{"type":"Point","coordinates":[37.21644,19.61745]}},{"type":"Feature","properties":{"country_code":"SDN","city":"Atbara","geoname_id":"378231","h3_hexagon":591441873109778431,"h3_resolution":3,"downloaders":{"size":6,"mobile":0,"satellite":0,"tor":0,"tor_exit_nodes":0,"vpn":0,"relay":0,"proxy":0,"hosting":0,"service":0},"uploaders":{"size":5,"mobile":0,"satellite":0,"tor":0,"tor_exit_nodes":0,"vpn":0,"relay":0,"proxy":0,"hosting":0,"service":0}},"geometry":{"type":"Point","coordinates":[33.98638,17.70217]}},{"type":"Feature","properties":{"country_code":"SEN","city":"Thiès","geoname_id":"2244802","h3_hexagon":591461252002217983,"h3_resolution":3,"downloaders":{"size":139,"mobile":2,"satellite":0,"tor":0,"tor_exit_nodes":0,"vpn":0,"relay":0,"proxy":0,"hosting":0,"service":0},"uploaders":{"size":66,"mobile":1,"satellite":0,"tor":0,"tor_exit_nodes":0,"vpn":0,"relay":0,"proxy":0,"hosting":0,"service":0}},"geometry":{"type":"Point","coordinates":[-16.92602,14.78944]}},{"type":"Feature","properties":{"country_code":"CPV","city":"Espargos","geoname_id":"8521418","h3_hexagon":591461870477508607,"h3_resolution":3,"downloaders":{"size":10,"mobile":0,"satellite":0,"tor":0,"tor_exit_nodes":0,"vpn":0,"relay":0,"proxy":0,"hosting":0,"service":0},"uploaders":{"size":3,"mobile":0,"satellite":0,"tor":0,"tor_exit_nodes":0,"vpn":0,"relay":0,"proxy":0,"hosting":0,"service":0}},"geometry":{"type":"Point","coordinates":[-22.9446,16.75524]}},{"type":"Feature","properties":{"country_code":"CPV","city":"Porto Novo","geoname_id":"3374336","h3_hexagon":591507362771107839,"h3_resolution":3,"downloaders":{"size":5,"mobile":0,"satellite":0,"tor":0,"tor_exit_nodes":0,"vpn":0,"relay":0,"proxy":0,"hosting":0,"service":0},"uploaders":{"size":3,"mobile":0,"satellite":0,"tor":0,"tor_exit_nodes":0,"vpn":0,"relay":0,"proxy":0,"hosting":0,"service":0}},"geometry":{"type":"Point","coordinates":[-25.06471,17.01969]}},{"type":"Feature","properties":{"country_code":"NGA","city":"Zaria","geoname_id":"2317765","h3_hexagon":591521381544361983,"h3_resolution":3,"downloaders":{"size":5,"mobile":0,"satellite":0,"tor":0,"tor_exit_nodes":0,"vpn":0,"relay":0,"proxy":0,"hosting":0,"service":0},"uploaders":{"size":3,"mobile":0,"satellite":0,"tor":0,"tor_exit_nodes":0,"vpn":0,"relay":0,"proxy":0,"hosting":0,"service":0}},"geometry":{"type":"Point","coordinates":[7.7227,11.11128]}},{"type":"Feature","properties":{"country_code":"NER","city":"Agadez","geoname_id":"2448085","h3_hexagon":591522755933896703,"h3_resolution":3,"downloaders":{"size":8,"mobile":0,"satellite":0,"tor":0,"tor_exit_nodes":0,"vpn":0,"relay":0,"proxy":0,"hosting":0,"service":0},"uploaders":{"size":6,"mobile":0,"satellite":0,"tor":0,"tor_exit_nodes":0,"vpn":0,"relay":0,"proxy":0,"hosting":0,"service":0}},"geometry":{"type":"Point","coordinates":[7.99111,16.97333]}},{"type":"Feature","properties":{"country_code":"NER","city":"Filingué","geoname_id":"2444995","h3_hexagon":591523168250757119,"h3_resolution":3,"downloaders":{"size":8,"mobile":0,"satellite":0,"tor":0,"tor_exit_nodes":0,"vpn":0,"relay":0,"proxy":0,"hosting":0,"service":0},"uploaders":{"size":4,"mobile":0,"satellite":0,"tor":0,"tor_exit_nodes":0,"vpn":0,"relay":0,"proxy":0,"hosting":0,"service":0}},"geometry":{"type":"Point","coordinates":[3.3168,14.3521]}},{"type":"Feature","properties":{"country_code":"NGA","city":"Maiduguri","geoname_id":"2331447","h3_hexagon":591525298554535935,"h3_resolution":3,"downloaders":{"size":403,"mobile":402,"satellite":0,"tor":0,"tor_exit_nodes":0,"vpn":0,"relay":0,"proxy":0,"hosting":0,"service":0},"uploaders":{"size":130,"mobile":130,"satellite":0,"tor":0,"tor_exit_nodes":0,"vpn":0,"relay":0,"proxy":0,"hosting":0,"service":0}},"geometry":{"type":"Point","coordinates":[13.15712,11.84692]}},{"type":"Feature","properties":{"country_code":"CMR","city":"Maroua","geoname_id":"2228373","h3_hexagon":591525917029826559,"h3_resolution":3,"downloaders":{"size":12,"mobile":7,"satellite":0,"tor":0,"tor_exit_nodes":0,"vpn":0,"relay":0,"proxy":0,"hosting":0,"service":0},"uploaders":{"size":6,"mobile":4,"satellite":0,"tor":0,"tor_exit_nodes":0,"vpn":0,"relay":0,"proxy":0,"hosting":0,"service":0}},"geometry":{"type":"Point","coordinates":[14.31593,10.59095]}},{"type":"Feature","properties":{"country_code":"TCD","city":"N'Djamena","geoname_id":"2427123","h3_hexagon":591526123188256767,"h3_resolution":3,"downloaders":{"size":158,"mobile":13,"satellite":0,"tor":0,"tor_exit_nodes":0,"vpn":1,"relay":0,"proxy":0,"hosting":0,"service":0},"uploaders":{"size":53,"mobile":7,"satellite":0,"tor":0,"tor_exit_nodes":0,"vpn":0,"relay":0,"proxy":0,"hosting":0,"service":0}},"geometry":{"type":"Point","coordinates":[15.0444,12.10672]}},{"type":"Feature","properties":{"country_code":"NGA","city":"Oyo","geoname_id":"2325200","h3_hexagon":591528528369942527,"h3_resolution":3,"downloaders":{"size":23,"mobile":23,"satellite":0,"tor":0,"tor_exit_nodes":0,"vpn":0,"relay":0,"proxy":0,"hosting":0,"service":0},"uploaders":{"size":9,"mobile":9,"satellite":0,"tor":0,"tor_exit_nodes":0,"vpn":0,"relay":0,"proxy":0,"hosting":0,"service":0}},"geometry":{"type":"Point","coordinates":[3.93235,7.85367]}},{"type":"Feature","properties":{"country_code":"NGA","city":"Akure","geoname_id":"2350841","h3_hexagon":591529490442616831,"h3_resolution":3,"downloaders":{"size":16,"mobile":16,"satellite":0,"tor":0,"tor_exit_nodes":0,"vpn":0,"relay":0,"proxy":0,"hosting":0,"service":0},"uploaders":{"size":3,"mobile":3,"satellite":0,"tor":0,"tor_exit_nodes":0,"vpn":0,"relay":0,"proxy":0,"hosting":0,"service":0}},"geometry":{"type":"Point","coordinates":[5.19312,7.25256]}},{"type":"Feature","properties":{"country_code":"CMR","city":"Ngaoundéré","geoname_id":"2224827","h3_hexagon":591533476172267519,"h3_resolution":3,"downloaders":{"size":60,"mobile":33,"satellite":0,"tor":0,"tor_exit_nodes":0,"vpn":0,"relay":0,"proxy":0,"hosting":0,"service":0},"uploaders":{"size":25,"mobile":21,"satellite":0,"tor":0,"tor_exit_nodes":0,"vpn":0,"relay":0,"proxy":0,"hosting":0,"service":0}},"geometry":{"type":"Point","coordinates":[13.58472,7.32765]}},{"type":"Feature","properties":{"country_code":"CMR","city":"Foumban","geoname_id":"2231506","h3_hexagon":591534850561802239,"h3_resolution":3,"downloaders":{"size":49,"mobile":0,"satellite":0,"tor":0,"tor_exit_nodes":0,"vpn":0,"relay":0,"proxy":0,"hosting":0,"service":0},"uploaders":{"size":26,"mobile":0,"satellite":0,"tor":0,"tor_exit_nodes":0,"vpn":0,"relay":0,"proxy":0,"hosting":0,"service":0}},"geometry":{"type":"Point","coordinates":[10.89865,5.72662]}},{"type":"Feature","properties":{"country_code":"NGA","city":"Jos","geoname_id":"2335953","h3_hexagon":591536568548720639,"h3_resolution":3,"downloaders":{"size":494,"mobile":0,"satellite":0,"tor":0,"tor_exit_nodes":0,"vpn":0,"relay":0,"proxy":0,"hosting":0,"service":0},"uploaders":{"size":114,"mobile":0,"satellite":0,"tor":0,"tor_exit_nodes":0,"vpn":0,"relay":0,"proxy":0,"hosting":0,"service":0}},"geometry":{"type":"Point","coordinates":[8.89212,9.92849]}},{"type":"Feature","properties":{"country_code":"BFA","city":"Dori","geoname_id":"2361082","h3_hexagon":591546189275463679,"h3_resolution":3,"downloaders":{"size":10,"mobile":0,"satellite":0,"tor":0,"tor_exit_nodes":0,"vpn":0,"relay":0,"proxy":0,"hosting":0,"service":0},"uploaders":{"size":4,"mobile":0,"satellite":0,"tor":0,"tor_exit_nodes":0,"vpn":0,"relay":0,"proxy":0,"hosting":0,"service":0}},"geometry":{"type":"Point","coordinates":[-0.03261,14.0341]}},{"type":"Feature","properties":{"country_code":"MLI","city":"Mopti","geoname_id":"2453348","h3_hexagon":591549831407730687,"h3_resolution":3,"downloaders":{"size":46,"mobile":26,"satellite":0,"tor":0,"tor_exit_nodes":0,"vpn":0,"relay":0,"proxy":0,"hosting":0,"service":0},"uploaders":{"size":20,"mobile":9,"satellite":0,"tor":0,"tor_exit_nodes":0,"vpn":0,"relay":0,"proxy":0,"hosting":0,"service":0}},"geometry":{"type":"Point","coordinates":[-4.18296,14.4843]}},{"type":"Feature","properties":{"country_code":"MHL","city":"Majuro","geoname_id":"2113779","h3_hexagon":591580205416447999,"h3_resolution":3,"downloaders":{"size":18,"mobile":0,"satellite":0,"tor":0,"tor_exit_nodes":0,"vpn":3,"relay":0,"proxy":0,"hosting":3,"service":3},"uploaders":{"size":8,"mobile":0,"satellite":0,"tor":0,"tor_exit_nodes":0,"vpn":0,"relay":0,"proxy":0,"hosting":0,"service":0}},"geometry":{"type":"Point","coordinates":[171.38027,7.08971]}},{"type":"Feature","properties":{"country_code":"VEN","city":"El Tigre","geoname_id":"3641351","h3_hexagon":591648168978939903,"h3_resolution":3,"downloaders":{"size":3,"mobile":0,"satellite":0,"tor":0,"tor_exit_nodes":0,"vpn":0,"relay":0,"proxy":0,"hosting":0,"service":0},"uploaders":{"size":3,"mobile":0,"satellite":0,"tor":0,"tor_exit_nodes":0,"vpn":0,"relay":0,"proxy":0,"hosting":0,"service":0}},"geometry":{"type":"Point","coordinates":[-64.2527,8.88902]}},{"type":"Feature","properties":{"country_code":"IND","city":"Amini","geoname_id":"12382220","h3_hexagon":591661431837949951,"h3_resolution":3,"downloaders":{"size":5,"mobile":0,"satellite":0,"tor":0,"tor_exit_nodes":0,"vpn":0,"relay":0,"proxy":0,"hosting":0,"service":0},"uploaders":{"size":3,"mobile":0,"satellite":0,"tor":0,"tor_exit_nodes":0,"vpn":0,"relay":0,"proxy":0,"hosting":0,"service":0}},"geometry":{"type":"Point","coordinates":[72.71907,11.11408]}},{"type":"Feature","properties":{"country_code":"IND","city":"Shivamogga","geoname_id":"1256515","h3_hexagon":591661775435333631,"h3_resolution":3,"downloaders":{"size":17,"mobile":3,"satellite":0,"tor":0,"tor_exit_nodes":0,"vpn":0,"relay":0,"proxy":0,"hosting":0,"service":0},"uploaders":{"size":6,"mobile":0,"satellite":0,"tor":0,"tor_exit_nodes":0,"vpn":0,"relay":0,"proxy":0,"hosting":0,"service":0}},"geometry":{"type":"Point","coordinates":[75.56791,13.93157]}},{"type":"Feature","properties":{"country_code":"IND","city":"Karwar","geoname_id":"1267635","h3_hexagon":591662256471670783,"h3_resolution":3,"downloaders":{"size":150,"mobile":0,"satellite":0,"tor":0,"tor_exit_nodes":0,"vpn":0,"relay":0,"proxy":0,"hosting":0,"service":0},"uploaders":{"size":27,"mobile":0,"satellite":0,"tor":0,"tor_exit_nodes":0,"vpn":0,"relay":0,"proxy":0,"hosting":0,"service":0}},"geometry":{"type":"Point","coordinates":[74.12972,14.81361]}},{"type":"Feature","properties":{"country_code":"IND","city":"Bidar","geoname_id":"1275738","h3_hexagon":591669540736204799,"h3_resolution":3,"downloaders":{"size":10,"mobile":0,"satellite":0,"tor":0,"tor_exit_nodes":0,"vpn":0,"relay":0,"proxy":0,"hosting":0,"service":0},"uploaders":{"size":4,"mobile":0,"satellite":0,"tor":0,"tor_exit_nodes":0,"vpn":0,"relay":0,"proxy":0,"hosting":0,"service":0}},"geometry":{"type":"Point","coordinates":[77.51524,17.90802]}},{"type":"Feature","properties":{"country_code":"IND","city":"Nanded","geoname_id":"1261977","h3_hexagon":591669678175158271,"h3_resolution":3,"downloaders":{"size":8,"mobile":1,"satellite":0,"tor":0,"tor_exit_nodes":0,"vpn":0,"relay":0,"proxy":0,"hosting":0,"service":0},"uploaders":{"size":4,"mobile":1,"satellite":0,"tor":0,"tor_exit_nodes":0,"vpn":0,"relay":0,"proxy":0,"hosting":0,"service":0}},"geometry":{"type":"Point","coordinates":[77.31497,19.16023]}},{"type":"Feature","properties":{"country_code":"IND","city":"Satara","geoname_id":"1257055","h3_hexagon":591670090492018687,"h3_resolution":3,"downloaders":{"size":18,"mobile":0,"satellite":0,"tor":0,"tor_exit_nodes":0,"vpn":0,"relay":0,"proxy":0,"hosting":0,"service":0},"uploaders":{"size":7,"mobile":0,"satellite":0,"tor":0,"tor_exit_nodes":0,"vpn":0,"relay":0,"proxy":0,"hosting":0,"service":0}},"geometry":{"type":"Point","coordinates":[73.99333,17.68589]}},{"type":"Feature","properties":{"country_code":"IND","city":"Kalas","geoname_id":"1268460","h3_hexagon":591670227930972159,"h3_resolution":3,"downloaders":{"size":9,"mobile":0,"satellite":0,"tor":0,"tor_exit_nodes":0,"vpn":0,"relay":0,"proxy":0,"hosting":8,"service":0},"uploaders":{"size":4,"mobile":0,"satellite":0,"tor":0,"tor_exit_nodes":0,"vpn":0,"relay":0,"proxy":0,"hosting":4,"service":0}},"geometry":{"type":"Point","coordinates":[74.79045,18.17241]}},{"type":"Feature","properties":{"country_code":"IND","city":"Akola","geoname_id":"1279105","h3_hexagon":591670434089402367,"h3_resolution":3,"downloaders":{"size":13,"mobile":0,"satellite":0,"tor":0,"tor_exit_nodes":0,"vpn":0,"relay":0,"proxy":0,"hosting":3,"service":0},"uploaders":{"size":3,"mobile":0,"satellite":0,"tor":0,"tor_exit_nodes":0,"vpn":0,"relay":0,"proxy":0,"hosting":2,"service":0}},"geometry":{"type":"Point","coordinates":[76.9981,20.70957]}},{"type":"Feature","properties":{"country_code":"IND","city":"Wardha","geoname_id":"1252942","h3_hexagon":591670640247832575,"h3_resolution":3,"downloaders":{"size":40,"mobile":0,"satellite":0,"tor":0,"tor_exit_nodes":0,"vpn":0,"relay":0,"proxy":0,"hosting":0,"service":0},"uploaders":{"size":17,"mobile":0,"satellite":0,"tor":0,"tor_exit_nodes":0,"vpn":0,"relay":0,"proxy":0,"hosting":0,"service":0}},"geometry":{"type":"Point","coordinates":[78.59784,20.73933]}},{"type":"Feature","properties":{"country_code":"IND","city":"Jalgaon","geoname_id":"1269407","h3_hexagon":591671327442599935,"h3_resolution":3,"downloaders":{"size":19,"mobile":0,"satellite":0,"tor":0,"tor_exit_nodes":0,"vpn":2,"relay":0,"proxy":0,"hosting":10,"service":0},"uploaders":{"size":5,"mobile":0,"satellite":0,"tor":0,"tor_exit_nodes":0,"vpn":0,"relay":0,"proxy":0,"hosting":3,"service":0}},"geometry":{"type":"Point","coordinates":[75.56602,21.00292]}},{"type":"Feature","properties":{"country_code":"IND","city":"Rāichūr","geoname_id":"1259012","h3_hexagon":591671671039983615,"h3_resolution":3,"downloaders":{"size":15,"mobile":0,"satellite":0,"tor":0,"tor_exit_nodes":0,"vpn":0,"relay":0,"proxy":0,"hosting":0,"service":0},"uploaders":{"size":6,"mobile":0,"satellite":0,"tor":0,"tor_exit_nodes":0,"vpn":0,"relay":0,"proxy":0,"hosting":0,"service":0}},"geometry":{"type":"Point","coordinates":[77.35567,16.20546]}},{"type":"Feature","properties":{"country_code":"IND","city":"Anantapur","geoname_id":"1278672","h3_hexagon":591671808478937087,"h3_resolution":3,"downloaders":{"size":7,"mobile":1,"satellite":0,"tor":0,"tor_exit_nodes":0,"vpn":0,"relay":0,"proxy":0,"hosting":0,"service":0},"uploaders":{"size":3,"mobile":1,"satellite":0,"tor":0,"tor_exit_nodes":0,"vpn":0,"relay":0,"proxy":0,"hosting":0,"service":0}},"geometry":{"type":"Point","coordinates":[77.60813,14.67784]}},{"type":"Feature","properties":{"country_code":"IND","city":"Ranebennur","geoname_id":"1258474","h3_hexagon":591672289515274239,"h3_resolution":3,"downloaders":{"size":5,"mobile":0,"satellite":0,"tor":0,"tor_exit_nodes":0,"vpn":0,"relay":0,"proxy":0,"hosting":0,"service":0},"uploaders":{"size":3,"mobile":0,"satellite":0,"tor":0,"tor_exit_nodes":0,"vpn":0,"relay":0,"proxy":0,"hosting":0,"service":0}},"geometry":{"type":"Point","coordinates":[75.62951,14.62239]}},{"type":"Feature","properties":{"country_code":"LKA","city":"Ratnapura","geoname_id":"1228730","h3_hexagon":591678199390273535,"h3_resolution":3,"downloaders":{"size":19,"mobile":12,"satellite":0,"tor":0,"tor_exit_nodes":0,"vpn":0,"relay":0,"proxy":0,"hosting":0,"service":0},"uploaders":{"size":7,"mobile":7,"satellite":0,"tor":0,"tor_exit_nodes":0,"vpn":0,"relay":0,"proxy":0,"hosting":0,"service":0}},"geometry":{"type":"Point","coordinates":[80.4036,6.6858]}},{"type":"Feature","properties":{"country_code":"LKA","city":"Batticaloa","geoname_id":"1250161","h3_hexagon":591679161462947839,"h3_resolution":3,"downloaders":{"size":10,"mobile":5,"satellite":0,"tor":0,"tor_exit_nodes":0,"vpn":0,"relay":0,"proxy":0,"hosting":0,"service":0},"uploaders":{"size":6,"mobile":3,"satellite":0,"tor":0,"tor_exit_nodes":0,"vpn":0,"relay":0,"proxy":0,"hosting":0,"service":0}},"geometry":{"type":"Point","coordinates":[81.6924,7.7102]}},{"type":"Feature","properties":{"country_code":"LKA","city":"Kalmunai","geoname_id":"1242110","h3_hexagon":591679505060331519,"h3_resolution":3,"downloaders":{"size":8,"mobile":8,"satellite":0,"tor":0,"tor_exit_nodes":0,"vpn":0,"relay":0,"proxy":0,"hosting":0,"service":0},"uploaders":{"size":5,"mobile":5,"satellite":0,"tor":0,"tor_exit_nodes":0,"vpn":0,"relay":0,"proxy":0,"hosting":0,"service":0}},"geometry":{"type":"Point","coordinates":[81.83472,7.40902]}},{"type":"Feature","properties":{"country_code":"IND","city":"Ramanathapuram","geoname_id":"1258740","h3_hexagon":591679848657715199,"h3_resolution":3,"downloaders":{"size":23,"mobile":1,"satellite":0,"tor":0,"tor_exit_nodes":0,"vpn":0,"relay":0,"proxy":0,"hosting":0,"service":0},"uploaders":{"size":5,"mobile":0,"satellite":0,"tor":0,"tor_exit_nodes":0,"vpn":0,"relay":0,"proxy":0,"hosting":0,"service":0}},"geometry":{"type":"Point","coordinates":[78.83077,9.37158]}},{"type":"Feature","properties":{"country_code":"LKA","city":"Anuradhapura","geoname_id":"1251081","h3_hexagon":591680123535622143,"h3_resolution":3,"downloaders":{"size":11,"mobile":1,"satellite":0,"tor":0,"tor_exit_nodes":0,"vpn":0,"relay":0,"proxy":0,"hosting":0,"service":0},"uploaders":{"size":6,"mobile":1,"satellite":0,"tor":0,"tor_exit_nodes":0,"vpn":0,"relay":0,"proxy":0,"hosting":0,"service":0}},"geometry":{"type":"Point","coordinates":[80.41306,8.31223]}},{"type":"Feature","properties":{"country_code":"IND","city":"Kadapa","geoname_id":"1273800","h3_hexagon":591687613958586367,"h3_resolution":3,"downloaders":{"size":17,"mobile":0,"satellite":0,"tor":0,"tor_exit_nodes":0,"vpn":0,"relay":0,"proxy":0,"hosting":0,"service":0},"uploaders":{"size":4,"mobile":0,"satellite":0,"tor":0,"tor_exit_nodes":0,"vpn":0,"relay":0,"proxy":0,"hosting":0,"service":0}},"geometry":{"type":"Point","coordinates":[78.82346,14.47995]}},{"type":"Feature","properties":{"country_code":"IND","city":"Tanuku","geoname_id":"1254953","h3_hexagon":591688919628644351,"h3_resolution":3,"downloaders":{"size":9,"mobile":0,"satellite":0,"tor":0,"tor_exit_nodes":0,"vpn":0,"relay":0,"proxy":0,"hosting":0,"service":0},"uploaders":{"size":3,"mobile":0,"satellite":0,"tor":0,"tor_exit_nodes":0,"vpn":0,"relay":0,"proxy":0,"hosting":0,"service":0}},"geometry":{"type":"Point","coordinates":[81.68143,16.75438]}},{"type":"Feature","properties":{"country_code":"LKA","city":"Jaffna","geoname_id":"1242833","h3_hexagon":591689950420795391,"h3_resolution":3,"downloaders":{"size":9,"mobile":2,"satellite":0,"tor":0,"tor_exit_nodes":0,"vpn":0,"relay":0,"proxy":0,"hosting":0,"service":0},"uploaders":{"size":3,"mobile":0,"satellite":0,"tor":0,"tor_exit_nodes":0,"vpn":0,"relay":0,"proxy":0,"hosting":0,"service":0}},"geometry":{"type":"Point","coordinates":[80.00742,9.66845]}},{"type":"Feature","properties":{"country_code":"THA","city":"Bang Saphan Noi","geoname_id":"1157660","h3_hexagon":591734274483290111,"h3_resolution":3,"downloaders":{"size":4,"mobile":0,"satellite":0,"tor":0,"tor_exit_nodes":0,"vpn":0,"relay":0,"proxy":0,"hosting":0,"service":0},"uploaders":{"size":4,"mobile":0,"satellite":0,"tor":0,"tor_exit_nodes":0,"vpn":0,"relay":0,"proxy":0,"hosting":0,"service":0}},"geometry":{"type":"Point","coordinates":[99.44152,11.07535]}},{"type":"Feature","properties":{"country_code":"THA","city":"Kamphaeng Phet","geoname_id":"1153090","h3_hexagon":591739909480382463,"h3_resolution":3,"downloaders":{"size":23,"mobile":0,"satellite":0,"tor":0,"tor_exit_nodes":0,"vpn":0,"relay":0,"proxy":0,"hosting":0,"service":0},"uploaders":{"size":8,"mobile":0,"satellite":0,"tor":0,"tor_exit_nodes":0,"vpn":0,"relay":0,"proxy":0,"hosting":0,"service":0}},"geometry":{"type":"Point","coordinates":[99.52153,16.48344]}},{"type":"Feature","properties":{"country_code":"MMR","city":"Mawlamyine","geoname_id":"1308465","h3_hexagon":591739978199859199,"h3_resolution":3,"downloaders":{"size":10,"mobile":3,"satellite":0,"tor":0,"tor_exit_nodes":0,"vpn":0,"relay":0,"proxy":0,"hosting":0,"service":0},"uploaders":{"size":7,"mobile":2,"satellite":0,"tor":0,"tor_exit_nodes":0,"vpn":0,"relay":0,"proxy":0,"hosting":0,"service":0}},"geometry":{"type":"Point","coordinates":[97.62825,16.49051]}},{"type":"Feature","properties":{"country_code":"THA","city":"Lampang","geoname_id":"1152473","h3_hexagon":591740046919335935,"h3_resolution":3,"downloaders":{"size":24,"mobile":1,"satellite":0,"tor":0,"tor_exit_nodes":0,"vpn":0,"relay":0,"proxy":0,"hosting":0,"service":0},"uploaders":{"size":9,"mobile":1,"satellite":0,"tor":0,"tor_exit_nodes":0,"vpn":0,"relay":0,"proxy":0,"hosting":0,"service":0}},"geometry":{"type":"Point","coordinates":[99.49277,18.29232]}},{"type":"Feature","properties":{"country_code":"MMR","city":"Taunggyi","geoname_id":"1293960","h3_hexagon":591741283869917183,"h3_resolution":3,"downloaders":{"size":27,"mobile":25,"satellite":0,"tor":0,"tor_exit_nodes":0,"vpn":0,"relay":0,"proxy":0,"hosting":0,"service":0},"uploaders":{"size":16,"mobile":15,"satellite":0,"tor":0,"tor_exit_nodes":0,"vpn":0,"relay":0,"proxy":0,"hosting":0,"service":0}},"geometry":{"type":"Point","coordinates":[97.03776,20.78919]}},{"type":"Feature","properties":{"country_code":"MMR","city":"Pyinmana","geoname_id":"1298987","h3_hexagon":591741627467300863,"h3_resolution":3,"downloaders":{"size":9,"mobile":0,"satellite":0,"tor":0,"tor_exit_nodes":0,"vpn":0,"relay":0,"proxy":0,"hosting":0,"service":0},"uploaders":{"size":3,"mobile":0,"satellite":0,"tor":0,"tor_exit_nodes":0,"vpn":0,"relay":0,"proxy":0,"hosting":0,"service":0}},"geometry":{"type":"Point","coordinates":[96.20742,19.7381]}},{"type":"Feature","properties":{"country_code":"THA","city":"Thap Than","geoname_id":"1150210","h3_hexagon":591741833625731071,"h3_resolution":3,"downloaders":{"size":3,"mobile":3,"satellite":0,"tor":0,"tor_exit_nodes":0,"vpn":0,"relay":0,"proxy":0,"hosting":0,"service":0},"uploaders":{"size":3,"mobile":3,"satellite":0,"tor":0,"tor_exit_nodes":0,"vpn":0,"relay":0,"proxy":0,"hosting":0,"service":0}},"geometry":{"type":"Point","coordinates":[99.89166,15.46063]}},{"type":"Feature","properties":{"country_code":"THA","city":"Sangkhla Buri","geoname_id":"1150735","h3_hexagon":591741902345207807,"h3_resolution":3,"downloaders":{"size":5,"mobile":4,"satellite":0,"tor":0,"tor_exit_nodes":0,"vpn":0,"relay":0,"proxy":0,"hosting":0,"service":0},"uploaders":{"size":5,"mobile":4,"satellite":0,"tor":0,"tor_exit_nodes":0,"vpn":0,"relay":0,"proxy":0,"hosting":0,"service":0}},"geometry":{"type":"Point","coordinates":[98.45361,15.15553]}},{"type":"Feature","properties":{"country_code":"THA","city":"Loei","geoname_id":"1609071","h3_hexagon":591742933137358847,"h3_resolution":3,"downloaders":{"size":12,"mobile":1,"satellite":0,"tor":0,"tor_exit_nodes":0,"vpn":0,"relay":0,"proxy":0,"hosting":0,"service":0},"uploaders":{"size":4,"mobile":1,"satellite":0,"tor":0,"tor_exit_nodes":0,"vpn":0,"relay":0,"proxy":0,"hosting":0,"service":0}},"geometry":{"type":"Point","coordinates":[101.72749,17.49052]}},{"type":"Feature","properties":{"country_code":"MYS","city":"Kuala Krai","geoname_id":"1735572","h3_hexagon":591748568134451199,"h3_resolution":3,"downloaders":{"size":9,"mobile":6,"satellite":0,"tor":0,"tor_exit_nodes":0,"vpn":0,"relay":0,"proxy":0,"hosting":0,"service":0},"uploaders":{"size":5,"mobile":2,"satellite":0,"tor":0,"tor_exit_nodes":0,"vpn":0,"relay":0,"proxy":0,"hosting":0,"service":0}},"geometry":{"type":"Point","coordinates":[102.19925,5.5313]}},{"type":"Feature","properties":{"country_code":"MYS","city":"Kota Bharu","geoname_id":"1736376","h3_hexagon":591749598926602239,"h3_resolution":3,"downloaders":{"size":21,"mobile":1,"satellite":0,"tor":0,"tor_exit_nodes":0,"vpn":0,"relay":0,"proxy":0,"hosting":0,"service":0},"uploaders":{"size":6,"mobile":0,"satellite":0,"tor":0,"tor_exit_nodes":0,"vpn":0,"relay":0,"proxy":0,"hosting":0,"service":0}},"geometry":{"type":"Point","coordinates":[102.24333,6.12361]}},{"type":"Feature","properties":{"country_code":"MYS","city":"Kuala Terengganu","geoname_id":"1734705","h3_hexagon":591749873804509183,"h3_resolution":3,"downloaders":{"size":23,"mobile":2,"satellite":0,"tor":0,"tor_exit_nodes":0,"vpn":0,"relay":0,"proxy":0,"hosting":0,"service":0},"uploaders":{"size":10,"mobile":0,"satellite":0,"tor":0,"tor_exit_nodes":0,"vpn":0,"relay":0,"proxy":0,"hosting":0,"service":0}},"geometry":{"type":"Point","coordinates":[103.1408,5.3302]}},{"type":"Feature","properties":{"country_code":"MYS","city":"Kampung Bukit Hantu","geoname_id":"6804846","h3_hexagon":591750148682416127,"h3_resolution":3,"downloaders":{"size":5,"mobile":0,"satellite":0,"tor":0,"tor_exit_nodes":0,"vpn":0,"relay":0,"proxy":0,"hosting":4,"service":0},"uploaders":{"size":4,"mobile":0,"satellite":0,"tor":0,"tor_exit_nodes":0,"vpn":0,"relay":0,"proxy":0,"hosting":3,"service":0}},"geometry":{"type":"Point","coordinates":[99.7832,6.36257]}},{"type":"Feature","properties":{"country_code":"IDN","city":"Dumai","geoname_id":"1645133","h3_hexagon":591751591791427583,"h3_resolution":3,"downloaders":{"size":19,"mobile":0,"satellite":0,"tor":0,"tor_exit_nodes":0,"vpn":0,"relay":0,"proxy":0,"hosting":0,"service":0},"uploaders":{"size":3,"mobile":0,"satellite":0,"tor":0,"tor_exit_nodes":0,"vpn":0,"relay":0,"proxy":0,"hosting":0,"service":0}},"geometry":{"type":"Point","coordinates":[101.44316,1.66711]}},{"type":"Feature","properties":{"country_code":"KHM","city":"Battambang","geoname_id":"1831797","h3_hexagon":591757432946950143,"h3_resolution":3,"downloaders":{"size":3,"mobile":0,"satellite":0,"tor":0,"tor_exit_nodes":0,"vpn":0,"relay":0,"proxy":0,"hosting":0,"service":0},"uploaders":{"size":3,"mobile":0,"satellite":0,"tor":0,"tor_exit_nodes":0,"vpn":0,"relay":0,"proxy":0,"hosting":0,"service":0}},"geometry":{"type":"Point","coordinates":[103.19822,13.10271]}},{"type":"Feature","properties":{"country_code":"KHM","city":"Kampot","geoname_id":"1831112","h3_hexagon":591757570385903615,"h3_resolution":3,"downloaders":{"size":3,"mobile":0,"satellite":0,"tor":0,"tor_exit_nodes":0,"vpn":0,"relay":0,"proxy":0,"hosting":0,"service":0},"uploaders":{"size":3,"mobile":0,"satellite":0,"tor":0,"tor_exit_nodes":0,"vpn":0,"relay":0,"proxy":0,"hosting":0,"service":0}},"geometry":{"type":"Point","coordinates":[104.18145,10.61041]}},{"type":"Feature","properties":{"country_code":"THA","city":"Thap Sakae","geoname_id":"1150218","h3_hexagon":591757845263810559,"h3_resolution":3,"downloaders":{"size":6,"mobile":4,"satellite":0,"tor":0,"tor_exit_nodes":0,"vpn":0,"relay":0,"proxy":0,"hosting":0,"service":0},"uploaders":{"size":5,"mobile":4,"satellite":0,"tor":0,"tor_exit_nodes":0,"vpn":0,"relay":0,"proxy":0,"hosting":0,"service":0}},"geometry":{"type":"Point","coordinates":[99.6217,11.49964]}},{"type":"Feature","properties":{"country_code":"THA","city":"Pak Chong","geoname_id":"1608057","h3_hexagon":591758944775438335,"h3_resolution":3,"downloaders":{"size":22,"mobile":17,"satellite":0,"tor":0,"tor_exit_nodes":0,"vpn":0,"relay":0,"proxy":0,"hosting":0,"service":0},"uploaders":{"size":11,"mobile":8,"satellite":0,"tor":0,"tor_exit_nodes":0,"vpn":0,"relay":0,"proxy":0,"hosting":0,"service":0}},"geometry":{"type":"Point","coordinates":[101.41614,14.70802]}},{"type":"Feature","properties":{"country_code":"THA","city":"Maha Sarakham","geoname_id":"1608900","h3_hexagon":591759013494915071,"h3_resolution":3,"downloaders":{"size":22,"mobile":7,"satellite":0,"tor":0,"tor_exit_nodes":0,"vpn":0,"relay":0,"proxy":0,"hosting":0,"service":0},"uploaders":{"size":4,"mobile":2,"satellite":0,"tor":0,"tor_exit_nodes":0,"vpn":0,"relay":0,"proxy":0,"hosting":0,"service":0}},"geometry":{"type":"Point","coordinates":[103.30067,16.18483]}},{"type":"Feature","properties":{"country_code":"VNM","city":"Bạc Liêu","geoname_id":"1591474","h3_hexagon":591759425811775487,"h3_resolution":3,"downloaders":{"size":8,"mobile":0,"satellite":0,"tor":0,"tor_exit_nodes":0,"vpn":0,"relay":0,"proxy":0,"hosting":0,"service":0},"uploaders":{"size":3,"mobile":0,"satellite":0,"tor":0,"tor_exit_nodes":0,"vpn":0,"relay":0,"proxy":0,"hosting":0,"service":0}},"geometry":{"type":"Point","coordinates":[105.72776,9.29414]}},{"type":"Feature","properties":{"country_code":"VNM","city":"Rạch Giá","geoname_id":"1568510","h3_hexagon":591759631970205695,"h3_resolution":3,"downloaders":{"size":57,"mobile":1,"satellite":0,"tor":0,"tor_exit_nodes":0,"vpn":0,"relay":0,"proxy":0,"hosting":0,"service":0},"uploaders":{"size":34,"mobile":0,"satellite":0,"tor":0,"tor_exit_nodes":0,"vpn":0,"relay":0,"proxy":0,"hosting":0,"service":0}},"geometry":{"type":"Point","coordinates":[105.08091,10.01245]}},{"type":"Feature","properties":{"country_code":"VNM","city":"Bảo Lộc","geoname_id":"1588275","h3_hexagon":591760525323403263,"h3_resolution":3,"downloaders":{"size":5,"mobile":0,"satellite":0,"tor":0,"tor_exit_nodes":0,"vpn":0,"relay":0,"proxy":0,"hosting":0,"service":0},"uploaders":{"size":4,"mobile":0,"satellite":0,"tor":0,"tor_exit_nodes":0,"vpn":0,"relay":0,"proxy":0,"hosting":0,"service":0}},"geometry":{"type":"Point","coordinates":[107.80772,11.54798]}},{"type":"Feature","properties":{"country_code":"VNM","city":"Buôn Ma Thuột","geoname_id":"1586896","h3_hexagon":591760662762356735,"h3_resolution":3,"downloaders":{"size":29,"mobile":10,"satellite":0,"tor":0,"tor_exit_nodes":0,"vpn":0,"relay":0,"proxy":0,"hosting":0,"service":0},"uploaders":{"size":4,"mobile":1,"satellite":0,"tor":0,"tor_exit_nodes":0,"vpn":0,"relay":0,"proxy":0,"hosting":0,"service":0}},"geometry":{"type":"Point","coordinates":[108.03775,12.66747]}},{"type":"Feature","properties":{"country_code":"COL","city":"Barrancabermeja","geoname_id":"3689169","h3_hexagon":591766984954216447,"h3_resolution":3,"downloaders":{"size":19,"mobile":0,"satellite":0,"tor":0,"tor_exit_nodes":0,"vpn":0,"relay":0,"proxy":0,"hosting":1,"service":0},"uploaders":{"size":3,"mobile":0,"satellite":0,"tor":0,"tor_exit_nodes":0,"vpn":0,"relay":0,"proxy":0,"hosting":0,"service":0}},"geometry":{"type":"Point","coordinates":[-73.85472,7.06528]}},{"type":"Feature","properties":{"country_code":"COL","city":"Apartadó","geoname_id":"3689798","h3_hexagon":591767191112646655,"h3_resolution":3,"downloaders":{"size":36,"mobile":6,"satellite":0,"tor":0,"tor_exit_nodes":0,"vpn":0,"relay":0,"proxy":0,"hosting":0,"service":0},"uploaders":{"size":3,"mobile":0,"satellite":0,"tor":0,"tor_exit_nodes":0,"vpn":0,"relay":0,"proxy":0,"hosting":0,"service":0}},"geometry":{"type":"Point","coordinates":[-76.62587,7.88299]}},{"type":"Feature","properties":{"country_code":"COL","city":"Rionegro","geoname_id":"3670730","h3_hexagon":591767740868460543,"h3_resolution":3,"downloaders":{"size":55,"mobile":2,"satellite":0,"tor":0,"tor_exit_nodes":0,"vpn":0,"relay":0,"proxy":0,"hosting":2,"service":0},"uploaders":{"size":3,"mobile":0,"satellite":0,"tor":0,"tor_exit_nodes":0,"vpn":0,"relay":0,"proxy":0,"hosting":0,"service":0}},"geometry":{"type":"Point","coordinates":[-75.37371,6.15515]}},{"type":"Feature","properties":{"country_code":"COL","city":"El Tarra","geoname_id":"3738301","h3_hexagon":591768909099565055,"h3_resolution":3,"downloaders":{"size":26,"mobile":0,"satellite":0,"tor":0,"tor_exit_nodes":0,"vpn":0,"relay":0,"proxy":0,"hosting":0,"service":0},"uploaders":{"size":4,"mobile":0,"satellite":0,"tor":0,"tor_exit_nodes":0,"vpn":0,"relay":0,"proxy":0,"hosting":0,"service":0}},"geometry":{"type":"Point","coordinates":[-73.09489,8.57562]}},{"type":"Feature","properties":{"country_code":"PAN","city":"Pamplona","geoname_id":"3703444","h3_hexagon":591777224156250111,"h3_resolution":3,"downloaders":{"size":25,"mobile":0,"satellite":0,"tor":0,"tor_exit_nodes":0,"vpn":0,"relay":0,"proxy":0,"hosting":0,"service":0},"uploaders":{"size":7,"mobile":0,"satellite":0,"tor":0,"tor_exit_nodes":0,"vpn":0,"relay":0,"proxy":0,"hosting":0,"service":0}},"geometry":{"type":"Point","coordinates":[-80.97936,8.0764]}},{"type":"Feature","properties":{"country_code":"COL","city":"Neiva","geoname_id":"3673899","h3_hexagon":591779491898982399,"h3_resolution":3,"downloaders":{"size":66,"mobile":1,"satellite":0,"tor":0,"tor_exit_nodes":0,"vpn":0,"relay":0,"proxy":0,"hosting":0,"service":0},"uploaders":{"size":22,"mobile":1,"satellite":0,"tor":0,"tor_exit_nodes":0,"vpn":0,"relay":0,"proxy":0,"hosting":0,"service":0}},"geometry":{"type":"Point","coordinates":[-75.27973,2.93001]}},{"type":"Feature","properties":{"country_code":"COL","city":"Colombia","geoname_id":"3686120","h3_hexagon":591781622202761215,"h3_resolution":3,"downloaders":{"size":216,"mobile":16,"satellite":0,"tor":0,"tor_exit_nodes":0,"vpn":0,"relay":0,"proxy":0,"hosting":0,"service":0},"uploaders":{"size":42,"mobile":0,"satellite":0,"tor":0,"tor_exit_nodes":0,"vpn":0,"relay":0,"proxy":0,"hosting":0,"service":0}},"geometry":{"type":"Point","coordinates":[-74.8015,3.37606]}},{"type":"Feature","properties":{"country_code":"JAM","city":"Ewarton","geoname_id":"3490539","h3_hexagon":591787325919330303,"h3_resolution":3,"downloaders":{"size":8,"mobile":1,"satellite":0,"tor":0,"tor_exit_nodes":0,"vpn":0,"relay":0,"proxy":0,"hosting":0,"service":0},"uploaders":{"size":3,"mobile":1,"satellite":0,"tor":0,"tor_exit_nodes":0,"vpn":0,"relay":0,"proxy":0,"hosting":0,"service":0}},"geometry":{"type":"Point","coordinates":[-77.08536,18.18333]}},{"type":"Feature","properties":{"country_code":"VEN","city":"Guarenas","geoname_id":"3640049","h3_hexagon":591788837747818495,"h3_resolution":3,"downloaders":{"size":108,"mobile":0,"satellite":0,"tor":0,"tor_exit_nodes":0,"vpn":0,"relay":0,"proxy":0,"hosting":0,"service":0},"uploaders":{"size":75,"mobile":0,"satellite":0,"tor":0,"tor_exit_nodes":0,"vpn":0,"relay":0,"proxy":0,"hosting":0,"service":0}},"geometry":{"type":"Point","coordinates":[-66.61934,10.47027]}},{"type":"Feature","properties":{"country_code":"VEN","city":"Churuguara","geoname_id":"3645586","h3_hexagon":591789181345202175,"h3_resolution":3,"downloaders":{"size":4,"mobile":0,"satellite":0,"tor":0,"tor_exit_nodes":0,"vpn":0,"relay":0,"proxy":0,"hosting":0,"service":0},"uploaders":{"size":3,"mobile":0,"satellite":0,"tor":0,"tor_exit_nodes":0,"vpn":0,"relay":0,"proxy":0,"hosting":0,"service":0}},"geometry":{"type":"Point","coordinates":[-69.53734,10.81231]}},{"type":"Feature","properties":{"country_code":"VEN","city":"Ciudad Ojeda","geoname_id":"3645527","h3_hexagon":591789318784155647,"h3_resolution":3,"downloaders":{"size":18,"mobile":0,"satellite":0,"tor":0,"tor_exit_nodes":0,"vpn":0,"relay":0,"proxy":0,"hosting":0,"service":0},"uploaders":{"size":4,"mobile":0,"satellite":0,"tor":0,"tor_exit_nodes":0,"vpn":0,"relay":0,"proxy":0,"hosting":0,"service":0}},"geometry":{"type":"Point","coordinates":[-71.3148,10.20161]}},{"type":"Feature","properties":{"country_code":"VEN","city":"Carora","geoname_id":"3646487","h3_hexagon":591790074698399743,"h3_resolution":3,"downloaders":{"size":3,"mobile":0,"satellite":0,"tor":0,"tor_exit_nodes":0,"vpn":0,"relay":0,"proxy":0,"hosting":0,"service":0},"uploaders":{"size":3,"mobile":0,"satellite":0,"tor":0,"tor_exit_nodes":0,"vpn":0,"relay":0,"proxy":0,"hosting":0,"service":0}},"geometry":{"type":"Point","coordinates":[-70.081,10.17283]}},{"type":"Feature","properties":{"country_code":"COL","city":"San Andrés","geoname_id":"3670218","h3_hexagon":591792617319038975,"h3_resolution":3,"downloaders":{"size":11,"mobile":6,"satellite":0,"tor":0,"tor_exit_nodes":0,"vpn":0,"relay":0,"proxy":0,"hosting":0,"service":0},"uploaders":{"size":7,"mobile":5,"satellite":0,"tor":0,"tor_exit_nodes":0,"vpn":0,"relay":0,"proxy":0,"hosting":0,"service":0}},"geometry":{"type":"Point","coordinates":[-81.69973,12.57858]}},{"type":"Feature","properties":{"country_code":"CRI","city":"Limón","geoname_id":"3622247","h3_hexagon":591794266586480639,"h3_resolution":3,"downloaders":{"size":20,"mobile":1,"satellite":0,"tor":0,"tor_exit_nodes":0,"vpn":0,"relay":0,"proxy":0,"hosting":0,"service":0},"uploaders":{"size":12,"mobile":0,"satellite":0,"tor":0,"tor_exit_nodes":0,"vpn":0,"relay":0,"proxy":0,"hosting":0,"service":0}},"geometry":{"type":"Point","coordinates":[-83.03596,9.99074]}},{"type":"Feature","properties":{"country_code":"MYS","city":"Papar","geoname_id":"1733353","h3_hexagon":591802306765258751,"h3_resolution":3,"downloaders":{"size":14,"mobile":0,"satellite":0,"tor":0,"tor_exit_nodes":0,"vpn":0,"relay":0,"proxy":0,"hosting":0,"service":0},"uploaders":{"size":7,"mobile":0,"satellite":0,"tor":0,"tor_exit_nodes":0,"vpn":0,"relay":0,"proxy":0,"hosting":0,"service":0}},"geometry":{"type":"Point","coordinates":[115.93333,5.73333]}},{"type":"Feature","properties":{"country_code":"MYS","city":"Ranau","geoname_id":"1733502","h3_hexagon":591802375484735487,"h3_resolution":3,"downloaders":{"size":9,"mobile":0,"satellite":0,"tor":0,"tor_exit_nodes":0,"vpn":0,"relay":0,"proxy":0,"hosting":0,"service":0},"uploaders":{"size":3,"mobile":0,"satellite":0,"tor":0,"tor_exit_nodes":0,"vpn":0,"relay":0,"proxy":0,"hosting":0,"service":0}},"geometry":{"type":"Point","coordinates":[116.6641,5.9538]}},{"type":"Feature","properties":{"country_code":"MYS","city":"Lahad Datu","geoname_id":"1733953","h3_hexagon":591802856521072639,"h3_resolution":3,"downloaders":{"size":7,"mobile":6,"satellite":0,"tor":0,"tor_exit_nodes":0,"vpn":0,"relay":0,"proxy":0,"hosting":0,"service":0},"uploaders":{"size":3,"mobile":2,"satellite":0,"tor":0,"tor_exit_nodes":0,"vpn":0,"relay":0,"proxy":0,"hosting":0,"service":0}},"geometry":{"type":"Point","coordinates":[118.32897,5.0229799999999996]}},{"type":"Feature","properties":{"country_code":"MYS","city":"Sandakan","geoname_id":"1734052","h3_hexagon":591803200118456319,"h3_resolution":3,"downloaders":{"size":19,"mobile":1,"satellite":0,"tor":0,"tor_exit_nodes":0,"vpn":0,"relay":0,"proxy":0,"hosting":0,"service":0},"uploaders":{"size":9,"mobile":0,"satellite":0,"tor":0,"tor_exit_nodes":0,"vpn":0,"relay":0,"proxy":0,"hosting":0,"service":0}},"geometry":{"type":"Point","coordinates":[118.1179,5.8402]}},{"type":"Feature","properties":{"country_code":"PHL","city":"Maasin","geoname_id":"1704758","h3_hexagon":591805948897525759,"h3_resolution":3,"downloaders":{"size":12,"mobile":11,"satellite":0,"tor":0,"tor_exit_nodes":0,"vpn":0,"relay":0,"proxy":0,"hosting":0,"service":0},"uploaders":{"size":4,"mobile":4,"satellite":0,"tor":0,"tor_exit_nodes":0,"vpn":0,"relay":0,"proxy":0,"hosting":0,"service":0}},"geometry":{"type":"Point","coordinates":[124.84082,10.13272]}},{"type":"Feature","properties":{"country_code":"PHL","city":"Tandag","geoname_id":"1683302","h3_hexagon":591806567372816383,"h3_resolution":3,"downloaders":{"size":33,"mobile":0,"satellite":0,"tor":0,"tor_exit_nodes":0,"vpn":0,"relay":0,"proxy":0,"hosting":0,"service":0},"uploaders":{"size":5,"mobile":0,"satellite":0,"tor":0,"tor_exit_nodes":0,"vpn":0,"relay":0,"proxy":0,"hosting":0,"service":0}},"geometry":{"type":"Point","coordinates":[126.19861,9.07833]}},{"type":"Feature","properties":{"country_code":"PHL","city":"Magugpo Poblacion","geoname_id":"1684269","h3_hexagon":591807598164967423,"h3_resolution":3,"downloaders":{"size":29,"mobile":2,"satellite":0,"tor":0,"tor_exit_nodes":0,"vpn":0,"relay":0,"proxy":0,"hosting":0,"service":0},"uploaders":{"size":9,"mobile":1,"satellite":0,"tor":0,"tor_exit_nodes":0,"vpn":0,"relay":0,"proxy":0,"hosting":0,"service":0}},"geometry":{"type":"Point","coordinates":[125.8046,7.4475]}},{"type":"Feature","properties":{"country_code":"PHL","city":"Catarman","geoname_id":"1717926","h3_hexagon":591807873042874367,"h3_resolution":3,"downloaders":{"size":8,"mobile":8,"satellite":0,"tor":0,"tor_exit_nodes":0,"vpn":0,"relay":0,"proxy":0,"hosting":0,"service":0},"uploaders":{"size":7,"mobile":7,"satellite":0,"tor":0,"tor_exit_nodes":0,"vpn":0,"relay":0,"proxy":0,"hosting":0,"service":0}},"geometry":{"type":"Point","coordinates":[124.6377,12.4989]}},{"type":"Feature","properties":{"country_code":"PHL","city":"Ormoc","geoname_id":"1697018","h3_hexagon":591808010481827839,"h3_resolution":3,"downloaders":{"size":45,"mobile":43,"satellite":0,"tor":0,"tor_exit_nodes":0,"vpn":0,"relay":0,"proxy":0,"hosting":0,"service":0},"uploaders":{"size":23,"mobile":23,"satellite":0,"tor":0,"tor_exit_nodes":0,"vpn":0,"relay":0,"proxy":0,"hosting":0,"service":0}},"geometry":{"type":"Point","coordinates":[124.6075,11.00639]}},{"type":"Feature","properties":{"country_code":"PHL","city":"Roxas City","geoname_id":"1691444","h3_hexagon":591808216640258047,"h3_resolution":3,"downloaders":{"size":15,"mobile":0,"satellite":0,"tor":0,"tor_exit_nodes":0,"vpn":0,"relay":0,"proxy":0,"hosting":0,"service":0},"uploaders":{"size":6,"mobile":0,"satellite":0,"tor":0,"tor_exit_nodes":0,"vpn":0,"relay":0,"proxy":0,"hosting":0,"service":0}},"geometry":{"type":"Point","coordinates":[122.75111,11.58528]}},{"type":"Feature","properties":{"country_code":"VNM","city":"Qui Nhon","geoname_id":"1568574","h3_hexagon":591822097974558719,"h3_resolution":3,"downloaders":{"size":21,"mobile":16,"satellite":0,"tor":0,"tor_exit_nodes":0,"vpn":2,"relay":0,"proxy":0,"hosting":0,"service":0},"uploaders":{"size":6,"mobile":4,"satellite":0,"tor":0,"tor_exit_nodes":0,"vpn":2,"relay":0,"proxy":0,"hosting":0,"service":0}},"geometry":{"type":"Point","coordinates":[109.22367,13.77648]}},{"type":"Feature","properties":{"country_code":"VNM","city":"Quảng Ngãi","geoname_id":"1568770","h3_hexagon":591822372852465663,"h3_resolution":3,"downloaders":{"size":12,"mobile":2,"satellite":0,"tor":0,"tor_exit_nodes":0,"vpn":0,"relay":0,"proxy":0,"hosting":0,"service":0},"uploaders":{"size":3,"mobile":1,"satellite":0,"tor":0,"tor_exit_nodes":0,"vpn":0,"relay":0,"proxy":0,"hosting":0,"service":0}},"geometry":{"type":"Point","coordinates":[108.79232,15.12047]}},{"type":"Feature","properties":{"country_code":"VNM","city":"Kon Tum","geoname_id":"1578500","h3_hexagon":591822510291419135,"h3_resolution":3,"downloaders":{"size":4,"mobile":3,"satellite":0,"tor":0,"tor_exit_nodes":0,"vpn":0,"relay":0,"proxy":0,"hosting":0,"service":0},"uploaders":{"size":4,"mobile":3,"satellite":0,"tor":0,"tor_exit_nodes":0,"vpn":0,"relay":0,"proxy":0,"hosting":0,"service":0}},"geometry":{"type":"Point","coordinates":[108.00759,14.35451]}},{"type":"Feature","properties":{"country_code":"PHL","city":"Jose Pañganiban","geoname_id":"1710103","h3_hexagon":591823747242000383,"h3_resolution":3,"downloaders":{"size":10,"mobile":0,"satellite":0,"tor":0,"tor_exit_nodes":0,"vpn":0,"relay":0,"proxy":0,"hosting":10,"service":0},"uploaders":{"size":8,"mobile":0,"satellite":0,"tor":0,"tor_exit_nodes":0,"vpn":0,"relay":0,"proxy":0,"hosting":8,"service":0}},"geometry":{"type":"Point","coordinates":[122.6917,14.2906]}},{"type":"Feature","properties":{"country_code":"PHL","city":"Naga","geoname_id":"1698829","h3_hexagon":591823953400430591,"h3_resolution":3,"downloaders":{"size":10,"mobile":1,"satellite":0,"tor":0,"tor_exit_nodes":0,"vpn":0,"relay":0,"proxy":0,"hosting":0,"service":0},"uploaders":{"size":7,"mobile":0,"satellite":0,"tor":0,"tor_exit_nodes":0,"vpn":0,"relay":0,"proxy":0,"hosting":0,"service":0}},"geometry":{"type":"Point","coordinates":[123.18139,13.61917]}},{"type":"Feature","properties":{"country_code":"PHL","city":"San Fernando","geoname_id":"1690033","h3_hexagon":591826358582116351,"h3_resolution":3,"downloaders":{"size":25,"mobile":0,"satellite":0,"tor":0,"tor_exit_nodes":0,"vpn":0,"relay":0,"proxy":0,"hosting":0,"service":0},"uploaders":{"size":11,"mobile":0,"satellite":0,"tor":0,"tor_exit_nodes":0,"vpn":0,"relay":0,"proxy":0,"hosting":0,"service":0}},"geometry":{"type":"Point","coordinates":[120.31663,16.61591]}},{"type":"Feature","properties":{"country_code":"MYS","city":"Sarikei","geoname_id":"1735837","h3_hexagon":591829450958569471,"h3_resolution":3,"downloaders":{"size":5,"mobile":0,"satellite":0,"tor":0,"tor_exit_nodes":0,"vpn":0,"relay":0,"proxy":0,"hosting":0,"service":0},"uploaders":{"size":3,"mobile":0,"satellite":0,"tor":0,"tor_exit_nodes":0,"vpn":0,"relay":0,"proxy":0,"hosting":0,"service":0}},"geometry":{"type":"Point","coordinates":[111.51667,2.11667]}},{"type":"Feature","properties":{"country_code":"ETH","city":"Āsosa","geoname_id":"343292","h3_hexagon":591843057414963199,"h3_resolution":3,"downloaders":{"size":146,"mobile":145,"satellite":0,"tor":0,"tor_exit_nodes":0,"vpn":0,"relay":0,"proxy":0,"hosting":0,"service":0},"uploaders":{"size":66,"mobile":65,"satellite":0,"tor":0,"tor_exit_nodes":0,"vpn":0,"relay":0,"proxy":0,"hosting":0,"service":0}},"geometry":{"type":"Point","coordinates":[34.53333,10.06667]}},{"type":"Feature","properties":{"country_code":"ETH","city":"Nek’emtē","geoname_id":"330118","h3_hexagon":591843538451300351,"h3_resolution":3,"downloaders":{"size":117,"mobile":114,"satellite":0,"tor":0,"tor_exit_nodes":0,"vpn":0,"relay":0,"proxy":0,"hosting":0,"service":0},"uploaders":{"size":60,"mobile":57,"satellite":0,"tor":0,"tor_exit_nodes":0,"vpn":0,"relay":0,"proxy":0,"hosting":0,"service":0}},"geometry":{"type":"Point","coordinates":[36.55,9.08333]}},{"type":"Feature","properties":{"country_code":"COD","city":"Kisangani","geoname_id":"212730","h3_hexagon":591846081071939583,"h3_resolution":3,"downloaders":{"size":43,"mobile":0,"satellite":0,"tor":0,"tor_exit_nodes":0,"vpn":0,"relay":0,"proxy":0,"hosting":0,"service":0},"uploaders":{"size":13,"mobile":0,"satellite":0,"tor":0,"tor_exit_nodes":0,"vpn":0,"relay":0,"proxy":0,"hosting":0,"service":0}},"geometry":{"type":"Point","coordinates":[25.19099,0.51528]}},{"type":"Feature","properties":{"country_code":"COD","city":"Gbadolite","geoname_id":"216404","h3_hexagon":591847386741997567,"h3_resolution":3,"downloaders":{"size":6,"mobile":0,"satellite":0,"tor":0,"tor_exit_nodes":0,"vpn":0,"relay":0,"proxy":0,"hosting":0,"service":0},"uploaders":{"size":3,"mobile":0,"satellite":0,"tor":0,"tor_exit_nodes":0,"vpn":0,"relay":0,"proxy":0,"hosting":0,"service":0}},"geometry":{"type":"Point","coordinates":[21.00284,4.279]}},{"type":"Feature","properties":{"country_code":"SDN","city":"Khartoum","geoname_id":"379252","h3_hexagon":591861542954205183,"h3_resolution":3,"downloaders":{"size":202,"mobile":0,"satellite":8,"tor":0,"tor_exit_nodes":0,"vpn":1,"relay":0,"proxy":0,"hosting":1,"service":1},"uploaders":{"size":76,"mobile":0,"satellite":5,"tor":0,"tor_exit_nodes":0,"vpn":0,"relay":0,"proxy":0,"hosting":0,"service":0}},"geometry":{"type":"Point","coordinates":[32.53241,15.55177]}},{"type":"Feature","properties":{"country_code":"CAF","city":"Bangui","geoname_id":"2389853","h3_hexagon":591864566611181567,"h3_resolution":3,"downloaders":{"size":44,"mobile":43,"satellite":0,"tor":0,"tor_exit_nodes":0,"vpn":0,"relay":0,"proxy":0,"hosting":0,"service":0},"uploaders":{"size":27,"mobile":26,"satellite":0,"tor":0,"tor_exit_nodes":0,"vpn":0,"relay":0,"proxy":0,"hosting":0,"service":0}},"geometry":{"type":"Point","coordinates":[18.55496,4.36122]}},{"type":"Feature","properties":{"country_code":"ECU","city":"Puerto Ayora","geoname_id":"3652764","h3_hexagon":591877829470191615,"h3_resolution":3,"downloaders":{"size":8,"mobile":0,"satellite":0,"tor":0,"tor_exit_nodes":0,"vpn":0,"relay":0,"proxy":0,"hosting":0,"service":0},"uploaders":{"size":5,"mobile":0,"satellite":0,"tor":0,"tor_exit_nodes":0,"vpn":0,"relay":0,"proxy":0,"hosting":0,"service":0}},"geometry":{"type":"Point","coordinates":[-90.3138,-0.74018]}},{"type":"Feature","properties":{"country_code":"GTM","city":"San Marcos La Laguna","geoname_id":"3589795","h3_hexagon":591891916962922495,"h3_resolution":3,"downloaders":{"size":42,"mobile":0,"satellite":0,"tor":0,"tor_exit_nodes":0,"vpn":0,"relay":0,"proxy":0,"hosting":0,"service":0},"uploaders":{"size":4,"mobile":0,"satellite":0,"tor":0,"tor_exit_nodes":0,"vpn":0,"relay":0,"proxy":0,"hosting":0,"service":0}},"geometry":{"type":"Point","coordinates":[-91.25844,14.72504]}},{"type":"Feature","properties":{"country_code":"MEX","city":"Juchitán de Zaragoza","geoname_id":"3526357","h3_hexagon":591892535438213119,"h3_resolution":3,"downloaders":{"size":21,"mobile":0,"satellite":0,"tor":0,"tor_exit_nodes":0,"vpn":0,"relay":0,"proxy":0,"hosting":0,"service":0},"uploaders":{"size":3,"mobile":0,"satellite":0,"tor":0,"tor_exit_nodes":0,"vpn":0,"relay":0,"proxy":0,"hosting":0,"service":0}},"geometry":{"type":"Point","coordinates":[-95.01975,16.43603]}},{"type":"Feature","properties":{"country_code":"IDN","city":"Timika","geoname_id":"1623834","h3_hexagon":591987918071922687,"h3_resolution":3,"downloaders":{"size":180,"mobile":170,"satellite":0,"tor":0,"tor_exit_nodes":0,"vpn":0,"relay":0,"proxy":0,"hosting":0,"service":0},"uploaders":{"size":59,"mobile":59,"satellite":0,"tor":0,"tor_exit_nodes":0,"vpn":0,"relay":0,"proxy":0,"hosting":0,"service":0}},"geometry":{"type":"Point","coordinates":[136.67679,-4.61407]}},{"type":"Feature","properties":{"country_code":"PLW","city":"Koror","geoname_id":"1559446","h3_hexagon":591996576725991423,"h3_resolution":3,"downloaders":{"size":14,"mobile":0,"satellite":0,"tor":0,"tor_exit_nodes":0,"vpn":2,"relay":0,"proxy":0,"hosting":0,"service":0},"uploaders":{"size":8,"mobile":0,"satellite":0,"tor":0,"tor_exit_nodes":0,"vpn":2,"relay":0,"proxy":0,"hosting":0,"service":0}},"geometry":{"type":"Point","coordinates":[134.47326,7.33978]}},{"type":"Feature","properties":{"country_code":"IDN","city":"Ternate","geoname_id":"1624041","h3_hexagon":592004616904769535,"h3_resolution":3,"downloaders":{"size":9,"mobile":0,"satellite":0,"tor":0,"tor_exit_nodes":0,"vpn":0,"relay":0,"proxy":0,"hosting":0,"service":0},"uploaders":{"size":4,"mobile":0,"satellite":0,"tor":0,"tor_exit_nodes":0,"vpn":0,"relay":0,"proxy":0,"hosting":0,"service":0}},"geometry":{"type":"Point","coordinates":[127.38424,0.79065]}},{"type":"Feature","properties":{"country_code":"IDN","city":"Sorong","geoname_id":"1626542","h3_hexagon":592005372819013631,"h3_resolution":3,"downloaders":{"size":25,"mobile":3,"satellite":0,"tor":0,"tor_exit_nodes":0,"vpn":0,"relay":0,"proxy":0,"hosting":0,"service":0},"uploaders":{"size":4,"mobile":1,"satellite":0,"tor":0,"tor_exit_nodes":0,"vpn":0,"relay":0,"proxy":0,"hosting":0,"service":0}},"geometry":{"type":"Point","coordinates":[131.26104,-0.87956]}},{"type":"Feature","properties":{"country_code":"GHA","city":"Sunyani","geoname_id":"2295021","h3_hexagon":592030249269592063,"h3_resolution":3,"downloaders":{"size":173,"mobile":2,"satellite":0,"tor":0,"tor_exit_nodes":0,"vpn":0,"relay":0,"proxy":0,"hosting":0,"service":0},"uploaders":{"size":45,"mobile":2,"satellite":0,"tor":0,"tor_exit_nodes":0,"vpn":0,"relay":0,"proxy":0,"hosting":0,"service":0}},"geometry":{"type":"Point","coordinates":[-2.32676,7.33991]}},{"type":"Feature","properties":{"country_code":"GHA","city":"Cape Coast","geoname_id":"2302357","h3_hexagon":592030799025405951,"h3_resolution":3,"downloaders":{"size":11,"mobile":0,"satellite":0,"tor":0,"tor_exit_nodes":0,"vpn":0,"relay":0,"proxy":0,"hosting":0,"service":0},"uploaders":{"size":7,"mobile":0,"satellite":0,"tor":0,"tor_exit_nodes":0,"vpn":0,"relay":0,"proxy":0,"hosting":0,"service":0}},"geometry":{"type":"Point","coordinates":[-1.2466,5.10535]}},{"type":"Feature","properties":{"country_code":"CIV","city":"Bouaké","geoname_id":"2290956","h3_hexagon":592031073903312895,"h3_resolution":3,"downloaders":{"size":27,"mobile":0,"satellite":0,"tor":0,"tor_exit_nodes":0,"vpn":0,"relay":0,"proxy":0,"hosting":0,"service":0},"uploaders":{"size":5,"mobile":0,"satellite":0,"tor":0,"tor_exit_nodes":0,"vpn":0,"relay":0,"proxy":0,"hosting":0,"service":0}},"geometry":{"type":"Point","coordinates":[-5.03031,7.69385]}},{"type":"Feature","properties":{"country_code":"CIV","city":"Daloa","geoname_id":"2290486","h3_hexagon":592031211342266367,"h3_resolution":3,"downloaders":{"size":16,"mobile":2,"satellite":0,"tor":0,"tor_exit_nodes":0,"vpn":2,"relay":0,"proxy":0,"hosting":0,"service":0},"uploaders":{"size":6,"mobile":0,"satellite":0,"tor":0,"tor_exit_nodes":0,"vpn":1,"relay":0,"proxy":0,"hosting":0,"service":0}},"geometry":{"type":"Point","coordinates":[-6.45022,6.87735]}},{"type":"Feature","properties":{"country_code":"BFA","city":"Bobo-Dioulasso","geoname_id":"2362344","h3_hexagon":592033479084998655,"h3_resolution":3,"downloaders":{"size":15,"mobile":0,"satellite":0,"tor":0,"tor_exit_nodes":0,"vpn":0,"relay":0,"proxy":0,"hosting":0,"service":0},"uploaders":{"size":11,"mobile":0,"satellite":0,"tor":0,"tor_exit_nodes":0,"vpn":0,"relay":0,"proxy":0,"hosting":0,"service":0}},"geometry":{"type":"Point","coordinates":[-4.2979,11.17715]}},{"type":"Feature","properties":{"country_code":"BFA","city":"Batié","geoname_id":"2362669","h3_hexagon":592033547804475391,"h3_resolution":3,"downloaders":{"size":5,"mobile":0,"satellite":0,"tor":0,"tor_exit_nodes":0,"vpn":0,"relay":0,"proxy":0,"hosting":0,"service":0},"uploaders":{"size":4,"mobile":0,"satellite":0,"tor":0,"tor_exit_nodes":0,"vpn":0,"relay":0,"proxy":0,"hosting":0,"service":0}},"geometry":{"type":"Point","coordinates":[-2.91667,9.88333]}},{"type":"Feature","properties":{"country_code":"GHA","city":"Sakumona","geoname_id":"2295692","h3_hexagon":592037877131509759,"h3_resolution":3,"downloaders":{"size":6,"mobile":0,"satellite":0,"tor":0,"tor_exit_nodes":0,"vpn":0,"relay":0,"proxy":0,"hosting":0,"service":0},"uploaders":{"size":3,"mobile":0,"satellite":0,"tor":0,"tor_exit_nodes":0,"vpn":0,"relay":0,"proxy":0,"hosting":0,"service":0}},"geometry":{"type":"Point","coordinates":[-0.05193,5.62135]}},{"type":"Feature","properties":{"country_code":"CIV","city":"Duekoué","geoname_id":"2289549","h3_hexagon":592041725422206975,"h3_resolution":3,"downloaders":{"size":33,"mobile":0,"satellite":0,"tor":0,"tor_exit_nodes":0,"vpn":0,"relay":0,"proxy":0,"hosting":0,"service":0},"uploaders":{"size":7,"mobile":0,"satellite":0,"tor":0,"tor_exit_nodes":0,"vpn":0,"relay":0,"proxy":0,"hosting":0,"service":0}},"geometry":{"type":"Point","coordinates":[-7.34918,6.74202]}},{"type":"Feature","properties":{"country_code":"FSM","city":"Weno","geoname_id":"2081114","h3_hexagon":592068457298657279,"h3_resolution":3,"downloaders":{"size":15,"mobile":0,"satellite":0,"tor":0,"tor_exit_nodes":0,"vpn":0,"relay":0,"proxy":0,"hosting":0,"service":0},"uploaders":{"size":5,"mobile":0,"satellite":0,"tor":0,"tor_exit_nodes":0,"vpn":0,"relay":0,"proxy":0,"hosting":0,"service":0}},"geometry":{"type":"Point","coordinates":[151.84135,7.44648]}},{"type":"Feature","properties":{"country_code":"SOM","city":"Kismayo","geoname_id":"55671","h3_hexagon":592120821539930111,"h3_resolution":3,"downloaders":{"size":6,"mobile":5,"satellite":0,"tor":0,"tor_exit_nodes":0,"vpn":0,"relay":0,"proxy":0,"hosting":0,"service":0},"uploaders":{"size":4,"mobile":3,"satellite":0,"tor":0,"tor_exit_nodes":0,"vpn":0,"relay":0,"proxy":0,"hosting":0,"service":0}},"geometry":{"type":"Point","coordinates":[42.54536,-0.35817]}},{"type":"Feature","properties":{"country_code":"KEN","city":"Nyahururu","geoname_id":"183027","h3_hexagon":592122333368418303,"h3_resolution":3,"downloaders":{"size":7,"mobile":0,"satellite":0,"tor":0,"tor_exit_nodes":0,"vpn":0,"relay":0,"proxy":0,"hosting":0,"service":0},"uploaders":{"size":5,"mobile":0,"satellite":0,"tor":0,"tor_exit_nodes":0,"vpn":0,"relay":0,"proxy":0,"hosting":0,"service":0}},"geometry":{"type":"Point","coordinates":[36.36339,0.03813]}},{"type":"Feature","properties":{"country_code":"KEN","city":"Lodwar","geoname_id":"189280","h3_hexagon":592123982635859967,"h3_resolution":3,"downloaders":{"size":17,"mobile":16,"satellite":0,"tor":0,"tor_exit_nodes":0,"vpn":0,"relay":0,"proxy":0,"hosting":0,"service":0},"uploaders":{"size":14,"mobile":14,"satellite":0,"tor":0,"tor_exit_nodes":0,"vpn":0,"relay":0,"proxy":0,"hosting":0,"service":0}},"geometry":{"type":"Point","coordinates":[35.59642,3.11988]}},{"type":"Feature","properties":{"country_code":"KEN","city":"Mtito Andei","geoname_id":"186101","h3_hexagon":592124463672197119,"h3_resolution":3,"downloaders":{"size":11,"mobile":0,"satellite":0,"tor":0,"tor_exit_nodes":0,"vpn":0,"relay":0,"proxy":0,"hosting":0,"service":0},"uploaders":{"size":5,"mobile":0,"satellite":0,"tor":0,"tor_exit_nodes":0,"vpn":0,"relay":0,"proxy":0,"hosting":0,"service":0}},"geometry":{"type":"Point","coordinates":[38.16687,-2.68987]}},{"type":"Feature","properties":{"country_code":"KEN","city":"Voi","geoname_id":"178522","h3_hexagon":592124738550104063,"h3_resolution":3,"downloaders":{"size":6,"mobile":0,"satellite":0,"tor":0,"tor_exit_nodes":0,"vpn":3,"relay":0,"proxy":0,"hosting":0,"service":0},"uploaders":{"size":4,"mobile":0,"satellite":0,"tor":0,"tor_exit_nodes":0,"vpn":1,"relay":0,"proxy":0,"hosting":0,"service":0}},"geometry":{"type":"Point","coordinates":[38.55609,-3.39605]}},{"type":"Feature","properties":{"country_code":"KEN","city":"Narok","geoname_id":"184379","h3_hexagon":592125013428011007,"h3_resolution":3,"downloaders":{"size":19,"mobile":17,"satellite":0,"tor":0,"tor_exit_nodes":0,"vpn":0,"relay":0,"proxy":0,"hosting":0,"service":0},"uploaders":{"size":11,"mobile":10,"satellite":0,"tor":0,"tor_exit_nodes":0,"vpn":0,"relay":0,"proxy":0,"hosting":0,"service":0}},"geometry":{"type":"Point","coordinates":[35.87111,-1.08083]}},{"type":"Feature","properties":{"country_code":"ETH","city":"Hosa’ina","geoname_id":"334609","h3_hexagon":592131679217254399,"h3_resolution":3,"downloaders":{"size":11,"mobile":0,"satellite":0,"tor":0,"tor_exit_nodes":0,"vpn":0,"relay":0,"proxy":0,"hosting":0,"service":0},"uploaders":{"size":9,"mobile":0,"satellite":0,"tor":0,"tor_exit_nodes":0,"vpn":0,"relay":0,"proxy":0,"hosting":0,"service":0}},"geometry":{"type":"Point","coordinates":[37.85374,7.54978]}},{"type":"Feature","properties":{"country_code":"KEN","city":"Ukunda","geoname_id":"178792","h3_hexagon":592140544029753343,"h3_resolution":3,"downloaders":{"size":10,"mobile":0,"satellite":0,"tor":0,"tor_exit_nodes":0,"vpn":0,"relay":0,"proxy":0,"hosting":0,"service":0},"uploaders":{"size":8,"mobile":0,"satellite":0,"tor":0,"tor_exit_nodes":0,"vpn":0,"relay":0,"proxy":0,"hosting":0,"service":0}},"geometry":{"type":"Point","coordinates":[39.56404,-4.2929]}},{"type":"Feature","properties":{"country_code":"BRA","city":"Piripiri","geoname_id":"3391908","h3_hexagon":592223419718696959,"h3_resolution":3,"downloaders":{"size":45,"mobile":0,"satellite":0,"tor":0,"tor_exit_nodes":0,"vpn":0,"relay":0,"proxy":0,"hosting":0,"service":0},"uploaders":{"size":9,"mobile":0,"satellite":0,"tor":0,"tor_exit_nodes":0,"vpn":0,"relay":0,"proxy":0,"hosting":0,"service":0}},"geometry":{"type":"Point","coordinates":[-41.77694,-4.27333]}},{"type":"Feature","properties":{"country_code":"BRA","city":"Chapadinha","geoname_id":"3402229","h3_hexagon":592223488438173695,"h3_resolution":3,"downloaders":{"size":52,"mobile":0,"satellite":0,"tor":0,"tor_exit_nodes":0,"vpn":0,"relay":0,"proxy":0,"hosting":0,"service":0},"uploaders":{"size":18,"mobile":0,"satellite":0,"tor":0,"tor_exit_nodes":0,"vpn":0,"relay":0,"proxy":0,"hosting":0,"service":0}},"geometry":{"type":"Point","coordinates":[-43.36028,-3.74167]}},{"type":"Feature","properties":{"country_code":"BRA","city":"Turiaçu","geoname_id":"3385908","h3_hexagon":592224038193987583,"h3_resolution":3,"downloaders":{"size":69,"mobile":0,"satellite":0,"tor":0,"tor_exit_nodes":0,"vpn":0,"relay":0,"proxy":0,"hosting":0,"service":0},"uploaders":{"size":16,"mobile":0,"satellite":0,"tor":0,"tor_exit_nodes":0,"vpn":0,"relay":0,"proxy":0,"hosting":0,"service":0}},"geometry":{"type":"Point","coordinates":[-45.37167,-1.66333]}},{"type":"Feature","properties":{"country_code":"BRA","city":"Itapecuru Mirim","geoname_id":"3397936","h3_hexagon":592224244352417791,"h3_resolution":3,"downloaders":{"size":13,"mobile":0,"satellite":0,"tor":0,"tor_exit_nodes":0,"vpn":0,"relay":0,"proxy":0,"hosting":0,"service":0},"uploaders":{"size":5,"mobile":0,"satellite":0,"tor":0,"tor_exit_nodes":0,"vpn":0,"relay":0,"proxy":0,"hosting":0,"service":0}},"geometry":{"type":"Point","coordinates":[-44.35861,-3.3925]}},{"type":"Feature","properties":{"country_code":"BRA","city":"Pinheiro","geoname_id":"3392054","h3_hexagon":592224313071894527,"h3_resolution":3,"downloaders":{"size":26,"mobile":0,"satellite":0,"tor":0,"tor_exit_nodes":0,"vpn":0,"relay":0,"proxy":0,"hosting":0,"service":0},"uploaders":{"size":3,"mobile":0,"satellite":0,"tor":0,"tor_exit_nodes":0,"vpn":0,"relay":0,"proxy":0,"hosting":0,"service":0}},"geometry":{"type":"Point","coordinates":[-45.0825,-2.52139]}},{"type":"Feature","properties":{"country_code":"BRA","city":"Barreirinhas","geoname_id":"3406196","h3_hexagon":592224381791371263,"h3_resolution":3,"downloaders":{"size":24,"mobile":0,"satellite":0,"tor":0,"tor_exit_nodes":0,"vpn":0,"relay":0,"proxy":0,"hosting":0,"service":0},"uploaders":{"size":5,"mobile":0,"satellite":0,"tor":0,"tor_exit_nodes":0,"vpn":0,"relay":0,"proxy":0,"hosting":0,"service":0}},"geometry":{"type":"Point","coordinates":[-42.82591,-2.75556]}},{"type":"Feature","properties":{"country_code":"BRA","city":"Nova Russas","geoname_id":"3393832","h3_hexagon":592224862827708415,"h3_resolution":3,"downloaders":{"size":49,"mobile":0,"satellite":0,"tor":0,"tor_exit_nodes":0,"vpn":0,"relay":0,"proxy":0,"hosting":0,"service":0},"uploaders":{"size":11,"mobile":0,"satellite":0,"tor":0,"tor_exit_nodes":0,"vpn":0,"relay":0,"proxy":0,"hosting":0,"service":0}},"geometry":{"type":"Point","coordinates":[-40.56306,-4.70667]}},{"type":"Feature","properties":{"country_code":"BRA","city":"Canto do Buriti","geoname_id":"3403251","h3_hexagon":592225893619859455,"h3_resolution":3,"downloaders":{"size":12,"mobile":0,"satellite":0,"tor":0,"tor_exit_nodes":0,"vpn":0,"relay":0,"proxy":0,"hosting":0,"service":0},"uploaders":{"size":11,"mobile":0,"satellite":0,"tor":0,"tor_exit_nodes":0,"vpn":0,"relay":0,"proxy":0,"hosting":0,"service":0}},"geometry":{"type":"Point","coordinates":[-42.94444,-8.11]}},{"type":"Feature","properties":{"country_code":"BRA","city":"Barra do Corda","geoname_id":"3406317","h3_hexagon":592226168497766399,"h3_resolution":3,"downloaders":{"size":24,"mobile":0,"satellite":0,"tor":0,"tor_exit_nodes":0,"vpn":0,"relay":0,"proxy":0,"hosting":0,"service":0},"uploaders":{"size":8,"mobile":0,"satellite":0,"tor":0,"tor_exit_nodes":0,"vpn":0,"relay":0,"proxy":0,"hosting":0,"service":0}},"geometry":{"type":"Point","coordinates":[-45.24333,-5.50556]}},{"type":"Feature","properties":{"country_code":"BRA","city":"Buriticupu","geoname_id":"12959044","h3_hexagon":592226237217243135,"h3_resolution":3,"downloaders":{"size":14,"mobile":0,"satellite":0,"tor":0,"tor_exit_nodes":0,"vpn":0,"relay":0,"proxy":0,"hosting":0,"service":0},"uploaders":{"size":8,"mobile":0,"satellite":0,"tor":0,"tor_exit_nodes":0,"vpn":0,"relay":0,"proxy":0,"hosting":0,"service":0}},"geometry":{"type":"Point","coordinates":[-46.45468,-4.32124]}},{"type":"Feature","properties":{"country_code":"BRA","city":"Codó","geoname_id":"3402000","h3_hexagon":592226305936719871,"h3_resolution":3,"downloaders":{"size":44,"mobile":0,"satellite":0,"tor":0,"tor_exit_nodes":0,"vpn":0,"relay":0,"proxy":0,"hosting":0,"service":0},"uploaders":{"size":10,"mobile":0,"satellite":0,"tor":0,"tor_exit_nodes":0,"vpn":0,"relay":0,"proxy":0,"hosting":0,"service":0}},"geometry":{"type":"Point","coordinates":[-43.88556,-4.45528]}},{"type":"Feature","properties":{"country_code":"BRA","city":"Presidente Dutra","geoname_id":"3391220","h3_hexagon":592226580814626815,"h3_resolution":3,"downloaders":{"size":22,"mobile":0,"satellite":0,"tor":0,"tor_exit_nodes":0,"vpn":0,"relay":0,"proxy":0,"hosting":0,"service":0},"uploaders":{"size":7,"mobile":0,"satellite":0,"tor":0,"tor_exit_nodes":0,"vpn":0,"relay":0,"proxy":0,"hosting":0,"service":0}},"geometry":{"type":"Point","coordinates":[-44.49,-5.29]}},{"type":"Feature","properties":{"country_code":"BRA","city":"Exu","geoname_id":"3400541","h3_hexagon":592226718253580287,"h3_resolution":3,"downloaders":{"size":25,"mobile":0,"satellite":0,"tor":0,"tor_exit_nodes":0,"vpn":0,"relay":0,"proxy":0,"hosting":0,"service":0},"uploaders":{"size":4,"mobile":0,"satellite":0,"tor":0,"tor_exit_nodes":0,"vpn":0,"relay":0,"proxy":0,"hosting":0,"service":0}},"geometry":{"type":"Point","coordinates":[-39.72417,-7.51194]}},{"type":"Feature","properties":{"country_code":"BRA","city":"Picos","geoname_id":"3392167","h3_hexagon":592227061850963967,"h3_resolution":3,"downloaders":{"size":187,"mobile":0,"satellite":0,"tor":0,"tor_exit_nodes":0,"vpn":2,"relay":0,"proxy":0,"hosting":0,"service":0},"uploaders":{"size":90,"mobile":0,"satellite":0,"tor":0,"tor_exit_nodes":0,"vpn":2,"relay":0,"proxy":0,"hosting":0,"service":0}},"geometry":{"type":"Point","coordinates":[-41.46694,-7.07694]}},{"type":"Feature","properties":{"country_code":"BRA","city":"Breves","geoname_id":"3404817","h3_hexagon":592230222946893823,"h3_resolution":3,"downloaders":{"size":102,"mobile":0,"satellite":0,"tor":0,"tor_exit_nodes":0,"vpn":0,"relay":0,"proxy":0,"hosting":0,"service":0},"uploaders":{"size":21,"mobile":0,"satellite":0,"tor":0,"tor_exit_nodes":0,"vpn":0,"relay":0,"proxy":0,"hosting":0,"service":0}},"geometry":{"type":"Point","coordinates":[-50.48028,-1.68222]}},{"type":"Feature","properties":{"country_code":"BRA","city":"Portel","geoname_id":"3391412","h3_hexagon":592230978861137919,"h3_resolution":3,"downloaders":{"size":8,"mobile":0,"satellite":0,"tor":0,"tor_exit_nodes":0,"vpn":1,"relay":0,"proxy":0,"hosting":0,"service":0},"uploaders":{"size":4,"mobile":0,"satellite":0,"tor":0,"tor_exit_nodes":0,"vpn":0,"relay":0,"proxy":0,"hosting":0,"service":0}},"geometry":{"type":"Point","coordinates":[-50.82111,-1.93556]}},{"type":"Feature","properties":{"country_code":"BRA","city":"Paragominas","geoname_id":"3393106","h3_hexagon":592231116300091391,"h3_resolution":3,"downloaders":{"size":20,"mobile":0,"satellite":0,"tor":0,"tor_exit_nodes":0,"vpn":0,"relay":0,"proxy":0,"hosting":0,"service":0},"uploaders":{"size":13,"mobile":0,"satellite":0,"tor":0,"tor_exit_nodes":0,"vpn":0,"relay":0,"proxy":0,"hosting":0,"service":0}},"geometry":{"type":"Point","coordinates":[-47.35488,-2.99565]}},{"type":"Feature","properties":{"country_code":"BRA","city":"Tomé-Açu","geoname_id":"3386279","h3_hexagon":592231185019568127,"h3_resolution":3,"downloaders":{"size":6,"mobile":0,"satellite":0,"tor":0,"tor_exit_nodes":0,"vpn":0,"relay":0,"proxy":0,"hosting":0,"service":0},"uploaders":{"size":4,"mobile":0,"satellite":0,"tor":0,"tor_exit_nodes":0,"vpn":0,"relay":0,"proxy":0,"hosting":0,"service":0}},"geometry":{"type":"Point","coordinates":[-48.15222,-2.41889]}},{"type":"Feature","properties":{"country_code":"BRA","city":"Capitão Poço","geoname_id":"3403127","h3_hexagon":592231322458521599,"h3_resolution":3,"downloaders":{"size":10,"mobile":0,"satellite":0,"tor":0,"tor_exit_nodes":0,"vpn":0,"relay":0,"proxy":0,"hosting":0,"service":0},"uploaders":{"size":3,"mobile":0,"satellite":0,"tor":0,"tor_exit_nodes":0,"vpn":0,"relay":0,"proxy":0,"hosting":0,"service":0}},"geometry":{"type":"Point","coordinates":[-47.05944,-1.74639]}},{"type":"Feature","properties":{"country_code":"BRA","city":"Zé Doca","geoname_id":"6318970","h3_hexagon":592231528616951807,"h3_resolution":3,"downloaders":{"size":6,"mobile":0,"satellite":0,"tor":0,"tor_exit_nodes":0,"vpn":0,"relay":0,"proxy":0,"hosting":0,"service":0},"uploaders":{"size":3,"mobile":0,"satellite":0,"tor":0,"tor_exit_nodes":0,"vpn":0,"relay":0,"proxy":0,"hosting":0,"service":0}},"geometry":{"type":"Point","coordinates":[-45.65833,-3.27472]}},{"type":"Feature","properties":{"country_code":"BRA","city":"Ibotirama","geoname_id":"3461525","h3_hexagon":592241080624218111,"h3_resolution":3,"downloaders":{"size":21,"mobile":0,"satellite":0,"tor":0,"tor_exit_nodes":0,"vpn":0,"relay":0,"proxy":0,"hosting":0,"service":0},"uploaders":{"size":3,"mobile":0,"satellite":0,"tor":0,"tor_exit_nodes":0,"vpn":0,"relay":0,"proxy":0,"hosting":0,"service":0}},"geometry":{"type":"Point","coordinates":[-43.22056,-12.18528]}},{"type":"Feature","properties":{"country_code":"BRA","city":"Bom Jesus da Lapa","geoname_id":"3469437","h3_hexagon":592241355502125055,"h3_resolution":3,"downloaders":{"size":10,"mobile":0,"satellite":0,"tor":0,"tor_exit_nodes":0,"vpn":0,"relay":0,"proxy":0,"hosting":0,"service":0},"uploaders":{"size":3,"mobile":0,"satellite":0,"tor":0,"tor_exit_nodes":0,"vpn":0,"relay":0,"proxy":0,"hosting":0,"service":0}},"geometry":{"type":"Point","coordinates":[-43.41806,-13.255]}},{"type":"Feature","properties":{"country_code":"BRA","city":"Bom Jesus","geoname_id":"3405304","h3_hexagon":592241767818985471,"h3_resolution":3,"downloaders":{"size":31,"mobile":0,"satellite":0,"tor":0,"tor_exit_nodes":0,"vpn":1,"relay":0,"proxy":0,"hosting":0,"service":0},"uploaders":{"size":14,"mobile":0,"satellite":0,"tor":0,"tor_exit_nodes":0,"vpn":1,"relay":0,"proxy":0,"hosting":0,"service":0}},"geometry":{"type":"Point","coordinates":[-44.35861,-9.07444]}},{"type":"Feature","properties":{"country_code":"BRA","city":"Corrente","geoname_id":"3465405","h3_hexagon":592241905257938943,"h3_resolution":3,"downloaders":{"size":10,"mobile":0,"satellite":0,"tor":0,"tor_exit_nodes":0,"vpn":0,"relay":0,"proxy":0,"hosting":0,"service":0},"uploaders":{"size":4,"mobile":0,"satellite":0,"tor":0,"tor_exit_nodes":0,"vpn":0,"relay":0,"proxy":0,"hosting":0,"service":0}},"geometry":{"type":"Point","coordinates":[-45.16222,-10.44333]}},{"type":"Feature","properties":{"country_code":"BRA","city":"Tobias Barreto","geoname_id":"3446400","h3_hexagon":592242248855322623,"h3_resolution":3,"downloaders":{"size":60,"mobile":0,"satellite":0,"tor":0,"tor_exit_nodes":0,"vpn":1,"relay":0,"proxy":0,"hosting":0,"service":0},"uploaders":{"size":12,"mobile":0,"satellite":0,"tor":0,"tor_exit_nodes":0,"vpn":0,"relay":0,"proxy":0,"hosting":0,"service":0}},"geometry":{"type":"Point","coordinates":[-37.99833,-11.18389]}},{"type":"Feature","properties":{"country_code":"BRA","city":"Sento Sé","geoname_id":"6318662","h3_hexagon":592242729891659775,"h3_resolution":3,"downloaders":{"size":4,"mobile":0,"satellite":0,"tor":0,"tor_exit_nodes":0,"vpn":0,"relay":0,"proxy":0,"hosting":0,"service":0},"uploaders":{"size":3,"mobile":0,"satellite":0,"tor":0,"tor_exit_nodes":0,"vpn":0,"relay":0,"proxy":0,"hosting":0,"service":0}},"geometry":{"type":"Point","coordinates":[-41.88528,-9.74583]}},{"type":"Feature","properties":{"country_code":"BRA","city":"Janaúba","geoname_id":"3460174","h3_hexagon":592243210927996927,"h3_resolution":3,"downloaders":{"size":26,"mobile":0,"satellite":0,"tor":0,"tor_exit_nodes":0,"vpn":0,"relay":0,"proxy":0,"hosting":0,"service":0},"uploaders":{"size":9,"mobile":0,"satellite":0,"tor":0,"tor_exit_nodes":0,"vpn":0,"relay":0,"proxy":0,"hosting":0,"service":0}},"geometry":{"type":"Point","coordinates":[-43.30889,-15.8025]}},{"type":"Feature","properties":{"country_code":"BRA","city":"Januária","geoname_id":"3460148","h3_hexagon":592243279647473663,"h3_resolution":3,"downloaders":{"size":26,"mobile":0,"satellite":0,"tor":0,"tor_exit_nodes":0,"vpn":0,"relay":0,"proxy":0,"hosting":0,"service":0},"uploaders":{"size":8,"mobile":0,"satellite":0,"tor":0,"tor_exit_nodes":0,"vpn":0,"relay":0,"proxy":0,"hosting":0,"service":0}},"geometry":{"type":"Point","coordinates":[-44.3652,-15.47949]}},{"type":"Feature","properties":{"country_code":"BRA","city":"Caculé","geoname_id":"3468349","h3_hexagon":592243348366950399,"h3_resolution":3,"downloaders":{"size":27,"mobile":0,"satellite":0,"tor":0,"tor_exit_nodes":0,"vpn":1,"relay":0,"proxy":0,"hosting":0,"service":0},"uploaders":{"size":7,"mobile":0,"satellite":0,"tor":0,"tor_exit_nodes":0,"vpn":0,"relay":0,"proxy":0,"hosting":0,"service":0}},"geometry":{"type":"Point","coordinates":[-42.22222,-14.50333]}},{"type":"Feature","properties":{"country_code":"BRA","city":"Guanambi","geoname_id":"3461973","h3_hexagon":592243417086427135,"h3_resolution":3,"downloaders":{"size":95,"mobile":0,"satellite":0,"tor":0,"tor_exit_nodes":0,"vpn":0,"relay":0,"proxy":0,"hosting":0,"service":0},"uploaders":{"size":12,"mobile":0,"satellite":0,"tor":0,"tor_exit_nodes":0,"vpn":0,"relay":0,"proxy":0,"hosting":0,"service":0}},"geometry":{"type":"Point","coordinates":[-42.78139,-14.22333]}},{"type":"Feature","properties":{"country_code":"BRA","city":"Coração de Jesus","geoname_id":"3465542","h3_hexagon":592243554525380607,"h3_resolution":3,"downloaders":{"size":19,"mobile":0,"satellite":0,"tor":0,"tor_exit_nodes":0,"vpn":0,"relay":0,"proxy":0,"hosting":0,"service":0},"uploaders":{"size":14,"mobile":0,"satellite":0,"tor":0,"tor_exit_nodes":0,"vpn":0,"relay":0,"proxy":0,"hosting":0,"service":0}},"geometry":{"type":"Point","coordinates":[-44.365,-16.68528]}},{"type":"Feature","properties":{"country_code":"BRA","city":"Salinas","geoname_id":"3450671","h3_hexagon":592243623244857343,"h3_resolution":3,"downloaders":{"size":22,"mobile":0,"satellite":0,"tor":0,"tor_exit_nodes":0,"vpn":0,"relay":0,"proxy":0,"hosting":0,"service":0},"uploaders":{"size":11,"mobile":0,"satellite":0,"tor":0,"tor_exit_nodes":0,"vpn":0,"relay":0,"proxy":0,"hosting":0,"service":0}},"geometry":{"type":"Point","coordinates":[-42.29028,-16.17028]}},{"type":"Feature","properties":{"country_code":"BRA","city":"Barreiras","geoname_id":"3470583","h3_hexagon":592243966842241023,"h3_resolution":3,"downloaders":{"size":126,"mobile":0,"satellite":0,"tor":0,"tor_exit_nodes":0,"vpn":1,"relay":0,"proxy":0,"hosting":0,"service":0},"uploaders":{"size":42,"mobile":0,"satellite":0,"tor":0,"tor_exit_nodes":0,"vpn":1,"relay":0,"proxy":0,"hosting":0,"service":0}},"geometry":{"type":"Point","coordinates":[-44.99,-12.15278]}},{"type":"Feature","properties":{"country_code":"BRA","city":"Itapetinga","geoname_id":"3460730","h3_hexagon":592244310439624703,"h3_resolution":3,"downloaders":{"size":19,"mobile":0,"satellite":0,"tor":0,"tor_exit_nodes":0,"vpn":0,"relay":0,"proxy":0,"hosting":0,"service":0},"uploaders":{"size":3,"mobile":0,"satellite":0,"tor":0,"tor_exit_nodes":0,"vpn":0,"relay":0,"proxy":0,"hosting":0,"service":0}},"geometry":{"type":"Point","coordinates":[-40.24778,-15.24889]}},{"type":"Feature","properties":{"country_code":"BRA","city":"Pedra Azul","geoname_id":"3454578","h3_hexagon":592244654037008383,"h3_resolution":3,"downloaders":{"size":27,"mobile":0,"satellite":0,"tor":0,"tor_exit_nodes":0,"vpn":0,"relay":0,"proxy":0,"hosting":0,"service":0},"uploaders":{"size":16,"mobile":0,"satellite":0,"tor":0,"tor_exit_nodes":0,"vpn":0,"relay":0,"proxy":0,"hosting":0,"service":0}},"geometry":{"type":"Point","coordinates":[-41.29722,-16.00528]}},{"type":"Feature","properties":{"country_code":"BRA","city":"Pau Brasil","geoname_id":"3454743","h3_hexagon":592244722756485119,"h3_resolution":3,"downloaders":{"size":33,"mobile":0,"satellite":0,"tor":0,"tor_exit_nodes":0,"vpn":0,"relay":0,"proxy":0,"hosting":0,"service":0},"uploaders":{"size":7,"mobile":0,"satellite":0,"tor":0,"tor_exit_nodes":0,"vpn":0,"relay":0,"proxy":0,"hosting":0,"service":0}},"geometry":{"type":"Point","coordinates":[-39.65111,-15.46417]}},{"type":"Feature","properties":{"country_code":"BRA","city":"Conceição do Araguaia","geoname_id":"3401845","h3_hexagon":592245409951252479,"h3_resolution":3,"downloaders":{"size":13,"mobile":0,"satellite":0,"tor":0,"tor_exit_nodes":0,"vpn":0,"relay":0,"proxy":0,"hosting":0,"service":0},"uploaders":{"size":3,"mobile":0,"satellite":0,"tor":0,"tor_exit_nodes":0,"vpn":0,"relay":0,"proxy":0,"hosting":0,"service":0}},"geometry":{"type":"Point","coordinates":[-49.26982,-8.26441]}},{"type":"Feature","properties":{"country_code":"BRA","city":"Rio Maria","geoname_id":"6318160","h3_hexagon":592245478670729215,"h3_resolution":3,"downloaders":{"size":42,"mobile":0,"satellite":0,"tor":0,"tor_exit_nodes":0,"vpn":0,"relay":0,"proxy":0,"hosting":0,"service":0},"uploaders":{"size":22,"mobile":0,"satellite":0,"tor":0,"tor_exit_nodes":0,"vpn":0,"relay":0,"proxy":0,"hosting":0,"service":0}},"geometry":{"type":"Point","coordinates":[-50.04833,-7.31056]}},{"type":"Feature","properties":{"country_code":"BRA","city":"Santana do Araguaia","geoname_id":"6318324","h3_hexagon":592245753548636159,"h3_resolution":3,"downloaders":{"size":13,"mobile":0,"satellite":0,"tor":0,"tor_exit_nodes":0,"vpn":0,"relay":0,"proxy":0,"hosting":0,"service":0},"uploaders":{"size":6,"mobile":0,"satellite":0,"tor":0,"tor_exit_nodes":0,"vpn":0,"relay":0,"proxy":0,"hosting":0,"service":0}},"geometry":{"type":"Point","coordinates":[-50.35,-9.335]}},{"type":"Feature","properties":{"country_code":"BRA","city":"São Félix do Xingu","geoname_id":"3388847","h3_hexagon":592246303304450047,"h3_resolution":3,"downloaders":{"size":22,"mobile":0,"satellite":0,"tor":0,"tor_exit_nodes":0,"vpn":0,"relay":0,"proxy":0,"hosting":0,"service":0},"uploaders":{"size":5,"mobile":0,"satellite":0,"tor":0,"tor_exit_nodes":0,"vpn":0,"relay":0,"proxy":0,"hosting":0,"service":0}},"geometry":{"type":"Point","coordinates":[-51.995,-6.64472]}},{"type":"Feature","properties":{"country_code":"BRA","city":"Canaã dos Carajás","geoname_id":"6316757","h3_hexagon":592246372023926783,"h3_resolution":3,"downloaders":{"size":71,"mobile":0,"satellite":0,"tor":0,"tor_exit_nodes":0,"vpn":0,"relay":0,"proxy":0,"hosting":0,"service":0},"uploaders":{"size":8,"mobile":0,"satellite":0,"tor":0,"tor_exit_nodes":0,"vpn":0,"relay":0,"proxy":0,"hosting":0,"service":0}},"geometry":{"type":"Point","coordinates":[-49.85167,-6.52392]}},{"type":"Feature","properties":{"country_code":"BRA","city":"Balsas","geoname_id":"3406545","h3_hexagon":592246509462880255,"h3_resolution":3,"downloaders":{"size":31,"mobile":0,"satellite":0,"tor":0,"tor_exit_nodes":0,"vpn":0,"relay":0,"proxy":0,"hosting":0,"service":0},"uploaders":{"size":12,"mobile":0,"satellite":0,"tor":0,"tor_exit_nodes":0,"vpn":0,"relay":0,"proxy":0,"hosting":0,"service":0}},"geometry":{"type":"Point","coordinates":[-46.03556,-7.5325]}},{"type":"Feature","properties":{"country_code":"BRA","city":"Santa Luzia","geoname_id":"3389557","h3_hexagon":592246578182356991,"h3_resolution":3,"downloaders":{"size":10,"mobile":0,"satellite":0,"tor":0,"tor_exit_nodes":0,"vpn":0,"relay":0,"proxy":0,"hosting":0,"service":0},"uploaders":{"size":6,"mobile":0,"satellite":0,"tor":0,"tor_exit_nodes":0,"vpn":0,"relay":0,"proxy":0,"hosting":0,"service":0}},"geometry":{"type":"Point","coordinates":[-47.21738,-7.64265]}},{"type":"Feature","properties":{"country_code":"BRA","city":"Augustinópolis","geoname_id":"3411874","h3_hexagon":592247059218694143,"h3_resolution":3,"downloaders":{"size":10,"mobile":0,"satellite":0,"tor":0,"tor_exit_nodes":0,"vpn":0,"relay":0,"proxy":0,"hosting":0,"service":0},"uploaders":{"size":5,"mobile":0,"satellite":0,"tor":0,"tor_exit_nodes":0,"vpn":0,"relay":0,"proxy":0,"hosting":0,"service":0}},"geometry":{"type":"Point","coordinates":[-47.88863,-5.46854]}},{"type":"Feature","properties":{"country_code":"BRA","city":"Rondon do Pará","geoname_id":"6318184","h3_hexagon":592247265377124351,"h3_resolution":3,"downloaders":{"size":12,"mobile":0,"satellite":0,"tor":0,"tor_exit_nodes":0,"vpn":0,"relay":0,"proxy":0,"hosting":0,"service":0},"uploaders":{"size":7,"mobile":0,"satellite":0,"tor":0,"tor_exit_nodes":0,"vpn":0,"relay":0,"proxy":0,"hosting":0,"service":0}},"geometry":{"type":"Point","coordinates":[-48.06722,-4.77611]}},{"type":"Feature","properties":{"country_code":"BRA","city":"Eldorado dos Carajás","geoname_id":"6317056","h3_hexagon":592247402816077823,"h3_resolution":3,"downloaders":{"size":15,"mobile":0,"satellite":0,"tor":0,"tor_exit_nodes":0,"vpn":0,"relay":0,"proxy":0,"hosting":0,"service":0},"uploaders":{"size":3,"mobile":0,"satellite":0,"tor":0,"tor_exit_nodes":0,"vpn":0,"relay":0,"proxy":0,"hosting":0,"service":0}},"geometry":{"type":"Point","coordinates":[-49.35528,-6.10417]}},{"type":"Feature","properties":{"country_code":"BRA","city":"Estreito","geoname_id":"3393051","h3_hexagon":592247471535554559,"h3_resolution":3,"downloaders":{"size":8,"mobile":0,"satellite":0,"tor":0,"tor_exit_nodes":0,"vpn":0,"relay":0,"proxy":0,"hosting":0,"service":0},"uploaders":{"size":3,"mobile":0,"satellite":0,"tor":0,"tor_exit_nodes":0,"vpn":0,"relay":0,"proxy":0,"hosting":0,"service":0}},"geometry":{"type":"Point","coordinates":[-47.44149,-6.55573]}},{"type":"Feature","properties":{"country_code":"BRA","city":"Confresa","geoname_id":"6316908","h3_hexagon":592247677693984767,"h3_resolution":3,"downloaders":{"size":34,"mobile":0,"satellite":0,"tor":0,"tor_exit_nodes":0,"vpn":0,"relay":0,"proxy":0,"hosting":0,"service":0},"uploaders":{"size":5,"mobile":0,"satellite":0,"tor":0,"tor_exit_nodes":0,"vpn":0,"relay":0,"proxy":0,"hosting":0,"service":0}},"geometry":{"type":"Point","coordinates":[-51.56889,-10.64389]}},{"type":"Feature","properties":{"country_code":"BRA","city":"Dianópolis","geoname_id":"3464720","h3_hexagon":592249120802996223,"h3_resolution":3,"downloaders":{"size":8,"mobile":0,"satellite":0,"tor":0,"tor_exit_nodes":0,"vpn":0,"relay":0,"proxy":0,"hosting":0,"service":0},"uploaders":{"size":6,"mobile":0,"satellite":0,"tor":0,"tor_exit_nodes":0,"vpn":0,"relay":0,"proxy":0,"hosting":0,"service":0}},"geometry":{"type":"Point","coordinates":[-46.82056,-11.62778]}},{"type":"Feature","properties":{"country_code":"BRA","city":"Patos","geoname_id":"3392887","h3_hexagon":592250632631484415,"h3_resolution":3,"downloaders":{"size":43,"mobile":0,"satellite":0,"tor":0,"tor_exit_nodes":0,"vpn":0,"relay":0,"proxy":0,"hosting":0,"service":0},"uploaders":{"size":4,"mobile":0,"satellite":0,"tor":0,"tor_exit_nodes":0,"vpn":0,"relay":0,"proxy":0,"hosting":0,"service":0}},"geometry":{"type":"Point","coordinates":[-37.28,-7.02444]}},{"type":"Feature","properties":{"country_code":"BRA","city":"Cajazeiras","geoname_id":"3404020","h3_hexagon":592250701350961151,"h3_resolution":3,"downloaders":{"size":585,"mobile":0,"satellite":0,"tor":0,"tor_exit_nodes":0,"vpn":0,"relay":0,"proxy":0,"hosting":0,"service":0},"uploaders":{"size":102,"mobile":0,"satellite":0,"tor":0,"tor_exit_nodes":0,"vpn":0,"relay":0,"proxy":0,"hosting":0,"service":0}},"geometry":{"type":"Point","coordinates":[-38.55528,-6.89028]}},{"type":"Feature","properties":{"country_code":"BRA","city":"Belém de São Francisco","geoname_id":"3405852","h3_hexagon":592252625496309759,"h3_resolution":3,"downloaders":{"size":8,"mobile":0,"satellite":0,"tor":0,"tor_exit_nodes":0,"vpn":0,"relay":0,"proxy":0,"hosting":0,"service":0},"uploaders":{"size":3,"mobile":0,"satellite":0,"tor":0,"tor_exit_nodes":0,"vpn":0,"relay":0,"proxy":0,"hosting":0,"service":0}},"geometry":{"type":"Point","coordinates":[-38.96583,-8.75389]}},{"type":"Feature","properties":{"country_code":"BRA","city":"Afogados da Ingazeira","geoname_id":"3408274","h3_hexagon":592252762935263231,"h3_resolution":3,"downloaders":{"size":17,"mobile":0,"satellite":0,"tor":0,"tor_exit_nodes":0,"vpn":0,"relay":0,"proxy":0,"hosting":0,"service":0},"uploaders":{"size":3,"mobile":0,"satellite":0,"tor":0,"tor_exit_nodes":0,"vpn":0,"relay":0,"proxy":0,"hosting":0,"service":0}},"geometry":{"type":"Point","coordinates":[-37.63917,-7.75083]}},{"type":"Feature","properties":{"country_code":"BRA","city":"Uauá","geoname_id":"3385883","h3_hexagon":592252900374216703,"h3_resolution":3,"downloaders":{"size":8,"mobile":0,"satellite":0,"tor":0,"tor_exit_nodes":0,"vpn":0,"relay":0,"proxy":0,"hosting":0,"service":0},"uploaders":{"size":3,"mobile":0,"satellite":0,"tor":0,"tor_exit_nodes":0,"vpn":0,"relay":0,"proxy":0,"hosting":0,"service":0}},"geometry":{"type":"Point","coordinates":[-39.48167,-9.84139]}},{"type":"Feature","properties":{"country_code":"COD","city":"Matadi","geoname_id":"2313002","h3_hexagon":592262314942529535,"h3_resolution":3,"downloaders":{"size":37,"mobile":37,"satellite":0,"tor":0,"tor_exit_nodes":0,"vpn":0,"relay":0,"proxy":0,"hosting":0,"service":0},"uploaders":{"size":14,"mobile":14,"satellite":0,"tor":0,"tor_exit_nodes":0,"vpn":0,"relay":0,"proxy":0,"hosting":0,"service":0}},"geometry":{"type":"Point","coordinates":[13.46306,-5.83861]}},{"type":"Feature","properties":{"country_code":"CMR","city":"Kribi","geoname_id":"2229761","h3_hexagon":592273172619853823,"h3_resolution":3,"downloaders":{"size":7,"mobile":1,"satellite":0,"tor":0,"tor_exit_nodes":0,"vpn":0,"relay":0,"proxy":0,"hosting":0,"service":0},"uploaders":{"size":3,"mobile":0,"satellite":0,"tor":0,"tor_exit_nodes":0,"vpn":0,"relay":0,"proxy":0,"hosting":0,"service":0}},"geometry":{"type":"Point","coordinates":[9.90765,2.93725]}},{"type":"Feature","properties":{"country_code":"NGA","city":"Eket","geoname_id":"2343720","h3_hexagon":592273859814621183,"h3_resolution":3,"downloaders":{"size":4,"mobile":0,"satellite":0,"tor":0,"tor_exit_nodes":0,"vpn":2,"relay":0,"proxy":0,"hosting":0,"service":0},"uploaders":{"size":4,"mobile":0,"satellite":0,"tor":0,"tor_exit_nodes":0,"vpn":2,"relay":0,"proxy":0,"hosting":0,"service":0}},"geometry":{"type":"Point","coordinates":[7.92438,4.64231]}},{"type":"Feature","properties":{"country_code":"AGO","city":"Porto Amboim","geoname_id":"3346661","h3_hexagon":592276333715783679,"h3_resolution":3,"downloaders":{"size":10,"mobile":0,"satellite":0,"tor":0,"tor_exit_nodes":0,"vpn":0,"relay":0,"proxy":0,"hosting":0,"service":0},"uploaders":{"size":7,"mobile":0,"satellite":0,"tor":0,"tor_exit_nodes":0,"vpn":0,"relay":0,"proxy":0,"hosting":0,"service":0}},"geometry":{"type":"Point","coordinates":[13.76844,-10.73251]}},{"type":"Feature","properties":{"country_code":"AGO","city":"Lobito","geoname_id":"3347939","h3_hexagon":592276608593690623,"h3_resolution":3,"downloaders":{"size":43,"mobile":0,"satellite":0,"tor":0,"tor_exit_nodes":0,"vpn":1,"relay":0,"proxy":0,"hosting":0,"service":0},"uploaders":{"size":31,"mobile":0,"satellite":0,"tor":0,"tor_exit_nodes":0,"vpn":1,"relay":0,"proxy":0,"hosting":0,"service":0}},"geometry":{"type":"Point","coordinates":[13.53601,-12.3644]}},{"type":"Feature","properties":{"country_code":"AGO","city":"N'dalatando","geoname_id":"2239076","h3_hexagon":592277501946888191,"h3_resolution":3,"downloaders":{"size":5,"mobile":0,"satellite":0,"tor":0,"tor_exit_nodes":0,"vpn":0,"relay":0,"proxy":0,"hosting":0,"service":0},"uploaders":{"size":4,"mobile":0,"satellite":0,"tor":0,"tor_exit_nodes":0,"vpn":0,"relay":0,"proxy":0,"hosting":0,"service":0}},"geometry":{"type":"Point","coordinates":[14.91162,-9.29782]}},{"type":"Feature","properties":{"country_code":"AGO","city":"Sumbe","geoname_id":"3346015","h3_hexagon":592277639385841663,"h3_resolution":3,"downloaders":{"size":16,"mobile":0,"satellite":0,"tor":0,"tor_exit_nodes":0,"vpn":0,"relay":0,"proxy":0,"hosting":0,"service":0},"uploaders":{"size":5,"mobile":0,"satellite":0,"tor":0,"tor_exit_nodes":0,"vpn":0,"relay":0,"proxy":0,"hosting":0,"service":0}},"geometry":{"type":"Point","coordinates":[13.84371,-11.20605]}},{"type":"Feature","properties":{"country_code":"AGO","city":"Huambo","geoname_id":"3348313","h3_hexagon":592279632250667007,"h3_resolution":3,"downloaders":{"size":18,"mobile":0,"satellite":0,"tor":0,"tor_exit_nodes":0,"vpn":0,"relay":0,"proxy":0,"hosting":0,"service":0},"uploaders":{"size":11,"mobile":0,"satellite":0,"tor":0,"tor_exit_nodes":0,"vpn":0,"relay":0,"proxy":0,"hosting":0,"service":0}},"geometry":{"type":"Point","coordinates":[15.73917,-12.77611]}},{"type":"Feature","properties":{"country_code":"AGO","city":"Cafunfo","geoname_id":"7768322","h3_hexagon":592287191393107967,"h3_resolution":3,"downloaders":{"size":6,"mobile":0,"satellite":0,"tor":0,"tor_exit_nodes":0,"vpn":0,"relay":0,"proxy":0,"hosting":0,"service":0},"uploaders":{"size":5,"mobile":0,"satellite":0,"tor":0,"tor_exit_nodes":0,"vpn":0,"relay":0,"proxy":0,"hosting":0,"service":0}},"geometry":{"type":"Point","coordinates":[17.99572,-8.7672]}},{"type":"Feature","properties":{"country_code":"AGO","city":"Malanje","geoname_id":"2239862","h3_hexagon":592287534990491647,"h3_resolution":3,"downloaders":{"size":6,"mobile":0,"satellite":0,"tor":0,"tor_exit_nodes":0,"vpn":0,"relay":0,"proxy":0,"hosting":0,"service":0},"uploaders":{"size":3,"mobile":0,"satellite":0,"tor":0,"tor_exit_nodes":0,"vpn":0,"relay":0,"proxy":0,"hosting":0,"service":0}},"geometry":{"type":"Point","coordinates":[16.34096,-9.54015]}},{"type":"Feature","properties":{"country_code":"AGO","city":"Uíge","geoname_id":"2236568","h3_hexagon":592287741148921855,"h3_resolution":3,"downloaders":{"size":64,"mobile":0,"satellite":0,"tor":0,"tor_exit_nodes":0,"vpn":0,"relay":0,"proxy":0,"hosting":0,"service":0},"uploaders":{"size":26,"mobile":0,"satellite":0,"tor":0,"tor_exit_nodes":0,"vpn":0,"relay":0,"proxy":0,"hosting":0,"service":0}},"geometry":{"type":"Point","coordinates":[15.06131,-7.60874]}},{"type":"Feature","properties":{"country_code":"SYC","city":"La Passe","geoname_id":"11103219","h3_hexagon":592322581923627007,"h3_resolution":3,"downloaders":{"size":70,"mobile":9,"satellite":0,"tor":0,"tor_exit_nodes":0,"vpn":1,"relay":0,"proxy":0,"hosting":0,"service":0},"uploaders":{"size":33,"mobile":6,"satellite":0,"tor":0,"tor_exit_nodes":0,"vpn":1,"relay":0,"proxy":0,"hosting":0,"service":0}},"geometry":{"type":"Point","coordinates":[55.83269,-4.34808]}},{"type":"Feature","properties":{"country_code":"BRA","city":"Humaitá","geoname_id":"3664078","h3_hexagon":592399341579141119,"h3_resolution":3,"downloaders":{"size":11,"mobile":0,"satellite":0,"tor":0,"tor_exit_nodes":0,"vpn":0,"relay":0,"proxy":0,"hosting":0,"service":0},"uploaders":{"size":4,"mobile":0,"satellite":0,"tor":0,"tor_exit_nodes":0,"vpn":0,"relay":0,"proxy":0,"hosting":0,"service":0}},"geometry":{"type":"Point","coordinates":[-63.03105,-7.51651]}},{"type":"Feature","properties":{"country_code":"BRA","city":"Ariquemes","geoname_id":"3665199","h3_hexagon":592401678041350143,"h3_resolution":3,"downloaders":{"size":63,"mobile":0,"satellite":0,"tor":0,"tor_exit_nodes":0,"vpn":1,"relay":0,"proxy":0,"hosting":0,"service":0},"uploaders":{"size":15,"mobile":0,"satellite":0,"tor":0,"tor_exit_nodes":0,"vpn":0,"relay":0,"proxy":0,"hosting":0,"service":0}},"geometry":{"type":"Point","coordinates":[-63.04083,-9.91333]}},{"type":"Feature","properties":{"country_code":"BRA","city":"Rurópolis","geoname_id":"6318194","h3_hexagon":592408275111116799,"h3_resolution":3,"downloaders":{"size":8,"mobile":0,"satellite":0,"tor":0,"tor_exit_nodes":0,"vpn":0,"relay":0,"proxy":0,"hosting":0,"service":0},"uploaders":{"size":4,"mobile":0,"satellite":0,"tor":0,"tor_exit_nodes":0,"vpn":0,"relay":0,"proxy":0,"hosting":0,"service":0}},"geometry":{"type":"Point","coordinates":[-54.91028,-4.09556]}},{"type":"Feature","properties":{"country_code":"BRA","city":"Maués","geoname_id":"3395062","h3_hexagon":592408962305884159,"h3_resolution":3,"downloaders":{"size":15,"mobile":0,"satellite":0,"tor":0,"tor_exit_nodes":0,"vpn":0,"relay":0,"proxy":0,"hosting":0,"service":0},"uploaders":{"size":8,"mobile":0,"satellite":0,"tor":0,"tor_exit_nodes":0,"vpn":0,"relay":0,"proxy":0,"hosting":0,"service":0}},"geometry":{"type":"Point","coordinates":[-57.71861,-3.38361]}},{"type":"Feature","properties":{"country_code":"BRA","city":"Barreirinha","geoname_id":"3406202","h3_hexagon":592409099744837631,"h3_resolution":3,"downloaders":{"size":24,"mobile":0,"satellite":0,"tor":0,"tor_exit_nodes":0,"vpn":0,"relay":0,"proxy":0,"hosting":0,"service":0},"uploaders":{"size":5,"mobile":0,"satellite":0,"tor":0,"tor_exit_nodes":0,"vpn":0,"relay":0,"proxy":0,"hosting":0,"service":0}},"geometry":{"type":"Point","coordinates":[-57.07,-2.79333]}},{"type":"Feature","properties":{"country_code":"BRA","city":"Altamira","geoname_id":"3407882","h3_hexagon":592409374622744575,"h3_resolution":3,"downloaders":{"size":66,"mobile":0,"satellite":0,"tor":0,"tor_exit_nodes":0,"vpn":0,"relay":0,"proxy":0,"hosting":0,"service":0},"uploaders":{"size":21,"mobile":0,"satellite":0,"tor":0,"tor_exit_nodes":0,"vpn":0,"relay":0,"proxy":0,"hosting":0,"service":0}},"geometry":{"type":"Point","coordinates":[-52.20639,-3.20333]}},{"type":"Feature","properties":{"country_code":"BRA","city":"Novo Progresso","geoname_id":"6317800","h3_hexagon":592411779804430335,"h3_resolution":3,"downloaders":{"size":8,"mobile":0,"satellite":0,"tor":0,"tor_exit_nodes":0,"vpn":0,"relay":0,"proxy":0,"hosting":0,"service":0},"uploaders":{"size":3,"mobile":0,"satellite":0,"tor":0,"tor_exit_nodes":0,"vpn":0,"relay":0,"proxy":0,"hosting":0,"service":0}},"geometry":{"type":"Point","coordinates":[-55.38111,-7.14778]}},{"type":"Feature","properties":{"country_code":"BRA","city":"Coari","geoname_id":"3664539","h3_hexagon":592415009619836927,"h3_resolution":3,"downloaders":{"size":44,"mobile":1,"satellite":0,"tor":0,"tor_exit_nodes":0,"vpn":0,"relay":0,"proxy":0,"hosting":0,"service":0},"uploaders":{"size":24,"mobile":1,"satellite":0,"tor":0,"tor_exit_nodes":0,"vpn":0,"relay":0,"proxy":0,"hosting":0,"service":0}},"geometry":{"type":"Point","coordinates":[-63.14139,-4.085]}},{"type":"Feature","properties":{"country_code":"BRA","city":"Tefé","geoname_id":"3661944","h3_hexagon":592415078339313663,"h3_resolution":3,"downloaders":{"size":9,"mobile":1,"satellite":0,"tor":0,"tor_exit_nodes":0,"vpn":0,"relay":0,"proxy":0,"hosting":0,"service":0},"uploaders":{"size":3,"mobile":0,"satellite":0,"tor":0,"tor_exit_nodes":0,"vpn":0,"relay":0,"proxy":0,"hosting":0,"service":0}},"geometry":{"type":"Point","coordinates":[-64.72054,-3.36841]}},{"type":"Feature","properties":{"country_code":"BRA","city":"Nova Lacerda","geoname_id":"6317747","h3_hexagon":592418170715766783,"h3_resolution":3,"downloaders":{"size":6,"mobile":0,"satellite":0,"tor":0,"tor_exit_nodes":0,"vpn":0,"relay":0,"proxy":0,"hosting":0,"service":0},"uploaders":{"size":4,"mobile":0,"satellite":0,"tor":0,"tor_exit_nodes":0,"vpn":0,"relay":0,"proxy":0,"hosting":0,"service":0}},"geometry":{"type":"Point","coordinates":[-59.60861,-14.47611]}},{"type":"Feature","properties":{"country_code":"BRA","city":"Pontes e Lacerda","geoname_id":"3453060","h3_hexagon":592418445593673727,"h3_resolution":3,"downloaders":{"size":25,"mobile":0,"satellite":0,"tor":0,"tor_exit_nodes":0,"vpn":0,"relay":0,"proxy":0,"hosting":0,"service":0},"uploaders":{"size":5,"mobile":0,"satellite":0,"tor":0,"tor_exit_nodes":0,"vpn":0,"relay":0,"proxy":0,"hosting":0,"service":0}},"geometry":{"type":"Point","coordinates":[-59.33528,-15.22611]}},{"type":"Feature","properties":{"country_code":"BRA","city":"Cerejeiras","geoname_id":"6316847","h3_hexagon":592418995349487615,"h3_resolution":3,"downloaders":{"size":6,"mobile":0,"satellite":0,"tor":0,"tor_exit_nodes":0,"vpn":3,"relay":0,"proxy":0,"hosting":0,"service":0},"uploaders":{"size":3,"mobile":0,"satellite":0,"tor":0,"tor_exit_nodes":0,"vpn":1,"relay":0,"proxy":0,"hosting":0,"service":0}},"geometry":{"type":"Point","coordinates":[-60.81222,-13.18889]}},{"type":"Feature","properties":{"country_code":"BRA","city":"Xapuri","geoname_id":"3924674","h3_hexagon":592421469250650111,"h3_resolution":3,"downloaders":{"size":5,"mobile":0,"satellite":0,"tor":0,"tor_exit_nodes":0,"vpn":0,"relay":0,"proxy":0,"hosting":0,"service":0},"uploaders":{"size":3,"mobile":0,"satellite":0,"tor":0,"tor_exit_nodes":0,"vpn":0,"relay":0,"proxy":0,"hosting":0,"service":0}},"geometry":{"type":"Point","coordinates":[-68.50444,-10.65167]}},{"type":"Feature","properties":{"country_code":"BRA","city":"Cruzeiro do Sul","geoname_id":"3664464","h3_hexagon":592421950286987263,"h3_resolution":3,"downloaders":{"size":37,"mobile":0,"satellite":0,"tor":0,"tor_exit_nodes":0,"vpn":0,"relay":0,"proxy":0,"hosting":0,"service":0},"uploaders":{"size":15,"mobile":0,"satellite":0,"tor":0,"tor_exit_nodes":0,"vpn":0,"relay":0,"proxy":0,"hosting":0,"service":0}},"geometry":{"type":"Point","coordinates":[-72.67756,-7.62759]}},{"type":"Feature","properties":{"country_code":"BRA","city":"Lucas do Rio Verde","geoname_id":"3462986","h3_hexagon":592426004736114687,"h3_resolution":3,"downloaders":{"size":37,"mobile":0,"satellite":0,"tor":0,"tor_exit_nodes":0,"vpn":0,"relay":0,"proxy":0,"hosting":0,"service":0},"uploaders":{"size":8,"mobile":0,"satellite":0,"tor":0,"tor_exit_nodes":0,"vpn":0,"relay":0,"proxy":0,"hosting":0,"service":0}},"geometry":{"type":"Point","coordinates":[-55.91479,-13.07127]}},{"type":"Feature","properties":{"country_code":"BRA","city":"Sorriso","geoname_id":"6318714","h3_hexagon":592426142175068159,"h3_resolution":3,"downloaders":{"size":51,"mobile":0,"satellite":0,"tor":0,"tor_exit_nodes":0,"vpn":0,"relay":0,"proxy":0,"hosting":0,"service":0},"uploaders":{"size":11,"mobile":0,"satellite":0,"tor":0,"tor_exit_nodes":0,"vpn":0,"relay":0,"proxy":0,"hosting":0,"service":0}},"geometry":{"type":"Point","coordinates":[-55.71139,-12.54528]}},{"type":"Feature","properties":{"country_code":"BRA","city":"Aripuanã","geoname_id":"6316432","h3_hexagon":592426623211405311,"h3_resolution":3,"downloaders":{"size":21,"mobile":0,"satellite":0,"tor":0,"tor_exit_nodes":0,"vpn":0,"relay":0,"proxy":0,"hosting":0,"service":0},"uploaders":{"size":3,"mobile":0,"satellite":0,"tor":0,"tor_exit_nodes":0,"vpn":0,"relay":0,"proxy":0,"hosting":0,"service":0}},"geometry":{"type":"Point","coordinates":[-59.44913,-10.17647]}},{"type":"Feature","properties":{"country_code":"BRA","city":"Querência","geoname_id":"6318091","h3_hexagon":592427241686695935,"h3_resolution":3,"downloaders":{"size":6,"mobile":0,"satellite":0,"tor":0,"tor_exit_nodes":0,"vpn":0,"relay":0,"proxy":0,"hosting":0,"service":0},"uploaders":{"size":3,"mobile":0,"satellite":0,"tor":0,"tor_exit_nodes":0,"vpn":0,"relay":0,"proxy":0,"hosting":0,"service":0}},"geometry":{"type":"Point","coordinates":[-52.19972,-12.59694]}},{"type":"Feature","properties":{"country_code":"BRA","city":"Guarantã do Norte","geoname_id":"12969893","h3_hexagon":592427791442509823,"h3_resolution":3,"downloaders":{"size":11,"mobile":0,"satellite":0,"tor":0,"tor_exit_nodes":0,"vpn":1,"relay":0,"proxy":0,"hosting":0,"service":0},"uploaders":{"size":4,"mobile":0,"satellite":0,"tor":0,"tor_exit_nodes":0,"vpn":1,"relay":0,"proxy":0,"hosting":0,"service":0}},"geometry":{"type":"Point","coordinates":[-54.90822,-9.95051]}},{"type":"Feature","properties":{"country_code":"BRA","city":"Campo Novo do Parecis","geoname_id":"6316745","h3_hexagon":592428135039893503,"h3_resolution":3,"downloaders":{"size":11,"mobile":0,"satellite":0,"tor":0,"tor_exit_nodes":0,"vpn":0,"relay":0,"proxy":0,"hosting":0,"service":0},"uploaders":{"size":4,"mobile":0,"satellite":0,"tor":0,"tor_exit_nodes":0,"vpn":0,"relay":0,"proxy":0,"hosting":0,"service":0}},"geometry":{"type":"Point","coordinates":[-57.89194,-13.67528]}},{"type":"Feature","properties":{"country_code":"BRA","city":"Nova Mutum","geoname_id":"6317755","h3_hexagon":592429097112567807,"h3_resolution":3,"downloaders":{"size":13,"mobile":0,"satellite":0,"tor":0,"tor_exit_nodes":0,"vpn":0,"relay":0,"proxy":0,"hosting":0,"service":0},"uploaders":{"size":4,"mobile":0,"satellite":0,"tor":0,"tor_exit_nodes":0,"vpn":0,"relay":0,"proxy":0,"hosting":0,"service":0}},"geometry":{"type":"Point","coordinates":[-56.08222,-13.82889]}},{"type":"Feature","properties":{"country_code":"BRA","city":"Chapada dos Guimarães","geoname_id":"3466307","h3_hexagon":592429371990474751,"h3_resolution":3,"downloaders":{"size":21,"mobile":0,"satellite":0,"tor":0,"tor_exit_nodes":0,"vpn":1,"relay":0,"proxy":0,"hosting":0,"service":0},"uploaders":{"size":16,"mobile":0,"satellite":0,"tor":0,"tor_exit_nodes":0,"vpn":1,"relay":0,"proxy":0,"hosting":0,"service":0}},"geometry":{"type":"Point","coordinates":[-55.74972,-15.46056]}},{"type":"Feature","properties":{"country_code":"IDN","city":"Indramayu","geoname_id":"1643078","h3_hexagon":592436037779718143,"h3_resolution":3,"downloaders":{"size":102,"mobile":0,"satellite":0,"tor":0,"tor_exit_nodes":0,"vpn":0,"relay":0,"proxy":0,"hosting":0,"service":0},"uploaders":{"size":40,"mobile":0,"satellite":0,"tor":0,"tor_exit_nodes":0,"vpn":0,"relay":0,"proxy":0,"hosting":0,"service":0}},"geometry":{"type":"Point","coordinates":[108.32,-6.32639]}},{"type":"Feature","properties":{"country_code":"IDN","city":"Jambi City","geoname_id":"1642858","h3_hexagon":592443940519542783,"h3_resolution":3,"downloaders":{"size":61,"mobile":25,"satellite":0,"tor":0,"tor_exit_nodes":0,"vpn":0,"relay":0,"proxy":0,"hosting":1,"service":0},"uploaders":{"size":24,"mobile":15,"satellite":0,"tor":0,"tor_exit_nodes":0,"vpn":0,"relay":0,"proxy":0,"hosting":0,"service":0}},"geometry":{"type":"Point","coordinates":[103.61667,-1.6]}},{"type":"Feature","properties":{"country_code":"IDN","city":"Bandar Lampung","geoname_id":"1624917","h3_hexagon":592446414420705279,"h3_resolution":3,"downloaders":{"size":46,"mobile":10,"satellite":0,"tor":0,"tor_exit_nodes":0,"vpn":0,"relay":0,"proxy":0,"hosting":4,"service":0},"uploaders":{"size":20,"mobile":3,"satellite":0,"tor":0,"tor_exit_nodes":0,"vpn":0,"relay":0,"proxy":0,"hosting":4,"service":0}},"geometry":{"type":"Point","coordinates":[105.26111,-5.42917]}},{"type":"Feature","properties":{"country_code":"IDN","city":"Bojonegoro","geoname_id":"1648451","h3_hexagon":592460982949773311,"h3_resolution":3,"downloaders":{"size":11,"mobile":7,"satellite":0,"tor":0,"tor_exit_nodes":0,"vpn":0,"relay":0,"proxy":0,"hosting":0,"service":0},"uploaders":{"size":4,"mobile":2,"satellite":0,"tor":0,"tor_exit_nodes":0,"vpn":0,"relay":0,"proxy":0,"hosting":0,"service":0}},"geometry":{"type":"Point","coordinates":[111.8817,-7.1502]}},{"type":"Feature","properties":{"country_code":"IDN","city":"Weleri","geoname_id":"1621655","h3_hexagon":592461463986110463,"h3_resolution":3,"downloaders":{"size":100,"mobile":0,"satellite":0,"tor":0,"tor_exit_nodes":0,"vpn":0,"relay":0,"proxy":0,"hosting":100,"service":0},"uploaders":{"size":35,"mobile":0,"satellite":0,"tor":0,"tor_exit_nodes":0,"vpn":0,"relay":0,"proxy":0,"hosting":35,"service":0}},"geometry":{"type":"Point","coordinates":[110.0666,-6.9713]}},{"type":"Feature","properties":{"country_code":"IDN","city":"Banjarnegara","geoname_id":"1650210","h3_hexagon":592461807583494143,"h3_resolution":3,"downloaders":{"size":7,"mobile":7,"satellite":0,"tor":0,"tor_exit_nodes":0,"vpn":0,"relay":0,"proxy":0,"hosting":0,"service":0},"uploaders":{"size":3,"mobile":3,"satellite":0,"tor":0,"tor_exit_nodes":0,"vpn":0,"relay":0,"proxy":0,"hosting":0,"service":0}},"geometry":{"type":"Point","coordinates":[109.69611,-7.39611]}},{"type":"Feature","properties":{"country_code":"IDN","city":"Jember","geoname_id":"1642588","h3_hexagon":592463250692505599,"h3_resolution":3,"downloaders":{"size":27,"mobile":0,"satellite":0,"tor":0,"tor_exit_nodes":0,"vpn":0,"relay":0,"proxy":0,"hosting":1,"service":0},"uploaders":{"size":11,"mobile":0,"satellite":0,"tor":0,"tor_exit_nodes":0,"vpn":0,"relay":0,"proxy":0,"hosting":0,"service":0}},"geometry":{"type":"Point","coordinates":[113.69953,-8.17211]}},{"type":"Feature","properties":{"country_code":"IDN","city":"Situbondo","geoname_id":"1626801","h3_hexagon":592464281484656639,"h3_resolution":3,"downloaders":{"size":5,"mobile":0,"satellite":0,"tor":0,"tor_exit_nodes":0,"vpn":1,"relay":0,"proxy":0,"hosting":0,"service":0},"uploaders":{"size":4,"mobile":0,"satellite":0,"tor":0,"tor_exit_nodes":0,"vpn":1,"relay":0,"proxy":0,"hosting":0,"service":0}},"geometry":{"type":"Point","coordinates":[114.00976,-7.70623]}},{"type":"Feature","properties":{"country_code":"IDN","city":"Singaraja","geoname_id":"1626932","h3_hexagon":592464556362563583,"h3_resolution":3,"downloaders":{"size":47,"mobile":47,"satellite":0,"tor":0,"tor_exit_nodes":0,"vpn":0,"relay":0,"proxy":0,"hosting":0,"service":0},"uploaders":{"size":20,"mobile":20,"satellite":0,"tor":0,"tor_exit_nodes":0,"vpn":0,"relay":0,"proxy":0,"hosting":0,"service":0}},"geometry":{"type":"Point","coordinates":[115.08818,-8.112]}},{"type":"Feature","properties":{"country_code":"PER","city":"Piura","geoname_id":"3693528","h3_hexagon":592487920984653823,"h3_resolution":3,"downloaders":{"size":54,"mobile":18,"satellite":0,"tor":0,"tor_exit_nodes":0,"vpn":0,"relay":0,"proxy":0,"hosting":0,"service":0},"uploaders":{"size":8,"mobile":5,"satellite":0,"tor":0,"tor_exit_nodes":0,"vpn":0,"relay":0,"proxy":0,"hosting":0,"service":0}},"geometry":{"type":"Point","coordinates":[-80.65715,-5.18192]}},{"type":"Feature","properties":{"country_code":"ECU","city":"Vinces","geoname_id":"3650186","h3_hexagon":592490051288432639,"h3_resolution":3,"downloaders":{"size":24,"mobile":0,"satellite":0,"tor":0,"tor_exit_nodes":0,"vpn":0,"relay":0,"proxy":0,"hosting":0,"service":0},"uploaders":{"size":4,"mobile":0,"satellite":0,"tor":0,"tor_exit_nodes":0,"vpn":0,"relay":0,"proxy":0,"hosting":0,"service":0}},"geometry":{"type":"Point","coordinates":[-79.75249,-1.55637]}},{"type":"Feature","properties":{"country_code":"PER","city":"Santa Rosa de Cumbaza","geoname_id":"3763257","h3_hexagon":592491700555874303,"h3_resolution":3,"downloaders":{"size":19,"mobile":9,"satellite":0,"tor":0,"tor_exit_nodes":0,"vpn":0,"relay":0,"proxy":0,"hosting":0,"service":0},"uploaders":{"size":10,"mobile":6,"satellite":0,"tor":0,"tor_exit_nodes":0,"vpn":0,"relay":0,"proxy":0,"hosting":0,"service":0}},"geometry":{"type":"Point","coordinates":[-76.37639,-6.52122]}},{"type":"Feature","properties":{"country_code":"PER","city":"Chiclayo","geoname_id":"3698350","h3_hexagon":592492800067502079,"h3_resolution":3,"downloaders":{"size":30,"mobile":27,"satellite":0,"tor":0,"tor_exit_nodes":0,"vpn":0,"relay":0,"proxy":0,"hosting":0,"service":0},"uploaders":{"size":4,"mobile":4,"satellite":0,"tor":0,"tor_exit_nodes":0,"vpn":0,"relay":0,"proxy":0,"hosting":0,"service":0}},"geometry":{"type":"Point","coordinates":[-79.85495,-6.77008]}},{"type":"Feature","properties":{"country_code":"PER","city":"Chachapoyas","geoname_id":"3698540","h3_hexagon":592493143664885759,"h3_resolution":3,"downloaders":{"size":10,"mobile":0,"satellite":0,"tor":0,"tor_exit_nodes":0,"vpn":0,"relay":0,"proxy":0,"hosting":0,"service":0},"uploaders":{"size":9,"mobile":0,"satellite":0,"tor":0,"tor_exit_nodes":0,"vpn":0,"relay":0,"proxy":0,"hosting":0,"service":0}},"geometry":{"type":"Point","coordinates":[-77.86903,-6.23169]}},{"type":"Feature","properties":{"country_code":"PER","city":"Chimbote","geoname_id":"3698304","h3_hexagon":592493762140176383,"h3_resolution":3,"downloaders":{"size":11,"mobile":10,"satellite":0,"tor":0,"tor_exit_nodes":0,"vpn":0,"relay":0,"proxy":0,"hosting":0,"service":0},"uploaders":{"size":3,"mobile":3,"satellite":0,"tor":0,"tor_exit_nodes":0,"vpn":0,"relay":0,"proxy":0,"hosting":0,"service":0}},"geometry":{"type":"Point","coordinates":[-78.59373,-9.07508]}},{"type":"Feature","properties":{"country_code":"IDN","city":"Ambon","geoname_id":"1651531","h3_hexagon":592597322391617535,"h3_resolution":3,"downloaders":{"size":22,"mobile":1,"satellite":0,"tor":0,"tor_exit_nodes":0,"vpn":0,"relay":0,"proxy":0,"hosting":0,"service":0},"uploaders":{"size":5,"mobile":0,"satellite":0,"tor":0,"tor_exit_nodes":0,"vpn":0,"relay":0,"proxy":0,"hosting":0,"service":0}},"geometry":{"type":"Point","coordinates":[128.18333,-3.69583]}},{"type":"Feature","properties":{"country_code":"TZA","city":"Mpanda","geoname_id":"153176","h3_hexagon":592620068538417151,"h3_resolution":3,"downloaders":{"size":4,"mobile":0,"satellite":0,"tor":0,"tor_exit_nodes":0,"vpn":0,"relay":0,"proxy":0,"hosting":0,"service":0},"uploaders":{"size":4,"mobile":0,"satellite":0,"tor":0,"tor_exit_nodes":0,"vpn":0,"relay":0,"proxy":0,"hosting":0,"service":0}},"geometry":{"type":"Point","coordinates":[31.06951,-6.34379]}},{"type":"Feature","properties":{"country_code":"COD","city":"Mbuji-Mayi","geoname_id":"209228","h3_hexagon":592623710670684159,"h3_resolution":3,"downloaders":{"size":32,"mobile":0,"satellite":0,"tor":0,"tor_exit_nodes":0,"vpn":0,"relay":0,"proxy":0,"hosting":0,"service":0},"uploaders":{"size":4,"mobile":0,"satellite":0,"tor":0,"tor_exit_nodes":0,"vpn":0,"relay":0,"proxy":0,"hosting":0,"service":0}},"geometry":{"type":"Point","coordinates":[23.58979,-6.13603]}},{"type":"Feature","properties":{"country_code":"ZWE","city":"Gweru","geoname_id":"890422","h3_hexagon":592628589753532415,"h3_resolution":3,"downloaders":{"size":11,"mobile":0,"satellite":0,"tor":0,"tor_exit_nodes":0,"vpn":0,"relay":0,"proxy":0,"hosting":0,"service":0},"uploaders":{"size":4,"mobile":0,"satellite":0,"tor":0,"tor_exit_nodes":0,"vpn":0,"relay":0,"proxy":0,"hosting":0,"service":0}},"geometry":{"type":"Point","coordinates":[29.81667,-19.45]}},{"type":"Feature","properties":{"country_code":"ZWE","city":"Chitungwiza","geoname_id":"1106542","h3_hexagon":592628727192485887,"h3_resolution":3,"downloaders":{"size":5,"mobile":0,"satellite":0,"tor":0,"tor_exit_nodes":0,"vpn":2,"relay":0,"proxy":0,"hosting":0,"service":0},"uploaders":{"size":3,"mobile":0,"satellite":0,"tor":0,"tor_exit_nodes":0,"vpn":1,"relay":0,"proxy":0,"hosting":0,"service":0}},"geometry":{"type":"Point","coordinates":[31.07555,-18.01274]}},{"type":"Feature","properties":{"country_code":"ZWE","city":"Masvingo","geoname_id":"886763","h3_hexagon":592628864631439359,"h3_resolution":3,"downloaders":{"size":15,"mobile":0,"satellite":0,"tor":0,"tor_exit_nodes":0,"vpn":1,"relay":0,"proxy":0,"hosting":0,"service":0},"uploaders":{"size":9,"mobile":0,"satellite":0,"tor":0,"tor_exit_nodes":0,"vpn":1,"relay":0,"proxy":0,"hosting":0,"service":0}},"geometry":{"type":"Point","coordinates":[30.82766,-20.06373]}},{"type":"Feature","properties":{"country_code":"MOZ","city":"Tete","geoname_id":"1026014","h3_hexagon":592629826704113663,"h3_resolution":3,"downloaders":{"size":144,"mobile":114,"satellite":0,"tor":0,"tor_exit_nodes":0,"vpn":0,"relay":0,"proxy":0,"hosting":0,"service":0},"uploaders":{"size":80,"mobile":63,"satellite":0,"tor":0,"tor_exit_nodes":0,"vpn":0,"relay":0,"proxy":0,"hosting":0,"service":0}},"geometry":{"type":"Point","coordinates":[33.58667,-16.15639]}},{"type":"Feature","properties":{"country_code":"ZAF","city":"Thohoyandou","geoname_id":"949224","h3_hexagon":592630788776787967,"h3_resolution":3,"downloaders":{"size":13,"mobile":0,"satellite":0,"tor":0,"tor_exit_nodes":0,"vpn":0,"relay":0,"proxy":0,"hosting":0,"service":0},"uploaders":{"size":8,"mobile":0,"satellite":0,"tor":0,"tor_exit_nodes":0,"vpn":0,"relay":0,"proxy":0,"hosting":0,"service":0}},"geometry":{"type":"Point","coordinates":[30.48497,-22.94564]}},{"type":"Feature","properties":{"country_code":"ZAF","city":"Phalaborwa","geoname_id":"965528","h3_hexagon":592631063654694911,"h3_resolution":3,"downloaders":{"size":9,"mobile":0,"satellite":0,"tor":0,"tor_exit_nodes":0,"vpn":0,"relay":0,"proxy":0,"hosting":0,"service":0},"uploaders":{"size":6,"mobile":0,"satellite":0,"tor":0,"tor_exit_nodes":0,"vpn":0,"relay":0,"proxy":0,"hosting":0,"service":0}},"geometry":{"type":"Point","coordinates":[31.14107,-23.94299]}},{"type":"Feature","properties":{"country_code":"BWA","city":"Molepolole","geoname_id":"933305","h3_hexagon":592634911945392127,"h3_resolution":3,"downloaders":{"size":7,"mobile":3,"satellite":0,"tor":0,"tor_exit_nodes":0,"vpn":0,"relay":0,"proxy":0,"hosting":2,"service":0},"uploaders":{"size":5,"mobile":2,"satellite":0,"tor":0,"tor_exit_nodes":0,"vpn":0,"relay":0,"proxy":0,"hosting":1,"service":0}},"geometry":{"type":"Point","coordinates":[25.49508,-24.40659]}},{"type":"Feature","properties":{"country_code":"MOZ","city":"Pemba","geoname_id":"1028918","h3_hexagon":592638210480275455,"h3_resolution":3,"downloaders":{"size":18,"mobile":0,"satellite":0,"tor":0,"tor_exit_nodes":0,"vpn":0,"relay":0,"proxy":0,"hosting":0,"service":0},"uploaders":{"size":13,"mobile":0,"satellite":0,"tor":0,"tor_exit_nodes":0,"vpn":0,"relay":0,"proxy":0,"hosting":0,"service":0}},"geometry":{"type":"Point","coordinates":[40.51775,-12.97395]}},{"type":"Feature","properties":{"country_code":"MOZ","city":"Pebane","geoname_id":"1028970","h3_hexagon":592639309991903231,"h3_resolution":3,"downloaders":{"size":6,"mobile":0,"satellite":0,"tor":0,"tor_exit_nodes":0,"vpn":0,"relay":0,"proxy":0,"hosting":0,"service":0},"uploaders":{"size":5,"mobile":0,"satellite":0,"tor":0,"tor_exit_nodes":0,"vpn":0,"relay":0,"proxy":0,"hosting":0,"service":0}},"geometry":{"type":"Point","coordinates":[38.135,-17.26417]}},{"type":"Feature","properties":{"country_code":"SHN","city":"St. Paul's","geoname_id":"12718715","h3_hexagon":592646319378530303,"h3_resolution":3,"downloaders":{"size":29,"mobile":0,"satellite":0,"tor":0,"tor_exit_nodes":0,"vpn":0,"relay":0,"proxy":0,"hosting":0,"service":0},"uploaders":{"size":11,"mobile":0,"satellite":0,"tor":0,"tor_exit_nodes":0,"vpn":0,"relay":0,"proxy":0,"hosting":0,"service":0}},"geometry":{"type":"Point","coordinates":[-5.72467,-15.94453]}},{"type":"Feature","properties":{"country_code":"WSM","city":"Apia","geoname_id":"4035413","h3_hexagon":592682259664863231,"h3_resolution":3,"downloaders":{"size":60,"mobile":0,"satellite":0,"tor":0,"tor_exit_nodes":0,"vpn":0,"relay":0,"proxy":0,"hosting":0,"service":0},"uploaders":{"size":32,"mobile":0,"satellite":0,"tor":0,"tor_exit_nodes":0,"vpn":0,"relay":0,"proxy":0,"hosting":0,"service":0}},"geometry":{"type":"Point","coordinates":[-171.76666,-13.83333]}},{"type":"Feature","properties":{"country_code":"AUS","city":"Cairns","geoname_id":"2172797","h3_hexagon":592718406109626367,"h3_resolution":3,"downloaders":{"size":7,"mobile":0,"satellite":2,"tor":0,"tor_exit_nodes":0,"vpn":0,"relay":0,"proxy":0,"hosting":0,"service":0},"uploaders":{"size":4,"mobile":0,"satellite":1,"tor":0,"tor_exit_nodes":0,"vpn":0,"relay":0,"proxy":0,"hosting":0,"service":0}},"geometry":{"type":"Point","coordinates":[145.76613,-16.92366]}},{"type":"Feature","properties":{"country_code":"PNG","city":"Kimbe","geoname_id":"2093967","h3_hexagon":592725896532590591,"h3_resolution":3,"downloaders":{"size":12,"mobile":12,"satellite":0,"tor":0,"tor_exit_nodes":0,"vpn":0,"relay":0,"proxy":0,"hosting":0,"service":0},"uploaders":{"size":6,"mobile":6,"satellite":0,"tor":0,"tor_exit_nodes":0,"vpn":0,"relay":0,"proxy":0,"hosting":0,"service":0}},"geometry":{"type":"Point","coordinates":[150.13766,-5.55085]}},{"type":"Feature","properties":{"country_code":"PNG","city":"Lae","geoname_id":"2092740","h3_hexagon":592726789885788159,"h3_resolution":3,"downloaders":{"size":27,"mobile":26,"satellite":0,"tor":0,"tor_exit_nodes":0,"vpn":0,"relay":0,"proxy":0,"hosting":0,"service":0},"uploaders":{"size":6,"mobile":6,"satellite":0,"tor":0,"tor_exit_nodes":0,"vpn":0,"relay":0,"proxy":0,"hosting":0,"service":0}},"geometry":{"type":"Point","coordinates":[146.99611,-6.72333]}},{"type":"Feature","properties":{"country_code":"AUS","city":"Mackay","geoname_id":"2159220","h3_hexagon":592733661833461759,"h3_resolution":3,"downloaders":{"size":18,"mobile":0,"satellite":3,"tor":0,"tor_exit_nodes":0,"vpn":1,"relay":0,"proxy":0,"hosting":1,"service":0},"uploaders":{"size":7,"mobile":0,"satellite":1,"tor":0,"tor_exit_nodes":0,"vpn":1,"relay":0,"proxy":0,"hosting":1,"service":0}},"geometry":{"type":"Point","coordinates":[149.16554,-21.15345]}},{"type":"Feature","properties":{"country_code":"AUS","city":"Gladstone","geoname_id":"2165478","h3_hexagon":592735860856717311,"h3_resolution":3,"downloaders":{"size":7,"mobile":0,"satellite":0,"tor":0,"tor_exit_nodes":0,"vpn":0,"relay":0,"proxy":0,"hosting":0,"service":0},"uploaders":{"size":3,"mobile":0,"satellite":0,"tor":0,"tor_exit_nodes":0,"vpn":0,"relay":0,"proxy":0,"hosting":0,"service":0}},"geometry":{"type":"Point","coordinates":[151.25775,-23.84852]}},{"type":"Feature","properties":{"country_code":"SLB","city":"Honiara","geoname_id":"2108502","h3_hexagon":592766441023864831,"h3_resolution":3,"downloaders":{"size":28,"mobile":0,"satellite":0,"tor":0,"tor_exit_nodes":0,"vpn":2,"relay":0,"proxy":0,"hosting":0,"service":0},"uploaders":{"size":16,"mobile":0,"satellite":0,"tor":0,"tor_exit_nodes":0,"vpn":1,"relay":0,"proxy":0,"hosting":0,"service":0}},"geometry":{"type":"Point","coordinates":[159.95,-9.43333]}},{"type":"Feature","properties":{"country_code":"MDG","city":"Toamasina","geoname_id":"1053384","h3_hexagon":592823959225892863,"h3_resolution":3,"downloaders":{"size":19,"mobile":0,"satellite":0,"tor":0,"tor_exit_nodes":0,"vpn":0,"relay":0,"proxy":0,"hosting":0,"service":0},"uploaders":{"size":13,"mobile":0,"satellite":0,"tor":0,"tor_exit_nodes":0,"vpn":0,"relay":0,"proxy":0,"hosting":0,"service":0}},"geometry":{"type":"Point","coordinates":[49.40234,-18.1492]}},{"type":"Feature","properties":{"country_code":"MDG","city":"Ivato","geoname_id":"1063858","h3_hexagon":592825196176474111,"h3_resolution":3,"downloaders":{"size":69,"mobile":7,"satellite":0,"tor":0,"tor_exit_nodes":0,"vpn":1,"relay":0,"proxy":0,"hosting":0,"service":0},"uploaders":{"size":35,"mobile":0,"satellite":0,"tor":0,"tor_exit_nodes":0,"vpn":0,"relay":0,"proxy":0,"hosting":0,"service":0}},"geometry":{"type":"Point","coordinates":[47.48333,-18.8]}},{"type":"Feature","properties":{"country_code":"REU","city":"Saint-Pierre","geoname_id":"935214","h3_hexagon":592827051602345983,"h3_resolution":3,"downloaders":{"size":12,"mobile":0,"satellite":0,"tor":0,"tor_exit_nodes":0,"vpn":0,"relay":0,"proxy":0,"hosting":0,"service":0},"uploaders":{"size":7,"mobile":0,"satellite":0,"tor":0,"tor_exit_nodes":0,"vpn":0,"relay":0,"proxy":0,"hosting":0,"service":0}},"geometry":{"type":"Point","coordinates":[55.47811,-21.3393]}},{"type":"Feature","properties":{"country_code":"REU","city":"Le Port","geoname_id":"935616","h3_hexagon":592827326480252927,"h3_resolution":3,"downloaders":{"size":19,"mobile":0,"satellite":0,"tor":0,"tor_exit_nodes":0,"vpn":0,"relay":0,"proxy":0,"hosting":0,"service":0},"uploaders":{"size":9,"mobile":0,"satellite":0,"tor":0,"tor_exit_nodes":0,"vpn":0,"relay":0,"proxy":0,"hosting":0,"service":0}},"geometry":{"type":"Point","coordinates":[55.29415,-20.93752]}},{"type":"Feature","properties":{"country_code":"MYT","city":"Mamoudzou","geoname_id":"921815","h3_hexagon":592839421108158463,"h3_resolution":3,"downloaders":{"size":31,"mobile":0,"satellite":8,"tor":0,"tor_exit_nodes":0,"vpn":0,"relay":0,"proxy":0,"hosting":0,"service":0},"uploaders":{"size":13,"mobile":0,"satellite":3,"tor":0,"tor_exit_nodes":0,"vpn":0,"relay":0,"proxy":0,"hosting":0,"service":0}},"geometry":{"type":"Point","coordinates":[45.22878,-12.78234]}},{"type":"Feature","properties":{"country_code":"BRA","city":"Mucuri","geoname_id":"3456593","h3_hexagon":592884363645943807,"h3_resolution":3,"downloaders":{"size":21,"mobile":0,"satellite":0,"tor":0,"tor_exit_nodes":0,"vpn":0,"relay":0,"proxy":0,"hosting":0,"service":0},"uploaders":{"size":5,"mobile":0,"satellite":0,"tor":0,"tor_exit_nodes":0,"vpn":0,"relay":0,"proxy":0,"hosting":0,"service":0}},"geometry":{"type":"Point","coordinates":[-39.55083,-18.08639]}},{"type":"Feature","properties":{"country_code":"BRA","city":"Nova Andradina","geoname_id":"6317707","h3_hexagon":592928000513671167,"h3_resolution":3,"downloaders":{"size":33,"mobile":0,"satellite":0,"tor":0,"tor_exit_nodes":0,"vpn":0,"relay":0,"proxy":0,"hosting":0,"service":0},"uploaders":{"size":6,"mobile":0,"satellite":0,"tor":0,"tor_exit_nodes":0,"vpn":0,"relay":0,"proxy":0,"hosting":0,"service":0}},"geometry":{"type":"Point","coordinates":[-53.34306,-22.23333]}},{"type":"Feature","properties":{"country_code":"BRA","city":"Curitibanos","geoname_id":"3464974","h3_hexagon":592929581061636095,"h3_resolution":3,"downloaders":{"size":69,"mobile":9,"satellite":0,"tor":0,"tor_exit_nodes":0,"vpn":0,"relay":0,"proxy":0,"hosting":0,"service":0},"uploaders":{"size":6,"mobile":2,"satellite":0,"tor":0,"tor_exit_nodes":0,"vpn":0,"relay":0,"proxy":0,"hosting":0,"service":0}},"geometry":{"type":"Point","coordinates":[-50.58444,-27.28278]}},{"type":"Feature","properties":{"country_code":"BRA","city":"Iguape","geoname_id":"3461465","h3_hexagon":592930611853787135,"h3_resolution":3,"downloaders":{"size":9,"mobile":1,"satellite":0,"tor":0,"tor_exit_nodes":0,"vpn":0,"relay":0,"proxy":0,"hosting":0,"service":0},"uploaders":{"size":4,"mobile":0,"satellite":0,"tor":0,"tor_exit_nodes":0,"vpn":0,"relay":0,"proxy":0,"hosting":0,"service":0}},"geometry":{"type":"Point","coordinates":[-47.55528,-24.70806]}},{"type":"Feature","properties":{"country_code":"BRA","city":"Corumbá","geoname_id":"3465342","h3_hexagon":592931573926461439,"h3_resolution":3,"downloaders":{"size":16,"mobile":0,"satellite":0,"tor":0,"tor_exit_nodes":0,"vpn":0,"relay":0,"proxy":0,"hosting":0,"service":0},"uploaders":{"size":11,"mobile":0,"satellite":0,"tor":0,"tor_exit_nodes":0,"vpn":0,"relay":0,"proxy":0,"hosting":0,"service":0}},"geometry":{"type":"Point","coordinates":[-57.65333,-19.00917]}},{"type":"Feature","properties":{"country_code":"BRA","city":"Coxim","geoname_id":"3465228","h3_hexagon":592932673438089215,"h3_resolution":3,"downloaders":{"size":48,"mobile":0,"satellite":0,"tor":0,"tor_exit_nodes":0,"vpn":0,"relay":0,"proxy":0,"hosting":0,"service":0},"uploaders":{"size":5,"mobile":0,"satellite":0,"tor":0,"tor_exit_nodes":0,"vpn":0,"relay":0,"proxy":0,"hosting":0,"service":0}},"geometry":{"type":"Point","coordinates":[-54.76,-18.50667]}},{"type":"Feature","properties":{"country_code":"BRA","city":"Naviraí","geoname_id":"3456368","h3_hexagon":592935216058728447,"h3_resolution":3,"downloaders":{"size":72,"mobile":0,"satellite":0,"tor":0,"tor_exit_nodes":0,"vpn":0,"relay":0,"proxy":0,"hosting":0,"service":0},"uploaders":{"size":10,"mobile":0,"satellite":0,"tor":0,"tor_exit_nodes":0,"vpn":0,"relay":0,"proxy":0,"hosting":0,"service":0}},"geometry":{"type":"Point","coordinates":[-54.19056,-23.065]}},{"type":"Feature","properties":{"country_code":"BRA","city":"Três Marias","geoname_id":"6318793","h3_hexagon":592936521728786431,"h3_resolution":3,"downloaders":{"size":17,"mobile":0,"satellite":0,"tor":0,"tor_exit_nodes":0,"vpn":0,"relay":0,"proxy":0,"hosting":0,"service":0},"uploaders":{"size":4,"mobile":0,"satellite":0,"tor":0,"tor_exit_nodes":0,"vpn":0,"relay":0,"proxy":0,"hosting":0,"service":0}},"geometry":{"type":"Point","coordinates":[-45.24167,-18.20639]}},{"type":"Feature","properties":{"country_code":"BRA","city":"Felixlândia","geoname_id":"3463450","h3_hexagon":592936796606693375,"h3_resolution":3,"downloaders":{"size":15,"mobile":0,"satellite":0,"tor":0,"tor_exit_nodes":0,"vpn":0,"relay":0,"proxy":0,"hosting":0,"service":0},"uploaders":{"size":7,"mobile":0,"satellite":0,"tor":0,"tor_exit_nodes":0,"vpn":0,"relay":0,"proxy":0,"hosting":0,"service":0}},"geometry":{"type":"Point","coordinates":[-44.89889,-18.75806]}},{"type":"Feature","properties":{"country_code":"BRA","city":"Guanhães","geoname_id":"3461958","h3_hexagon":592936865326170111,"h3_resolution":3,"downloaders":{"size":42,"mobile":0,"satellite":0,"tor":0,"tor_exit_nodes":0,"vpn":0,"relay":0,"proxy":0,"hosting":0,"service":0},"uploaders":{"size":3,"mobile":0,"satellite":0,"tor":0,"tor_exit_nodes":0,"vpn":0,"relay":0,"proxy":0,"hosting":0,"service":0}},"geometry":{"type":"Point","coordinates":[-42.9325,-18.775]}},{"type":"Feature","properties":{"country_code":"BRA","city":"Águas Formosas","geoname_id":"3472864","h3_hexagon":592937758679367679,"h3_resolution":3,"downloaders":{"size":58,"mobile":0,"satellite":0,"tor":0,"tor_exit_nodes":0,"vpn":0,"relay":0,"proxy":0,"hosting":0,"service":0},"uploaders":{"size":30,"mobile":0,"satellite":0,"tor":0,"tor_exit_nodes":0,"vpn":0,"relay":0,"proxy":0,"hosting":0,"service":0}},"geometry":{"type":"Point","coordinates":[-40.93583,-17.08222]}},{"type":"Feature","properties":{"country_code":"BRA","city":"Baixo Guandu","geoname_id":"3471061","h3_hexagon":592937827398844415,"h3_resolution":3,"downloaders":{"size":22,"mobile":0,"satellite":0,"tor":0,"tor_exit_nodes":0,"vpn":0,"relay":0,"proxy":0,"hosting":0,"service":0},"uploaders":{"size":6,"mobile":0,"satellite":0,"tor":0,"tor_exit_nodes":0,"vpn":0,"relay":0,"proxy":0,"hosting":0,"service":0}},"geometry":{"type":"Point","coordinates":[-41.01583,-19.51889]}},{"type":"Feature","properties":{"country_code":"BRA","city":"Goiás","geoname_id":"3462374","h3_hexagon":592940370019483647,"h3_resolution":3,"downloaders":{"size":35,"mobile":0,"satellite":0,"tor":0,"tor_exit_nodes":0,"vpn":0,"relay":0,"proxy":0,"hosting":0,"service":0},"uploaders":{"size":6,"mobile":0,"satellite":0,"tor":0,"tor_exit_nodes":0,"vpn":0,"relay":0,"proxy":0,"hosting":0,"service":0}},"geometry":{"type":"Point","coordinates":[-50.14028,-15.93444]}},{"type":"Feature","properties":{"country_code":"BRA","city":"Joviânia","geoname_id":"3459565","h3_hexagon":592940576177913855,"h3_resolution":3,"downloaders":{"size":12,"mobile":0,"satellite":0,"tor":0,"tor_exit_nodes":0,"vpn":0,"relay":0,"proxy":0,"hosting":0,"service":0},"uploaders":{"size":8,"mobile":0,"satellite":0,"tor":0,"tor_exit_nodes":0,"vpn":0,"relay":0,"proxy":0,"hosting":0,"service":0}},"geometry":{"type":"Point","coordinates":[-49.61278,-17.80583]}},{"type":"Feature","properties":{"country_code":"BRA","city":"Indiara","geoname_id":"6317286","h3_hexagon":592940644897390591,"h3_resolution":3,"downloaders":{"size":16,"mobile":0,"satellite":0,"tor":0,"tor_exit_nodes":0,"vpn":0,"relay":0,"proxy":0,"hosting":0,"service":0},"uploaders":{"size":5,"mobile":0,"satellite":0,"tor":0,"tor_exit_nodes":0,"vpn":0,"relay":0,"proxy":0,"hosting":0,"service":0}},"geometry":{"type":"Point","coordinates":[-49.98806,-17.13806]}},{"type":"Feature","properties":{"country_code":"BRA","city":"Água Boa","geoname_id":"6316314","h3_hexagon":592940919775297535,"h3_resolution":3,"downloaders":{"size":22,"mobile":0,"satellite":0,"tor":0,"tor_exit_nodes":0,"vpn":0,"relay":0,"proxy":0,"hosting":0,"service":0},"uploaders":{"size":5,"mobile":0,"satellite":0,"tor":0,"tor_exit_nodes":0,"vpn":0,"relay":0,"proxy":0,"hosting":0,"service":0}},"geometry":{"type":"Point","coordinates":[-52.15861,-14.05]}},{"type":"Feature","properties":{"country_code":"BRA","city":"São Miguel do Araguaia","geoname_id":"3448455","h3_hexagon":592940988494774271,"h3_resolution":3,"downloaders":{"size":29,"mobile":0,"satellite":0,"tor":0,"tor_exit_nodes":0,"vpn":0,"relay":0,"proxy":0,"hosting":0,"service":0},"uploaders":{"size":18,"mobile":0,"satellite":0,"tor":0,"tor_exit_nodes":0,"vpn":0,"relay":0,"proxy":0,"hosting":0,"service":0}},"geometry":{"type":"Point","coordinates":[-50.16278,-13.275]}},{"type":"Feature","properties":{"country_code":"BRA","city":"Minaçu","geoname_id":"6317592","h3_hexagon":592941950567448575,"h3_resolution":3,"downloaders":{"size":28,"mobile":0,"satellite":0,"tor":0,"tor_exit_nodes":0,"vpn":0,"relay":0,"proxy":0,"hosting":0,"service":0},"uploaders":{"size":14,"mobile":0,"satellite":0,"tor":0,"tor_exit_nodes":0,"vpn":0,"relay":0,"proxy":0,"hosting":0,"service":0}},"geometry":{"type":"Point","coordinates":[-48.22,-13.53306]}},{"type":"Feature","properties":{"country_code":"BRA","city":"Porangatu","geoname_id":"3453014","h3_hexagon":592942019286925311,"h3_resolution":3,"downloaders":{"size":11,"mobile":0,"satellite":0,"tor":0,"tor_exit_nodes":0,"vpn":0,"relay":0,"proxy":0,"hosting":0,"service":0},"uploaders":{"size":7,"mobile":0,"satellite":0,"tor":0,"tor_exit_nodes":0,"vpn":0,"relay":0,"proxy":0,"hosting":0,"service":0}},"geometry":{"type":"Point","coordinates":[-49.14861,-13.44083]}},{"type":"Feature","properties":{"country_code":"BRA","city":"Padre Bernardo","geoname_id":"3455580","h3_hexagon":592942225445355519,"h3_resolution":3,"downloaders":{"size":4,"mobile":0,"satellite":0,"tor":0,"tor_exit_nodes":0,"vpn":0,"relay":0,"proxy":0,"hosting":0,"service":0},"uploaders":{"size":4,"mobile":0,"satellite":0,"tor":0,"tor_exit_nodes":0,"vpn":0,"relay":0,"proxy":0,"hosting":0,"service":0}},"geometry":{"type":"Point","coordinates":[-48.28416,-15.16538]}},{"type":"Feature","properties":{"country_code":"BRA","city":"Uruaçu","geoname_id":"3445713","h3_hexagon":592942294164832255,"h3_resolution":3,"downloaders":{"size":13,"mobile":0,"satellite":0,"tor":0,"tor_exit_nodes":0,"vpn":0,"relay":0,"proxy":0,"hosting":0,"service":0},"uploaders":{"size":8,"mobile":0,"satellite":0,"tor":0,"tor_exit_nodes":0,"vpn":0,"relay":0,"proxy":0,"hosting":0,"service":0}},"geometry":{"type":"Point","coordinates":[-49.14083,-14.52472]}},{"type":"Feature","properties":{"country_code":"BRA","city":"Alto Paraíso de Goiás","geoname_id":"3472441","h3_hexagon":592942362884308991,"h3_resolution":3,"downloaders":{"size":12,"mobile":0,"satellite":0,"tor":0,"tor_exit_nodes":0,"vpn":0,"relay":0,"proxy":0,"hosting":0,"service":0},"uploaders":{"size":3,"mobile":0,"satellite":0,"tor":0,"tor_exit_nodes":0,"vpn":0,"relay":0,"proxy":0,"hosting":0,"service":0}},"geometry":{"type":"Point","coordinates":[-47.52166,-14.13628]}},{"type":"Feature","properties":{"country_code":"BRA","city":"Rio Verde","geoname_id":"3451055","h3_hexagon":592942706481692671,"h3_resolution":3,"downloaders":{"size":126,"mobile":0,"satellite":0,"tor":0,"tor_exit_nodes":0,"vpn":0,"relay":0,"proxy":0,"hosting":0,"service":0},"uploaders":{"size":9,"mobile":0,"satellite":0,"tor":0,"tor_exit_nodes":0,"vpn":0,"relay":0,"proxy":0,"hosting":0,"service":0}},"geometry":{"type":"Point","coordinates":[-50.92806,-17.79806]}},{"type":"Feature","properties":{"country_code":"BRA","city":"Paranaíba","geoname_id":"3455065","h3_hexagon":592942843920646143,"h3_resolution":3,"downloaders":{"size":9,"mobile":1,"satellite":0,"tor":0,"tor_exit_nodes":0,"vpn":0,"relay":0,"proxy":0,"hosting":0,"service":0},"uploaders":{"size":3,"mobile":1,"satellite":0,"tor":0,"tor_exit_nodes":0,"vpn":0,"relay":0,"proxy":0,"hosting":0,"service":0}},"geometry":{"type":"Point","coordinates":[-51.19083,-19.67722]}},{"type":"Feature","properties":{"country_code":"BRA","city":"Mineiros","geoname_id":"3457147","h3_hexagon":592943324956983295,"h3_resolution":3,"downloaders":{"size":14,"mobile":0,"satellite":0,"tor":0,"tor_exit_nodes":0,"vpn":0,"relay":0,"proxy":0,"hosting":0,"service":0},"uploaders":{"size":5,"mobile":0,"satellite":0,"tor":0,"tor_exit_nodes":0,"vpn":0,"relay":0,"proxy":0,"hosting":0,"service":0}},"geometry":{"type":"Point","coordinates":[-52.55111,-17.56944]}},{"type":"Feature","properties":{"country_code":"BRA","city":"Cachoeira do Sul","geoname_id":"3468436","h3_hexagon":592947654284017663,"h3_resolution":3,"downloaders":{"size":44,"mobile":1,"satellite":0,"tor":0,"tor_exit_nodes":0,"vpn":0,"relay":0,"proxy":0,"hosting":0,"service":0},"uploaders":{"size":4,"mobile":0,"satellite":0,"tor":0,"tor_exit_nodes":0,"vpn":0,"relay":0,"proxy":0,"hosting":0,"service":0}},"geometry":{"type":"Point","coordinates":[-52.89389,-30.03917]}},{"type":"Feature","properties":{"country_code":"PRY","city":"Itá","geoname_id":"3437954","h3_hexagon":592949303551459327,"h3_resolution":3,"downloaders":{"size":6,"mobile":2,"satellite":0,"tor":0,"tor_exit_nodes":0,"vpn":0,"relay":0,"proxy":0,"hosting":0,"service":0},"uploaders":{"size":4,"mobile":0,"satellite":0,"tor":0,"tor_exit_nodes":0,"vpn":0,"relay":0,"proxy":0,"hosting":0,"service":0}},"geometry":{"type":"Point","coordinates":[-57.36717,-25.50054]}},{"type":"Feature","properties":{"country_code":"BRA","city":"São Miguel d'Oeste","geoname_id":"3448454","h3_hexagon":592950196904656895,"h3_resolution":3,"downloaders":{"size":35,"mobile":0,"satellite":0,"tor":0,"tor_exit_nodes":0,"vpn":0,"relay":0,"proxy":0,"hosting":0,"service":0},"uploaders":{"size":3,"mobile":0,"satellite":0,"tor":0,"tor_exit_nodes":0,"vpn":0,"relay":0,"proxy":0,"hosting":0,"service":0}},"geometry":{"type":"Point","coordinates":[-53.51806,-26.72528]}},{"type":"Feature","properties":{"country_code":"PRY","city":"Santa Rita","geoname_id":"3436968","h3_hexagon":592950265624133631,"h3_resolution":3,"downloaders":{"size":11,"mobile":1,"satellite":0,"tor":0,"tor_exit_nodes":0,"vpn":0,"relay":0,"proxy":0,"hosting":0,"service":0},"uploaders":{"size":3,"mobile":0,"satellite":0,"tor":0,"tor_exit_nodes":0,"vpn":0,"relay":0,"proxy":0,"hosting":0,"service":0}},"geometry":{"type":"Point","coordinates":[-55.08847,-25.79632]}},{"type":"Feature","properties":{"country_code":"PRY","city":"Katueté","geoname_id":"3439062","h3_hexagon":592950884099424255,"h3_resolution":3,"downloaders":{"size":87,"mobile":0,"satellite":0,"tor":0,"tor_exit_nodes":0,"vpn":0,"relay":0,"proxy":0,"hosting":0,"service":0},"uploaders":{"size":35,"mobile":0,"satellite":0,"tor":0,"tor_exit_nodes":0,"vpn":0,"relay":0,"proxy":0,"hosting":0,"service":0}},"geometry":{"type":"Point","coordinates":[-54.75961,-24.24829]}},{"type":"Feature","properties":{"country_code":"PRY","city":"Villarrica","geoname_id":"3436714","h3_hexagon":592951021538377727,"h3_resolution":3,"downloaders":{"size":18,"mobile":9,"satellite":0,"tor":0,"tor_exit_nodes":0,"vpn":0,"relay":0,"proxy":0,"hosting":0,"service":0},"uploaders":{"size":5,"mobile":3,"satellite":0,"tor":0,"tor_exit_nodes":0,"vpn":0,"relay":0,"proxy":0,"hosting":0,"service":0}},"geometry":{"type":"Point","coordinates":[-56.43518,-25.74946]}},{"type":"Feature","properties":{"country_code":"ARG","city":"Presidencia Roque Sáenz Peña","geoname_id":"3840300","h3_hexagon":592951846172098559,"h3_resolution":3,"downloaders":{"size":36,"mobile":1,"satellite":0,"tor":0,"tor_exit_nodes":0,"vpn":0,"relay":0,"proxy":0,"hosting":0,"service":0},"uploaders":{"size":12,"mobile":0,"satellite":0,"tor":0,"tor_exit_nodes":0,"vpn":0,"relay":0,"proxy":0,"hosting":0,"service":0}},"geometry":{"type":"Point","coordinates":[-60.44132,-26.79095]}},{"type":"Feature","properties":{"country_code":"ARG","city":"Las Breñas","geoname_id":"3848687","h3_hexagon":592952189769482239,"h3_resolution":3,"downloaders":{"size":10,"mobile":10,"satellite":0,"tor":0,"tor_exit_nodes":0,"vpn":0,"relay":0,"proxy":0,"hosting":0,"service":0},"uploaders":{"size":7,"mobile":7,"satellite":0,"tor":0,"tor_exit_nodes":0,"vpn":0,"relay":0,"proxy":0,"hosting":0,"service":0}},"geometry":{"type":"Point","coordinates":[-61.08217,-27.08819]}},{"type":"Feature","properties":{"country_code":"BRA","city":"São Luiz Gonzaga","geoname_id":"3448552","h3_hexagon":592952602086342655,"h3_resolution":3,"downloaders":{"size":39,"mobile":0,"satellite":0,"tor":0,"tor_exit_nodes":0,"vpn":0,"relay":0,"proxy":0,"hosting":0,"service":0},"uploaders":{"size":6,"mobile":0,"satellite":0,"tor":0,"tor_exit_nodes":0,"vpn":0,"relay":0,"proxy":0,"hosting":0,"service":0}},"geometry":{"type":"Point","coordinates":[-54.96083,-28.40833]}},{"type":"Feature","properties":{"country_code":"NAM","city":"Aussenkehr","geoname_id":"12718702","h3_hexagon":593027025279647743,"h3_resolution":3,"downloaders":{"size":6,"mobile":0,"satellite":0,"tor":0,"tor_exit_nodes":0,"vpn":0,"relay":0,"proxy":0,"hosting":0,"service":0},"uploaders":{"size":4,"mobile":0,"satellite":0,"tor":0,"tor_exit_nodes":0,"vpn":0,"relay":0,"proxy":0,"hosting":0,"service":0}},"geometry":{"type":"Point","coordinates":[17.41272,-28.36274]}},{"type":"Feature","properties":{"country_code":"CHL","city":"Taltal","geoname_id":"3870243","h3_hexagon":593103303898824703,"h3_resolution":3,"downloaders":{"size":24,"mobile":0,"satellite":0,"tor":0,"tor_exit_nodes":0,"vpn":0,"relay":0,"proxy":0,"hosting":0,"service":0},"uploaders":{"size":13,"mobile":0,"satellite":0,"tor":0,"tor_exit_nodes":0,"vpn":0,"relay":0,"proxy":0,"hosting":0,"service":0}},"geometry":{"type":"Point","coordinates":[-70.48554,-25.40713]}},{"type":"Feature","properties":{"country_code":"ARG","city":"Chilecito","geoname_id":"3861445","h3_hexagon":593103647496208383,"h3_resolution":3,"downloaders":{"size":26,"mobile":0,"satellite":0,"tor":0,"tor_exit_nodes":0,"vpn":0,"relay":0,"proxy":0,"hosting":0,"service":0},"uploaders":{"size":3,"mobile":0,"satellite":0,"tor":0,"tor_exit_nodes":0,"vpn":0,"relay":0,"proxy":0,"hosting":0,"service":0}},"geometry":{"type":"Point","coordinates":[-67.49934,-29.16163]}},{"type":"Feature","properties":{"country_code":"CHL","city":"Vallenar","geoname_id":"3868633","h3_hexagon":593105021885743103,"h3_resolution":3,"downloaders":{"size":56,"mobile":2,"satellite":0,"tor":0,"tor_exit_nodes":0,"vpn":0,"relay":0,"proxy":0,"hosting":0,"service":0},"uploaders":{"size":4,"mobile":0,"satellite":0,"tor":0,"tor_exit_nodes":0,"vpn":0,"relay":0,"proxy":0,"hosting":0,"service":0}},"geometry":{"type":"Point","coordinates":[-70.75938,-28.57617]}},{"type":"Feature","properties":{"country_code":"ARG","city":"Cruz del Eje","geoname_id":"3859828","h3_hexagon":593107564506382335,"h3_resolution":3,"downloaders":{"size":32,"mobile":0,"satellite":0,"tor":0,"tor_exit_nodes":0,"vpn":0,"relay":0,"proxy":0,"hosting":3,"service":0},"uploaders":{"size":12,"mobile":0,"satellite":0,"tor":0,"tor_exit_nodes":0,"vpn":0,"relay":0,"proxy":0,"hosting":2,"service":0}},"geometry":{"type":"Point","coordinates":[-64.80387,-30.72644]}},{"type":"Feature","properties":{"country_code":"ARG","city":"San Jorge","geoname_id":"3837441","h3_hexagon":593107976823242751,"h3_resolution":3,"downloaders":{"size":9,"mobile":0,"satellite":0,"tor":0,"tor_exit_nodes":0,"vpn":0,"relay":0,"proxy":0,"hosting":0,"service":0},"uploaders":{"size":5,"mobile":0,"satellite":0,"tor":0,"tor_exit_nodes":0,"vpn":0,"relay":0,"proxy":0,"hosting":0,"service":0}},"geometry":{"type":"Point","coordinates":[-61.85993,-31.89706]}},{"type":"Feature","properties":{"country_code":"ARG","city":"Arroyito","geoname_id":"3865424","h3_hexagon":593108389140103167,"h3_resolution":3,"downloaders":{"size":12,"mobile":0,"satellite":0,"tor":0,"tor_exit_nodes":0,"vpn":0,"relay":0,"proxy":0,"hosting":0,"service":0},"uploaders":{"size":3,"mobile":0,"satellite":0,"tor":0,"tor_exit_nodes":0,"vpn":0,"relay":0,"proxy":0,"hosting":0,"service":0}},"geometry":{"type":"Point","coordinates":[-63.05084,-31.41917]}},{"type":"Feature","properties":{"country_code":"ARG","city":"Merlo","geoname_id":"3844377","h3_hexagon":593109076334870527,"h3_resolution":3,"downloaders":{"size":7,"mobile":5,"satellite":0,"tor":0,"tor_exit_nodes":0,"vpn":0,"relay":0,"proxy":0,"hosting":0,"service":0},"uploaders":{"size":3,"mobile":2,"satellite":0,"tor":0,"tor_exit_nodes":0,"vpn":0,"relay":0,"proxy":0,"hosting":0,"service":0}},"geometry":{"type":"Point","coordinates":[-65.01396,-32.34288]}},{"type":"Feature","properties":{"country_code":"ARG","city":"Aguilares","geoname_id":"3866496","h3_hexagon":593111000480219135,"h3_resolution":3,"downloaders":{"size":17,"mobile":0,"satellite":0,"tor":0,"tor_exit_nodes":0,"vpn":0,"relay":0,"proxy":0,"hosting":0,"service":0},"uploaders":{"size":5,"mobile":0,"satellite":0,"tor":0,"tor_exit_nodes":0,"vpn":0,"relay":0,"proxy":0,"hosting":0,"service":0}},"geometry":{"type":"Point","coordinates":[-65.61465,-27.4315]}},{"type":"Feature","properties":{"country_code":"CHL","city":"Los Vilos","geoname_id":"3881285","h3_hexagon":593118559622660095,"h3_resolution":3,"downloaders":{"size":32,"mobile":0,"satellite":0,"tor":0,"tor_exit_nodes":0,"vpn":6,"relay":0,"proxy":0,"hosting":0,"service":0},"uploaders":{"size":5,"mobile":0,"satellite":0,"tor":0,"tor_exit_nodes":0,"vpn":1,"relay":0,"proxy":0,"hosting":0,"service":0}},"geometry":{"type":"Point","coordinates":[-71.50045,-31.91292]}},{"type":"Feature","properties":{"country_code":"CHL","city":"Los Andes","geoname_id":"3882434","h3_hexagon":593118628342136831,"h3_resolution":3,"downloaders":{"size":88,"mobile":49,"satellite":0,"tor":0,"tor_exit_nodes":0,"vpn":0,"relay":0,"proxy":0,"hosting":0,"service":0},"uploaders":{"size":6,"mobile":2,"satellite":0,"tor":0,"tor_exit_nodes":0,"vpn":0,"relay":0,"proxy":0,"hosting":0,"service":0}},"geometry":{"type":"Point","coordinates":[-70.59827,-32.83369]}},{"type":"Feature","properties":{"country_code":"CHL","city":"Ovalle","geoname_id":"3877918","h3_hexagon":593118834500567039,"h3_resolution":3,"downloaders":{"size":113,"mobile":49,"satellite":0,"tor":0,"tor_exit_nodes":0,"vpn":0,"relay":0,"proxy":0,"hosting":0,"service":0},"uploaders":{"size":3,"mobile":1,"satellite":0,"tor":0,"tor_exit_nodes":0,"vpn":0,"relay":0,"proxy":0,"hosting":0,"service":0}},"geometry":{"type":"Point","coordinates":[-71.19901,-30.60106]}},{"type":"Feature","properties":{"country_code":"ARG","city":"Tunuyán","geoname_id":"3833520","h3_hexagon":593119109378473983,"h3_resolution":3,"downloaders":{"size":33,"mobile":2,"satellite":0,"tor":0,"tor_exit_nodes":0,"vpn":0,"relay":0,"proxy":0,"hosting":0,"service":0},"uploaders":{"size":13,"mobile":2,"satellite":0,"tor":0,"tor_exit_nodes":0,"vpn":0,"relay":0,"proxy":0,"hosting":0,"service":0}},"geometry":{"type":"Point","coordinates":[-69.01537,-33.58125]}},{"type":"Feature","properties":{"country_code":"CHL","city":"Calama","geoname_id":"3897347","h3_hexagon":593121377121206271,"h3_resolution":3,"downloaders":{"size":167,"mobile":3,"satellite":0,"tor":0,"tor_exit_nodes":0,"vpn":0,"relay":0,"proxy":0,"hosting":5,"service":0},"uploaders":{"size":31,"mobile":0,"satellite":0,"tor":0,"tor_exit_nodes":0,"vpn":0,"relay":0,"proxy":0,"hosting":0,"service":0}},"geometry":{"type":"Point","coordinates":[-68.92371,-22.45667]}},{"type":"Feature","properties":{"country_code":"PER","city":"Puno","geoname_id":"3931276","h3_hexagon":593123232547078143,"h3_resolution":3,"downloaders":{"size":44,"mobile":0,"satellite":0,"tor":0,"tor_exit_nodes":0,"vpn":0,"relay":0,"proxy":0,"hosting":0,"service":0},"uploaders":{"size":3,"mobile":0,"satellite":0,"tor":0,"tor_exit_nodes":0,"vpn":0,"relay":0,"proxy":0,"hosting":0,"service":0}},"geometry":{"type":"Point","coordinates":[-70.02198,-15.84003]}},{"type":"Feature","properties":{"country_code":"BOL","city":"Yacuiba","geoname_id":"3901178","h3_hexagon":593125294131380223,"h3_resolution":3,"downloaders":{"size":22,"mobile":11,"satellite":0,"tor":0,"tor_exit_nodes":0,"vpn":0,"relay":0,"proxy":0,"hosting":0,"service":0},"uploaders":{"size":9,"mobile":2,"satellite":0,"tor":0,"tor_exit_nodes":0,"vpn":0,"relay":0,"proxy":0,"hosting":0,"service":0}},"geometry":{"type":"Point","coordinates":[-63.67753,-22.01643]}},{"type":"Feature","properties":{"country_code":"ARG","city":"San José de Metán","geoname_id":"3844298","h3_hexagon":593126668520914943,"h3_resolution":3,"downloaders":{"size":16,"mobile":15,"satellite":0,"tor":0,"tor_exit_nodes":0,"vpn":0,"relay":0,"proxy":0,"hosting":0,"service":0},"uploaders":{"size":10,"mobile":10,"satellite":0,"tor":0,"tor_exit_nodes":0,"vpn":0,"relay":0,"proxy":0,"hosting":0,"service":0}},"geometry":{"type":"Point","coordinates":[-64.97106,-25.49711]}},{"type":"Feature","properties":{"country_code":"PRY","city":"Colonia Menno","geoname_id":"3438981","h3_hexagon":593128111629926399,"h3_resolution":3,"downloaders":{"size":13,"mobile":0,"satellite":0,"tor":0,"tor_exit_nodes":0,"vpn":0,"relay":0,"proxy":0,"hosting":0,"service":0},"uploaders":{"size":6,"mobile":0,"satellite":0,"tor":0,"tor_exit_nodes":0,"vpn":0,"relay":0,"proxy":0,"hosting":0,"service":0}},"geometry":{"type":"Point","coordinates":[-59.81667,-22.36667]}},{"type":"Feature","properties":{"country_code":"BOL","city":"Potosí","geoname_id":"3907584","h3_hexagon":593128592666263551,"h3_resolution":3,"downloaders":{"size":16,"mobile":0,"satellite":0,"tor":0,"tor_exit_nodes":0,"vpn":0,"relay":0,"proxy":0,"hosting":0,"service":0},"uploaders":{"size":3,"mobile":0,"satellite":0,"tor":0,"tor_exit_nodes":0,"vpn":0,"relay":0,"proxy":0,"hosting":0,"service":0}},"geometry":{"type":"Point","coordinates":[-65.75306,-19.58361]}},{"type":"Feature","properties":{"country_code":"BOL","city":"Colchani","geoname_id":"3919884","h3_hexagon":593128730105217023,"h3_resolution":3,"downloaders":{"size":15,"mobile":0,"satellite":0,"tor":0,"tor_exit_nodes":0,"vpn":0,"relay":0,"proxy":0,"hosting":0,"service":0},"uploaders":{"size":4,"mobile":0,"satellite":0,"tor":0,"tor_exit_nodes":0,"vpn":0,"relay":0,"proxy":0,"hosting":0,"service":0}},"geometry":{"type":"Point","coordinates":[-66.93333,-20.3]}},{"type":"Feature","properties":{"country_code":"COK","city":"Avarua","geoname_id":"4035715","h3_hexagon":593151751129923583,"h3_resolution":3,"downloaders":{"size":40,"mobile":0,"satellite":0,"tor":0,"tor_exit_nodes":0,"vpn":0,"relay":0,"proxy":0,"hosting":0,"service":0},"uploaders":{"size":23,"mobile":0,"satellite":0,"tor":0,"tor_exit_nodes":0,"vpn":0,"relay":0,"proxy":0,"hosting":0,"service":0}},"geometry":{"type":"Point","coordinates":[-159.77546,-21.2075]}},{"type":"Feature","properties":{"country_code":"AUS","city":"Alice Springs","geoname_id":"2077895","h3_hexagon":593217378230206463,"h3_resolution":3,"downloaders":{"size":31,"mobile":0,"satellite":0,"tor":0,"tor_exit_nodes":0,"vpn":0,"relay":0,"proxy":0,"hosting":0,"service":0},"uploaders":{"size":22,"mobile":0,"satellite":0,"tor":0,"tor_exit_nodes":0,"vpn":0,"relay":0,"proxy":0,"hosting":0,"service":0}},"geometry":{"type":"Point","coordinates":[133.88362,-23.69748]}},{"type":"Feature","properties":{"country_code":"NZL","city":"Takapau","geoname_id":"2181988","h3_hexagon":593262183329038335,"h3_resolution":3,"downloaders":{"size":6,"mobile":3,"satellite":0,"tor":0,"tor_exit_nodes":0,"vpn":0,"relay":0,"proxy":0,"hosting":0,"service":0},"uploaders":{"size":5,"mobile":3,"satellite":0,"tor":0,"tor_exit_nodes":0,"vpn":0,"relay":0,"proxy":0,"hosting":0,"service":0}},"geometry":{"type":"Point","coordinates":[176.35,-40.03333]}},{"type":"Feature","properties":{"country_code":"NZL","city":"Dargaville","geoname_id":"2191911","h3_hexagon":593266924972933119,"h3_resolution":3,"downloaders":{"size":14,"mobile":4,"satellite":0,"tor":0,"tor_exit_nodes":0,"vpn":0,"relay":0,"proxy":0,"hosting":0,"service":0},"uploaders":{"size":4,"mobile":1,"satellite":0,"tor":0,"tor_exit_nodes":0,"vpn":0,"relay":0,"proxy":0,"hosting":0,"service":0}},"geometry":{"type":"Point","coordinates":[173.88333,-35.93333]}},{"type":"Feature","properties":{"country_code":"NZL","city":"Kerikeri","geoname_id":"2188874","h3_hexagon":593267818326130687,"h3_resolution":3,"downloaders":{"size":18,"mobile":10,"satellite":0,"tor":0,"tor_exit_nodes":0,"vpn":0,"relay":0,"proxy":0,"hosting":0,"service":0},"uploaders":{"size":13,"mobile":9,"satellite":0,"tor":0,"tor_exit_nodes":0,"vpn":0,"relay":0,"proxy":0,"hosting":0,"service":0}},"geometry":{"type":"Point","coordinates":[173.94739,-35.22676]}},{"type":"Feature","properties":{"country_code":"ZAF","city":"Oudtshoorn","geoname_id":"967106","h3_hexagon":593283417647349759,"h3_resolution":3,"downloaders":{"size":14,"mobile":2,"satellite":0,"tor":0,"tor_exit_nodes":0,"vpn":0,"relay":0,"proxy":0,"hosting":0,"service":0},"uploaders":{"size":9,"mobile":1,"satellite":0,"tor":0,"tor_exit_nodes":0,"vpn":0,"relay":0,"proxy":0,"hosting":0,"service":0}},"geometry":{"type":"Point","coordinates":[22.19955,-33.60047]}},{"type":"Feature","properties":{"country_code":"ZAF","city":"Plettenberg Bay","geoname_id":"964712","h3_hexagon":593283623805779967,"h3_resolution":3,"downloaders":{"size":12,"mobile":4,"satellite":0,"tor":0,"tor_exit_nodes":0,"vpn":0,"relay":0,"proxy":0,"hosting":0,"service":0},"uploaders":{"size":4,"mobile":0,"satellite":0,"tor":0,"tor_exit_nodes":0,"vpn":0,"relay":0,"proxy":0,"hosting":0,"service":0}},"geometry":{"type":"Point","coordinates":[23.3716,-34.05274]}},{"type":"Feature","properties":{"country_code":"ZAF","city":"Vredendal","geoname_id":"3359736","h3_hexagon":593283967403163647,"h3_resolution":3,"downloaders":{"size":11,"mobile":0,"satellite":0,"tor":0,"tor_exit_nodes":0,"vpn":0,"relay":0,"proxy":0,"hosting":0,"service":0},"uploaders":{"size":5,"mobile":0,"satellite":0,"tor":0,"tor_exit_nodes":0,"vpn":0,"relay":0,"proxy":0,"hosting":0,"service":0}},"geometry":{"type":"Point","coordinates":[18.50119,-31.66833]}},{"type":"Feature","properties":{"country_code":"ZAF","city":"Laingsburg","geoname_id":"984962","h3_hexagon":593284173561593855,"h3_resolution":3,"downloaders":{"size":3,"mobile":0,"satellite":0,"tor":0,"tor_exit_nodes":0,"vpn":0,"relay":0,"proxy":0,"hosting":0,"service":0},"uploaders":{"size":3,"mobile":0,"satellite":0,"tor":0,"tor_exit_nodes":0,"vpn":0,"relay":0,"proxy":0,"hosting":0,"service":0}},"geometry":{"type":"Point","coordinates":[20.85872,-33.19495]}},{"type":"Feature","properties":{"country_code":"ZAF","city":"Cradock","geoname_id":"1012600","h3_hexagon":593284448439500799,"h3_resolution":3,"downloaders":{"size":6,"mobile":0,"satellite":0,"tor":0,"tor_exit_nodes":0,"vpn":0,"relay":0,"proxy":0,"hosting":0,"service":0},"uploaders":{"size":3,"mobile":0,"satellite":0,"tor":0,"tor_exit_nodes":0,"vpn":0,"relay":0,"proxy":0,"hosting":0,"service":0}},"geometry":{"type":"Point","coordinates":[25.61918,-32.16422]}},{"type":"Feature","properties":{"country_code":"ZAF","city":"Aliwal North","geoname_id":"1023309","h3_hexagon":593284585878454271,"h3_resolution":3,"downloaders":{"size":20,"mobile":0,"satellite":0,"tor":0,"tor_exit_nodes":0,"vpn":0,"relay":0,"proxy":0,"hosting":0,"service":0},"uploaders":{"size":14,"mobile":0,"satellite":0,"tor":0,"tor_exit_nodes":0,"vpn":0,"relay":0,"proxy":0,"hosting":0,"service":0}},"geometry":{"type":"Point","coordinates":[26.71141,-30.69366]}},{"type":"Feature","properties":{"country_code":"ZAF","city":"Queenstown","geoname_id":"963516","h3_hexagon":593284860756361215,"h3_resolution":3,"downloaders":{"size":6,"mobile":1,"satellite":0,"tor":0,"tor_exit_nodes":0,"vpn":0,"relay":0,"proxy":0,"hosting":0,"service":0},"uploaders":{"size":4,"mobile":1,"satellite":0,"tor":0,"tor_exit_nodes":0,"vpn":0,"relay":0,"proxy":0,"hosting":0,"service":0}},"geometry":{"type":"Point","coordinates":[26.87533,-31.89756]}},{"type":"Feature","properties":{"country_code":"ZAF","city":"Bredasdorp","geoname_id":"1015776","h3_hexagon":593286097706942463,"h3_resolution":3,"downloaders":{"size":25,"mobile":0,"satellite":0,"tor":0,"tor_exit_nodes":0,"vpn":0,"relay":0,"proxy":0,"hosting":0,"service":0},"uploaders":{"size":9,"mobile":0,"satellite":0,"tor":0,"tor_exit_nodes":0,"vpn":0,"relay":0,"proxy":0,"hosting":0,"service":0}},"geometry":{"type":"Point","coordinates":[20.04031,-34.53215]}},{"type":"Feature","properties":{"country_code":"ZAF","city":"Swellendam","geoname_id":"950709","h3_hexagon":593286235145895935,"h3_resolution":3,"downloaders":{"size":9,"mobile":0,"satellite":0,"tor":0,"tor_exit_nodes":0,"vpn":0,"relay":0,"proxy":0,"hosting":0,"service":0},"uploaders":{"size":3,"mobile":0,"satellite":0,"tor":0,"tor_exit_nodes":0,"vpn":0,"relay":0,"proxy":0,"hosting":0,"service":0}},"geometry":{"type":"Point","coordinates":[20.44171,-34.02262]}},{"type":"Feature","properties":{"country_code":"ZAF","city":"Port Alfred","geoname_id":"964432","h3_hexagon":593286784901709823,"h3_resolution":3,"downloaders":{"size":11,"mobile":0,"satellite":0,"tor":0,"tor_exit_nodes":0,"vpn":0,"relay":0,"proxy":0,"hosting":0,"service":0},"uploaders":{"size":4,"mobile":0,"satellite":0,"tor":0,"tor_exit_nodes":0,"vpn":0,"relay":0,"proxy":0,"hosting":0,"service":0}},"geometry":{"type":"Point","coordinates":[26.88329,-33.58601]}},{"type":"Feature","properties":{"country_code":"ZAF","city":"Bethlehem","geoname_id":"1019704","h3_hexagon":593292419898802175,"h3_resolution":3,"downloaders":{"size":25,"mobile":0,"satellite":0,"tor":0,"tor_exit_nodes":0,"vpn":0,"relay":0,"proxy":0,"hosting":0,"service":0},"uploaders":{"size":14,"mobile":0,"satellite":0,"tor":0,"tor_exit_nodes":0,"vpn":0,"relay":0,"proxy":0,"hosting":0,"service":0}},"geometry":{"type":"Point","coordinates":[28.30707,-28.23078]}},{"type":"Feature","properties":{"country_code":"ZAF","city":"Senekal","geoname_id":"956507","h3_hexagon":593292488618278911,"h3_resolution":3,"downloaders":{"size":10,"mobile":0,"satellite":0,"tor":0,"tor_exit_nodes":0,"vpn":0,"relay":0,"proxy":0,"hosting":0,"service":0},"uploaders":{"size":5,"mobile":0,"satellite":0,"tor":0,"tor_exit_nodes":0,"vpn":0,"relay":0,"proxy":0,"hosting":0,"service":0}},"geometry":{"type":"Point","coordinates":[27.62082,-28.31971]}},{"type":"Feature","properties":{"country_code":"ZAF","city":"Rustenburg","geoname_id":"958724","h3_hexagon":593294137885720575,"h3_resolution":3,"downloaders":{"size":61,"mobile":4,"satellite":0,"tor":0,"tor_exit_nodes":0,"vpn":0,"relay":0,"proxy":0,"hosting":0,"service":0},"uploaders":{"size":28,"mobile":3,"satellite":0,"tor":0,"tor_exit_nodes":0,"vpn":0,"relay":0,"proxy":0,"hosting":0,"service":0}},"geometry":{"type":"Point","coordinates":[27.24208,-25.66756]}},{"type":"Feature","properties":{"country_code":"ZAF","city":"Kimberley","geoname_id":"990930","h3_hexagon":593294962519441407,"h3_resolution":3,"downloaders":{"size":21,"mobile":0,"satellite":0,"tor":0,"tor_exit_nodes":0,"vpn":0,"relay":0,"proxy":0,"hosting":0,"service":0},"uploaders":{"size":14,"mobile":0,"satellite":0,"tor":0,"tor_exit_nodes":0,"vpn":0,"relay":0,"proxy":0,"hosting":0,"service":0}},"geometry":{"type":"Point","coordinates":[24.76232,-28.73226]}},{"type":"Feature","properties":{"country_code":"ZAF","city":"Welkom","geoname_id":"940909","h3_hexagon":593295031238918143,"h3_resolution":3,"downloaders":{"size":85,"mobile":15,"satellite":0,"tor":0,"tor_exit_nodes":0,"vpn":0,"relay":0,"proxy":0,"hosting":0,"service":0},"uploaders":{"size":32,"mobile":4,"satellite":0,"tor":0,"tor_exit_nodes":0,"vpn":0,"relay":0,"proxy":0,"hosting":0,"service":0}},"geometry":{"type":"Point","coordinates":[26.73506,-27.97742]}},{"type":"Feature","properties":{"country_code":"ZAF","city":"Newcastle","geoname_id":"971421","h3_hexagon":593295512275255295,"h3_resolution":3,"downloaders":{"size":21,"mobile":0,"satellite":0,"tor":0,"tor_exit_nodes":0,"vpn":0,"relay":0,"proxy":0,"hosting":0,"service":0},"uploaders":{"size":6,"mobile":0,"satellite":0,"tor":0,"tor_exit_nodes":0,"vpn":0,"relay":0,"proxy":0,"hosting":0,"service":0}},"geometry":{"type":"Point","coordinates":[29.9318,-27.75796]}},{"type":"Feature","properties":{"country_code":"ZAF","city":"Vryheid","geoname_id":"942470","h3_hexagon":593295649714208767,"h3_resolution":3,"downloaders":{"size":9,"mobile":0,"satellite":0,"tor":0,"tor_exit_nodes":0,"vpn":0,"relay":0,"proxy":0,"hosting":0,"service":0},"uploaders":{"size":4,"mobile":0,"satellite":0,"tor":0,"tor_exit_nodes":0,"vpn":0,"relay":0,"proxy":0,"hosting":0,"service":0}},"geometry":{"type":"Point","coordinates":[30.8,-27.7667]}},{"type":"Feature","properties":{"country_code":"ZAF","city":"Richards Bay","geoname_id":"962367","h3_hexagon":593295718433685503,"h3_resolution":3,"downloaders":{"size":9,"mobile":1,"satellite":0,"tor":0,"tor_exit_nodes":0,"vpn":0,"relay":0,"proxy":0,"hosting":0,"service":0},"uploaders":{"size":7,"mobile":1,"satellite":0,"tor":0,"tor_exit_nodes":0,"vpn":0,"relay":0,"proxy":0,"hosting":0,"service":0}},"geometry":{"type":"Point","coordinates":[32.03768,-28.78301]}},{"type":"Feature","properties":{"country_code":"AUS","city":"Holmesville","geoname_id":"2163275","h3_hexagon":593314822448218111,"h3_resolution":3,"downloaders":{"size":4,"mobile":0,"satellite":0,"tor":0,"tor_exit_nodes":0,"vpn":0,"relay":0,"proxy":0,"hosting":0,"service":0},"uploaders":{"size":3,"mobile":0,"satellite":0,"tor":0,"tor_exit_nodes":0,"vpn":0,"relay":0,"proxy":0,"hosting":0,"service":0}},"geometry":{"type":"Point","coordinates":[151.58333,-32.91667]}},{"type":"Feature","properties":{"country_code":"AUS","city":"Kiama","geoname_id":"2161515","h3_hexagon":593314959887171583,"h3_resolution":3,"downloaders":{"size":7,"mobile":0,"satellite":0,"tor":0,"tor_exit_nodes":0,"vpn":0,"relay":0,"proxy":0,"hosting":0,"service":0},"uploaders":{"size":3,"mobile":0,"satellite":0,"tor":0,"tor_exit_nodes":0,"vpn":0,"relay":0,"proxy":0,"hosting":0,"service":0}},"geometry":{"type":"Point","coordinates":[150.85219,-34.66828]}},{"type":"Feature","properties":{"country_code":"AUS","city":"Goulburn","geoname_id":"2164837","h3_hexagon":593315028606648319,"h3_resolution":3,"downloaders":{"size":19,"mobile":0,"satellite":0,"tor":0,"tor_exit_nodes":0,"vpn":0,"relay":0,"proxy":0,"hosting":0,"service":0},"uploaders":{"size":12,"mobile":0,"satellite":0,"tor":0,"tor_exit_nodes":0,"vpn":0,"relay":0,"proxy":0,"hosting":0,"service":0}},"geometry":{"type":"Point","coordinates":[149.72086,-34.75155]}},{"type":"Feature","properties":{"country_code":"AUS","city":"Coffs Harbour","geoname_id":"2171085","h3_hexagon":593315921959845887,"h3_resolution":3,"downloaders":{"size":20,"mobile":0,"satellite":0,"tor":0,"tor_exit_nodes":0,"vpn":0,"relay":0,"proxy":0,"hosting":0,"service":0},"uploaders":{"size":10,"mobile":0,"satellite":0,"tor":0,"tor_exit_nodes":0,"vpn":0,"relay":0,"proxy":0,"hosting":0,"service":0}},"geometry":{"type":"Point","coordinates":[153.11351,-30.29626]}},{"type":"Feature","properties":{"country_code":"AUS","city":"Swan Hill","geoname_id":"2147756","h3_hexagon":593318739458392063,"h3_resolution":3,"downloaders":{"size":3,"mobile":0,"satellite":0,"tor":0,"tor_exit_nodes":0,"vpn":0,"relay":0,"proxy":0,"hosting":0,"service":0},"uploaders":{"size":3,"mobile":0,"satellite":0,"tor":0,"tor_exit_nodes":0,"vpn":0,"relay":0,"proxy":0,"hosting":0,"service":0}},"geometry":{"type":"Point","coordinates":[143.5544,-35.33781]}},{"type":"Feature","properties":{"country_code":"AUS","city":"Strathalbyn","geoname_id":"2060951","h3_hexagon":593319151775252479,"h3_resolution":3,"downloaders":{"size":7,"mobile":0,"satellite":4,"tor":0,"tor_exit_nodes":0,"vpn":0,"relay":0,"proxy":0,"hosting":0,"service":0},"uploaders":{"size":4,"mobile":0,"satellite":2,"tor":0,"tor_exit_nodes":0,"vpn":0,"relay":0,"proxy":0,"hosting":0,"service":0}},"geometry":{"type":"Point","coordinates":[138.89247,-35.25979]}},{"type":"Feature","properties":{"country_code":"AUS","city":"Coonabarabran","geoname_id":"2170540","h3_hexagon":593329528416239615,"h3_resolution":3,"downloaders":{"size":26,"mobile":0,"satellite":0,"tor":0,"tor_exit_nodes":0,"vpn":0,"relay":0,"proxy":0,"hosting":0,"service":0},"uploaders":{"size":12,"mobile":0,"satellite":0,"tor":0,"tor_exit_nodes":0,"vpn":0,"relay":0,"proxy":0,"hosting":0,"service":0}},"geometry":{"type":"Point","coordinates":[149.27904,-31.27734]}},{"type":"Feature","properties":{"country_code":"ARG","city":"Coronel Vidal","geoname_id":"3435234","h3_hexagon":593386496862453759,"h3_resolution":3,"downloaders":{"size":4,"mobile":0,"satellite":0,"tor":0,"tor_exit_nodes":0,"vpn":0,"relay":0,"proxy":0,"hosting":0,"service":0},"uploaders":{"size":4,"mobile":0,"satellite":0,"tor":0,"tor_exit_nodes":0,"vpn":0,"relay":0,"proxy":0,"hosting":0,"service":0}},"geometry":{"type":"Point","coordinates":[-57.72939,-37.44652]}},{"type":"Feature","properties":{"country_code":"ARG","city":"Balcarce","geoname_id":"3436177","h3_hexagon":593387390215651327,"h3_resolution":3,"downloaders":{"size":22,"mobile":0,"satellite":0,"tor":0,"tor_exit_nodes":0,"vpn":0,"relay":0,"proxy":0,"hosting":0,"service":0},"uploaders":{"size":3,"mobile":0,"satellite":0,"tor":0,"tor_exit_nodes":0,"vpn":0,"relay":0,"proxy":0,"hosting":0,"service":0}},"geometry":{"type":"Point","coordinates":[-58.25549,-37.84638]}},{"type":"Feature","properties":{"country_code":"ARG","city":"Tres Arroyos","geoname_id":"3833859","h3_hexagon":593387527654604799,"h3_resolution":3,"downloaders":{"size":33,"mobile":0,"satellite":0,"tor":0,"tor_exit_nodes":0,"vpn":0,"relay":0,"proxy":0,"hosting":0,"service":0},"uploaders":{"size":6,"mobile":0,"satellite":0,"tor":0,"tor_exit_nodes":0,"vpn":0,"relay":0,"proxy":0,"hosting":0,"service":0}},"geometry":{"type":"Point","coordinates":[-60.27563,-38.37694]}},{"type":"Feature","properties":{"country_code":"ARG","city":"Villaguay","geoname_id":"3427428","h3_hexagon":593398522770882559,"h3_resolution":3,"downloaders":{"size":11,"mobile":0,"satellite":0,"tor":0,"tor_exit_nodes":0,"vpn":0,"relay":0,"proxy":0,"hosting":0,"service":0},"uploaders":{"size":6,"mobile":0,"satellite":0,"tor":0,"tor_exit_nodes":0,"vpn":0,"relay":0,"proxy":0,"hosting":0,"service":0}},"geometry":{"type":"Point","coordinates":[-59.02701,-31.86767]}},{"type":"Feature","properties":{"country_code":"BRA","city":"Santa Vitória do Palmar","geoname_id":"3449747","h3_hexagon":593399209965649919,"h3_resolution":3,"downloaders":{"size":14,"mobile":0,"satellite":0,"tor":0,"tor_exit_nodes":0,"vpn":0,"relay":0,"proxy":0,"hosting":0,"service":0},"uploaders":{"size":5,"mobile":0,"satellite":0,"tor":0,"tor_exit_nodes":0,"vpn":0,"relay":0,"proxy":0,"hosting":0,"service":0}},"geometry":{"type":"Point","coordinates":[-53.36806,-33.51889]}},{"type":"Feature","properties":{"country_code":"ARG","city":"Roldán","geoname_id":"3838638","h3_hexagon":593400515635707903,"h3_resolution":3,"downloaders":{"size":106,"mobile":0,"satellite":0,"tor":0,"tor_exit_nodes":0,"vpn":3,"relay":0,"proxy":0,"hosting":0,"service":0},"uploaders":{"size":6,"mobile":0,"satellite":0,"tor":0,"tor_exit_nodes":0,"vpn":0,"relay":0,"proxy":0,"hosting":0,"service":0}},"geometry":{"type":"Point","coordinates":[-60.90681,-32.89846]}},{"type":"Feature","properties":{"country_code":"URY","city":"Minas","geoname_id":"3441665","h3_hexagon":593401202830475263,"h3_resolution":3,"downloaders":{"size":5,"mobile":0,"satellite":0,"tor":0,"tor_exit_nodes":0,"vpn":0,"relay":0,"proxy":0,"hosting":0,"service":0},"uploaders":{"size":3,"mobile":0,"satellite":0,"tor":0,"tor_exit_nodes":0,"vpn":0,"relay":0,"proxy":0,"hosting":0,"service":0}},"geometry":{"type":"Point","coordinates":[-55.23771,-34.37589]}},{"type":"Feature","properties":{"country_code":"ARG","city":"Macachín","geoname_id":"3845344","h3_hexagon":593406631669137407,"h3_resolution":3,"downloaders":{"size":22,"mobile":0,"satellite":0,"tor":0,"tor_exit_nodes":0,"vpn":0,"relay":0,"proxy":0,"hosting":0,"service":0},"uploaders":{"size":6,"mobile":0,"satellite":0,"tor":0,"tor_exit_nodes":0,"vpn":0,"relay":0,"proxy":0,"hosting":0,"service":0}},"geometry":{"type":"Point","coordinates":[-63.66674,-37.13698]}},{"type":"Feature","properties":{"country_code":"ARG","city":"Venado Tuerto","geoname_id":"3833062","h3_hexagon":593407250144428031,"h3_resolution":3,"downloaders":{"size":46,"mobile":4,"satellite":0,"tor":0,"tor_exit_nodes":0,"vpn":0,"relay":0,"proxy":0,"hosting":0,"service":0},"uploaders":{"size":10,"mobile":0,"satellite":0,"tor":0,"tor_exit_nodes":0,"vpn":0,"relay":0,"proxy":0,"hosting":0,"service":0}},"geometry":{"type":"Point","coordinates":[-61.96711,-33.74585]}},{"type":"Feature","properties":{"country_code":"ARG","city":"General Villegas","geoname_id":"3855041","h3_hexagon":593407456302858239,"h3_resolution":3,"downloaders":{"size":13,"mobile":1,"satellite":0,"tor":0,"tor_exit_nodes":0,"vpn":0,"relay":0,"proxy":0,"hosting":0,"service":0},"uploaders":{"size":3,"mobile":0,"satellite":0,"tor":0,"tor_exit_nodes":0,"vpn":0,"relay":0,"proxy":0,"hosting":0,"service":0}},"geometry":{"type":"Point","coordinates":[-63.01484,-35.03264]}},{"type":"Feature","properties":{"country_code":"ARG","city":"Puán","geoname_id":"3840253","h3_hexagon":593407662461288447,"h3_resolution":3,"downloaders":{"size":13,"mobile":0,"satellite":0,"tor":0,"tor_exit_nodes":0,"vpn":0,"relay":0,"proxy":0,"hosting":0,"service":0},"uploaders":{"size":4,"mobile":0,"satellite":0,"tor":0,"tor_exit_nodes":0,"vpn":0,"relay":0,"proxy":0,"hosting":0,"service":0}},"geometry":{"type":"Point","coordinates":[-62.76834,-37.5481]}},{"type":"Feature","properties":{"country_code":"ARG","city":"San Carlos de Bolívar","geoname_id":"3837855","h3_hexagon":593408143497625599,"h3_resolution":3,"downloaders":{"size":24,"mobile":1,"satellite":0,"tor":0,"tor_exit_nodes":0,"vpn":0,"relay":0,"proxy":0,"hosting":0,"service":0},"uploaders":{"size":11,"mobile":0,"satellite":0,"tor":0,"tor_exit_nodes":0,"vpn":0,"relay":0,"proxy":0,"hosting":0,"service":0}},"geometry":{"type":"Point","coordinates":[-61.1157,-36.23071]}},{"type":"Feature","properties":{"country_code":"ARG","city":"Carlos Casares","geoname_id":"3862607","h3_hexagon":593408212217102335,"h3_resolution":3,"downloaders":{"size":7,"mobile":0,"satellite":0,"tor":0,"tor_exit_nodes":0,"vpn":0,"relay":0,"proxy":0,"hosting":0,"service":0},"uploaders":{"size":5,"mobile":0,"satellite":0,"tor":0,"tor_exit_nodes":0,"vpn":0,"relay":0,"proxy":0,"hosting":0,"service":0}},"geometry":{"type":"Point","coordinates":[-61.3655,-35.62247]}},{"type":"Feature","properties":{"country_code":"ARG","city":"Olavarría","geoname_id":"3842670","h3_hexagon":593408280936579071,"h3_resolution":3,"downloaders":{"size":53,"mobile":0,"satellite":0,"tor":0,"tor_exit_nodes":0,"vpn":0,"relay":0,"proxy":0,"hosting":0,"service":0},"uploaders":{"size":11,"mobile":0,"satellite":0,"tor":0,"tor_exit_nodes":0,"vpn":0,"relay":0,"proxy":0,"hosting":0,"service":0}},"geometry":{"type":"Point","coordinates":[-60.32319,-36.89384]}},{"type":"Feature","properties":{"country_code":"ARG","city":"Nueve de Julio","geoname_id":"3842881","h3_hexagon":593408349656055807,"h3_resolution":3,"downloaders":{"size":56,"mobile":0,"satellite":0,"tor":0,"tor_exit_nodes":0,"vpn":1,"relay":0,"proxy":0,"hosting":0,"service":0},"uploaders":{"size":32,"mobile":0,"satellite":0,"tor":0,"tor_exit_nodes":0,"vpn":0,"relay":0,"proxy":0,"hosting":0,"service":0}},"geometry":{"type":"Point","coordinates":[-60.88463,-35.44394]}},{"type":"Feature","properties":{"country_code":"ARG","city":"Pehuajó","geoname_id":"3841679","h3_hexagon":593408487095009279,"h3_resolution":3,"downloaders":{"size":20,"mobile":16,"satellite":0,"tor":0,"tor_exit_nodes":0,"vpn":0,"relay":0,"proxy":0,"hosting":0,"service":0},"uploaders":{"size":10,"mobile":10,"satellite":0,"tor":0,"tor_exit_nodes":0,"vpn":0,"relay":0,"proxy":0,"hosting":0,"service":0}},"geometry":{"type":"Point","coordinates":[-61.89897,-35.81081]}},{"type":"Feature","properties":{"country_code":"ARG","city":"San Antonio Oeste","geoname_id":"3837980","h3_hexagon":593410205081927679,"h3_resolution":3,"downloaders":{"size":11,"mobile":0,"satellite":0,"tor":0,"tor_exit_nodes":0,"vpn":0,"relay":0,"proxy":0,"hosting":0,"service":0},"uploaders":{"size":4,"mobile":0,"satellite":0,"tor":0,"tor_exit_nodes":0,"vpn":0,"relay":0,"proxy":0,"hosting":0,"service":0}},"geometry":{"type":"Point","coordinates":[-64.94769,-40.73193]}},{"type":"Feature","properties":{"country_code":"CHL","city":"Villarrica","geoname_id":"3868158","h3_hexagon":593605368395857919,"h3_resolution":3,"downloaders":{"size":21,"mobile":0,"satellite":0,"tor":0,"tor_exit_nodes":0,"vpn":0,"relay":0,"proxy":0,"hosting":0,"service":0},"uploaders":{"size":6,"mobile":0,"satellite":0,"tor":0,"tor_exit_nodes":0,"vpn":0,"relay":0,"proxy":0,"hosting":0,"service":0}},"geometry":{"type":"Point","coordinates":[-72.2279,-39.28569]}},{"type":"Feature","properties":{"country_code":"ARG","city":"Villa Regina","geoname_id":"3832647","h3_hexagon":593605643273764863,"h3_resolution":3,"downloaders":{"size":29,"mobile":0,"satellite":0,"tor":0,"tor_exit_nodes":0,"vpn":0,"relay":0,"proxy":0,"hosting":0,"service":0},"uploaders":{"size":10,"mobile":0,"satellite":0,"tor":0,"tor_exit_nodes":0,"vpn":0,"relay":0,"proxy":0,"hosting":0,"service":0}},"geometry":{"type":"Point","coordinates":[-67.08374,-39.09631]}},{"type":"Feature","properties":{"country_code":"ARG","city":"Cutral-Có","geoname_id":"3859552","h3_hexagon":593606467907485695,"h3_resolution":3,"downloaders":{"size":81,"mobile":0,"satellite":0,"tor":0,"tor_exit_nodes":0,"vpn":0,"relay":0,"proxy":0,"hosting":0,"service":0},"uploaders":{"size":6,"mobile":0,"satellite":0,"tor":0,"tor_exit_nodes":0,"vpn":0,"relay":0,"proxy":0,"hosting":0,"service":0}},"geometry":{"type":"Point","coordinates":[-69.23052,-38.93424]}},{"type":"Feature","properties":{"country_code":"CHL","city":"Coyhaique","geoname_id":"3894426","h3_hexagon":593622754423472127,"h3_resolution":3,"downloaders":{"size":55,"mobile":0,"satellite":0,"tor":0,"tor_exit_nodes":0,"vpn":0,"relay":0,"proxy":0,"hosting":0,"service":0},"uploaders":{"size":17,"mobile":0,"satellite":0,"tor":0,"tor_exit_nodes":0,"vpn":0,"relay":0,"proxy":0,"hosting":0,"service":0}},"geometry":{"type":"Point","coordinates":[-72.06619,-45.57524]}},{"type":"Feature","properties":{"country_code":"ARG","city":"El Calafate","geoname_id":"3858677","h3_hexagon":593625022166204415,"h3_resolution":3,"downloaders":{"size":43,"mobile":0,"satellite":0,"tor":0,"tor_exit_nodes":0,"vpn":0,"relay":0,"proxy":0,"hosting":0,"service":0},"uploaders":{"size":18,"mobile":0,"satellite":0,"tor":0,"tor_exit_nodes":0,"vpn":0,"relay":0,"proxy":0,"hosting":0,"service":0}},"geometry":{"type":"Point","coordinates":[-72.27682,-50.34075]}},{"type":"Feature","properties":{"country_code":"NZL","city":"Queenstown","geoname_id":"6204696","h3_hexagon":593815581275193343,"h3_resolution":3,"downloaders":{"size":10,"mobile":7,"satellite":0,"tor":0,"tor_exit_nodes":0,"vpn":0,"relay":0,"proxy":0,"hosting":0,"service":0},"uploaders":{"size":7,"mobile":6,"satellite":0,"tor":0,"tor_exit_nodes":0,"vpn":0,"relay":0,"proxy":0,"hosting":0,"service":0}},"geometry":{"type":"Point","coordinates":[168.66271,-45.03023]}}]}