{
  "type": "FeatureCollection",
  "features": [
    {
      "type": "Feature",
      "geometry": {
        "type": "Point",
        "coordinates": [
          21.15528,
          42.37056
        ]
      },
      "properties": {
        "country_code": "",
        "city": "Ferizaj",
        "downloaders_delta": {
          "hosting": 1,
          "mobile": 0,
          "proxy": 0,
          "relay": 0,
          "satellite": 0,
          "service": 0,
          "size": 55,
          "tor": 0,
          "tor_exit_nodes": 0,
          "vpn": -1
        },
        "uploaders_delta": {
          "hosting": 0,
          "mobile": 0,
          "proxy": 0,
          "relay": 0,
          "satellite": 0,
          "service": 0,
          "size": 0,
          "tor": 0,
          "tor_exit_nodes": 0,
          "vpn": 0
        },
        "downloaders_size_delta": 55,
        "downloaders_size_a": 17,
        "downloaders_size_b": 72
      }
    },
    {
      "type": "Feature",
      "geometry": {
        "type": "Point",
        "coordinates": [
          -70.03198,
          12.56596
        ]
      },
      "properties": {
        "country_code": "ABW",
        "city": "Noord",
        "downloaders_delta": {
          "hosting": 0,
          "mobile": 0,
          "proxy": 0,
          "relay": 0,
          "satellite": 0,
          "service": 0,
          "size": 69,
          "tor": 0,
          "tor_exit_nodes": 0,
          "vpn": 0
        },
        "uploaders_delta": {
          "hosting": 0,
          "mobile": 0,
          "proxy": 0,
          "relay": 0,
          "satellite": 0,
          "service": 0,
          "size": 7,
          "tor": 0,
          "tor_exit_nodes": 0,
          "vpn": 0
        },
        "downloaders_size_delta": 69,
        "downloaders_size_a": 4,
        "downloaders_size_b": 73
      }
    },
    {
      "type": "Feature",
      "geometry": {
        "type": "Point",
        "coordinates": [
          68.857,
          36.72895
        ]
      },
      "properties": {
        "country_code": "AFG",
        "city": "Kunduz",
        "downloaders_delta": {
          "hosting": 0,
          "mobile": -2,
          "proxy": 0,
          "relay": 0,
          "satellite": 0,
          "service": 0,
          "size": 2,
          "tor": 0,
          "tor_exit_nodes": 0,
          "vpn": 0
        },
        "uploaders_delta": {
          "hosting": 0,
          "mobile": -1,
          "proxy": 0,
          "relay": 0,
          "satellite": 0,
          "service": 0,
          "size": 6,
          "tor": 0,
          "tor_exit_nodes": 0,
          "vpn": 0
        },
        "downloaders_size_delta": 2,
        "downloaders_size_a": 14,
        "downloaders_size_b": 16
      }
    },
    {
      "type": "Feature",
      "geometry": {
        "type": "Point",
        "coordinates": [
          12.19476,
          -5.56198
        ]
      },
      "properties": {
        "country_code": "AGO",
        "city": "Cabinda",
        "downloaders_delta": {
          "hosting": 8,
          "mobile": 0,
          "proxy": 0,
          "relay": 0,
          "satellite": 0,
          "service": 0,
          "size": 3,
          "tor": 0,
          "tor_exit_nodes": 0,
          "vpn": 1
        },
        "uploaders_delta": {
          "hosting": 3,
          "mobile": 0,
          "proxy": 0,
          "relay": 0,
          "satellite": 0,
          "service": 0,
          "size": -1,
          "tor": 0,
          "tor_exit_nodes": 0,
          "vpn": 1
        },
        "downloaders_size_delta": 3,
        "downloaders_size_a": 5,
        "downloaders_size_b": 8
      }
    },
    {
      "type": "Feature",
      "geometry": {
        "type": "Point",
        "coordinates": [
          19.93481,
          60.09726
        ]
      },
      "properties": {
        "country_code": "ALA",
        "city": "Mariehamn",
        "downloaders_delta": {
          "hosting": 0,
          "mobile": 0,
          "proxy": 0,
          "relay": 0,
          "satellite": 1,
          "service": 0,
          "size": 336,
          "tor": 0,
          "tor_exit_nodes": 0,
          "vpn": 17
        },
        "uploaders_delta": {
          "hosting": 0,
          "mobile": 0,
          "proxy": 0,
          "relay": 0,
          "satellite": 0,
          "service": 0,
          "size": -10,
          "tor": 0,
          "tor_exit_nodes": 0,
          "vpn": 0
        },
        "downloaders_size_delta": 336,
        "downloaders_size_a": 100,
        "downloaders_size_b": 436
      }
    },
    {
      "type": "Feature",
      "geometry": {
        "type": "Point",
        "coordinates": [
          19.9292,
          41.3192
        ]
      },
      "properties": {
        "country_code": "ALB",
        "city": "Farka e Madhe",
        "downloaders_delta": {
          "hosting": 15,
          "mobile": 0,
          "proxy": 0,
          "relay": 0,
          "satellite": 0,
          "service": 0,
          "size": 9,
          "tor": 0,
          "tor_exit_nodes": 0,
          "vpn": 0
        },
        "uploaders_delta": {
          "hosting": 4,
          "mobile": 0,
          "proxy": 0,
          "relay": 0,
          "satellite": 0,
          "service": 0,
          "size": 3,
          "tor": 0,
          "tor_exit_nodes": 0,
          "vpn": 0
        },
        "downloaders_size_delta": 9,
        "downloaders_size_a": 11,
        "downloaders_size_b": 20
      }
    },
    {
      "type": "Feature",
      "geometry": {
        "type": "Point",
        "coordinates": [
          1.52109,
          42.50779
        ]
      },
      "properties": {
        "country_code": "AND",
        "city": "Andorra la Vella",
        "downloaders_delta": {
          "hosting": 2,
          "mobile": 0,
          "proxy": 0,
          "relay": 0,
          "satellite": 0,
          "service": 0,
          "size": 1103,
          "tor": 0,
          "tor_exit_nodes": 0,
          "vpn": 12
        },
        "uploaders_delta": {
          "hosting": 0,
          "mobile": 0,
          "proxy": 0,
          "relay": 0,
          "satellite": 0,
          "service": 0,
          "size": 28,
          "tor": 0,
          "tor_exit_nodes": 0,
          "vpn": 2
        },
        "downloaders_size_delta": 1103,
        "downloaders_size_a": 22,
        "downloaders_size_b": 1125
      }
    },
    {
      "type": "Feature",
      "geometry": {
        "type": "Point",
        "coordinates": [
          56.34199,
          25.33132
        ]
      },
      "properties": {
        "country_code": "ARE",
        "city": "Khawr Fakkān",
        "downloaders_delta": {
          "hosting": 0,
          "mobile": 1,
          "proxy": 0,
          "relay": 0,
          "satellite": 0,
          "service": 0,
          "size": 74,
          "tor": 0,
          "tor_exit_nodes": 0,
          "vpn": 0
        },
        "uploaders_delta": {
          "hosting": 0,
          "mobile": 0,
          "proxy": 0,
          "relay": 0,
          "satellite": 0,
          "service": 0,
          "size": 1,
          "tor": 0,
          "tor_exit_nodes": 0,
          "vpn": 0
        },
        "downloaders_size_delta": 74,
        "downloaders_size_a": 7,
        "downloaders_size_b": 81
      }
    },
    {
      "type": "Feature",
      "geometry": {
        "type": "Point",
        "coordinates": [
          -63.68214,
          -31.9134
        ]
      },
      "properties": {
        "country_code": "ARG",
        "city": "Oncativo",
        "downloaders_delta": {
          "hosting": 0,
          "mobile": 0,
          "proxy": 0,
          "relay": 0,
          "satellite": 0,
          "service": 0,
          "size": 7,
          "tor": 0,
          "tor_exit_nodes": 0,
          "vpn": 0
        },
        "uploaders_delta": {
          "hosting": 0,
          "mobile": 0,
          "proxy": 0,
          "relay": 0,
          "satellite": 0,
          "service": 0,
          "size": 1,
          "tor": 0,
          "tor_exit_nodes": 0,
          "vpn": 0
        },
        "downloaders_size_delta": 7,
        "downloaders_size_a": 4,
        "downloaders_size_b": 11
      }
    },
    {
      "type": "Feature",
      "geometry": {
        "type": "Point",
        "coordinates": [
          43.84635,
          40.79305
        ]
      },
      "properties": {
        "country_code": "ARM",
        "city": "Gyumri",
        "downloaders_delta": {
          "hosting": 0,
          "mobile": 0,
          "proxy": 0,
          "relay": 0,
          "satellite": 0,
          "service": 0,
          "size": 68,
          "tor": 0,
          "tor_exit_nodes": 0,
          "vpn": 0
        },
        "uploaders_delta": {
          "hosting": 0,
          "mobile": 0,
          "proxy": 0,
          "relay": 0,
          "satellite": 0,
          "service": 0,
          "size": 3,
          "tor": 0,
          "tor_exit_nodes": 0,
          "vpn": 0
        },
        "downloaders_size_delta": 68,
        "downloaders_size_a": 6,
        "downloaders_size_b": 74
      }
    },
    {
      "type": "Feature",
      "geometry": {
        "type": "Point",
        "coordinates": [
          -61.84329,
          17.12096
        ]
      },
      "properties": {
        "country_code": "ATG",
        "city": "Saint John’s",
        "downloaders_delta": {
          "hosting": 0,
          "mobile": 367,
          "proxy": 0,
          "relay": 0,
          "satellite": 0,
          "service": 0,
          "size": 378,
          "tor": 0,
          "tor_exit_nodes": 0,
          "vpn": 0
        },
        "uploaders_delta": {
          "hosting": 0,
          "mobile": -5,
          "proxy": 0,
          "relay": 0,
          "satellite": 0,
          "service": 0,
          "size": -17,
          "tor": 0,
          "tor_exit_nodes": 0,
          "vpn": 0
        },
        "downloaders_size_delta": 378,
        "downloaders_size_a": 118,
        "downloaders_size_b": 496
      }
    },
    {
      "type": "Feature",
      "geometry": {
        "type": "Point",
        "coordinates": [
          138.53082,
          -35.09372
        ]
      },
      "properties": {
        "country_code": "AUS",
        "city": "Reynella",
        "downloaders_delta": {
          "hosting": 0,
          "mobile": 0,
          "proxy": 0,
          "relay": 0,
          "satellite": 0,
          "service": 0,
          "size": 11,
          "tor": 0,
          "tor_exit_nodes": 0,
          "vpn": 0
        },
        "uploaders_delta": {
          "hosting": 0,
          "mobile": 0,
          "proxy": 0,
          "relay": 0,
          "satellite": 0,
          "service": 0,
          "size": 3,
          "tor": 0,
          "tor_exit_nodes": 0,
          "vpn": 0
        },
        "downloaders_size_delta": 11,
        "downloaders_size_a": 3,
        "downloaders_size_b": 14
      }
    },
    {
      "type": "Feature",
      "geometry": {
        "type": "Point",
        "coordinates": [
          16.14389,
          47.80612
        ]
      },
      "properties": {
        "country_code": "AUT",
        "city": "Weikersdorf am Steinfelde",
        "downloaders_delta": {
          "hosting": 7,
          "mobile": -3,
          "proxy": 0,
          "relay": 0,
          "satellite": 0,
          "service": 0,
          "size": 8,
          "tor": 0,
          "tor_exit_nodes": 0,
          "vpn": 0
        },
        "uploaders_delta": {
          "hosting": 3,
          "mobile": -3,
          "proxy": 0,
          "relay": 0,
          "satellite": 0,
          "service": 0,
          "size": 0,
          "tor": 0,
          "tor_exit_nodes": 0,
          "vpn": 0
        },
        "downloaders_size_delta": 8,
        "downloaders_size_a": 3,
        "downloaders_size_b": 11
      }
    },
    {
      "type": "Feature",
      "geometry": {
        "type": "Point",
        "coordinates": [
          50.11438,
          40.51903
        ]
      },
      "properties": {
        "country_code": "AZE",
        "city": "Buzovna",
        "downloaders_delta": {
          "hosting": 0,
          "mobile": 0,
          "proxy": 0,
          "relay": 0,
          "satellite": 0,
          "service": 0,
          "size": 9,
          "tor": 0,
          "tor_exit_nodes": 0,
          "vpn": 0
        },
        "uploaders_delta": {
          "hosting": 0,
          "mobile": 0,
          "proxy": 0,
          "relay": 0,
          "satellite": 0,
          "service": 0,
          "size": -1,
          "tor": 0,
          "tor_exit_nodes": 0,
          "vpn": 0
        },
        "downloaders_size_delta": 9,
        "downloaders_size_a": 6,
        "downloaders_size_b": 15
      }
    },
    {
      "type": "Feature",
      "geometry": {
        "type": "Point",
        "coordinates": [
          29.92463,
          -3.42708
        ]
      },
      "properties": {
        "country_code": "BDI",
        "city": "Gitega",
        "downloaders_delta": {
          "hosting": 0,
          "mobile": -1,
          "proxy": 0,
          "relay": 0,
          "satellite": 18,
          "service": 0,
          "size": 13,
          "tor": 0,
          "tor_exit_nodes": 0,
          "vpn": 0
        },
        "uploaders_delta": {
          "hosting": 0,
          "mobile": 0,
          "proxy": 0,
          "relay": 0,
          "satellite": 6,
          "service": 0,
          "size": 3,
          "tor": 0,
          "tor_exit_nodes": 0,
          "vpn": 0
        },
        "downloaders_size_delta": 13,
        "downloaders_size_a": 5,
        "downloaders_size_b": 18
      }
    },
    {
      "type": "Feature",
      "geometry": {
        "type": "Point",
        "coordinates": [
          4.31531,
          50.87065
        ]
      },
      "properties": {
        "country_code": "BEL",
        "city": "Ganshoren",
        "downloaders_delta": {
          "hosting": 0,
          "mobile": 6,
          "proxy": 0,
          "relay": 0,
          "satellite": 0,
          "service": 0,
          "size": 3,
          "tor": 0,
          "tor_exit_nodes": 0,
          "vpn": 0
        },
        "uploaders_delta": {
          "hosting": 0,
          "mobile": 3,
          "proxy": 0,
          "relay": 0,
          "satellite": 0,
          "service": 0,
          "size": 0,
          "tor": 0,
          "tor_exit_nodes": 0,
          "vpn": 0
        },
        "downloaders_size_delta": 3,
        "downloaders_size_a": 3,
        "downloaders_size_b": 6
      }
    },
    {
      "type": "Feature",
      "geometry": {
        "type": "Point",
        "coordinates": [
          2.35566,
          6.44852
        ]
      },
      "properties": {
        "country_code": "BEN",
        "city": "Abomey-Calavi",
        "downloaders_delta": {
          "hosting": 0,
          "mobile": 0,
          "proxy": 0,
          "relay": 0,
          "satellite": 0,
          "service": 0,
          "size": 14,
          "tor": 0,
          "tor_exit_nodes": 0,
          "vpn": 3
        },
        "uploaders_delta": {
          "hosting": 0,
          "mobile": 0,
          "proxy": 0,
          "relay": 0,
          "satellite": 0,
          "service": 0,
          "size": -4,
          "tor": 0,
          "tor_exit_nodes": 0,
          "vpn": -1
        },
        "downloaders_size_delta": 14,
        "downloaders_size_a": 24,
        "downloaders_size_b": 38
      }
    },
    {
      "type": "Feature",
      "geometry": {
        "type": "Point",
        "coordinates": [
          -62.98119,
          17.49142
        ]
      },
      "properties": {
        "country_code": "BES",
        "city": "Golden Rock",
        "downloaders_delta": {
          "hosting": 0,
          "mobile": 0,
          "proxy": 0,
          "relay": 0,
          "satellite": 0,
          "service": 0,
          "size": -22,
          "tor": 0,
          "tor_exit_nodes": 0,
          "vpn": 0
        },
        "uploaders_delta": {
          "hosting": 0,
          "mobile": 0,
          "proxy": 0,
          "relay": 0,
          "satellite": 0,
          "service": 0,
          "size": -23,
          "tor": 0,
          "tor_exit_nodes": 0,
          "vpn": 0
        },
        "downloaders_size_delta": -22,
        "downloaders_size_a": 53,
        "downloaders_size_b": 31
      }
    },
    {
      "type": "Feature",
      "geometry": {
        "type": "Point",
        "coordinates": [
          -1.53388,
          12.36566
        ]
      },
      "properties": {
        "country_code": "BFA",
        "city": "Ouagadougou",
        "downloaders_delta": {
          "hosting": 0,
          "mobile": 99,
          "proxy": 0,
          "relay": 0,
          "satellite": 0,
          "service": 0,
          "size": 555,
          "tor": 0,
          "tor_exit_nodes": 0,
          "vpn": 1
        },
        "uploaders_delta": {
          "hosting": 0,
          "mobile": 21,
          "proxy": 0,
          "relay": 0,
          "satellite": 0,
          "service": 0,
          "size": 52,
          "tor": 0,
          "tor_exit_nodes": 0,
          "vpn": 0
        },
        "downloaders_size_delta": 555,
        "downloaders_size_a": 5,
        "downloaders_size_b": 560
      }
    },
    {
      "type": "Feature",
      "geometry": {
        "type": "Point",
        "coordinates": [
          90.7728,
          24.15608
        ]
      },
      "properties": {
        "country_code": "BGD",
        "city": "Nagar Naluākot",
        "downloaders_delta": {
          "hosting": 0,
          "mobile": 6,
          "proxy": 0,
          "relay": 0,
          "satellite": 0,
          "service": 0,
          "size": 7,
          "tor": 0,
          "tor_exit_nodes": 0,
          "vpn": 0
        },
        "uploaders_delta": {
          "hosting": 0,
          "mobile": 3,
          "proxy": 0,
          "relay": 0,
          "satellite": 0,
          "service": 0,
          "size": 0,
          "tor": 0,
          "tor_exit_nodes": 0,
          "vpn": 0
        },
        "downloaders_size_delta": 7,
        "downloaders_size_a": 3,
        "downloaders_size_b": 10
      }
    },
    {
      "type": "Feature",
      "geometry": {
        "type": "Point",
        "coordinates": [
          28.05759,
          43.34157
        ]
      },
      "properties": {
        "country_code": "BGR",
        "city": "Kranevo",
        "downloaders_delta": {
          "hosting": 0,
          "mobile": 0,
          "proxy": 0,
          "relay": 0,
          "satellite": 0,
          "service": 0,
          "size": 13,
          "tor": 0,
          "tor_exit_nodes": 0,
          "vpn": 0
        },
        "uploaders_delta": {
          "hosting": 0,
          "mobile": 0,
          "proxy": 0,
          "relay": 0,
          "satellite": 0,
          "service": 0,
          "size": 1,
          "tor": 0,
          "tor_exit_nodes": 0,
          "vpn": 0
        },
        "downloaders_size_delta": 13,
        "downloaders_size_a": 6,
        "downloaders_size_b": 19
      }
    },
    {
      "type": "Feature",
      "geometry": {
        "type": "Point",
        "coordinates": [
          50.65417,
          26.24556
        ]
      },
      "properties": {
        "country_code": "BHR",
        "city": "Al Ḩadd",
        "downloaders_delta": {
          "hosting": 0,
          "mobile": 2,
          "proxy": 0,
          "relay": 0,
          "satellite": 0,
          "service": 0,
          "size": 22,
          "tor": 0,
          "tor_exit_nodes": 0,
          "vpn": -3
        },
        "uploaders_delta": {
          "hosting": 0,
          "mobile": 0,
          "proxy": 0,
          "relay": 0,
          "satellite": 0,
          "service": 0,
          "size": -3,
          "tor": 0,
          "tor_exit_nodes": 0,
          "vpn": -2
        },
        "downloaders_size_delta": 22,
        "downloaders_size_a": 12,
        "downloaders_size_b": 34
      }
    },
    {
      "type": "Feature",
      "geometry": {
        "type": "Point",
        "coordinates": [
          -77.81667,
          26.9
        ]
      },
      "properties": {
        "country_code": "BHS",
        "city": "Crown Haven",
        "downloaders_delta": {
          "hosting": -4,
          "mobile": 24,
          "proxy": 0,
          "relay": 0,
          "satellite": 0,
          "service": 0,
          "size": -6,
          "tor": 0,
          "tor_exit_nodes": 0,
          "vpn": -1
        },
        "uploaders_delta": {
          "hosting": -2,
          "mobile": 3,
          "proxy": 0,
          "relay": 0,
          "satellite": 0,
          "service": 0,
          "size": -2,
          "tor": 0,
          "tor_exit_nodes": 0,
          "vpn": -1
        },
        "downloaders_size_delta": -6,
        "downloaders_size_a": 30,
        "downloaders_size_b": 24
      }
    },
    {
      "type": "Feature",
      "geometry": {
        "type": "Point",
        "coordinates": [
          18.44649,
          43.50464
        ]
      },
      "properties": {
        "country_code": "BIH",
        "city": "Kalinovik",
        "downloaders_delta": {
          "hosting": 0,
          "mobile": 4,
          "proxy": 0,
          "relay": 0,
          "satellite": 0,
          "service": 0,
          "size": 4,
          "tor": 0,
          "tor_exit_nodes": 0,
          "vpn": 0
        },
        "uploaders_delta": {
          "hosting": 0,
          "mobile": 0,
          "proxy": 0,
          "relay": 0,
          "satellite": 0,
          "service": 0,
          "size": 0,
          "tor": 0,
          "tor_exit_nodes": 0,
          "vpn": 0
        },
        "downloaders_size_delta": 4,
        "downloaders_size_a": 3,
        "downloaders_size_b": 7
      }
    },
    {
      "type": "Feature",
      "geometry": {
        "type": "Point",
        "coordinates": [
          26.67679,
          53.22186
        ]
      },
      "properties": {
        "country_code": "BLR",
        "city": "Nesvizh",
        "downloaders_delta": {
          "hosting": 0,
          "mobile": 0,
          "proxy": 0,
          "relay": 0,
          "satellite": 0,
          "service": 0,
          "size": 12,
          "tor": 0,
          "tor_exit_nodes": 0,
          "vpn": 0
        },
        "uploaders_delta": {
          "hosting": 0,
          "mobile": 0,
          "proxy": 0,
          "relay": 0,
          "satellite": 0,
          "service": 0,
          "size": 0,
          "tor": 0,
          "tor_exit_nodes": 0,
          "vpn": 0
        },
        "downloaders_size_delta": 12,
        "downloaders_size_a": 4,
        "downloaders_size_b": 16
      }
    },
    {
      "type": "Feature",
      "geometry": {
        "type": "Point",
        "coordinates": [
          -88.38849,
          18.39375
        ]
      },
      "properties": {
        "country_code": "BLZ",
        "city": "Corozal",
        "downloaders_delta": {
          "hosting": 0,
          "mobile": 0,
          "proxy": 0,
          "relay": 0,
          "satellite": 0,
          "service": 0,
          "size": 51,
          "tor": 0,
          "tor_exit_nodes": 0,
          "vpn": 2
        },
        "uploaders_delta": {
          "hosting": 0,
          "mobile": 0,
          "proxy": 0,
          "relay": 0,
          "satellite": 0,
          "service": 0,
          "size": -3,
          "tor": 0,
          "tor_exit_nodes": 0,
          "vpn": 0
        },
        "downloaders_size_delta": 51,
        "downloaders_size_a": 12,
        "downloaders_size_b": 63
      }
    },
    {
      "type": "Feature",
      "geometry": {
        "type": "Point",
        "coordinates": [
          -64.69756,
          32.37249
        ]
      },
      "properties": {
        "country_code": "BMU",
        "city": "St George's Parish",
        "downloaders_delta": {
          "hosting": 0,
          "mobile": 0,
          "proxy": 0,
          "relay": 0,
          "satellite": 0,
          "service": 0,
          "size": -3,
          "tor": 0,
          "tor_exit_nodes": 0,
          "vpn": 0
        },
        "uploaders_delta": {
          "hosting": 0,
          "mobile": 0,
          "proxy": 0,
          "relay": 0,
          "satellite": 0,
          "service": 0,
          "size": -4,
          "tor": 0,
          "tor_exit_nodes": 0,
          "vpn": 0
        },
        "downloaders_size_delta": -3,
        "downloaders_size_a": 9,
        "downloaders_size_b": 6
      }
    },
    {
      "type": "Feature",
      "geometry": {
        "type": "Point",
        "coordinates": [
          -65.26274,
          -19.03332
        ]
      },
      "properties": {
        "country_code": "BOL",
        "city": "Sucre",
        "downloaders_delta": {
          "hosting": 0,
          "mobile": 71,
          "proxy": 0,
          "relay": 0,
          "satellite": 0,
          "service": 0,
          "size": 71,
          "tor": 0,
          "tor_exit_nodes": 0,
          "vpn": 0
        },
        "uploaders_delta": {
          "hosting": 0,
          "mobile": 4,
          "proxy": 0,
          "relay": 0,
          "satellite": 0,
          "service": 0,
          "size": 1,
          "tor": 0,
          "tor_exit_nodes": 0,
          "vpn": 0
        },
        "downloaders_size_delta": 71,
        "downloaders_size_a": 8,
        "downloaders_size_b": 79
      }
    },
    {
      "type": "Feature",
      "geometry": {
        "type": "Point",
        "coordinates": [
          -38.63889,
          -4.97389
        ]
      },
      "properties": {
        "country_code": "BRA",
        "city": "Ibicuitinga",
        "downloaders_delta": {
          "hosting": 0,
          "mobile": 0,
          "proxy": 0,
          "relay": 0,
          "satellite": 0,
          "service": 0,
          "size": 1,
          "tor": 0,
          "tor_exit_nodes": 0,
          "vpn": 0
        },
        "uploaders_delta": {
          "hosting": 0,
          "mobile": 0,
          "proxy": 0,
          "relay": 0,
          "satellite": 0,
          "service": 0,
          "size": 0,
          "tor": 0,
          "tor_exit_nodes": 0,
          "vpn": 0
        },
        "downloaders_size_delta": 1,
        "downloaders_size_a": 3,
        "downloaders_size_b": 4
      }
    },
    {
      "type": "Feature",
      "geometry": {
        "type": "Point",
        "coordinates": [
          -59.44861,
          13.10487
        ]
      },
      "properties": {
        "country_code": "BRB",
        "city": "Crane",
        "downloaders_delta": {
          "hosting": 0,
          "mobile": 0,
          "proxy": 0,
          "relay": 0,
          "satellite": 0,
          "service": 0,
          "size": 370,
          "tor": 0,
          "tor_exit_nodes": 0,
          "vpn": 0
        },
        "uploaders_delta": {
          "hosting": 0,
          "mobile": 0,
          "proxy": 0,
          "relay": 0,
          "satellite": 0,
          "service": 0,
          "size": -18,
          "tor": 0,
          "tor_exit_nodes": 0,
          "vpn": 0
        },
        "downloaders_size_delta": 370,
        "downloaders_size_a": 70,
        "downloaders_size_b": 440
      }
    },
    {
      "type": "Feature",
      "geometry": {
        "type": "Point",
        "coordinates": [
          114.32476,
          4.60637
        ]
      },
      "properties": {
        "country_code": "BRN",
        "city": "Seria",
        "downloaders_delta": {
          "hosting": 0,
          "mobile": 11,
          "proxy": 0,
          "relay": 0,
          "satellite": 0,
          "service": 0,
          "size": 25,
          "tor": 0,
          "tor_exit_nodes": 0,
          "vpn": 0
        },
        "uploaders_delta": {
          "hosting": 0,
          "mobile": 5,
          "proxy": 0,
          "relay": 0,
          "satellite": 0,
          "service": 0,
          "size": -10,
          "tor": 0,
          "tor_exit_nodes": 0,
          "vpn": 0
        },
        "downloaders_size_delta": 25,
        "downloaders_size_a": 25,
        "downloaders_size_b": 50
      }
    },
    {
      "type": "Feature",
      "geometry": {
        "type": "Point",
        "coordinates": [
          89.64191,
          27.46609
        ]
      },
      "properties": {
        "country_code": "BTN",
        "city": "Thimphu",
        "downloaders_delta": {
          "hosting": 0,
          "mobile": -14,
          "proxy": 0,
          "relay": 0,
          "satellite": 1,
          "service": 0,
          "size": -26,
          "tor": 0,
          "tor_exit_nodes": 0,
          "vpn": -1
        },
        "uploaders_delta": {
          "hosting": 0,
          "mobile": -10,
          "proxy": 0,
          "relay": 0,
          "satellite": 0,
          "service": 0,
          "size": -17,
          "tor": 0,
          "tor_exit_nodes": 0,
          "vpn": -1
        },
        "downloaders_size_delta": -26,
        "downloaders_size_a": 58,
        "downloaders_size_b": 32
      }
    },
    {
      "type": "Feature",
      "geometry": {
        "type": "Point",
        "coordinates": [
          25.9275,
          -24.53778
        ]
      },
      "properties": {
        "country_code": "BWA",
        "city": "Kgaphamadi",
        "downloaders_delta": {
          "hosting": -2,
          "mobile": -3,
          "proxy": 0,
          "relay": 0,
          "satellite": 0,
          "service": 0,
          "size": -2,
          "tor": 0,
          "tor_exit_nodes": 0,
          "vpn": 0
        },
        "uploaders_delta": {
          "hosting": -1,
          "mobile": -2,
          "proxy": 0,
          "relay": 0,
          "satellite": 0,
          "service": 0,
          "size": -1,
          "tor": 0,
          "tor_exit_nodes": 0,
          "vpn": 0
        },
        "downloaders_size_delta": -2,
        "downloaders_size_a": 7,
        "downloaders_size_b": 5
      }
    },
    {
      "type": "Feature",
      "geometry": {
        "type": "Point",
        "coordinates": [
          -113.25189,
          50.40008
        ]
      },
      "properties": {
        "country_code": "CAN",
        "city": "Vulcan",
        "downloaders_delta": {
          "hosting": 0,
          "mobile": 0,
          "proxy": 0,
          "relay": 0,
          "satellite": 0,
          "service": 0,
          "size": 1,
          "tor": 0,
          "tor_exit_nodes": 0,
          "vpn": 1
        },
        "uploaders_delta": {
          "hosting": 0,
          "mobile": 0,
          "proxy": 0,
          "relay": 0,
          "satellite": 0,
          "service": 0,
          "size": 0,
          "tor": 0,
          "tor_exit_nodes": 0,
          "vpn": 1
        },
        "downloaders_size_delta": 1,
        "downloaders_size_a": 3,
        "downloaders_size_b": 4
      }
    },
    {
      "type": "Feature",
      "geometry": {
        "type": "Point",
        "coordinates": [
          6.57068,
          46.53005
        ]
      },
      "properties": {
        "country_code": "CHE",
        "city": "Chavannes",
        "downloaders_delta": {
          "hosting": 0,
          "mobile": 0,
          "proxy": 0,
          "relay": 0,
          "satellite": 0,
          "service": 0,
          "size": 1,
          "tor": 0,
          "tor_exit_nodes": 0,
          "vpn": 0
        },
        "uploaders_delta": {
          "hosting": 0,
          "mobile": 0,
          "proxy": 0,
          "relay": 0,
          "satellite": 0,
          "service": 0,
          "size": 0,
          "tor": 0,
          "tor_exit_nodes": 0,
          "vpn": 0
        },
        "downloaders_size_delta": 1,
        "downloaders_size_a": 3,
        "downloaders_size_b": 4
      }
    },
    {
      "type": "Feature",
      "geometry": {
        "type": "Point",
        "coordinates": [
          -69.7863,
          -20.25585
        ]
      },
      "properties": {
        "country_code": "CHL",
        "city": "Pozo Almonte",
        "downloaders_delta": {
          "hosting": 0,
          "mobile": 2,
          "proxy": 0,
          "relay": 0,
          "satellite": 0,
          "service": 0,
          "size": 15,
          "tor": 0,
          "tor_exit_nodes": 0,
          "vpn": 0
        },
        "uploaders_delta": {
          "hosting": 0,
          "mobile": 0,
          "proxy": 0,
          "relay": 0,
          "satellite": 0,
          "service": 0,
          "size": 1,
          "tor": 0,
          "tor_exit_nodes": 0,
          "vpn": 0
        },
        "downloaders_size_delta": 15,
        "downloaders_size_a": 3,
        "downloaders_size_b": 18
      }
    },
    {
      "type": "Feature",
      "geometry": {
        "type": "Point",
        "coordinates": [
          117.95883,
          40.9519
        ]
      },
      "properties": {
        "country_code": "CHN",
        "city": "Chengde",
        "downloaders_delta": {
          "hosting": 0,
          "mobile": 0,
          "proxy": 0,
          "relay": 0,
          "satellite": 0,
          "service": 0,
          "size": 7,
          "tor": 0,
          "tor_exit_nodes": 0,
          "vpn": 6
        },
        "uploaders_delta": {
          "hosting": 0,
          "mobile": 0,
          "proxy": 0,
          "relay": 0,
          "satellite": 0,
          "service": 0,
          "size": 0,
          "tor": 0,
          "tor_exit_nodes": 0,
          "vpn": 3
        },
        "downloaders_size_delta": 7,
        "downloaders_size_a": 3,
        "downloaders_size_b": 10
      }
    },
    {
      "type": "Feature",
      "geometry": {
        "type": "Point",
        "coordinates": [
          -3.88537,
          5.35581
        ]
      },
      "properties": {
        "country_code": "CIV",
        "city": "Bingerville",
        "downloaders_delta": {
          "hosting": 0,
          "mobile": 0,
          "proxy": 0,
          "relay": 0,
          "satellite": 0,
          "service": 0,
          "size": 201,
          "tor": 0,
          "tor_exit_nodes": 0,
          "vpn": 0
        },
        "uploaders_delta": {
          "hosting": 0,
          "mobile": 0,
          "proxy": 0,
          "relay": 0,
          "satellite": 0,
          "service": 0,
          "size": 4,
          "tor": 0,
          "tor_exit_nodes": 0,
          "vpn": 0
        },
        "downloaders_size_delta": 201,
        "downloaders_size_a": 7,
        "downloaders_size_b": 208
      }
    },
    {
      "type": "Feature",
      "geometry": {
        "type": "Point",
        "coordinates": [
          13.68459,
          4.57728
        ]
      },
      "properties": {
        "country_code": "CMR",
        "city": "Bertoua",
        "downloaders_delta": {
          "hosting": 0,
          "mobile": 4,
          "proxy": 0,
          "relay": 0,
          "satellite": 0,
          "service": 0,
          "size": 5,
          "tor": 0,
          "tor_exit_nodes": 0,
          "vpn": 0
        },
        "uploaders_delta": {
          "hosting": 0,
          "mobile": 0,
          "proxy": 0,
          "relay": 0,
          "satellite": 0,
          "service": 0,
          "size": 0,
          "tor": 0,
          "tor_exit_nodes": 0,
          "vpn": 0
        },
        "downloaders_size_delta": 5,
        "downloaders_size_a": 7,
        "downloaders_size_b": 12
      }
    },
    {
      "type": "Feature",
      "geometry": {
        "type": "Point",
        "coordinates": [
          30.25224,
          1.55941
        ]
      },
      "properties": {
        "country_code": "COD",
        "city": "Bunia",
        "downloaders_delta": {
          "hosting": 0,
          "mobile": 52,
          "proxy": 0,
          "relay": 0,
          "satellite": 0,
          "service": 0,
          "size": 46,
          "tor": 0,
          "tor_exit_nodes": 0,
          "vpn": 0
        },
        "uploaders_delta": {
          "hosting": 0,
          "mobile": 11,
          "proxy": 0,
          "relay": 0,
          "satellite": 0,
          "service": 0,
          "size": 8,
          "tor": 0,
          "tor_exit_nodes": 0,
          "vpn": 0
        },
        "downloaders_size_delta": 46,
        "downloaders_size_a": 6,
        "downloaders_size_b": 52
      }
    },
    {
      "type": "Feature",
      "geometry": {
        "type": "Point",
        "coordinates": [
          11.86352,
          -4.77609
        ]
      },
      "properties": {
        "country_code": "COG",
        "city": "Pointe-Noire",
        "downloaders_delta": {
          "hosting": 1,
          "mobile": 5,
          "proxy": 0,
          "relay": 0,
          "satellite": 0,
          "service": 0,
          "size": -67,
          "tor": 0,
          "tor_exit_nodes": 0,
          "vpn": 1
        },
        "uploaders_delta": {
          "hosting": 0,
          "mobile": 0,
          "proxy": 0,
          "relay": 0,
          "satellite": 0,
          "service": 0,
          "size": -33,
          "tor": 0,
          "tor_exit_nodes": 0,
          "vpn": 0
        },
        "downloaders_size_delta": -67,
        "downloaders_size_a": 189,
        "downloaders_size_b": 122
      }
    },
    {
      "type": "Feature",
      "geometry": {
        "type": "Point",
        "coordinates": [
          -76.65208,
          1.15284
        ]
      },
      "properties": {
        "country_code": "COL",
        "city": "Mocoa",
        "downloaders_delta": {
          "hosting": -1,
          "mobile": 4,
          "proxy": 0,
          "relay": 0,
          "satellite": 0,
          "service": 0,
          "size": 9,
          "tor": 0,
          "tor_exit_nodes": 0,
          "vpn": 0
        },
        "uploaders_delta": {
          "hosting": 0,
          "mobile": 1,
          "proxy": 0,
          "relay": 0,
          "satellite": 0,
          "service": 0,
          "size": 1,
          "tor": 0,
          "tor_exit_nodes": 0,
          "vpn": 0
        },
        "downloaders_size_delta": 9,
        "downloaders_size_a": 10,
        "downloaders_size_b": 19
      }
    },
    {
      "type": "Feature",
      "geometry": {
        "type": "Point",
        "coordinates": [
          43.25506,
          -11.70216
        ]
      },
      "properties": {
        "country_code": "COM",
        "city": "Moroni",
        "downloaders_delta": {
          "hosting": 0,
          "mobile": -2,
          "proxy": 0,
          "relay": 0,
          "satellite": 0,
          "service": 0,
          "size": -15,
          "tor": 0,
          "tor_exit_nodes": 0,
          "vpn": 0
        },
        "uploaders_delta": {
          "hosting": 0,
          "mobile": -2,
          "proxy": 0,
          "relay": 0,
          "satellite": 0,
          "service": 0,
          "size": -14,
          "tor": 0,
          "tor_exit_nodes": 0,
          "vpn": 1
        },
        "downloaders_size_delta": -15,
        "downloaders_size_a": 40,
        "downloaders_size_b": 25
      }
    },
    {
      "type": "Feature",
      "geometry": {
        "type": "Point",
        "coordinates": [
          -22.90509,
          16.59796
        ]
      },
      "properties": {
        "country_code": "CPV",
        "city": "Santa Maria",
        "downloaders_delta": {
          "hosting": 0,
          "mobile": 6,
          "proxy": 0,
          "relay": 0,
          "satellite": 0,
          "service": 0,
          "size": 10,
          "tor": 0,
          "tor_exit_nodes": 0,
          "vpn": 0
        },
        "uploaders_delta": {
          "hosting": 0,
          "mobile": 2,
          "proxy": 0,
          "relay": 0,
          "satellite": 0,
          "service": 0,
          "size": 1,
          "tor": 0,
          "tor_exit_nodes": 0,
          "vpn": 0
        },
        "downloaders_size_delta": 10,
        "downloaders_size_a": 5,
        "downloaders_size_b": 15
      }
    },
    {
      "type": "Feature",
      "geometry": {
        "type": "Point",
        "coordinates": [
          -84.31694,
          10.10248
        ]
      },
      "properties": {
        "country_code": "CRI",
        "city": "San Juan",
        "downloaders_delta": {
          "hosting": 0,
          "mobile": 6,
          "proxy": 0,
          "relay": 0,
          "satellite": 0,
          "service": 0,
          "size": 10,
          "tor": 0,
          "tor_exit_nodes": 0,
          "vpn": 3
        },
        "uploaders_delta": {
          "hosting": 0,
          "mobile": 1,
          "proxy": 0,
          "relay": 0,
          "satellite": 0,
          "service": 0,
          "size": 1,
          "tor": 0,
          "tor_exit_nodes": 0,
          "vpn": 1
        },
        "downloaders_size_delta": 10,
        "downloaders_size_a": 3,
        "downloaders_size_b": 13
      }
    },
    {
      "type": "Feature",
      "geometry": {
        "type": "Point",
        "coordinates": [
          -68.98333,
          12.15
        ]
      },
      "properties": {
        "country_code": "CUW",
        "city": "Sint Michiel Liber",
        "downloaders_delta": {
          "hosting": 0,
          "mobile": 0,
          "proxy": 0,
          "relay": 0,
          "satellite": 0,
          "service": 0,
          "size": 111,
          "tor": 0,
          "tor_exit_nodes": 0,
          "vpn": 0
        },
        "uploaders_delta": {
          "hosting": 0,
          "mobile": 0,
          "proxy": 0,
          "relay": 0,
          "satellite": 0,
          "service": 0,
          "size": -11,
          "tor": 0,
          "tor_exit_nodes": 0,
          "vpn": 0
        },
        "downloaders_size_delta": 111,
        "downloaders_size_a": 48,
        "downloaders_size_b": 159
      }
    },
    {
      "type": "Feature",
      "geometry": {
        "type": "Point",
        "coordinates": [
          -81.2542,
          19.27647
        ]
      },
      "properties": {
        "country_code": "CYM",
        "city": "Bodden Town",
        "downloaders_delta": {
          "hosting": 0,
          "mobile": 0,
          "proxy": 0,
          "relay": 0,
          "satellite": 0,
          "service": 0,
          "size": 18,
          "tor": 0,
          "tor_exit_nodes": 0,
          "vpn": 0
        },
        "uploaders_delta": {
          "hosting": 0,
          "mobile": 0,
          "proxy": 0,
          "relay": 0,
          "satellite": 0,
          "service": 0,
          "size": -8,
          "tor": 0,
          "tor_exit_nodes": 0,
          "vpn": 0
        },
        "downloaders_size_delta": 18,
        "downloaders_size_a": 26,
        "downloaders_size_b": 44
      }
    },
    {
      "type": "Feature",
      "geometry": {
        "type": "Point",
        "coordinates": [
          32.4255,
          35.03403
        ]
      },
      "properties": {
        "country_code": "CYP",
        "city": "Pólis",
        "downloaders_delta": {
          "hosting": 0,
          "mobile": 0,
          "proxy": 0,
          "relay": 0,
          "satellite": 0,
          "service": 0,
          "size": -1,
          "tor": 0,
          "tor_exit_nodes": 0,
          "vpn": 0
        },
        "uploaders_delta": {
          "hosting": 0,
          "mobile": 0,
          "proxy": 0,
          "relay": 0,
          "satellite": 0,
          "service": 0,
          "size": -1,
          "tor": 0,
          "tor_exit_nodes": 0,
          "vpn": 0
        },
        "downloaders_size_delta": -1,
        "downloaders_size_a": 5,
        "downloaders_size_b": 4
      }
    },
    {
      "type": "Feature",
      "geometry": {
        "type": "Point",
        "coordinates": [
          17.54961,
          49.09965
        ]
      },
      "properties": {
        "country_code": "CZE",
        "city": "Bílovice",
        "downloaders_delta": {
          "hosting": 0,
          "mobile": 0,
          "proxy": 0,
          "relay": 0,
          "satellite": 0,
          "service": 0,
          "size": 3,
          "tor": 0,
          "tor_exit_nodes": 0,
          "vpn": 0
        },
        "uploaders_delta": {
          "hosting": 0,
          "mobile": 0,
          "proxy": 0,
          "relay": 0,
          "satellite": 0,
          "service": 0,
          "size": 0,
          "tor": 0,
          "tor_exit_nodes": 0,
          "vpn": 0
        },
        "downloaders_size_delta": 3,
        "downloaders_size_a": 3,
        "downloaders_size_b": 6
      }
    },
    {
      "type": "Feature",
      "geometry": {
        "type": "Point",
        "coordinates": [
          8.84605,
          51.80978
        ]
      },
      "properties": {
        "country_code": "DEU",
        "city": "Schlangen",
        "downloaders_delta": {
          "hosting": 0,
          "mobile": 0,
          "proxy": 0,
          "relay": 0,
          "satellite": 0,
          "service": 0,
          "size": 3,
          "tor": 0,
          "tor_exit_nodes": 0,
          "vpn": 0
        },
        "uploaders_delta": {
          "hosting": 0,
          "mobile": 0,
          "proxy": 0,
          "relay": 0,
          "satellite": 0,
          "service": 0,
          "size": -1,
          "tor": 0,
          "tor_exit_nodes": 0,
          "vpn": 0
        },
        "downloaders_size_delta": 3,
        "downloaders_size_a": 4,
        "downloaders_size_b": 7
      }
    },
    {
      "type": "Feature",
      "geometry": {
        "type": "Point",
        "coordinates": [
          -61.42374,
          15.4061
        ]
      },
      "properties": {
        "country_code": "DMA",
        "city": "Saint Joseph",
        "downloaders_delta": {
          "hosting": 0,
          "mobile": 0,
          "proxy": 0,
          "relay": 0,
          "satellite": 0,
          "service": 0,
          "size": 177,
          "tor": 0,
          "tor_exit_nodes": 0,
          "vpn": 0
        },
        "uploaders_delta": {
          "hosting": 0,
          "mobile": 0,
          "proxy": 0,
          "relay": 0,
          "satellite": 0,
          "service": 0,
          "size": -17,
          "tor": 0,
          "tor_exit_nodes": 0,
          "vpn": 0
        },
        "downloaders_size_delta": 177,
        "downloaders_size_a": 59,
        "downloaders_size_b": 236
      }
    },
    {
      "type": "Feature",
      "geometry": {
        "type": "Point",
        "coordinates": [
          12.38511,
          55.62199
        ]
      },
      "properties": {
        "country_code": "DNK",
        "city": "Vallensbæk",
        "downloaders_delta": {
          "hosting": 0,
          "mobile": 0,
          "proxy": 0,
          "relay": 0,
          "satellite": 0,
          "service": 0,
          "size": 6,
          "tor": 0,
          "tor_exit_nodes": 0,
          "vpn": 0
        },
        "uploaders_delta": {
          "hosting": 0,
          "mobile": 0,
          "proxy": 0,
          "relay": 0,
          "satellite": 0,
          "service": 0,
          "size": 0,
          "tor": 0,
          "tor_exit_nodes": 0,
          "vpn": 0
        },
        "downloaders_size_delta": 6,
        "downloaders_size_a": 4,
        "downloaders_size_b": 10
      }
    },
    {
      "type": "Feature",
      "geometry": {
        "type": "Point",
        "coordinates": [
          -70.63595,
          19.11683
        ]
      },
      "properties": {
        "country_code": "DOM",
        "city": "Jarabacoa",
        "downloaders_delta": {
          "hosting": 0,
          "mobile": 1,
          "proxy": 0,
          "relay": 0,
          "satellite": 0,
          "service": 0,
          "size": 53,
          "tor": 0,
          "tor_exit_nodes": 0,
          "vpn": 0
        },
        "uploaders_delta": {
          "hosting": 0,
          "mobile": 0,
          "proxy": 0,
          "relay": 0,
          "satellite": 0,
          "service": 0,
          "size": 1,
          "tor": 0,
          "tor_exit_nodes": 0,
          "vpn": 0
        },
        "downloaders_size_delta": 53,
        "downloaders_size_a": 6,
        "downloaders_size_b": 59
      }
    },
    {
      "type": "Feature",
      "geometry": {
        "type": "Point",
        "coordinates": [
          6.90984,
          33.27967
        ]
      },
      "properties": {
        "country_code": "DZA",
        "city": "Robbah",
        "downloaders_delta": {
          "hosting": 0,
          "mobile": 0,
          "proxy": 0,
          "relay": 0,
          "satellite": 0,
          "service": 0,
          "size": 9,
          "tor": 0,
          "tor_exit_nodes": 0,
          "vpn": 0
        },
        "uploaders_delta": {
          "hosting": 0,
          "mobile": 0,
          "proxy": 0,
          "relay": 0,
          "satellite": 0,
          "service": 0,
          "size": 1,
          "tor": 0,
          "tor_exit_nodes": 0,
          "vpn": 0
        },
        "downloaders_size_delta": 9,
        "downloaders_size_a": 3,
        "downloaders_size_b": 12
      }
    },
    {
      "type": "Feature",
      "geometry": {
        "type": "Point",
        "coordinates": [
          -79.96667,
          -1.93333
        ]
      },
      "properties": {
        "country_code": "ECU",
        "city": "El Triunfo",
        "downloaders_delta": {
          "hosting": 0,
          "mobile": 0,
          "proxy": 0,
          "relay": 0,
          "satellite": 0,
          "service": 0,
          "size": -2,
          "tor": 0,
          "tor_exit_nodes": 0,
          "vpn": 0
        },
        "uploaders_delta": {
          "hosting": 0,
          "mobile": 0,
          "proxy": 0,
          "relay": 0,
          "satellite": 0,
          "service": 0,
          "size": -2,
          "tor": 0,
          "tor_exit_nodes": 0,
          "vpn": 0
        },
        "downloaders_size_delta": -2,
        "downloaders_size_a": 8,
        "downloaders_size_b": 6
      }
    },
    {
      "type": "Feature",
      "geometry": {
        "type": "Point",
        "coordinates": [
          28.95502,
          30.83007
        ]
      },
      "properties": {
        "country_code": "EGY",
        "city": "Al ‘Alamayn",
        "downloaders_delta": {
          "hosting": 0,
          "mobile": 25,
          "proxy": 0,
          "relay": 0,
          "satellite": 0,
          "service": 0,
          "size": 26,
          "tor": 0,
          "tor_exit_nodes": 0,
          "vpn": 1
        },
        "uploaders_delta": {
          "hosting": 0,
          "mobile": 7,
          "proxy": 0,
          "relay": 0,
          "satellite": 0,
          "service": 0,
          "size": 6,
          "tor": 0,
          "tor_exit_nodes": 0,
          "vpn": 1
        },
        "downloaders_size_delta": 26,
        "downloaders_size_a": 4,
        "downloaders_size_b": 30
      }
    },
    {
      "type": "Feature",
      "geometry": {
        "type": "Point",
        "coordinates": [
          2.84396,
          39.68744
        ]
      },
      "properties": {
        "country_code": "ESP",
        "city": "Binissalem",
        "downloaders_delta": {
          "hosting": 0,
          "mobile": 0,
          "proxy": 0,
          "relay": 0,
          "satellite": 0,
          "service": 0,
          "size": 0,
          "tor": 0,
          "tor_exit_nodes": 0,
          "vpn": 0
        },
        "uploaders_delta": {
          "hosting": 0,
          "mobile": 0,
          "proxy": 0,
          "relay": 0,
          "satellite": 0,
          "service": 0,
          "size": 0,
          "tor": 0,
          "tor_exit_nodes": 0,
          "vpn": 0
        },
        "downloaders_size_delta": 0,
        "downloaders_size_a": 3,
        "downloaders_size_b": 3
      }
    },
    {
      "type": "Feature",
      "geometry": {
        "type": "Point",
        "coordinates": [
          24.92099,
          59.35974
        ]
      },
      "properties": {
        "country_code": "EST",
        "city": "Jüri",
        "downloaders_delta": {
          "hosting": 0,
          "mobile": 0,
          "proxy": 0,
          "relay": 0,
          "satellite": 0,
          "service": 0,
          "size": 60,
          "tor": 0,
          "tor_exit_nodes": 0,
          "vpn": 1
        },
        "uploaders_delta": {
          "hosting": 0,
          "mobile": 0,
          "proxy": 0,
          "relay": 0,
          "satellite": 0,
          "service": 0,
          "size": 1,
          "tor": 0,
          "tor_exit_nodes": 0,
          "vpn": 0
        },
        "downloaders_size_delta": 60,
        "downloaders_size_a": 7,
        "downloaders_size_b": 67
      }
    },
    {
      "type": "Feature",
      "geometry": {
        "type": "Point",
        "coordinates": [
          37.55,
          6.03333
        ]
      },
      "properties": {
        "country_code": "ETH",
        "city": "Arba Minch",
        "downloaders_delta": {
          "hosting": 0,
          "mobile": 0,
          "proxy": 0,
          "relay": 0,
          "satellite": 0,
          "service": 0,
          "size": 0,
          "tor": 0,
          "tor_exit_nodes": 0,
          "vpn": 0
        },
        "uploaders_delta": {
          "hosting": 0,
          "mobile": 0,
          "proxy": 0,
          "relay": 0,
          "satellite": 0,
          "service": 0,
          "size": 0,
          "tor": 0,
          "tor_exit_nodes": 0,
          "vpn": 0
        },
        "downloaders_size_delta": 0,
        "downloaders_size_a": 4,
        "downloaders_size_b": 4
      }
    },
    {
      "type": "Feature",
      "geometry": {
        "type": "Point",
        "coordinates": [
          24.9139,
          60.28417
        ]
      },
      "properties": {
        "country_code": "FIN",
        "city": "Ylästö",
        "downloaders_delta": {
          "hosting": 0,
          "mobile": 0,
          "proxy": 0,
          "relay": 0,
          "satellite": 0,
          "service": 0,
          "size": 3,
          "tor": 0,
          "tor_exit_nodes": 0,
          "vpn": 0
        },
        "uploaders_delta": {
          "hosting": 0,
          "mobile": 0,
          "proxy": 0,
          "relay": 0,
          "satellite": 0,
          "service": 0,
          "size": 0,
          "tor": 0,
          "tor_exit_nodes": 0,
          "vpn": 0
        },
        "downloaders_size_delta": 3,
        "downloaders_size_a": 4,
        "downloaders_size_b": 7
      }
    },
    {
      "type": "Feature",
      "geometry": {
        "type": "Point",
        "coordinates": [
          178.51313,
          -18.07051
        ]
      },
      "properties": {
        "country_code": "FJI",
        "city": "Nasinu",
        "downloaders_delta": {
          "hosting": 0,
          "mobile": -77,
          "proxy": 0,
          "relay": 0,
          "satellite": 0,
          "service": 0,
          "size": -121,
          "tor": 0,
          "tor_exit_nodes": 0,
          "vpn": 1
        },
        "uploaders_delta": {
          "hosting": 0,
          "mobile": -55,
          "proxy": 0,
          "relay": 0,
          "satellite": 0,
          "service": 0,
          "size": -93,
          "tor": 0,
          "tor_exit_nodes": 0,
          "vpn": 0
        },
        "downloaders_size_delta": -121,
        "downloaders_size_a": 165,
        "downloaders_size_b": 44
      }
    },
    {
      "type": "Feature",
      "geometry": {
        "type": "Point",
        "coordinates": [
          -57.85701,
          -51.69382
        ]
      },
      "properties": {
        "country_code": "FLK",
        "city": "Stanley",
        "downloaders_delta": {
          "hosting": 0,
          "mobile": 0,
          "proxy": 0,
          "relay": 0,
          "satellite": -167,
          "service": 0,
          "size": -167,
          "tor": 0,
          "tor_exit_nodes": 0,
          "vpn": 0
        },
        "uploaders_delta": {
          "hosting": 0,
          "mobile": 0,
          "proxy": 0,
          "relay": 0,
          "satellite": -91,
          "service": 0,
          "size": -91,
          "tor": 0,
          "tor_exit_nodes": 0,
          "vpn": 0
        },
        "downloaders_size_delta": -167,
        "downloaders_size_a": 173,
        "downloaders_size_b": 6
      }
    },
    {
      "type": "Feature",
      "geometry": {
        "type": "Point",
        "coordinates": [
          2.48775,
          48.62211
        ]
      },
      "properties": {
        "country_code": "FRA",
        "city": "Saint-Germain-lès-Corbeil",
        "downloaders_delta": {
          "hosting": 0,
          "mobile": 2,
          "proxy": 0,
          "relay": 0,
          "satellite": 0,
          "service": 0,
          "size": 2,
          "tor": 0,
          "tor_exit_nodes": 0,
          "vpn": 0
        },
        "uploaders_delta": {
          "hosting": 0,
          "mobile": 2,
          "proxy": 0,
          "relay": 0,
          "satellite": 0,
          "service": 0,
          "size": 1,
          "tor": 0,
          "tor_exit_nodes": 0,
          "vpn": 0
        },
        "downloaders_size_delta": 2,
        "downloaders_size_a": 3,
        "downloaders_size_b": 5
      }
    },
    {
      "type": "Feature",
      "geometry": {
        "type": "Point",
        "coordinates": [
          -6.77164,
          62.00973
        ]
      },
      "properties": {
        "country_code": "FRO",
        "city": "Tórshavn",
        "downloaders_delta": {
          "hosting": 0,
          "mobile": 0,
          "proxy": 0,
          "relay": 0,
          "satellite": 0,
          "service": 0,
          "size": 177,
          "tor": 0,
          "tor_exit_nodes": 0,
          "vpn": -1
        },
        "uploaders_delta": {
          "hosting": 0,
          "mobile": 0,
          "proxy": 0,
          "relay": 0,
          "satellite": 0,
          "service": 0,
          "size": -24,
          "tor": 0,
          "tor_exit_nodes": 0,
          "vpn": -1
        },
        "downloaders_size_delta": 177,
        "downloaders_size_a": 87,
        "downloaders_size_b": 264
      }
    },
    {
      "type": "Feature",
      "geometry": {
        "type": "Point",
        "coordinates": [
          8.78151,
          -0.71933
        ]
      },
      "properties": {
        "country_code": "GAB",
        "city": "Port-Gentil",
        "downloaders_delta": {
          "hosting": 0,
          "mobile": -36,
          "proxy": 0,
          "relay": 0,
          "satellite": 0,
          "service": 0,
          "size": -263,
          "tor": 0,
          "tor_exit_nodes": 0,
          "vpn": 0
        },
        "uploaders_delta": {
          "hosting": 0,
          "mobile": -14,
          "proxy": 0,
          "relay": 0,
          "satellite": 0,
          "service": 0,
          "size": -122,
          "tor": 0,
          "tor_exit_nodes": 0,
          "vpn": 0
        },
        "downloaders_size_delta": -263,
        "downloaders_size_a": 275,
        "downloaders_size_b": 12
      }
    },
    {
      "type": "Feature",
      "geometry": {
        "type": "Point",
        "coordinates": [
          -5.10416,
          50.16812
        ]
      },
      "properties": {
        "country_code": "GBR",
        "city": "Penryn",
        "downloaders_delta": {
          "hosting": 0,
          "mobile": 0,
          "proxy": 0,
          "relay": 0,
          "satellite": 0,
          "service": 0,
          "size": 1,
          "tor": 0,
          "tor_exit_nodes": 0,
          "vpn": 0
        },
        "uploaders_delta": {
          "hosting": 0,
          "mobile": 0,
          "proxy": 0,
          "relay": 0,
          "satellite": 0,
          "service": 0,
          "size": 0,
          "tor": 0,
          "tor_exit_nodes": 0,
          "vpn": 0
        },
        "downloaders_size_delta": 1,
        "downloaders_size_a": 3,
        "downloaders_size_b": 4
      }
    },
    {
      "type": "Feature",
      "geometry": {
        "type": "Point",
        "coordinates": [
          40.07944,
          43.38111
        ]
      },
      "properties": {
        "country_code": "GEO",
        "city": "Gantiadi",
        "downloaders_delta": {
          "hosting": 0,
          "mobile": 0,
          "proxy": 0,
          "relay": 0,
          "satellite": 0,
          "service": 0,
          "size": 256,
          "tor": 0,
          "tor_exit_nodes": 0,
          "vpn": 1
        },
        "uploaders_delta": {
          "hosting": 0,
          "mobile": 0,
          "proxy": 0,
          "relay": 0,
          "satellite": 0,
          "service": 0,
          "size": -1,
          "tor": 0,
          "tor_exit_nodes": 0,
          "vpn": 0
        },
        "downloaders_size_delta": 256,
        "downloaders_size_a": 5,
        "downloaders_size_b": 261
      }
    },
    {
      "type": "Feature",
      "geometry": {
        "type": "Point",
        "coordinates": [
          -2.6,
          49.45
        ]
      },
      "properties": {
        "country_code": "GGY",
        "city": "Castel",
        "downloaders_delta": {
          "hosting": 0,
          "mobile": 0,
          "proxy": 0,
          "relay": 0,
          "satellite": 0,
          "service": 0,
          "size": 227,
          "tor": 0,
          "tor_exit_nodes": 0,
          "vpn": 10
        },
        "uploaders_delta": {
          "hosting": 0,
          "mobile": 0,
          "proxy": 0,
          "relay": 0,
          "satellite": 0,
          "service": 0,
          "size": 9,
          "tor": 0,
          "tor_exit_nodes": 0,
          "vpn": 2
        },
        "downloaders_size_delta": 227,
        "downloaders_size_a": 11,
        "downloaders_size_b": 238
      }
    },
    {
      "type": "Feature",
      "geometry": {
        "type": "Point",
        "coordinates": [
          -0.41679,
          5.53449
        ]
      },
      "properties": {
        "country_code": "GHA",
        "city": "Kasoa",
        "downloaders_delta": {
          "hosting": 0,
          "mobile": 0,
          "proxy": 0,
          "relay": 0,
          "satellite": 0,
          "service": 0,
          "size": 14,
          "tor": 0,
          "tor_exit_nodes": 0,
          "vpn": 0
        },
        "uploaders_delta": {
          "hosting": 0,
          "mobile": 0,
          "proxy": 0,
          "relay": 0,
          "satellite": 0,
          "service": 0,
          "size": 5,
          "tor": 0,
          "tor_exit_nodes": 0,
          "vpn": 0
        },
        "downloaders_size_delta": 14,
        "downloaders_size_a": 6,
        "downloaders_size_b": 20
      }
    },
    {
      "type": "Feature",
      "geometry": {
        "type": "Point",
        "coordinates": [
          -5.34163,
          36.13961
        ]
      },
      "properties": {
        "country_code": "GIB",
        "city": "Catalan Bay",
        "downloaders_delta": {
          "hosting": 0,
          "mobile": 0,
          "proxy": 0,
          "relay": 0,
          "satellite": 0,
          "service": 0,
          "size": 17,
          "tor": 0,
          "tor_exit_nodes": 0,
          "vpn": 0
        },
        "uploaders_delta": {
          "hosting": 0,
          "mobile": 0,
          "proxy": 0,
          "relay": 0,
          "satellite": 0,
          "service": 0,
          "size": -5,
          "tor": 0,
          "tor_exit_nodes": 0,
          "vpn": 0
        },
        "downloaders_size_delta": 17,
        "downloaders_size_a": 38,
        "downloaders_size_b": 55
      }
    },
    {
      "type": "Feature",
      "geometry": {
        "type": "Point",
        "coordinates": [
          -13.67729,
          9.53795
        ]
      },
      "properties": {
        "country_code": "GIN",
        "city": "Conakry",
        "downloaders_delta": {
          "hosting": 0,
          "mobile": -59,
          "proxy": 0,
          "relay": 0,
          "satellite": 0,
          "service": 0,
          "size": -66,
          "tor": 0,
          "tor_exit_nodes": 0,
          "vpn": 2
        },
        "uploaders_delta": {
          "hosting": 0,
          "mobile": -58,
          "proxy": 0,
          "relay": 0,
          "satellite": 0,
          "service": 0,
          "size": -72,
          "tor": 0,
          "tor_exit_nodes": 0,
          "vpn": -1
        },
        "downloaders_size_delta": -66,
        "downloaders_size_a": 182,
        "downloaders_size_b": 116
      }
    },
    {
      "type": "Feature",
      "geometry": {
        "type": "Point",
        "coordinates": [
          -61.50507,
          16.273
        ]
      },
      "properties": {
        "country_code": "GLP",
        "city": "Les Abymes",
        "downloaders_delta": {
          "hosting": 2,
          "mobile": -3,
          "proxy": 0,
          "relay": 0,
          "satellite": 0,
          "service": 0,
          "size": 648,
          "tor": 0,
          "tor_exit_nodes": 0,
          "vpn": 0
        },
        "uploaders_delta": {
          "hosting": 2,
          "mobile": -1,
          "proxy": 0,
          "relay": 0,
          "satellite": 0,
          "service": 0,
          "size": 4,
          "tor": 0,
          "tor_exit_nodes": 0,
          "vpn": 0
        },
        "downloaders_size_delta": 648,
        "downloaders_size_a": 16,
        "downloaders_size_b": 664
      }
    },
    {
      "type": "Feature",
      "geometry": {
        "type": "Point",
        "coordinates": [
          -16.68694,
          13.44028
        ]
      },
      "properties": {
        "country_code": "GMB",
        "city": "Dippa Kunda",
        "downloaders_delta": {
          "hosting": 0,
          "mobile": 6,
          "proxy": 0,
          "relay": 0,
          "satellite": 0,
          "service": 0,
          "size": 15,
          "tor": 0,
          "tor_exit_nodes": 0,
          "vpn": 1
        },
        "uploaders_delta": {
          "hosting": 0,
          "mobile": 3,
          "proxy": 0,
          "relay": 0,
          "satellite": 0,
          "service": 0,
          "size": 0,
          "tor": 0,
          "tor_exit_nodes": 0,
          "vpn": 0
        },
        "downloaders_size_delta": 15,
        "downloaders_size_a": 9,
        "downloaders_size_b": 24
      }
    },
    {
      "type": "Feature",
      "geometry": {
        "type": "Point",
        "coordinates": [
          -15.59767,
          11.86357
        ]
      },
      "properties": {
        "country_code": "GNB",
        "city": "Bissau",
        "downloaders_delta": {
          "hosting": 0,
          "mobile": -173,
          "proxy": 0,
          "relay": 0,
          "satellite": 0,
          "service": 0,
          "size": -184,
          "tor": 0,
          "tor_exit_nodes": 0,
          "vpn": 2
        },
        "uploaders_delta": {
          "hosting": 0,
          "mobile": -78,
          "proxy": 0,
          "relay": 0,
          "satellite": 0,
          "service": 0,
          "size": -87,
          "tor": 0,
          "tor_exit_nodes": 0,
          "vpn": 0
        },
        "downloaders_size_delta": -184,
        "downloaders_size_a": 211,
        "downloaders_size_b": 27
      }
    },
    {
      "type": "Feature",
      "geometry": {
        "type": "Point",
        "coordinates": [
          9.76582,
          1.86391
        ]
      },
      "properties": {
        "country_code": "GNQ",
        "city": "Bata",
        "downloaders_delta": {
          "hosting": 0,
          "mobile": 0,
          "proxy": 0,
          "relay": 0,
          "satellite": 0,
          "service": 1,
          "size": 21,
          "tor": 0,
          "tor_exit_nodes": 0,
          "vpn": 1
        },
        "uploaders_delta": {
          "hosting": 0,
          "mobile": 0,
          "proxy": 0,
          "relay": 0,
          "satellite": 0,
          "service": 0,
          "size": -5,
          "tor": 0,
          "tor_exit_nodes": 0,
          "vpn": 0
        },
        "downloaders_size_delta": 21,
        "downloaders_size_a": 23,
        "downloaders_size_b": 44
      }
    },
    {
      "type": "Feature",
      "geometry": {
        "type": "Point",
        "coordinates": [
          24.03043,
          38.14352
        ]
      },
      "properties": {
        "country_code": "GRC",
        "city": "Schiniás",
        "downloaders_delta": {
          "hosting": 0,
          "mobile": 0,
          "proxy": 0,
          "relay": 0,
          "satellite": 0,
          "service": 0,
          "size": 7,
          "tor": 0,
          "tor_exit_nodes": 0,
          "vpn": 0
        },
        "uploaders_delta": {
          "hosting": 0,
          "mobile": 0,
          "proxy": 0,
          "relay": 0,
          "satellite": 0,
          "service": 0,
          "size": 0,
          "tor": 0,
          "tor_exit_nodes": 0,
          "vpn": 0
        },
        "downloaders_size_delta": 7,
        "downloaders_size_a": 3,
        "downloaders_size_b": 10
      }
    },
    {
      "type": "Feature",
      "geometry": {
        "type": "Point",
        "coordinates": [
          -61.45597,
          12.48292
        ]
      },
      "properties": {
        "country_code": "GRD",
        "city": "Hillsborough",
        "downloaders_delta": {
          "hosting": 0,
          "mobile": 0,
          "proxy": 0,
          "relay": 0,
          "satellite": 0,
          "service": 0,
          "size": -45,
          "tor": 0,
          "tor_exit_nodes": 0,
          "vpn": 0
        },
        "uploaders_delta": {
          "hosting": 0,
          "mobile": 0,
          "proxy": 0,
          "relay": 0,
          "satellite": 0,
          "service": 0,
          "size": -7,
          "tor": 0,
          "tor_exit_nodes": 0,
          "vpn": 0
        },
        "downloaders_size_delta": -45,
        "downloaders_size_a": 51,
        "downloaders_size_b": 6
      }
    },
    {
      "type": "Feature",
      "geometry": {
        "type": "Point",
        "coordinates": [
          -51.09861,
          69.21981
        ]
      },
      "properties": {
        "country_code": "GRL",
        "city": "Ilulissat",
        "downloaders_delta": {
          "hosting": 0,
          "mobile": 10,
          "proxy": 0,
          "relay": 0,
          "satellite": 0,
          "service": 0,
          "size": -24,
          "tor": 0,
          "tor_exit_nodes": 0,
          "vpn": 0
        },
        "uploaders_delta": {
          "hosting": 0,
          "mobile": 6,
          "proxy": 0,
          "relay": 0,
          "satellite": 0,
          "service": 0,
          "size": -17,
          "tor": 0,
          "tor_exit_nodes": 0,
          "vpn": 0
        },
        "downloaders_size_delta": -24,
        "downloaders_size_a": 36,
        "downloaders_size_b": 12
      }
    },
    {
      "type": "Feature",
      "geometry": {
        "type": "Point",
        "coordinates": [
          -88.8407,
          15.47225
        ]
      },
      "properties": {
        "country_code": "GTM",
        "city": "Morales",
        "downloaders_delta": {
          "hosting": 0,
          "mobile": 45,
          "proxy": 0,
          "relay": 0,
          "satellite": 0,
          "service": 0,
          "size": 34,
          "tor": 0,
          "tor_exit_nodes": 0,
          "vpn": -11
        },
        "uploaders_delta": {
          "hosting": 0,
          "mobile": 3,
          "proxy": 0,
          "relay": 0,
          "satellite": 0,
          "service": 0,
          "size": 0,
          "tor": 0,
          "tor_exit_nodes": 0,
          "vpn": -3
        },
        "downloaders_size_delta": 34,
        "downloaders_size_a": 11,
        "downloaders_size_b": 45
      }
    },
    {
      "type": "Feature",
      "geometry": {
        "type": "Point",
        "coordinates": [
          -52.33455,
          4.9381
        ]
      },
      "properties": {
        "country_code": "GUF",
        "city": "Cayenne",
        "downloaders_delta": {
          "hosting": -1,
          "mobile": -12,
          "proxy": 0,
          "relay": 0,
          "satellite": 0,
          "service": 0,
          "size": 293,
          "tor": 0,
          "tor_exit_nodes": 0,
          "vpn": 7
        },
        "uploaders_delta": {
          "hosting": -1,
          "mobile": -7,
          "proxy": 0,
          "relay": 0,
          "satellite": 0,
          "service": 0,
          "size": -24,
          "tor": 0,
          "tor_exit_nodes": 0,
          "vpn": 0
        },
        "downloaders_size_delta": 293,
        "downloaders_size_a": 127,
        "downloaders_size_b": 420
      }
    },
    {
      "type": "Feature",
      "geometry": {
        "type": "Point",
        "coordinates": [
          144.78138,
          13.48773
        ]
      },
      "properties": {
        "country_code": "GUM",
        "city": "Tamuning-Tumon-Harmon Village",
        "downloaders_delta": {
          "hosting": 0,
          "mobile": 40,
          "proxy": 0,
          "relay": 0,
          "satellite": 0,
          "service": 0,
          "size": 31,
          "tor": 0,
          "tor_exit_nodes": 0,
          "vpn": 0
        },
        "uploaders_delta": {
          "hosting": 0,
          "mobile": 13,
          "proxy": 0,
          "relay": 0,
          "satellite": 0,
          "service": 0,
          "size": 5,
          "tor": 0,
          "tor_exit_nodes": 0,
          "vpn": 0
        },
        "downloaders_size_delta": 31,
        "downloaders_size_a": 22,
        "downloaders_size_b": 53
      }
    },
    {
      "type": "Feature",
      "geometry": {
        "type": "Point",
        "coordinates": [
          -58.15527,
          6.80448
        ]
      },
      "properties": {
        "country_code": "GUY",
        "city": "Georgetown",
        "downloaders_delta": {
          "hosting": 0,
          "mobile": 663,
          "proxy": 0,
          "relay": 0,
          "satellite": 22,
          "service": 0,
          "size": 6047,
          "tor": 0,
          "tor_exit_nodes": 0,
          "vpn": 5
        },
        "uploaders_delta": {
          "hosting": 0,
          "mobile": -34,
          "proxy": 0,
          "relay": 0,
          "satellite": 7,
          "service": 0,
          "size": 634,
          "tor": 0,
          "tor_exit_nodes": 0,
          "vpn": -1
        },
        "downloaders_size_delta": 6047,
        "downloaders_size_a": 585,
        "downloaders_size_b": 6632
      }
    },
    {
      "type": "Feature",
      "geometry": {
        "type": "Point",
        "coordinates": [
          114.11667,
          22.51667
        ]
      },
      "properties": {
        "country_code": "HKG",
        "city": "Sheung Shui",
        "downloaders_delta": {
          "hosting": 192,
          "mobile": 0,
          "proxy": 0,
          "relay": 0,
          "satellite": 0,
          "service": 0,
          "size": 192,
          "tor": 0,
          "tor_exit_nodes": 0,
          "vpn": 0
        },
        "uploaders_delta": {
          "hosting": 1,
          "mobile": 0,
          "proxy": 0,
          "relay": 0,
          "satellite": 0,
          "service": 0,
          "size": 1,
          "tor": 0,
          "tor_exit_nodes": 0,
          "vpn": 0
        },
        "downloaders_size_delta": 192,
        "downloaders_size_a": 7,
        "downloaders_size_b": 199
      }
    },
    {
      "type": "Feature",
      "geometry": {
        "type": "Point",
        "coordinates": [
          -87.99383,
          15.31476
        ]
      },
      "properties": {
        "country_code": "HND",
        "city": "Villanueva",
        "downloaders_delta": {
          "hosting": 0,
          "mobile": 0,
          "proxy": 0,
          "relay": 0,
          "satellite": 0,
          "service": 0,
          "size": 309,
          "tor": 0,
          "tor_exit_nodes": 0,
          "vpn": 0
        },
        "uploaders_delta": {
          "hosting": 0,
          "mobile": 0,
          "proxy": 0,
          "relay": 0,
          "satellite": 0,
          "service": 0,
          "size": 16,
          "tor": 0,
          "tor_exit_nodes": 0,
          "vpn": 0
        },
        "downloaders_size_delta": 309,
        "downloaders_size_a": 9,
        "downloaders_size_b": 318
      }
    },
    {
      "type": "Feature",
      "geometry": {
        "type": "Point",
        "coordinates": [
          15.87306,
          45.97639
        ]
      },
      "properties": {
        "country_code": "HRV",
        "city": "Stubička Slatina",
        "downloaders_delta": {
          "hosting": 0,
          "mobile": 0,
          "proxy": 0,
          "relay": 0,
          "satellite": 0,
          "service": 0,
          "size": 2,
          "tor": 0,
          "tor_exit_nodes": 0,
          "vpn": 0
        },
        "uploaders_delta": {
          "hosting": 0,
          "mobile": 0,
          "proxy": 0,
          "relay": 0,
          "satellite": 0,
          "service": 0,
          "size": 0,
          "tor": 0,
          "tor_exit_nodes": 0,
          "vpn": 0
        },
        "downloaders_size_delta": 2,
        "downloaders_size_a": 3,
        "downloaders_size_b": 5
      }
    },
    {
      "type": "Feature",
      "geometry": {
        "type": "Point",
        "coordinates": [
          -72.28528,
          18.5125
        ]
      },
      "properties": {
        "country_code": "HTI",
        "city": "Pétionville",
        "downloaders_delta": {
          "hosting": 0,
          "mobile": -14,
          "proxy": 0,
          "relay": 0,
          "satellite": 0,
          "service": 0,
          "size": 12,
          "tor": 0,
          "tor_exit_nodes": 0,
          "vpn": 0
        },
        "uploaders_delta": {
          "hosting": 0,
          "mobile": -3,
          "proxy": 0,
          "relay": 0,
          "satellite": 0,
          "service": 0,
          "size": 3,
          "tor": 0,
          "tor_exit_nodes": 0,
          "vpn": 0
        },
        "downloaders_size_delta": 12,
        "downloaders_size_a": 17,
        "downloaders_size_b": 29
      }
    },
    {
      "type": "Feature",
      "geometry": {
        "type": "Point",
        "coordinates": [
          18.93212,
          47.59246
        ]
      },
      "properties": {
        "country_code": "HUN",
        "city": "Solymár",
        "downloaders_delta": {
          "hosting": 0,
          "mobile": 0,
          "proxy": 0,
          "relay": 0,
          "satellite": 0,
          "service": 0,
          "size": 45,
          "tor": 0,
          "tor_exit_nodes": 0,
          "vpn": 5
        },
        "uploaders_delta": {
          "hosting": 0,
          "mobile": 0,
          "proxy": 0,
          "relay": 0,
          "satellite": 0,
          "service": 0,
          "size": 0,
          "tor": 0,
          "tor_exit_nodes": 0,
          "vpn": 0
        },
        "downloaders_size_delta": 45,
        "downloaders_size_a": 3,
        "downloaders_size_b": 48
      }
    },
    {
      "type": "Feature",
      "geometry": {
        "type": "Point",
        "coordinates": [
          106.92667,
          -6.91806
        ]
      },
      "properties": {
        "country_code": "IDN",
        "city": "Sukabumi",
        "downloaders_delta": {
          "hosting": 1,
          "mobile": 10,
          "proxy": 0,
          "relay": 0,
          "satellite": 0,
          "service": 0,
          "size": 12,
          "tor": 0,
          "tor_exit_nodes": 0,
          "vpn": 1
        },
        "uploaders_delta": {
          "hosting": 0,
          "mobile": 7,
          "proxy": 0,
          "relay": 0,
          "satellite": 0,
          "service": 0,
          "size": 4,
          "tor": 0,
          "tor_exit_nodes": 0,
          "vpn": 0
        },
        "downloaders_size_delta": 12,
        "downloaders_size_a": 3,
        "downloaders_size_b": 15
      }
    },
    {
      "type": "Feature",
      "geometry": {
        "type": "Point",
        "coordinates": [
          -4.48333,
          54.15
        ]
      },
      "properties": {
        "country_code": "IMN",
        "city": "Douglas",
        "downloaders_delta": {
          "hosting": -1,
          "mobile": -2,
          "proxy": 0,
          "relay": 0,
          "satellite": 0,
          "service": 0,
          "size": 468,
          "tor": 0,
          "tor_exit_nodes": 0,
          "vpn": 7
        },
        "uploaders_delta": {
          "hosting": -1,
          "mobile": -1,
          "proxy": 0,
          "relay": 0,
          "satellite": 0,
          "service": 0,
          "size": -74,
          "tor": 0,
          "tor_exit_nodes": 0,
          "vpn": -2
        },
        "downloaders_size_delta": 468,
        "downloaders_size_a": 209,
        "downloaders_size_b": 677
      }
    },
    {
      "type": "Feature",
      "geometry": {
        "type": "Point",
        "coordinates": [
          76.07369,
          11.74014
        ]
      },
      "properties": {
        "country_code": "IND",
        "city": "Panamaram",
        "downloaders_delta": {
          "hosting": 0,
          "mobile": 0,
          "proxy": 0,
          "relay": 0,
          "satellite": 0,
          "service": 0,
          "size": 4,
          "tor": 0,
          "tor_exit_nodes": 0,
          "vpn": 0
        },
        "uploaders_delta": {
          "hosting": 0,
          "mobile": 0,
          "proxy": 0,
          "relay": 0,
          "satellite": 0,
          "service": 0,
          "size": 1,
          "tor": 0,
          "tor_exit_nodes": 0,
          "vpn": 0
        },
        "downloaders_size_delta": 4,
        "downloaders_size_a": 3,
        "downloaders_size_b": 7
      }
    },
    {
      "type": "Feature",
      "geometry": {
        "type": "Point",
        "coordinates": [
          -6.55778,
          52.50083
        ]
      },
      "properties": {
        "country_code": "IRL",
        "city": "Enniscorthy",
        "downloaders_delta": {
          "hosting": 0,
          "mobile": 5,
          "proxy": 0,
          "relay": 0,
          "satellite": 0,
          "service": 0,
          "size": 3,
          "tor": 0,
          "tor_exit_nodes": 0,
          "vpn": 0
        },
        "uploaders_delta": {
          "hosting": 0,
          "mobile": 1,
          "proxy": 0,
          "relay": 0,
          "satellite": 0,
          "service": 0,
          "size": -1,
          "tor": 0,
          "tor_exit_nodes": 0,
          "vpn": 0
        },
        "downloaders_size_delta": 3,
        "downloaders_size_a": 4,
        "downloaders_size_b": 7
      }
    },
    {
      "type": "Feature",
      "geometry": {
        "type": "Point",
        "coordinates": [
          51.81222,
          35.74687
        ]
      },
      "properties": {
        "country_code": "IRN",
        "city": "Pardīs",
        "downloaders_delta": {
          "hosting": 0,
          "mobile": 0,
          "proxy": 0,
          "relay": 0,
          "satellite": 0,
          "service": 0,
          "size": -3,
          "tor": 0,
          "tor_exit_nodes": 0,
          "vpn": 0
        },
        "uploaders_delta": {
          "hosting": 0,
          "mobile": 0,
          "proxy": 0,
          "relay": 0,
          "satellite": 0,
          "service": 0,
          "size": -2,
          "tor": 0,
          "tor_exit_nodes": 0,
          "vpn": 0
        },
        "downloaders_size_delta": -3,
        "downloaders_size_a": 8,
        "downloaders_size_b": 5
      }
    },
    {
      "type": "Feature",
      "geometry": {
        "type": "Point",
        "coordinates": [
          43.30778,
          33.42056
        ]
      },
      "properties": {
        "country_code": "IRQ",
        "city": "Ramadi",
        "downloaders_delta": {
          "hosting": 0,
          "mobile": 3,
          "proxy": 0,
          "relay": 0,
          "satellite": 0,
          "service": 0,
          "size": 247,
          "tor": 0,
          "tor_exit_nodes": 0,
          "vpn": -1
        },
        "uploaders_delta": {
          "hosting": 0,
          "mobile": 2,
          "proxy": 0,
          "relay": 0,
          "satellite": 0,
          "service": 0,
          "size": 0,
          "tor": 0,
          "tor_exit_nodes": 0,
          "vpn": 0
        },
        "downloaders_size_delta": 247,
        "downloaders_size_a": 12,
        "downloaders_size_b": 259
      }
    },
    {
      "type": "Feature",
      "geometry": {
        "type": "Point",
        "coordinates": [
          -21.93774,
          64.0671
        ]
      },
      "properties": {
        "country_code": "ISL",
        "city": "Hafnarfjörður",
        "downloaders_delta": {
          "hosting": 76,
          "mobile": 0,
          "proxy": 0,
          "relay": 0,
          "satellite": 0,
          "service": 76,
          "size": 75,
          "tor": 0,
          "tor_exit_nodes": 0,
          "vpn": 75
        },
        "uploaders_delta": {
          "hosting": 14,
          "mobile": 0,
          "proxy": 0,
          "relay": 0,
          "satellite": 0,
          "service": 14,
          "size": 13,
          "tor": 0,
          "tor_exit_nodes": 0,
          "vpn": 14
        },
        "downloaders_size_delta": 75,
        "downloaders_size_a": 29,
        "downloaders_size_b": 104
      }
    },
    {
      "type": "Feature",
      "geometry": {
        "type": "Point",
        "coordinates": [
          35.23684,
          32.85399
        ]
      },
      "properties": {
        "country_code": "ISR",
        "city": "Manof",
        "downloaders_delta": {
          "hosting": 0,
          "mobile": 0,
          "proxy": 0,
          "relay": 0,
          "satellite": 0,
          "service": 0,
          "size": 4,
          "tor": 0,
          "tor_exit_nodes": 0,
          "vpn": 0
        },
        "uploaders_delta": {
          "hosting": 0,
          "mobile": 0,
          "proxy": 0,
          "relay": 0,
          "satellite": 0,
          "service": 0,
          "size": 1,
          "tor": 0,
          "tor_exit_nodes": 0,
          "vpn": 0
        },
        "downloaders_size_delta": 4,
        "downloaders_size_a": 3,
        "downloaders_size_b": 7
      }
    },
    {
      "type": "Feature",
      "geometry": {
        "type": "Point",
        "coordinates": [
          11.40492,
          44.70079
        ]
      },
      "properties": {
        "country_code": "ITA",
        "city": "San Pietro in Casale",
        "downloaders_delta": {
          "hosting": 0,
          "mobile": -3,
          "proxy": 0,
          "relay": 0,
          "satellite": 0,
          "service": 0,
          "size": 2,
          "tor": 0,
          "tor_exit_nodes": 0,
          "vpn": 0
        },
        "uploaders_delta": {
          "hosting": 0,
          "mobile": -3,
          "proxy": 0,
          "relay": 0,
          "satellite": 0,
          "service": 0,
          "size": 0,
          "tor": 0,
          "tor_exit_nodes": 0,
          "vpn": 0
        },
        "downloaders_size_delta": 2,
        "downloaders_size_a": 3,
        "downloaders_size_b": 5
      }
    },
    {
      "type": "Feature",
      "geometry": {
        "type": "Point",
        "coordinates": [
          -76.86829,
          17.97822
        ]
      },
      "properties": {
        "country_code": "JAM",
        "city": "Passage Fort",
        "downloaders_delta": {
          "hosting": 0,
          "mobile": -1,
          "proxy": 0,
          "relay": 0,
          "satellite": 0,
          "service": 0,
          "size": 6,
          "tor": 0,
          "tor_exit_nodes": 0,
          "vpn": 0
        },
        "uploaders_delta": {
          "hosting": 0,
          "mobile": -1,
          "proxy": 0,
          "relay": 0,
          "satellite": 0,
          "service": 0,
          "size": 1,
          "tor": 0,
          "tor_exit_nodes": 0,
          "vpn": 0
        },
        "downloaders_size_delta": 6,
        "downloaders_size_a": 8,
        "downloaders_size_b": 14
      }
    },
    {
      "type": "Feature",
      "geometry": {
        "type": "Point",
        "coordinates": [
          -2.10491,
          49.18804
        ]
      },
      "properties": {
        "country_code": "JEY",
        "city": "Saint Helier",
        "downloaders_delta": {
          "hosting": 0,
          "mobile": 10,
          "proxy": 0,
          "relay": 0,
          "satellite": 0,
          "service": 0,
          "size": 650,
          "tor": 0,
          "tor_exit_nodes": 0,
          "vpn": 17
        },
        "uploaders_delta": {
          "hosting": 0,
          "mobile": -2,
          "proxy": 0,
          "relay": 0,
          "satellite": 0,
          "service": 0,
          "size": 30,
          "tor": 0,
          "tor_exit_nodes": 0,
          "vpn": 1
        },
        "downloaders_size_delta": 650,
        "downloaders_size_a": 12,
        "downloaders_size_b": 662
      }
    },
    {
      "type": "Feature",
      "geometry": {
        "type": "Point",
        "coordinates": [
          35.69638,
          31.97583
        ]
      },
      "properties": {
        "country_code": "JOR",
        "city": "Yarqā",
        "downloaders_delta": {
          "hosting": 0,
          "mobile": 0,
          "proxy": 0,
          "relay": 0,
          "satellite": 0,
          "service": 0,
          "size": 5,
          "tor": 0,
          "tor_exit_nodes": 0,
          "vpn": 0
        },
        "uploaders_delta": {
          "hosting": 0,
          "mobile": 0,
          "proxy": 0,
          "relay": 0,
          "satellite": 0,
          "service": 0,
          "size": 0,
          "tor": 0,
          "tor_exit_nodes": 0,
          "vpn": 0
        },
        "downloaders_size_delta": 5,
        "downloaders_size_a": 12,
        "downloaders_size_b": 17
      }
    },
    {
      "type": "Feature",
      "geometry": {
        "type": "Point",
        "coordinates": [
          135.34087,
          34.4045
        ]
      },
      "properties": {
        "country_code": "JPN",
        "city": "Ōkubo-naka",
        "downloaders_delta": {
          "hosting": 15,
          "mobile": 0,
          "proxy": 0,
          "relay": 0,
          "satellite": 0,
          "service": 1,
          "size": 13,
          "tor": 0,
          "tor_exit_nodes": 0,
          "vpn": 1
        },
        "uploaders_delta": {
          "hosting": 4,
          "mobile": 0,
          "proxy": 0,
          "relay": 0,
          "satellite": 0,
          "service": 0,
          "size": 1,
          "tor": 0,
          "tor_exit_nodes": 0,
          "vpn": 0
        },
        "downloaders_size_delta": 13,
        "downloaders_size_a": 3,
        "downloaders_size_b": 16
      }
    },
    {
      "type": "Feature",
      "geometry": {
        "type": "Point",
        "coordinates": [
          72.86523,
          49.63539
        ]
      },
      "properties": {
        "country_code": "KAZ",
        "city": "Abay",
        "downloaders_delta": {
          "hosting": 0,
          "mobile": 15,
          "proxy": 0,
          "relay": 0,
          "satellite": 0,
          "service": 0,
          "size": 12,
          "tor": 0,
          "tor_exit_nodes": 0,
          "vpn": 0
        },
        "uploaders_delta": {
          "hosting": 0,
          "mobile": 4,
          "proxy": 0,
          "relay": 0,
          "satellite": 0,
          "service": 0,
          "size": 1,
          "tor": 0,
          "tor_exit_nodes": 0,
          "vpn": 0
        },
        "downloaders_size_delta": 12,
        "downloaders_size_a": 3,
        "downloaders_size_b": 15
      }
    },
    {
      "type": "Feature",
      "geometry": {
        "type": "Point",
        "coordinates": [
          35.28314,
          -0.36774
        ]
      },
      "properties": {
        "country_code": "KEN",
        "city": "Kericho",
        "downloaders_delta": {
          "hosting": 0,
          "mobile": 4,
          "proxy": 0,
          "relay": 0,
          "satellite": 0,
          "service": 0,
          "size": 4,
          "tor": 0,
          "tor_exit_nodes": 0,
          "vpn": 0
        },
        "uploaders_delta": {
          "hosting": 0,
          "mobile": 0,
          "proxy": 0,
          "relay": 0,
          "satellite": 0,
          "service": 0,
          "size": 0,
          "tor": 0,
          "tor_exit_nodes": 0,
          "vpn": 0
        },
        "downloaders_size_delta": 4,
        "downloaders_size_a": 3,
        "downloaders_size_b": 7
      }
    },
    {
      "type": "Feature",
      "geometry": {
        "type": "Point",
        "coordinates": [
          76.99332,
          42.11769
        ]
      },
      "properties": {
        "country_code": "KGZ",
        "city": "Bokombayevskoye",
        "downloaders_delta": {
          "hosting": 0,
          "mobile": -6,
          "proxy": 0,
          "relay": 0,
          "satellite": 0,
          "service": 0,
          "size": 55,
          "tor": 0,
          "tor_exit_nodes": 0,
          "vpn": 3
        },
        "uploaders_delta": {
          "hosting": 0,
          "mobile": -3,
          "proxy": 0,
          "relay": 0,
          "satellite": 0,
          "service": 0,
          "size": 2,
          "tor": 0,
          "tor_exit_nodes": 0,
          "vpn": 0
        },
        "downloaders_size_delta": 55,
        "downloaders_size_a": 6,
        "downloaders_size_b": 61
      }
    },
    {
      "type": "Feature",
      "geometry": {
        "type": "Point",
        "coordinates": [
          102.56365,
          13.65805
        ]
      },
      "properties": {
        "country_code": "KHM",
        "city": "Paoy Paet",
        "downloaders_delta": {
          "hosting": 16,
          "mobile": 0,
          "proxy": 0,
          "relay": 0,
          "satellite": 0,
          "service": 1,
          "size": 24,
          "tor": 0,
          "tor_exit_nodes": 0,
          "vpn": 3
        },
        "uploaders_delta": {
          "hosting": 0,
          "mobile": 0,
          "proxy": 0,
          "relay": 0,
          "satellite": 0,
          "service": 0,
          "size": 0,
          "tor": 0,
          "tor_exit_nodes": 0,
          "vpn": 0
        },
        "downloaders_size_delta": 24,
        "downloaders_size_a": 3,
        "downloaders_size_b": 27
      }
    },
    {
      "type": "Feature",
      "geometry": {
        "type": "Point",
        "coordinates": [
          -62.72499,
          17.2955
        ]
      },
      "properties": {
        "country_code": "KNA",
        "city": "Basseterre",
        "downloaders_delta": {
          "hosting": 0,
          "mobile": 0,
          "proxy": 0,
          "relay": 0,
          "satellite": 0,
          "service": 0,
          "size": 148,
          "tor": 0,
          "tor_exit_nodes": 0,
          "vpn": 0
        },
        "uploaders_delta": {
          "hosting": 0,
          "mobile": 0,
          "proxy": 0,
          "relay": 0,
          "satellite": 0,
          "service": 0,
          "size": -11,
          "tor": 0,
          "tor_exit_nodes": 0,
          "vpn": 0
        },
        "downloaders_size_delta": 148,
        "downloaders_size_a": 43,
        "downloaders_size_b": 191
      }
    },
    {
      "type": "Feature",
      "geometry": {
        "type": "Point",
        "coordinates": [
          127.7774,
          35.9054
        ]
      },
      "properties": {
        "country_code": "KOR",
        "city": "Seolcheon",
        "downloaders_delta": {
          "hosting": 45,
          "mobile": 0,
          "proxy": 0,
          "relay": 0,
          "satellite": 0,
          "service": 0,
          "size": 61,
          "tor": 0,
          "tor_exit_nodes": 0,
          "vpn": 0
        },
        "uploaders_delta": {
          "hosting": 0,
          "mobile": 0,
          "proxy": 0,
          "relay": 0,
          "satellite": 0,
          "service": 0,
          "size": 0,
          "tor": 0,
          "tor_exit_nodes": 0,
          "vpn": 0
        },
        "downloaders_size_delta": 61,
        "downloaders_size_a": 7,
        "downloaders_size_b": 68
      }
    },
    {
      "type": "Feature",
      "geometry": {
        "type": "Point",
        "coordinates": [
          47.93056,
          28.63917
        ]
      },
      "properties": {
        "country_code": "KWT",
        "city": "Al Wafrah",
        "downloaders_delta": {
          "hosting": 0,
          "mobile": 26,
          "proxy": 0,
          "relay": 0,
          "satellite": 0,
          "service": 0,
          "size": 31,
          "tor": 0,
          "tor_exit_nodes": 0,
          "vpn": 0
        },
        "uploaders_delta": {
          "hosting": 0,
          "mobile": 3,
          "proxy": 0,
          "relay": 0,
          "satellite": 0,
          "service": 0,
          "size": 0,
          "tor": 0,
          "tor_exit_nodes": 0,
          "vpn": 0
        },
        "downloaders_size_delta": 31,
        "downloaders_size_a": 3,
        "downloaders_size_b": 34
      }
    },
    {
      "type": "Feature",
      "geometry": {
        "type": "Point",
        "coordinates": [
          102.1525,
          19.8933
        ]
      },
      "properties": {
        "country_code": "LAO",
        "city": "Luang Prabang",
        "downloaders_delta": {
          "hosting": 0,
          "mobile": 30,
          "proxy": 0,
          "relay": 0,
          "satellite": 0,
          "service": 0,
          "size": 25,
          "tor": 0,
          "tor_exit_nodes": 0,
          "vpn": 0
        },
        "uploaders_delta": {
          "hosting": 0,
          "mobile": 6,
          "proxy": 0,
          "relay": 0,
          "satellite": 0,
          "service": 0,
          "size": 5,
          "tor": 0,
          "tor_exit_nodes": 0,
          "vpn": 0
        },
        "downloaders_size_delta": 25,
        "downloaders_size_a": 26,
        "downloaders_size_b": 51
      }
    },
    {
      "type": "Feature",
      "geometry": {
        "type": "Point",
        "coordinates": [
          35.56639,
          33.89056
        ]
      },
      "properties": {
        "country_code": "LBN",
        "city": "Jdaidet el Matn",
        "downloaders_delta": {
          "hosting": 0,
          "mobile": 0,
          "proxy": 0,
          "relay": 0,
          "satellite": 0,
          "service": 0,
          "size": 9,
          "tor": 0,
          "tor_exit_nodes": 0,
          "vpn": 7
        },
        "uploaders_delta": {
          "hosting": 0,
          "mobile": 0,
          "proxy": 0,
          "relay": 0,
          "satellite": 0,
          "service": 0,
          "size": -6,
          "tor": 0,
          "tor_exit_nodes": 0,
          "vpn": 3
        },
        "downloaders_size_delta": 9,
        "downloaders_size_a": 15,
        "downloaders_size_b": 24
      }
    },
    {
      "type": "Feature",
      "geometry": {
        "type": "Point",
        "coordinates": [
          -10.7969,
          6.30054
        ]
      },
      "properties": {
        "country_code": "LBR",
        "city": "Monrovia",
        "downloaders_delta": {
          "hosting": 0,
          "mobile": -109,
          "proxy": 0,
          "relay": 0,
          "satellite": 8,
          "service": 0,
          "size": -137,
          "tor": 0,
          "tor_exit_nodes": 0,
          "vpn": -1
        },
        "uploaders_delta": {
          "hosting": 0,
          "mobile": -62,
          "proxy": 0,
          "relay": 0,
          "satellite": 1,
          "service": 0,
          "size": -79,
          "tor": 0,
          "tor_exit_nodes": 0,
          "vpn": 0
        },
        "downloaders_size_delta": -137,
        "downloaders_size_a": 174,
        "downloaders_size_b": 37
      }
    },
    {
      "type": "Feature",
      "geometry": {
        "type": "Point",
        "coordinates": [
          13.01727,
          32.81868
        ]
      },
      "properties": {
        "country_code": "LBY",
        "city": "Janzūr",
        "downloaders_delta": {
          "hosting": 0,
          "mobile": 0,
          "proxy": 0,
          "relay": 0,
          "satellite": 0,
          "service": 0,
          "size": 12,
          "tor": 0,
          "tor_exit_nodes": 0,
          "vpn": 2
        },
        "uploaders_delta": {
          "hosting": 0,
          "mobile": 0,
          "proxy": 0,
          "relay": 0,
          "satellite": 0,
          "service": 0,
          "size": 1,
          "tor": 0,
          "tor_exit_nodes": 0,
          "vpn": 0
        },
        "downloaders_size_delta": 12,
        "downloaders_size_a": 4,
        "downloaders_size_b": 16
      }
    },
    {
      "type": "Feature",
      "geometry": {
        "type": "Point",
        "coordinates": [
          -61.00614,
          13.9957
        ]
      },
      "properties": {
        "country_code": "LCA",
        "city": "Castries",
        "downloaders_delta": {
          "hosting": 0,
          "mobile": 0,
          "proxy": 0,
          "relay": 0,
          "satellite": 0,
          "service": -2,
          "size": 825,
          "tor": 0,
          "tor_exit_nodes": 0,
          "vpn": -3
        },
        "uploaders_delta": {
          "hosting": 0,
          "mobile": 0,
          "proxy": 0,
          "relay": 0,
          "satellite": 0,
          "service": -2,
          "size": -2,
          "tor": 0,
          "tor_exit_nodes": 0,
          "vpn": -3
        },
        "downloaders_size_delta": 825,
        "downloaders_size_a": 259,
        "downloaders_size_b": 1084
      }
    },
    {
      "type": "Feature",
      "geometry": {
        "type": "Point",
        "coordinates": [
          9.52154,
          47.14151
        ]
      },
      "properties": {
        "country_code": "LIE",
        "city": "Vaduz",
        "downloaders_delta": {
          "hosting": 28,
          "mobile": 0,
          "proxy": 0,
          "relay": 0,
          "satellite": 0,
          "service": -138,
          "size": 23,
          "tor": 0,
          "tor_exit_nodes": 0,
          "vpn": -135
        },
        "uploaders_delta": {
          "hosting": -12,
          "mobile": 0,
          "proxy": 0,
          "relay": 0,
          "satellite": 0,
          "service": -40,
          "size": -13,
          "tor": 0,
          "tor_exit_nodes": 0,
          "vpn": -40
        },
        "downloaders_size_delta": 23,
        "downloaders_size_a": 172,
        "downloaders_size_b": 195
      }
    },
    {
      "type": "Feature",
      "geometry": {
        "type": "Point",
        "coordinates": [
          80.53528,
          5.94851
        ]
      },
      "properties": {
        "country_code": "LKA",
        "city": "Matara",
        "downloaders_delta": {
          "hosting": 0,
          "mobile": 3,
          "proxy": 0,
          "relay": 0,
          "satellite": 0,
          "service": 0,
          "size": 3,
          "tor": 0,
          "tor_exit_nodes": 0,
          "vpn": 0
        },
        "uploaders_delta": {
          "hosting": 0,
          "mobile": 1,
          "proxy": 0,
          "relay": 0,
          "satellite": 0,
          "service": 0,
          "size": 1,
          "tor": 0,
          "tor_exit_nodes": 0,
          "vpn": 0
        },
        "downloaders_size_delta": 3,
        "downloaders_size_a": 6,
        "downloaders_size_b": 9
      }
    },
    {
      "type": "Feature",
      "geometry": {
        "type": "Point",
        "coordinates": [
          27.48333,
          -29.31667
        ]
      },
      "properties": {
        "country_code": "LSO",
        "city": "Maseru",
        "downloaders_delta": {
          "hosting": 9,
          "mobile": 30,
          "proxy": 0,
          "relay": 0,
          "satellite": 1,
          "service": 0,
          "size": -24,
          "tor": 0,
          "tor_exit_nodes": 0,
          "vpn": 0
        },
        "uploaders_delta": {
          "hosting": 0,
          "mobile": 21,
          "proxy": 0,
          "relay": 0,
          "satellite": 0,
          "service": 0,
          "size": -36,
          "tor": 0,
          "tor_exit_nodes": 0,
          "vpn": 0
        },
        "downloaders_size_delta": -24,
        "downloaders_size_a": 162,
        "downloaders_size_b": 138
      }
    },
    {
      "type": "Feature",
      "geometry": {
        "type": "Point",
        "coordinates": [
          25.05162,
          54.64364
        ]
      },
      "properties": {
        "country_code": "LTU",
        "city": "Lentvaris",
        "downloaders_delta": {
          "hosting": 18,
          "mobile": 0,
          "proxy": 0,
          "relay": 0,
          "satellite": 0,
          "service": 0,
          "size": 68,
          "tor": 0,
          "tor_exit_nodes": 0,
          "vpn": 0
        },
        "uploaders_delta": {
          "hosting": 5,
          "mobile": 0,
          "proxy": 0,
          "relay": 0,
          "satellite": 0,
          "service": 0,
          "size": 2,
          "tor": 0,
          "tor_exit_nodes": 0,
          "vpn": 0
        },
        "downloaders_size_delta": 68,
        "downloaders_size_a": 6,
        "downloaders_size_b": 74
      }
    },
    {
      "type": "Feature",
      "geometry": {
        "type": "Point",
        "coordinates": [
          6.01278,
          49.50639
        ]
      },
      "properties": {
        "country_code": "LUX",
        "city": "Schifflange",
        "downloaders_delta": {
          "hosting": 0,
          "mobile": 0,
          "proxy": 0,
          "relay": 0,
          "satellite": 0,
          "service": 0,
          "size": 9,
          "tor": 0,
          "tor_exit_nodes": 0,
          "vpn": 0
        },
        "uploaders_delta": {
          "hosting": 0,
          "mobile": 0,
          "proxy": 0,
          "relay": 0,
          "satellite": 0,
          "service": 0,
          "size": 2,
          "tor": 0,
          "tor_exit_nodes": 0,
          "vpn": 0
        },
        "downloaders_size_delta": 9,
        "downloaders_size_a": 3,
        "downloaders_size_b": 12
      }
    },
    {
      "type": "Feature",
      "geometry": {
        "type": "Point",
        "coordinates": [
          21.01085,
          56.50474
        ]
      },
      "properties": {
        "country_code": "LVA",
        "city": "Liepāja",
        "downloaders_delta": {
          "hosting": 0,
          "mobile": 0,
          "proxy": 0,
          "relay": 0,
          "satellite": 0,
          "service": 0,
          "size": 406,
          "tor": 0,
          "tor_exit_nodes": 0,
          "vpn": 1
        },
        "uploaders_delta": {
          "hosting": 0,
          "mobile": 0,
          "proxy": 0,
          "relay": 0,
          "satellite": 0,
          "service": 0,
          "size": 17,
          "tor": 0,
          "tor_exit_nodes": 0,
          "vpn": 0
        },
        "downloaders_size_delta": 406,
        "downloaders_size_a": 12,
        "downloaders_size_b": 418
      }
    },
    {
      "type": "Feature",
      "geometry": {
        "type": "Point",
        "coordinates": [
          113.54611,
          22.20056
        ]
      },
      "properties": {
        "country_code": "MAC",
        "city": "Macau",
        "downloaders_delta": {
          "hosting": 154,
          "mobile": 6,
          "proxy": 0,
          "relay": 0,
          "satellite": 0,
          "service": 42,
          "size": 4009,
          "tor": 0,
          "tor_exit_nodes": 0,
          "vpn": 403
        },
        "uploaders_delta": {
          "hosting": -1,
          "mobile": -1,
          "proxy": 0,
          "relay": 0,
          "satellite": 0,
          "service": 3,
          "size": -100,
          "tor": 0,
          "tor_exit_nodes": 0,
          "vpn": -4
        },
        "downloaders_size_delta": 4009,
        "downloaders_size_a": 623,
        "downloaders_size_b": 4632
      }
    },
    {
      "type": "Feature",
      "geometry": {
        "type": "Point",
        "coordinates": [
          -6.5802,
          34.26101
        ]
      },
      "properties": {
        "country_code": "MAR",
        "city": "Kenitra",
        "downloaders_delta": {
          "hosting": 0,
          "mobile": 10,
          "proxy": 0,
          "relay": 0,
          "satellite": 0,
          "service": 0,
          "size": 69,
          "tor": 0,
          "tor_exit_nodes": 0,
          "vpn": 0
        },
        "uploaders_delta": {
          "hosting": 0,
          "mobile": 0,
          "proxy": 0,
          "relay": 0,
          "satellite": 0,
          "service": 0,
          "size": -3,
          "tor": 0,
          "tor_exit_nodes": 0,
          "vpn": 0
        },
        "downloaders_size_delta": 69,
        "downloaders_size_a": 22,
        "downloaders_size_b": 91
      }
    },
    {
      "type": "Feature",
      "geometry": {
        "type": "Point",
        "coordinates": [
          7.42145,
          43.73718
        ]
      },
      "properties": {
        "country_code": "MCO",
        "city": "Monaco",
        "downloaders_delta": {
          "hosting": 30,
          "mobile": 0,
          "proxy": 0,
          "relay": 0,
          "satellite": 0,
          "service": 30,
          "size": 49,
          "tor": 0,
          "tor_exit_nodes": 0,
          "vpn": 31
        },
        "uploaders_delta": {
          "hosting": 1,
          "mobile": 0,
          "proxy": 0,
          "relay": 0,
          "satellite": 0,
          "service": 1,
          "size": -26,
          "tor": 0,
          "tor_exit_nodes": 0,
          "vpn": 1
        },
        "downloaders_size_delta": 49,
        "downloaders_size_a": 78,
        "downloaders_size_b": 127
      }
    },
    {
      "type": "Feature",
      "geometry": {
        "type": "Point",
        "coordinates": [
          28.37679,
          47.85482
        ]
      },
      "properties": {
        "country_code": "MDA",
        "city": "Ghindești",
        "downloaders_delta": {
          "hosting": 0,
          "mobile": 0,
          "proxy": 0,
          "relay": 0,
          "satellite": 0,
          "service": 0,
          "size": 74,
          "tor": 0,
          "tor_exit_nodes": 0,
          "vpn": 0
        },
        "uploaders_delta": {
          "hosting": 0,
          "mobile": 0,
          "proxy": 0,
          "relay": 0,
          "satellite": 0,
          "service": 0,
          "size": -1,
          "tor": 0,
          "tor_exit_nodes": 0,
          "vpn": 0
        },
        "downloaders_size_delta": 74,
        "downloaders_size_a": 6,
        "downloaders_size_b": 80
      }
    },
    {
      "type": "Feature",
      "geometry": {
        "type": "Point",
        "coordinates": [
          47.53613,
          -18.91368
        ]
      },
      "properties": {
        "country_code": "MDG",
        "city": "Antananarivo",
        "downloaders_delta": {
          "hosting": 1,
          "mobile": 40,
          "proxy": 0,
          "relay": 0,
          "satellite": 83,
          "service": 0,
          "size": 322,
          "tor": 0,
          "tor_exit_nodes": 0,
          "vpn": 3
        },
        "uploaders_delta": {
          "hosting": 0,
          "mobile": 4,
          "proxy": 0,
          "relay": 0,
          "satellite": 5,
          "service": 0,
          "size": 23,
          "tor": 0,
          "tor_exit_nodes": 0,
          "vpn": 0
        },
        "downloaders_size_delta": 322,
        "downloaders_size_a": 19,
        "downloaders_size_b": 341
      }
    },
    {
      "type": "Feature",
      "geometry": {
        "type": "Point",
        "coordinates": [
          73.54008,
          4.21169
        ]
      },
      "properties": {
        "country_code": "MDV",
        "city": "Hulhumale",
        "downloaders_delta": {
          "hosting": -3,
          "mobile": -134,
          "proxy": 0,
          "relay": 0,
          "satellite": 0,
          "service": -3,
          "size": -445,
          "tor": 0,
          "tor_exit_nodes": 0,
          "vpn": -3
        },
        "uploaders_delta": {
          "hosting": 0,
          "mobile": -44,
          "proxy": 0,
          "relay": 0,
          "satellite": 0,
          "service": 0,
          "size": -176,
          "tor": 0,
          "tor_exit_nodes": 0,
          "vpn": 0
        },
        "downloaders_size_delta": -445,
        "downloaders_size_a": 451,
        "downloaders_size_b": 6
      }
    },
    {
      "type": "Feature",
      "geometry": {
        "type": "Point",
        "coordinates": [
          -86.95806,
          20.75917
        ]
      },
      "properties": {
        "country_code": "MEX",
        "city": "Iberostar",
        "downloaders_delta": {
          "hosting": -3,
          "mobile": 0,
          "proxy": 0,
          "relay": 0,
          "satellite": 0,
          "service": 0,
          "size": 11,
          "tor": 0,
          "tor_exit_nodes": 0,
          "vpn": 0
        },
        "uploaders_delta": {
          "hosting": -3,
          "mobile": 0,
          "proxy": 0,
          "relay": 0,
          "satellite": 0,
          "service": 0,
          "size": 0,
          "tor": 0,
          "tor_exit_nodes": 0,
          "vpn": 0
        },
        "downloaders_size_delta": 11,
        "downloaders_size_a": 3,
        "downloaders_size_b": 14
      }
    },
    {
      "type": "Feature",
      "geometry": {
        "type": "Point",
        "coordinates": [
          20.83028,
          41.30278
        ]
      },
      "properties": {
        "country_code": "MKD",
        "city": "Belčišta",
        "downloaders_delta": {
          "hosting": 0,
          "mobile": 0,
          "proxy": 0,
          "relay": 0,
          "satellite": 0,
          "service": 0,
          "size": 2,
          "tor": 0,
          "tor_exit_nodes": 0,
          "vpn": 0
        },
        "uploaders_delta": {
          "hosting": 0,
          "mobile": 0,
          "proxy": 0,
          "relay": 0,
          "satellite": 0,
          "service": 0,
          "size": -1,
          "tor": 0,
          "tor_exit_nodes": 0,
          "vpn": 0
        },
        "downloaders_size_delta": 2,
        "downloaders_size_a": 4,
        "downloaders_size_b": 6
      }
    },
    {
      "type": "Feature",
      "geometry": {
        "type": "Point",
        "coordinates": [
          -3.00742,
          16.77348
        ]
      },
      "properties": {
        "country_code": "MLI",
        "city": "Timbuktu",
        "downloaders_delta": {
          "hosting": 0,
          "mobile": 102,
          "proxy": 0,
          "relay": 0,
          "satellite": 0,
          "service": 0,
          "size": 82,
          "tor": 0,
          "tor_exit_nodes": 0,
          "vpn": 0
        },
        "uploaders_delta": {
          "hosting": 0,
          "mobile": -2,
          "proxy": 0,
          "relay": 0,
          "satellite": 0,
          "service": 0,
          "size": -13,
          "tor": 0,
          "tor_exit_nodes": 0,
          "vpn": 0
        },
        "downloaders_size_delta": 82,
        "downloaders_size_a": 46,
        "downloaders_size_b": 128
      }
    },
    {
      "type": "Feature",
      "geometry": {
        "type": "Point",
        "coordinates": [
          14.47611,
          35.90556
        ]
      },
      "properties": {
        "country_code": "MLT",
        "city": "San Ġwann",
        "downloaders_delta": {
          "hosting": 0,
          "mobile": 11,
          "proxy": 0,
          "relay": 0,
          "satellite": 0,
          "service": 0,
          "size": -3,
          "tor": 0,
          "tor_exit_nodes": 0,
          "vpn": 0
        },
        "uploaders_delta": {
          "hosting": 0,
          "mobile": 3,
          "proxy": 0,
          "relay": 0,
          "satellite": 0,
          "service": 0,
          "size": -1,
          "tor": 0,
          "tor_exit_nodes": 0,
          "vpn": 0
        },
        "downloaders_size_delta": -3,
        "downloaders_size_a": 14,
        "downloaders_size_b": 11
      }
    },
    {
      "type": "Feature",
      "geometry": {
        "type": "Point",
        "coordinates": [
          95.13583,
          22.10856
        ]
      },
      "properties": {
        "country_code": "MMR",
        "city": "Monywa",
        "downloaders_delta": {
          "hosting": 0,
          "mobile": -3,
          "proxy": 0,
          "relay": 0,
          "satellite": 0,
          "service": 0,
          "size": 9,
          "tor": 0,
          "tor_exit_nodes": 0,
          "vpn": 0
        },
        "uploaders_delta": {
          "hosting": 0,
          "mobile": -3,
          "proxy": 0,
          "relay": 0,
          "satellite": 0,
          "service": 0,
          "size": 2,
          "tor": 0,
          "tor_exit_nodes": 0,
          "vpn": 0
        },
        "downloaders_size_delta": 9,
        "downloaders_size_a": 3,
        "downloaders_size_b": 12
      }
    },
    {
      "type": "Feature",
      "geometry": {
        "type": "Point",
        "coordinates": [
          18.86917,
          42.28389
        ]
      },
      "properties": {
        "country_code": "MNE",
        "city": "Bečići",
        "downloaders_delta": {
          "hosting": 0,
          "mobile": 2,
          "proxy": 0,
          "relay": 0,
          "satellite": 0,
          "service": 0,
          "size": 9,
          "tor": 0,
          "tor_exit_nodes": 0,
          "vpn": 0
        },
        "uploaders_delta": {
          "hosting": 0,
          "mobile": -3,
          "proxy": 0,
          "relay": 0,
          "satellite": 0,
          "service": 0,
          "size": -1,
          "tor": 0,
          "tor_exit_nodes": 0,
          "vpn": 0
        },
        "downloaders_size_delta": 9,
        "downloaders_size_a": 5,
        "downloaders_size_b": 14
      }
    },
    {
      "type": "Feature",
      "geometry": {
        "type": "Point",
        "coordinates": [
          106.88324,
          47.90771
        ]
      },
      "properties": {
        "country_code": "MNG",
        "city": "Ulan Bator",
        "downloaders_delta": {
          "hosting": -28,
          "mobile": 681,
          "proxy": 0,
          "relay": 0,
          "satellite": 0,
          "service": -2,
          "size": 4439,
          "tor": 0,
          "tor_exit_nodes": 0,
          "vpn": 11
        },
        "uploaders_delta": {
          "hosting": -151,
          "mobile": 13,
          "proxy": 0,
          "relay": 0,
          "satellite": 0,
          "service": 0,
          "size": -287,
          "tor": 0,
          "tor_exit_nodes": 0,
          "vpn": 2
        },
        "downloaders_size_delta": 4439,
        "downloaders_size_a": 1309,
        "downloaders_size_b": 5748
      }
    },
    {
      "type": "Feature",
      "geometry": {
        "type": "Point",
        "coordinates": [
          33.48333,
          -19.11639
        ]
      },
      "properties": {
        "country_code": "MOZ",
        "city": "Chimoio",
        "downloaders_delta": {
          "hosting": 0,
          "mobile": 0,
          "proxy": 0,
          "relay": 0,
          "satellite": 0,
          "service": 0,
          "size": 10,
          "tor": 0,
          "tor_exit_nodes": 0,
          "vpn": 0
        },
        "uploaders_delta": {
          "hosting": 0,
          "mobile": 0,
          "proxy": 0,
          "relay": 0,
          "satellite": 0,
          "service": 0,
          "size": -2,
          "tor": 0,
          "tor_exit_nodes": 0,
          "vpn": 0
        },
        "downloaders_size_delta": 10,
        "downloaders_size_a": 6,
        "downloaders_size_b": 16
      }
    },
    {
      "type": "Feature",
      "geometry": {
        "type": "Point",
        "coordinates": [
          -15.9785,
          18.08581
        ]
      },
      "properties": {
        "country_code": "MRT",
        "city": "Nouakchott",
        "downloaders_delta": {
          "hosting": 0,
          "mobile": -97,
          "proxy": 0,
          "relay": 0,
          "satellite": 0,
          "service": 0,
          "size": -217,
          "tor": 0,
          "tor_exit_nodes": 0,
          "vpn": 3
        },
        "uploaders_delta": {
          "hosting": 0,
          "mobile": -36,
          "proxy": 0,
          "relay": 0,
          "satellite": 0,
          "service": 0,
          "size": -66,
          "tor": 0,
          "tor_exit_nodes": 0,
          "vpn": 0
        },
        "downloaders_size_delta": -217,
        "downloaders_size_a": 372,
        "downloaders_size_b": 155
      }
    },
    {
      "type": "Feature",
      "geometry": {
        "type": "Point",
        "coordinates": [
          -61.07418,
          14.60365
        ]
      },
      "properties": {
        "country_code": "MTQ",
        "city": "Fort-de-France",
        "downloaders_delta": {
          "hosting": 8,
          "mobile": 1,
          "proxy": 0,
          "relay": 0,
          "satellite": 12,
          "service": 0,
          "size": 517,
          "tor": 0,
          "tor_exit_nodes": 0,
          "vpn": 0
        },
        "uploaders_delta": {
          "hosting": 0,
          "mobile": 1,
          "proxy": 0,
          "relay": 0,
          "satellite": 2,
          "service": 0,
          "size": 0,
          "tor": 0,
          "tor_exit_nodes": 0,
          "vpn": 0
        },
        "downloaders_size_delta": 517,
        "downloaders_size_a": 33,
        "downloaders_size_b": 550
      }
    },
    {
      "type": "Feature",
      "geometry": {
        "type": "Point",
        "coordinates": [
          57.61361,
          -20.40861
        ]
      },
      "properties": {
        "country_code": "MUS",
        "city": "New Grove",
        "downloaders_delta": {
          "hosting": 0,
          "mobile": 0,
          "proxy": 0,
          "relay": 0,
          "satellite": 0,
          "service": 0,
          "size": 7,
          "tor": 0,
          "tor_exit_nodes": 0,
          "vpn": 0
        },
        "uploaders_delta": {
          "hosting": 0,
          "mobile": 0,
          "proxy": 0,
          "relay": 0,
          "satellite": 0,
          "service": 0,
          "size": -3,
          "tor": 0,
          "tor_exit_nodes": 0,
          "vpn": 0
        },
        "downloaders_size_delta": 7,
        "downloaders_size_a": 9,
        "downloaders_size_b": 16
      }
    },
    {
      "type": "Feature",
      "geometry": {
        "type": "Point",
        "coordinates": [
          33.78725,
          -13.96692
        ]
      },
      "properties": {
        "country_code": "MWI",
        "city": "Lilongwe",
        "downloaders_delta": {
          "hosting": 0,
          "mobile": -85,
          "proxy": 0,
          "relay": 0,
          "satellite": -15,
          "service": 0,
          "size": -128,
          "tor": 0,
          "tor_exit_nodes": 0,
          "vpn": -5
        },
        "uploaders_delta": {
          "hosting": 0,
          "mobile": -72,
          "proxy": 0,
          "relay": 0,
          "satellite": -11,
          "service": 0,
          "size": -116,
          "tor": 0,
          "tor_exit_nodes": 0,
          "vpn": -7
        },
        "downloaders_size_delta": -128,
        "downloaders_size_a": 508,
        "downloaders_size_b": 380
      }
    },
    {
      "type": "Feature",
      "geometry": {
        "type": "Point",
        "coordinates": [
          102.4176,
          3.4506
        ]
      },
      "properties": {
        "country_code": "MYS",
        "city": "Temerluh",
        "downloaders_delta": {
          "hosting": 0,
          "mobile": 0,
          "proxy": 0,
          "relay": 0,
          "satellite": 0,
          "service": 0,
          "size": 12,
          "tor": 0,
          "tor_exit_nodes": 0,
          "vpn": 0
        },
        "uploaders_delta": {
          "hosting": 0,
          "mobile": 0,
          "proxy": 0,
          "relay": 0,
          "satellite": 0,
          "service": 0,
          "size": 0,
          "tor": 0,
          "tor_exit_nodes": 0,
          "vpn": 0
        },
        "downloaders_size_delta": 12,
        "downloaders_size_a": 3,
        "downloaders_size_b": 15
      }
    },
    {
      "type": "Feature",
      "geometry": {
        "type": "Point",
        "coordinates": [
          18.13359,
          -26.57654
        ]
      },
      "properties": {
        "country_code": "NAM",
        "city": "Keetmanshoop",
        "downloaders_delta": {
          "hosting": 0,
          "mobile": 0,
          "proxy": 0,
          "relay": 0,
          "satellite": 0,
          "service": 0,
          "size": 4,
          "tor": 0,
          "tor_exit_nodes": 0,
          "vpn": 0
        },
        "uploaders_delta": {
          "hosting": 0,
          "mobile": 0,
          "proxy": 0,
          "relay": 0,
          "satellite": 0,
          "service": 0,
          "size": -1,
          "tor": 0,
          "tor_exit_nodes": 0,
          "vpn": 0
        },
        "downloaders_size_delta": 4,
        "downloaders_size_a": 6,
        "downloaders_size_b": 10
      }
    },
    {
      "type": "Feature",
      "geometry": {
        "type": "Point",
        "coordinates": [
          166.44884,
          -22.27407
        ]
      },
      "properties": {
        "country_code": "NCL",
        "city": "Nouméa",
        "downloaders_delta": {
          "hosting": 1,
          "mobile": 4,
          "proxy": 0,
          "relay": 0,
          "satellite": 0,
          "service": 0,
          "size": 455,
          "tor": 0,
          "tor_exit_nodes": 0,
          "vpn": 16
        },
        "uploaders_delta": {
          "hosting": 0,
          "mobile": -3,
          "proxy": 0,
          "relay": 0,
          "satellite": 0,
          "service": 0,
          "size": -155,
          "tor": 0,
          "tor_exit_nodes": 0,
          "vpn": -1
        },
        "downloaders_size_delta": 455,
        "downloaders_size_a": 330,
        "downloaders_size_b": 785
      }
    },
    {
      "type": "Feature",
      "geometry": {
        "type": "Point",
        "coordinates": [
          2.1098,
          13.51366
        ]
      },
      "properties": {
        "country_code": "NER",
        "city": "Niamey",
        "downloaders_delta": {
          "hosting": 0,
          "mobile": 122,
          "proxy": 0,
          "relay": 0,
          "satellite": 53,
          "service": 0,
          "size": 247,
          "tor": 0,
          "tor_exit_nodes": 0,
          "vpn": 0
        },
        "uploaders_delta": {
          "hosting": 0,
          "mobile": 0,
          "proxy": 0,
          "relay": 0,
          "satellite": 3,
          "service": 0,
          "size": 0,
          "tor": 0,
          "tor_exit_nodes": 0,
          "vpn": 0
        },
        "downloaders_size_delta": 247,
        "downloaders_size_a": 8,
        "downloaders_size_b": 255
      }
    },
    {
      "type": "Feature",
      "geometry": {
        "type": "Point",
        "coordinates": [
          5.10029,
          8.13385
        ]
      },
      "properties": {
        "country_code": "NGA",
        "city": "Omu-Aran",
        "downloaders_delta": {
          "hosting": 0,
          "mobile": 0,
          "proxy": 0,
          "relay": 0,
          "satellite": 0,
          "service": 0,
          "size": 0,
          "tor": 0,
          "tor_exit_nodes": 0,
          "vpn": 0
        },
        "uploaders_delta": {
          "hosting": 0,
          "mobile": 0,
          "proxy": 0,
          "relay": 0,
          "satellite": 0,
          "service": 0,
          "size": 1,
          "tor": 0,
          "tor_exit_nodes": 0,
          "vpn": 0
        },
        "downloaders_size_delta": 0,
        "downloaders_size_a": 4,
        "downloaders_size_b": 4
      }
    },
    {
      "type": "Feature",
      "geometry": {
        "type": "Point",
        "coordinates": [
          -86.2504,
          12.13282
        ]
      },
      "properties": {
        "country_code": "NIC",
        "city": "Managua",
        "downloaders_delta": {
          "hosting": 125,
          "mobile": 503,
          "proxy": 0,
          "relay": 0,
          "satellite": 0,
          "service": 0,
          "size": 4466,
          "tor": 0,
          "tor_exit_nodes": 0,
          "vpn": 5
        },
        "uploaders_delta": {
          "hosting": 0,
          "mobile": -5,
          "proxy": 0,
          "relay": 0,
          "satellite": 0,
          "service": 0,
          "size": -52,
          "tor": 0,
          "tor_exit_nodes": 0,
          "vpn": -1
        },
        "downloaders_size_delta": 4466,
        "downloaders_size_a": 463,
        "downloaders_size_b": 4929
      }
    },
    {
      "type": "Feature",
      "geometry": {
        "type": "Point",
        "coordinates": [
          5.63194,
          51.93167
        ]
      },
      "properties": {
        "country_code": "NLD",
        "city": "Opheusden",
        "downloaders_delta": {
          "hosting": 0,
          "mobile": 0,
          "proxy": 0,
          "relay": 0,
          "satellite": 0,
          "service": 0,
          "size": 3,
          "tor": 0,
          "tor_exit_nodes": 0,
          "vpn": 0
        },
        "uploaders_delta": {
          "hosting": 0,
          "mobile": 0,
          "proxy": 0,
          "relay": 0,
          "satellite": 0,
          "service": 0,
          "size": 0,
          "tor": 0,
          "tor_exit_nodes": 0,
          "vpn": 0
        },
        "downloaders_size_delta": 3,
        "downloaders_size_a": 3,
        "downloaders_size_b": 6
      }
    },
    {
      "type": "Feature",
      "geometry": {
        "type": "Point",
        "coordinates": [
          5.63788,
          58.66546
        ]
      },
      "properties": {
        "country_code": "NOR",
        "city": "Nærbø",
        "downloaders_delta": {
          "hosting": 0,
          "mobile": 0,
          "proxy": 0,
          "relay": 0,
          "satellite": 0,
          "service": 0,
          "size": 13,
          "tor": 0,
          "tor_exit_nodes": 0,
          "vpn": 0
        },
        "uploaders_delta": {
          "hosting": 0,
          "mobile": 0,
          "proxy": 0,
          "relay": 0,
          "satellite": 0,
          "service": 0,
          "size": 2,
          "tor": 0,
          "tor_exit_nodes": 0,
          "vpn": 0
        },
        "downloaders_size_delta": 13,
        "downloaders_size_a": 3,
        "downloaders_size_b": 16
      }
    },
    {
      "type": "Feature",
      "geometry": {
        "type": "Point",
        "coordinates": [
          88.09436,
          26.54404
        ]
      },
      "properties": {
        "country_code": "NPL",
        "city": "Bhadrapur",
        "downloaders_delta": {
          "hosting": 0,
          "mobile": -2,
          "proxy": 0,
          "relay": 0,
          "satellite": 0,
          "service": 0,
          "size": 14,
          "tor": 0,
          "tor_exit_nodes": 0,
          "vpn": 0
        },
        "uploaders_delta": {
          "hosting": 0,
          "mobile": -1,
          "proxy": 0,
          "relay": 0,
          "satellite": 0,
          "service": 0,
          "size": -1,
          "tor": 0,
          "tor_exit_nodes": 0,
          "vpn": 0
        },
        "downloaders_size_delta": 14,
        "downloaders_size_a": 8,
        "downloaders_size_b": 22
      }
    },
    {
      "type": "Feature",
      "geometry": {
        "type": "Point",
        "coordinates": [
          168.94357,
          -46.10282
        ]
      },
      "properties": {
        "country_code": "NZL",
        "city": "Gore",
        "downloaders_delta": {
          "hosting": 0,
          "mobile": 4,
          "proxy": 0,
          "relay": 0,
          "satellite": 0,
          "service": 0,
          "size": 4,
          "tor": 0,
          "tor_exit_nodes": 0,
          "vpn": 0
        },
        "uploaders_delta": {
          "hosting": 0,
          "mobile": 0,
          "proxy": 0,
          "relay": 0,
          "satellite": 0,
          "service": 0,
          "size": 0,
          "tor": 0,
          "tor_exit_nodes": 0,
          "vpn": 0
        },
        "downloaders_size_delta": 4,
        "downloaders_size_a": 4,
        "downloaders_size_b": 8
      }
    },
    {
      "type": "Feature",
      "geometry": {
        "type": "Point",
        "coordinates": [
          57.43861,
          23.84944
        ]
      },
      "properties": {
        "country_code": "OMN",
        "city": "As Suwayq",
        "downloaders_delta": {
          "hosting": 0,
          "mobile": 1,
          "proxy": 0,
          "relay": 0,
          "satellite": 0,
          "service": 0,
          "size": 1,
          "tor": 0,
          "tor_exit_nodes": 0,
          "vpn": 0
        },
        "uploaders_delta": {
          "hosting": 0,
          "mobile": 0,
          "proxy": 0,
          "relay": 0,
          "satellite": 0,
          "service": 0,
          "size": -1,
          "tor": 0,
          "tor_exit_nodes": 0,
          "vpn": 0
        },
        "downloaders_size_delta": 1,
        "downloaders_size_a": 7,
        "downloaders_size_b": 8
      }
    },
    {
      "type": "Feature",
      "geometry": {
        "type": "Point",
        "coordinates": [
          68.59795,
          30.37051
        ]
      },
      "properties": {
        "country_code": "PAK",
        "city": "Loralai",
        "downloaders_delta": {
          "hosting": 0,
          "mobile": 4,
          "proxy": 0,
          "relay": 0,
          "satellite": 0,
          "service": 0,
          "size": 1,
          "tor": 0,
          "tor_exit_nodes": 0,
          "vpn": 0
        },
        "uploaders_delta": {
          "hosting": 0,
          "mobile": 3,
          "proxy": 0,
          "relay": 0,
          "satellite": 0,
          "service": 0,
          "size": 0,
          "tor": 0,
          "tor_exit_nodes": 0,
          "vpn": 0
        },
        "downloaders_size_delta": 1,
        "downloaders_size_a": 3,
        "downloaders_size_b": 4
      }
    },
    {
      "type": "Feature",
      "geometry": {
        "type": "Point",
        "coordinates": [
          -80.2809,
          7.8198
        ]
      },
      "properties": {
        "country_code": "PAN",
        "city": "Guararé",
        "downloaders_delta": {
          "hosting": 0,
          "mobile": 0,
          "proxy": 0,
          "relay": 0,
          "satellite": 0,
          "service": 0,
          "size": 6,
          "tor": 0,
          "tor_exit_nodes": 0,
          "vpn": -1
        },
        "uploaders_delta": {
          "hosting": 0,
          "mobile": 0,
          "proxy": 0,
          "relay": 0,
          "satellite": 0,
          "service": 0,
          "size": 1,
          "tor": 0,
          "tor_exit_nodes": 0,
          "vpn": 0
        },
        "downloaders_size_delta": 6,
        "downloaders_size_a": 6,
        "downloaders_size_b": 12
      }
    },
    {
      "type": "Feature",
      "geometry": {
        "type": "Point",
        "coordinates": [
          -77.04495,
          -12.06982
        ]
      },
      "properties": {
        "country_code": "PER",
        "city": "Jesus Maria",
        "downloaders_delta": {
          "hosting": 27,
          "mobile": -4,
          "proxy": 0,
          "relay": 0,
          "satellite": 0,
          "service": 0,
          "size": 25,
          "tor": 0,
          "tor_exit_nodes": 0,
          "vpn": 2
        },
        "uploaders_delta": {
          "hosting": 1,
          "mobile": -3,
          "proxy": 0,
          "relay": 0,
          "satellite": 0,
          "service": 0,
          "size": 0,
          "tor": 0,
          "tor_exit_nodes": 0,
          "vpn": 0
        },
        "downloaders_size_delta": 25,
        "downloaders_size_a": 4,
        "downloaders_size_b": 29
      }
    },
    {
      "type": "Feature",
      "geometry": {
        "type": "Point",
        "coordinates": [
          120.87833,
          14.25389
        ]
      },
      "properties": {
        "country_code": "PHL",
        "city": "Bitangan",
        "downloaders_delta": {
          "hosting": 6,
          "mobile": 0,
          "proxy": 0,
          "relay": 0,
          "satellite": 0,
          "service": 0,
          "size": 5,
          "tor": 0,
          "tor_exit_nodes": 0,
          "vpn": 0
        },
        "uploaders_delta": {
          "hosting": 2,
          "mobile": 0,
          "proxy": 0,
          "relay": 0,
          "satellite": 0,
          "service": 0,
          "size": 0,
          "tor": 0,
          "tor_exit_nodes": 0,
          "vpn": 0
        },
        "downloaders_size_delta": 5,
        "downloaders_size_a": 3,
        "downloaders_size_b": 8
      }
    },
    {
      "type": "Feature",
      "geometry": {
        "type": "Point",
        "coordinates": [
          147.15089,
          -9.47723
        ]
      },
      "properties": {
        "country_code": "PNG",
        "city": "Port Moresby",
        "downloaders_delta": {
          "hosting": 3,
          "mobile": 37,
          "proxy": 0,
          "relay": 0,
          "satellite": 0,
          "service": 0,
          "size": 112,
          "tor": 0,
          "tor_exit_nodes": 0,
          "vpn": 0
        },
        "uploaders_delta": {
          "hosting": 0,
          "mobile": 13,
          "proxy": 0,
          "relay": 0,
          "satellite": 0,
          "service": 0,
          "size": 27,
          "tor": 0,
          "tor_exit_nodes": 0,
          "vpn": 0
        },
        "downloaders_size_delta": 112,
        "downloaders_size_a": 12,
        "downloaders_size_b": 124
      }
    },
    {
      "type": "Feature",
      "geometry": {
        "type": "Point",
        "coordinates": [
          19.48116,
          50.1175
        ]
      },
      "properties": {
        "country_code": "POL",
        "city": "Bolęcin",
        "downloaders_delta": {
          "hosting": 0,
          "mobile": 0,
          "proxy": 0,
          "relay": 0,
          "satellite": 0,
          "service": 0,
          "size": 2,
          "tor": 0,
          "tor_exit_nodes": 0,
          "vpn": 0
        },
        "uploaders_delta": {
          "hosting": 0,
          "mobile": 0,
          "proxy": 0,
          "relay": 0,
          "satellite": 0,
          "service": 0,
          "size": 0,
          "tor": 0,
          "tor_exit_nodes": 0,
          "vpn": 0
        },
        "downloaders_size_delta": 2,
        "downloaders_size_a": 3,
        "downloaders_size_b": 5
      }
    },
    {
      "type": "Feature",
      "geometry": {
        "type": "Point",
        "coordinates": [
          -66.46878,
          18.33606
        ]
      },
      "properties": {
        "country_code": "PRI",
        "city": "Ciales",
        "downloaders_delta": {
          "hosting": 0,
          "mobile": -17,
          "proxy": 0,
          "relay": 0,
          "satellite": 0,
          "service": 0,
          "size": -20,
          "tor": 0,
          "tor_exit_nodes": 0,
          "vpn": 0
        },
        "uploaders_delta": {
          "hosting": 0,
          "mobile": -3,
          "proxy": 0,
          "relay": 0,
          "satellite": 0,
          "service": 0,
          "size": -3,
          "tor": 0,
          "tor_exit_nodes": 0,
          "vpn": 0
        },
        "downloaders_size_delta": -20,
        "downloaders_size_a": 23,
        "downloaders_size_b": 3
      }
    },
    {
      "type": "Feature",
      "geometry": {
        "type": "Point",
        "coordinates": [
          -7.09104,
          40.35127
        ]
      },
      "properties": {
        "country_code": "PRT",
        "city": "Sabugal",
        "downloaders_delta": {
          "hosting": 0,
          "mobile": 1,
          "proxy": 0,
          "relay": 0,
          "satellite": 0,
          "service": 0,
          "size": 10,
          "tor": 0,
          "tor_exit_nodes": 0,
          "vpn": 0
        },
        "uploaders_delta": {
          "hosting": 0,
          "mobile": 0,
          "proxy": 0,
          "relay": 0,
          "satellite": 0,
          "service": 0,
          "size": 0,
          "tor": 0,
          "tor_exit_nodes": 0,
          "vpn": 0
        },
        "downloaders_size_delta": 10,
        "downloaders_size_a": 3,
        "downloaders_size_b": 13
      }
    },
    {
      "type": "Feature",
      "geometry": {
        "type": "Point",
        "coordinates": [
          -55.7387,
          -22.54925
        ]
      },
      "properties": {
        "country_code": "PRY",
        "city": "Pedro Juan Caballero",
        "downloaders_delta": {
          "hosting": 0,
          "mobile": 120,
          "proxy": 0,
          "relay": 0,
          "satellite": 0,
          "service": 0,
          "size": 155,
          "tor": 0,
          "tor_exit_nodes": 0,
          "vpn": 0
        },
        "uploaders_delta": {
          "hosting": 0,
          "mobile": 3,
          "proxy": 0,
          "relay": 0,
          "satellite": 0,
          "service": 0,
          "size": -1,
          "tor": 0,
          "tor_exit_nodes": 0,
          "vpn": 0
        },
        "downloaders_size_delta": 155,
        "downloaders_size_a": 6,
        "downloaders_size_b": 161
      }
    },
    {
      "type": "Feature",
      "geometry": {
        "type": "Point",
        "coordinates": [
          35.20422,
          31.89964
        ]
      },
      "properties": {
        "country_code": "PSE",
        "city": "Ramallah",
        "downloaders_delta": {
          "hosting": 6,
          "mobile": 0,
          "proxy": 0,
          "relay": 0,
          "satellite": 0,
          "service": 0,
          "size": 1576,
          "tor": 0,
          "tor_exit_nodes": 0,
          "vpn": 3
        },
        "uploaders_delta": {
          "hosting": 0,
          "mobile": 0,
          "proxy": 0,
          "relay": 0,
          "satellite": 0,
          "service": 0,
          "size": 10,
          "tor": 0,
          "tor_exit_nodes": 0,
          "vpn": 0
        },
        "downloaders_size_delta": 1576,
        "downloaders_size_a": 5,
        "downloaders_size_b": 1581
      }
    },
    {
      "type": "Feature",
      "geometry": {
        "type": "Point",
        "coordinates": [
          -149.6,
          -17.63333
        ]
      },
      "properties": {
        "country_code": "PYF",
        "city": "Punaauia",
        "downloaders_delta": {
          "hosting": 0,
          "mobile": 0,
          "proxy": 0,
          "relay": 0,
          "satellite": 0,
          "service": 0,
          "size": 57,
          "tor": 0,
          "tor_exit_nodes": 0,
          "vpn": -1
        },
        "uploaders_delta": {
          "hosting": 0,
          "mobile": 0,
          "proxy": 0,
          "relay": 0,
          "satellite": 0,
          "service": 0,
          "size": 11,
          "tor": 0,
          "tor_exit_nodes": 0,
          "vpn": 0
        },
        "downloaders_size_delta": 57,
        "downloaders_size_a": 6,
        "downloaders_size_b": 63
      }
    },
    {
      "type": "Feature",
      "geometry": {
        "type": "Point",
        "coordinates": [
          51.22264,
          25.37088
        ]
      },
      "properties": {
        "country_code": "QAT",
        "city": "Ash Shīḩānīyah",
        "downloaders_delta": {
          "hosting": 0,
          "mobile": 6,
          "proxy": 0,
          "relay": 0,
          "satellite": 0,
          "service": 0,
          "size": -6,
          "tor": 0,
          "tor_exit_nodes": 0,
          "vpn": 0
        },
        "uploaders_delta": {
          "hosting": 0,
          "mobile": 5,
          "proxy": 0,
          "relay": 0,
          "satellite": 0,
          "service": 0,
          "size": 0,
          "tor": 0,
          "tor_exit_nodes": 0,
          "vpn": 0
        },
        "downloaders_size_delta": -6,
        "downloaders_size_a": 14,
        "downloaders_size_b": 8
      }
    },
    {
      "type": "Feature",
      "geometry": {
        "type": "Point",
        "coordinates": [
          55.4504,
          -20.88231
        ]
      },
      "properties": {
        "country_code": "REU",
        "city": "Saint-Denis",
        "downloaders_delta": {
          "hosting": 2,
          "mobile": 9,
          "proxy": 0,
          "relay": 0,
          "satellite": 1,
          "service": 0,
          "size": 1939,
          "tor": 0,
          "tor_exit_nodes": 0,
          "vpn": 16
        },
        "uploaders_delta": {
          "hosting": 0,
          "mobile": 0,
          "proxy": 0,
          "relay": 0,
          "satellite": 0,
          "service": 0,
          "size": 61,
          "tor": 0,
          "tor_exit_nodes": 0,
          "vpn": 0
        },
        "downloaders_size_delta": 1939,
        "downloaders_size_a": 4,
        "downloaders_size_b": 1943
      }
    },
    {
      "type": "Feature",
      "geometry": {
        "type": "Point",
        "coordinates": [
          26.63333,
          44.08333
        ]
      },
      "properties": {
        "country_code": "ROU",
        "city": "Olteniţa",
        "downloaders_delta": {
          "hosting": 0,
          "mobile": 193,
          "proxy": 0,
          "relay": 0,
          "satellite": 0,
          "service": 0,
          "size": 554,
          "tor": 0,
          "tor_exit_nodes": 0,
          "vpn": 0
        },
        "uploaders_delta": {
          "hosting": 0,
          "mobile": 1,
          "proxy": 0,
          "relay": 0,
          "satellite": 0,
          "service": 0,
          "size": -9,
          "tor": 0,
          "tor_exit_nodes": 0,
          "vpn": 0
        },
        "downloaders_size_delta": 554,
        "downloaders_size_a": 22,
        "downloaders_size_b": 576
      }
    },
    {
      "type": "Feature",
      "geometry": {
        "type": "Point",
        "coordinates": [
          37.81509,
          50.93816
        ]
      },
      "properties": {
        "country_code": "RUS",
        "city": "Chernyanka",
        "downloaders_delta": {
          "hosting": 0,
          "mobile": 0,
          "proxy": 0,
          "relay": 0,
          "satellite": 0,
          "service": 0,
          "size": 8,
          "tor": 0,
          "tor_exit_nodes": 0,
          "vpn": 0
        },
        "uploaders_delta": {
          "hosting": 0,
          "mobile": 0,
          "proxy": 0,
          "relay": 0,
          "satellite": 0,
          "service": 0,
          "size": 0,
          "tor": 0,
          "tor_exit_nodes": 0,
          "vpn": 0
        },
        "downloaders_size_delta": 8,
        "downloaders_size_a": 3,
        "downloaders_size_b": 11
      }
    },
    {
      "type": "Feature",
      "geometry": {
        "type": "Point",
        "coordinates": [
          30.05885,
          -1.94995
        ]
      },
      "properties": {
        "country_code": "RWA",
        "city": "Kigali",
        "downloaders_delta": {
          "hosting": 0,
          "mobile": 22,
          "proxy": 0,
          "relay": 0,
          "satellite": 9,
          "service": 0,
          "size": 504,
          "tor": 0,
          "tor_exit_nodes": 0,
          "vpn": 1
        },
        "uploaders_delta": {
          "hosting": 0,
          "mobile": -5,
          "proxy": 0,
          "relay": 0,
          "satellite": 0,
          "service": 0,
          "size": 73,
          "tor": 0,
          "tor_exit_nodes": 0,
          "vpn": 1
        },
        "downloaders_size_delta": 504,
        "downloaders_size_a": 141,
        "downloaders_size_b": 645
      }
    },
    {
      "type": "Feature",
      "geometry": {
        "type": "Point",
        "coordinates": [
          41.69073,
          27.52188
        ]
      },
      "properties": {
        "country_code": "SAU",
        "city": "Ha'il",
        "downloaders_delta": {
          "hosting": 0,
          "mobile": 7,
          "proxy": 0,
          "relay": 0,
          "satellite": 0,
          "service": 0,
          "size": 11,
          "tor": 0,
          "tor_exit_nodes": 0,
          "vpn": 0
        },
        "uploaders_delta": {
          "hosting": 0,
          "mobile": 1,
          "proxy": 0,
          "relay": 0,
          "satellite": 0,
          "service": 0,
          "size": 0,
          "tor": 0,
          "tor_exit_nodes": 0,
          "vpn": 0
        },
        "downloaders_size_delta": 11,
        "downloaders_size_a": 3,
        "downloaders_size_b": 14
      }
    },
    {
      "type": "Feature",
      "geometry": {
        "type": "Point",
        "coordinates": [
          -15.88333,
          14.85
        ]
      },
      "properties": {
        "country_code": "SEN",
        "city": "Touba",
        "downloaders_delta": {
          "hosting": 0,
          "mobile": 18,
          "proxy": 0,
          "relay": 0,
          "satellite": 0,
          "service": 0,
          "size": 37,
          "tor": 0,
          "tor_exit_nodes": 0,
          "vpn": 0
        },
        "uploaders_delta": {
          "hosting": 0,
          "mobile": 0,
          "proxy": 0,
          "relay": 0,
          "satellite": 0,
          "service": 0,
          "size": -2,
          "tor": 0,
          "tor_exit_nodes": 0,
          "vpn": 0
        },
        "downloaders_size_delta": 37,
        "downloaders_size_a": 14,
        "downloaders_size_b": 51
      }
    },
    {
      "type": "Feature",
      "geometry": {
        "type": "Point",
        "coordinates": [
          103.74738,
          1.39665
        ]
      },
      "properties": {
        "country_code": "SGP",
        "city": "Yew Tee",
        "downloaders_delta": {
          "hosting": 0,
          "mobile": -1,
          "proxy": 0,
          "relay": 0,
          "satellite": 0,
          "service": 0,
          "size": -6,
          "tor": 0,
          "tor_exit_nodes": 0,
          "vpn": 0
        },
        "uploaders_delta": {
          "hosting": 0,
          "mobile": 0,
          "proxy": 0,
          "relay": 0,
          "satellite": 0,
          "service": 0,
          "size": 0,
          "tor": 0,
          "tor_exit_nodes": 0,
          "vpn": 0
        },
        "downloaders_size_delta": -6,
        "downloaders_size_a": 10,
        "downloaders_size_b": 4
      }
    },
    {
      "type": "Feature",
      "geometry": {
        "type": "Point",
        "coordinates": [
          -13.2356,
          8.48714
        ]
      },
      "properties": {
        "country_code": "SLE",
        "city": "Freetown",
        "downloaders_delta": {
          "hosting": 0,
          "mobile": -98,
          "proxy": 0,
          "relay": 0,
          "satellite": 25,
          "service": 0,
          "size": -33,
          "tor": 0,
          "tor_exit_nodes": 0,
          "vpn": 1
        },
        "uploaders_delta": {
          "hosting": 0,
          "mobile": -88,
          "proxy": 0,
          "relay": 0,
          "satellite": 3,
          "service": 0,
          "size": -96,
          "tor": 0,
          "tor_exit_nodes": 0,
          "vpn": 0
        },
        "downloaders_size_delta": -33,
        "downloaders_size_a": 535,
        "downloaders_size_b": 502
      }
    },
    {
      "type": "Feature",
      "geometry": {
        "type": "Point",
        "coordinates": [
          -88.18211,
          13.48261
        ]
      },
      "properties": {
        "country_code": "SLV",
        "city": "San Miguel",
        "downloaders_delta": {
          "hosting": 31,
          "mobile": 4,
          "proxy": 0,
          "relay": 0,
          "satellite": 0,
          "service": 0,
          "size": 179,
          "tor": 0,
          "tor_exit_nodes": 0,
          "vpn": 0
        },
        "uploaders_delta": {
          "hosting": 0,
          "mobile": 1,
          "proxy": 0,
          "relay": 0,
          "satellite": 0,
          "service": 0,
          "size": 0,
          "tor": 0,
          "tor_exit_nodes": 0,
          "vpn": 0
        },
        "downloaders_size_delta": 179,
        "downloaders_size_a": 14,
        "downloaders_size_b": 193
      }
    },
    {
      "type": "Feature",
      "geometry": {
        "type": "Point",
        "coordinates": [
          49.18158,
          11.28421
        ]
      },
      "properties": {
        "country_code": "SOM",
        "city": "Bosaso",
        "downloaders_delta": {
          "hosting": 0,
          "mobile": -3,
          "proxy": 0,
          "relay": 0,
          "satellite": 0,
          "service": 0,
          "size": 6,
          "tor": 0,
          "tor_exit_nodes": 0,
          "vpn": 0
        },
        "uploaders_delta": {
          "hosting": 0,
          "mobile": -1,
          "proxy": 0,
          "relay": 0,
          "satellite": 0,
          "service": 0,
          "size": -1,
          "tor": 0,
          "tor_exit_nodes": 0,
          "vpn": 0
        },
        "downloaders_size_delta": 6,
        "downloaders_size_a": 6,
        "downloaders_size_b": 12
      }
    },
    {
      "type": "Feature",
      "geometry": {
        "type": "Point",
        "coordinates": [
          19.31,
          44.6525
        ]
      },
      "properties": {
        "country_code": "SRB",
        "city": "Lešnica",
        "downloaders_delta": {
          "hosting": 0,
          "mobile": 4,
          "proxy": 0,
          "relay": 0,
          "satellite": 0,
          "service": 0,
          "size": 10,
          "tor": 0,
          "tor_exit_nodes": 0,
          "vpn": 0
        },
        "uploaders_delta": {
          "hosting": 0,
          "mobile": 1,
          "proxy": 0,
          "relay": 0,
          "satellite": 0,
          "service": 0,
          "size": 1,
          "tor": 0,
          "tor_exit_nodes": 0,
          "vpn": 0
        },
        "downloaders_size_delta": 10,
        "downloaders_size_a": 3,
        "downloaders_size_b": 13
      }
    },
    {
      "type": "Feature",
      "geometry": {
        "type": "Point",
        "coordinates": [
          31.58247,
          4.85165
        ]
      },
      "properties": {
        "country_code": "SSD",
        "city": "Juba",
        "downloaders_delta": {
          "hosting": 0,
          "mobile": -5,
          "proxy": 0,
          "relay": 0,
          "satellite": 37,
          "service": 0,
          "size": 17,
          "tor": 0,
          "tor_exit_nodes": 0,
          "vpn": 2
        },
        "uploaders_delta": {
          "hosting": 0,
          "mobile": -5,
          "proxy": 0,
          "relay": 0,
          "satellite": 23,
          "service": 0,
          "size": 11,
          "tor": 0,
          "tor_exit_nodes": 0,
          "vpn": 0
        },
        "downloaders_size_delta": 17,
        "downloaders_size_a": 46,
        "downloaders_size_b": 63
      }
    },
    {
      "type": "Feature",
      "geometry": {
        "type": "Point",
        "coordinates": [
          6.53076,
          0.33973
        ]
      },
      "properties": {
        "country_code": "STP",
        "city": "Monte Forte",
        "downloaders_delta": {
          "hosting": 0,
          "mobile": 0,
          "proxy": 0,
          "relay": 0,
          "satellite": 0,
          "service": 0,
          "size": 0,
          "tor": 0,
          "tor_exit_nodes": 0,
          "vpn": 0
        },
        "uploaders_delta": {
          "hosting": 0,
          "mobile": 0,
          "proxy": 0,
          "relay": 0,
          "satellite": 0,
          "service": 0,
          "size": -1,
          "tor": 0,
          "tor_exit_nodes": 0,
          "vpn": 0
        },
        "downloaders_size_delta": 0,
        "downloaders_size_a": 5,
        "downloaders_size_b": 5
      }
    },
    {
      "type": "Feature",
      "geometry": {
        "type": "Point",
        "coordinates": [
          -55.16682,
          5.86638
        ]
      },
      "properties": {
        "country_code": "SUR",
        "city": "Paramaribo",
        "downloaders_delta": {
          "hosting": 0,
          "mobile": 167,
          "proxy": 0,
          "relay": 0,
          "satellite": 0,
          "service": 0,
          "size": 936,
          "tor": 0,
          "tor_exit_nodes": 0,
          "vpn": 2
        },
        "uploaders_delta": {
          "hosting": 0,
          "mobile": 9,
          "proxy": 0,
          "relay": 0,
          "satellite": 0,
          "service": 0,
          "size": 45,
          "tor": 0,
          "tor_exit_nodes": 0,
          "vpn": 1
        },
        "downloaders_size_delta": 936,
        "downloaders_size_a": 4,
        "downloaders_size_b": 940
      }
    },
    {
      "type": "Feature",
      "geometry": {
        "type": "Point",
        "coordinates": [
          18.26453,
          48.1452
        ]
      },
      "properties": {
        "country_code": "SVK",
        "city": "Malá Maňa",
        "downloaders_delta": {
          "hosting": 0,
          "mobile": 0,
          "proxy": 0,
          "relay": 0,
          "satellite": 0,
          "service": 0,
          "size": 2,
          "tor": 0,
          "tor_exit_nodes": 0,
          "vpn": 0
        },
        "uploaders_delta": {
          "hosting": 0,
          "mobile": 0,
          "proxy": 0,
          "relay": 0,
          "satellite": 0,
          "service": 0,
          "size": 0,
          "tor": 0,
          "tor_exit_nodes": 0,
          "vpn": 0
        },
        "downloaders_size_delta": 2,
        "downloaders_size_a": 3,
        "downloaders_size_b": 5
      }
    },
    {
      "type": "Feature",
      "geometry": {
        "type": "Point",
        "coordinates": [
          14.14806,
          46.10722
        ]
      },
      "properties": {
        "country_code": "SVN",
        "city": "Gorenja Vas",
        "downloaders_delta": {
          "hosting": 0,
          "mobile": 0,
          "proxy": 0,
          "relay": 0,
          "satellite": 0,
          "service": 0,
          "size": 10,
          "tor": 0,
          "tor_exit_nodes": 0,
          "vpn": 0
        },
        "uploaders_delta": {
          "hosting": 0,
          "mobile": 0,
          "proxy": 0,
          "relay": 0,
          "satellite": 0,
          "service": 0,
          "size": 0,
          "tor": 0,
          "tor_exit_nodes": 0,
          "vpn": 0
        },
        "downloaders_size_delta": 10,
        "downloaders_size_a": 6,
        "downloaders_size_b": 16
      }
    },
    {
      "type": "Feature",
      "geometry": {
        "type": "Point",
        "coordinates": [
          17.76667,
          59.28333
        ]
      },
      "properties": {
        "country_code": "SWE",
        "city": "Älvnäs",
        "downloaders_delta": {
          "hosting": 16,
          "mobile": 0,
          "proxy": 0,
          "relay": 0,
          "satellite": 0,
          "service": 16,
          "size": 13,
          "tor": 0,
          "tor_exit_nodes": 0,
          "vpn": 16
        },
        "uploaders_delta": {
          "hosting": 6,
          "mobile": 0,
          "proxy": 0,
          "relay": 0,
          "satellite": 0,
          "service": 6,
          "size": 4,
          "tor": 0,
          "tor_exit_nodes": 0,
          "vpn": 6
        },
        "downloaders_size_delta": 13,
        "downloaders_size_a": 4,
        "downloaders_size_b": 17
      }
    },
    {
      "type": "Feature",
      "geometry": {
        "type": "Point",
        "coordinates": [
          31.13333,
          -26.31667
        ]
      },
      "properties": {
        "country_code": "SWZ",
        "city": "Mbabane",
        "downloaders_delta": {
          "hosting": 0,
          "mobile": 0,
          "proxy": 0,
          "relay": 0,
          "satellite": 23,
          "service": 0,
          "size": -55,
          "tor": 0,
          "tor_exit_nodes": 0,
          "vpn": 2
        },
        "uploaders_delta": {
          "hosting": 0,
          "mobile": 0,
          "proxy": 0,
          "relay": 0,
          "satellite": 7,
          "service": 0,
          "size": -61,
          "tor": 0,
          "tor_exit_nodes": 0,
          "vpn": 0
        },
        "downloaders_size_delta": -55,
        "downloaders_size_a": 178,
        "downloaders_size_b": 123
      }
    },
    {
      "type": "Feature",
      "geometry": {
        "type": "Point",
        "coordinates": [
          -63.08397,
          18.04048
        ]
      },
      "properties": {
        "country_code": "SXM",
        "city": "Koolbaai",
        "downloaders_delta": {
          "hosting": 0,
          "mobile": 0,
          "proxy": 0,
          "relay": 0,
          "satellite": 0,
          "service": 0,
          "size": -6,
          "tor": 0,
          "tor_exit_nodes": 0,
          "vpn": 0
        },
        "uploaders_delta": {
          "hosting": 0,
          "mobile": 0,
          "proxy": 0,
          "relay": 0,
          "satellite": 0,
          "service": 0,
          "size": -15,
          "tor": 0,
          "tor_exit_nodes": 0,
          "vpn": 0
        },
        "downloaders_size_delta": -6,
        "downloaders_size_a": 33,
        "downloaders_size_b": 27
      }
    },
    {
      "type": "Feature",
      "geometry": {
        "type": "Point",
        "coordinates": [
          55.44441,
          -4.62457
        ]
      },
      "properties": {
        "country_code": "SYC",
        "city": "Saint Louis",
        "downloaders_delta": {
          "hosting": 0,
          "mobile": 23,
          "proxy": 0,
          "relay": 0,
          "satellite": 0,
          "service": 0,
          "size": 18,
          "tor": 0,
          "tor_exit_nodes": 0,
          "vpn": 0
        },
        "uploaders_delta": {
          "hosting": 0,
          "mobile": 11,
          "proxy": 0,
          "relay": 0,
          "satellite": 0,
          "service": 0,
          "size": 8,
          "tor": 0,
          "tor_exit_nodes": 0,
          "vpn": 0
        },
        "downloaders_size_delta": 18,
        "downloaders_size_a": 5,
        "downloaders_size_b": 23
      }
    },
    {
      "type": "Feature",
      "geometry": {
        "type": "Point",
        "coordinates": [
          36.34614,
          33.4862
        ]
      },
      "properties": {
        "country_code": "SYR",
        "city": "Jaramānā",
        "downloaders_delta": {
          "hosting": 0,
          "mobile": 0,
          "proxy": 0,
          "relay": 0,
          "satellite": 0,
          "service": 0,
          "size": 4,
          "tor": 0,
          "tor_exit_nodes": 0,
          "vpn": 0
        },
        "uploaders_delta": {
          "hosting": 0,
          "mobile": 0,
          "proxy": 0,
          "relay": 0,
          "satellite": 0,
          "service": 0,
          "size": 0,
          "tor": 0,
          "tor_exit_nodes": 0,
          "vpn": 0
        },
        "downloaders_size_delta": 4,
        "downloaders_size_a": 3,
        "downloaders_size_b": 7
      }
    },
    {
      "type": "Feature",
      "geometry": {
        "type": "Point",
        "coordinates": [
          -71.53304,
          21.49293
        ]
      },
      "properties": {
        "country_code": "TCA",
        "city": "Cockburn Harbour",
        "downloaders_delta": {
          "hosting": 0,
          "mobile": 0,
          "proxy": 0,
          "relay": 0,
          "satellite": 0,
          "service": 0,
          "size": -7,
          "tor": 0,
          "tor_exit_nodes": 0,
          "vpn": 0
        },
        "uploaders_delta": {
          "hosting": 0,
          "mobile": 0,
          "proxy": 0,
          "relay": 0,
          "satellite": 0,
          "service": 0,
          "size": -19,
          "tor": 0,
          "tor_exit_nodes": 0,
          "vpn": 0
        },
        "downloaders_size_delta": -7,
        "downloaders_size_a": 51,
        "downloaders_size_b": 44
      }
    },
    {
      "type": "Feature",
      "geometry": {
        "type": "Point",
        "coordinates": [
          0.63333,
          6.9
        ]
      },
      "properties": {
        "country_code": "TGO",
        "city": "Kpalimé",
        "downloaders_delta": {
          "hosting": 0,
          "mobile": 0,
          "proxy": 0,
          "relay": 0,
          "satellite": 0,
          "service": 0,
          "size": -34,
          "tor": 0,
          "tor_exit_nodes": 0,
          "vpn": 0
        },
        "uploaders_delta": {
          "hosting": 0,
          "mobile": 0,
          "proxy": 0,
          "relay": 0,
          "satellite": 0,
          "service": 0,
          "size": -21,
          "tor": 0,
          "tor_exit_nodes": 0,
          "vpn": 0
        },
        "downloaders_size_delta": -34,
        "downloaders_size_a": 54,
        "downloaders_size_b": 20
      }
    },
    {
      "type": "Feature",
      "geometry": {
        "type": "Point",
        "coordinates": [
          99.31014,
          8.88361
        ]
      },
      "properties": {
        "country_code": "THA",
        "city": "Ban Na Doem",
        "downloaders_delta": {
          "hosting": 0,
          "mobile": 0,
          "proxy": 0,
          "relay": 0,
          "satellite": 0,
          "service": 0,
          "size": 6,
          "tor": 0,
          "tor_exit_nodes": 0,
          "vpn": 0
        },
        "uploaders_delta": {
          "hosting": 0,
          "mobile": 0,
          "proxy": 0,
          "relay": 0,
          "satellite": 0,
          "service": 0,
          "size": 0,
          "tor": 0,
          "tor_exit_nodes": 0,
          "vpn": 0
        },
        "downloaders_size_delta": 6,
        "downloaders_size_a": 3,
        "downloaders_size_b": 9
      }
    },
    {
      "type": "Feature",
      "geometry": {
        "type": "Point",
        "coordinates": [
          68.77905,
          38.53575
        ]
      },
      "properties": {
        "country_code": "TJK",
        "city": "Dushanbe",
        "downloaders_delta": {
          "hosting": 65,
          "mobile": 135,
          "proxy": 0,
          "relay": 0,
          "satellite": 0,
          "service": 0,
          "size": 653,
          "tor": 0,
          "tor_exit_nodes": 0,
          "vpn": 22
        },
        "uploaders_delta": {
          "hosting": 1,
          "mobile": 15,
          "proxy": 0,
          "relay": 0,
          "satellite": 0,
          "service": 0,
          "size": 30,
          "tor": 0,
          "tor_exit_nodes": 0,
          "vpn": 2
        },
        "downloaders_size_delta": 653,
        "downloaders_size_a": 23,
        "downloaders_size_b": 676
      }
    },
    {
      "type": "Feature",
      "geometry": {
        "type": "Point",
        "coordinates": [
          58.38333,
          37.95
        ]
      },
      "properties": {
        "country_code": "TKM",
        "city": "Ashgabat",
        "downloaders_delta": {
          "hosting": 186,
          "mobile": 24,
          "proxy": 0,
          "relay": 0,
          "satellite": 1,
          "service": 0,
          "size": 261,
          "tor": 0,
          "tor_exit_nodes": 0,
          "vpn": 1
        },
        "uploaders_delta": {
          "hosting": -6,
          "mobile": 0,
          "proxy": 0,
          "relay": 0,
          "satellite": 0,
          "service": 0,
          "size": -2,
          "tor": 0,
          "tor_exit_nodes": 0,
          "vpn": 0
        },
        "downloaders_size_delta": 261,
        "downloaders_size_a": 29,
        "downloaders_size_b": 290
      }
    },
    {
      "type": "Feature",
      "geometry": {
        "type": "Point",
        "coordinates": [
          125.57361,
          -8.55861
        ]
      },
      "properties": {
        "country_code": "TLS",
        "city": "Dili",
        "downloaders_delta": {
          "hosting": 2,
          "mobile": -154,
          "proxy": 0,
          "relay": 0,
          "satellite": 0,
          "service": 0,
          "size": -157,
          "tor": 0,
          "tor_exit_nodes": 0,
          "vpn": 0
        },
        "uploaders_delta": {
          "hosting": -1,
          "mobile": -49,
          "proxy": 0,
          "relay": 0,
          "satellite": 0,
          "service": 0,
          "size": -52,
          "tor": 0,
          "tor_exit_nodes": 0,
          "vpn": 0
        },
        "downloaders_size_delta": -157,
        "downloaders_size_a": 183,
        "downloaders_size_b": 26
      }
    },
    {
      "type": "Feature",
      "geometry": {
        "type": "Point",
        "coordinates": [
          -175.20114,
          -21.13683
        ]
      },
      "properties": {
        "country_code": "TON",
        "city": "Nuku‘alofa",
        "downloaders_delta": {
          "hosting": 0,
          "mobile": 0,
          "proxy": 0,
          "relay": 0,
          "satellite": 0,
          "service": 0,
          "size": -1,
          "tor": 0,
          "tor_exit_nodes": 0,
          "vpn": 3
        },
        "uploaders_delta": {
          "hosting": 0,
          "mobile": 0,
          "proxy": 0,
          "relay": 0,
          "satellite": 0,
          "service": 0,
          "size": 0,
          "tor": 0,
          "tor_exit_nodes": 0,
          "vpn": 1
        },
        "downloaders_size_delta": -1,
        "downloaders_size_a": 19,
        "downloaders_size_b": 18
      }
    },
    {
      "type": "Feature",
      "geometry": {
        "type": "Point",
        "coordinates": [
          -61.56616,
          10.72081
        ]
      },
      "properties": {
        "country_code": "TTO",
        "city": "Diego Martin",
        "downloaders_delta": {
          "hosting": 0,
          "mobile": 31,
          "proxy": 0,
          "relay": 0,
          "satellite": 0,
          "service": 0,
          "size": 100,
          "tor": 0,
          "tor_exit_nodes": 0,
          "vpn": 0
        },
        "uploaders_delta": {
          "hosting": 0,
          "mobile": 0,
          "proxy": 0,
          "relay": 0,
          "satellite": 0,
          "service": 0,
          "size": 3,
          "tor": 0,
          "tor_exit_nodes": 0,
          "vpn": 0
        },
        "downloaders_size_delta": 100,
        "downloaders_size_a": 6,
        "downloaders_size_b": 106
      }
    },
    {
      "type": "Feature",
      "geometry": {
        "type": "Point",
        "coordinates": [
          10.63699,
          35.82539
        ]
      },
      "properties": {
        "country_code": "TUN",
        "city": "Sousse",
        "downloaders_delta": {
          "hosting": 0,
          "mobile": 32,
          "proxy": 0,
          "relay": 0,
          "satellite": 0,
          "service": 0,
          "size": 118,
          "tor": 0,
          "tor_exit_nodes": 0,
          "vpn": 0
        },
        "uploaders_delta": {
          "hosting": 0,
          "mobile": 9,
          "proxy": 0,
          "relay": 0,
          "satellite": 0,
          "service": 0,
          "size": 13,
          "tor": 0,
          "tor_exit_nodes": 0,
          "vpn": 0
        },
        "downloaders_size_delta": 118,
        "downloaders_size_a": 4,
        "downloaders_size_b": 122
      }
    },
    {
      "type": "Feature",
      "geometry": {
        "type": "Point",
        "coordinates": [
          31.67648,
          38.1463
        ]
      },
      "properties": {
        "country_code": "TUR",
        "city": "Doğanhisar",
        "downloaders_delta": {
          "hosting": 0,
          "mobile": -3,
          "proxy": 0,
          "relay": 0,
          "satellite": 0,
          "service": 0,
          "size": 1,
          "tor": 0,
          "tor_exit_nodes": 0,
          "vpn": 0
        },
        "uploaders_delta": {
          "hosting": 0,
          "mobile": -3,
          "proxy": 0,
          "relay": 0,
          "satellite": 0,
          "service": 0,
          "size": 0,
          "tor": 0,
          "tor_exit_nodes": 0,
          "vpn": 0
        },
        "downloaders_size_delta": 1,
        "downloaders_size_a": 3,
        "downloaders_size_b": 4
      }
    },
    {
      "type": "Feature",
      "geometry": {
        "type": "Point",
        "coordinates": [
          121.28372,
          24.92981
        ]
      },
      "properties": {
        "country_code": "TWN",
        "city": "Bade",
        "downloaders_delta": {
          "hosting": 103,
          "mobile": 0,
          "proxy": 0,
          "relay": 0,
          "satellite": 0,
          "service": 0,
          "size": 94,
          "tor": 0,
          "tor_exit_nodes": 0,
          "vpn": 0
        },
        "uploaders_delta": {
          "hosting": 4,
          "mobile": 0,
          "proxy": 0,
          "relay": 0,
          "satellite": 0,
          "service": 0,
          "size": 1,
          "tor": 0,
          "tor_exit_nodes": 0,
          "vpn": 0
        },
        "downloaders_size_delta": 94,
        "downloaders_size_a": 9,
        "downloaders_size_b": 103
      }
    },
    {
      "type": "Feature",
      "geometry": {
        "type": "Point",
        "coordinates": [
          39.7,
          -5.38333
        ]
      },
      "properties": {
        "country_code": "TZA",
        "city": "Mtambile",
        "downloaders_delta": {
          "hosting": 0,
          "mobile": 7,
          "proxy": 0,
          "relay": 0,
          "satellite": 0,
          "service": 0,
          "size": 3,
          "tor": 0,
          "tor_exit_nodes": 0,
          "vpn": 0
        },
        "uploaders_delta": {
          "hosting": 0,
          "mobile": 3,
          "proxy": 0,
          "relay": 0,
          "satellite": 0,
          "service": 0,
          "size": -1,
          "tor": 0,
          "tor_exit_nodes": 0,
          "vpn": 0
        },
        "downloaders_size_delta": 3,
        "downloaders_size_a": 4,
        "downloaders_size_b": 7
      }
    },
    {
      "type": "Feature",
      "geometry": {
        "type": "Point",
        "coordinates": [
          32.55723,
          0.25344
        ]
      },
      "properties": {
        "country_code": "UGA",
        "city": "Bunamwaya",
        "downloaders_delta": {
          "hosting": 0,
          "mobile": -2,
          "proxy": 0,
          "relay": 0,
          "satellite": 0,
          "service": 0,
          "size": -12,
          "tor": 0,
          "tor_exit_nodes": 0,
          "vpn": 0
        },
        "uploaders_delta": {
          "hosting": 0,
          "mobile": 0,
          "proxy": 0,
          "relay": 0,
          "satellite": 0,
          "service": 0,
          "size": -8,
          "tor": 0,
          "tor_exit_nodes": 0,
          "vpn": 0
        },
        "downloaders_size_delta": -12,
        "downloaders_size_a": 20,
        "downloaders_size_b": 8
      }
    },
    {
      "type": "Feature",
      "geometry": {
        "type": "Point",
        "coordinates": [
          34.53778,
          47.61906
        ]
      },
      "properties": {
        "country_code": "UKR",
        "city": "Chervonohryhorivka",
        "downloaders_delta": {
          "hosting": 0,
          "mobile": 0,
          "proxy": 0,
          "relay": 0,
          "satellite": 0,
          "service": 0,
          "size": 1,
          "tor": 0,
          "tor_exit_nodes": 0,
          "vpn": 0
        },
        "uploaders_delta": {
          "hosting": 0,
          "mobile": 0,
          "proxy": 0,
          "relay": 0,
          "satellite": 0,
          "service": 0,
          "size": 0,
          "tor": 0,
          "tor_exit_nodes": 0,
          "vpn": 0
        },
        "downloaders_size_delta": 1,
        "downloaders_size_a": 3,
        "downloaders_size_b": 4
      }
    },
    {
      "type": "Feature",
      "geometry": {
        "type": "Point",
        "coordinates": [
          -58.28402,
          -34.00023
        ]
      },
      "properties": {
        "country_code": "URY",
        "city": "Carmelo",
        "downloaders_delta": {
          "hosting": 0,
          "mobile": 0,
          "proxy": 0,
          "relay": 0,
          "satellite": 0,
          "service": 0,
          "size": 46,
          "tor": 0,
          "tor_exit_nodes": 0,
          "vpn": 0
        },
        "uploaders_delta": {
          "hosting": 0,
          "mobile": 0,
          "proxy": 0,
          "relay": 0,
          "satellite": 0,
          "service": 0,
          "size": 9,
          "tor": 0,
          "tor_exit_nodes": 0,
          "vpn": 0
        },
        "downloaders_size_delta": 46,
        "downloaders_size_a": 5,
        "downloaders_size_b": 51
      }
    },
    {
      "type": "Feature",
      "geometry": {
        "type": "Point",
        "coordinates": [
          -82.42401,
          34.8779
        ]
      },
      "properties": {
        "country_code": "USA",
        "city": "Sans Souci",
        "downloaders_delta": {
          "hosting": 0,
          "mobile": 0,
          "proxy": 0,
          "relay": 0,
          "satellite": 0,
          "service": 0,
          "size": 2,
          "tor": 0,
          "tor_exit_nodes": 0,
          "vpn": 0
        },
        "uploaders_delta": {
          "hosting": 0,
          "mobile": 0,
          "proxy": 0,
          "relay": 0,
          "satellite": 0,
          "service": 0,
          "size": 1,
          "tor": 0,
          "tor_exit_nodes": 0,
          "vpn": 0
        },
        "downloaders_size_delta": 2,
        "downloaders_size_a": 3,
        "downloaders_size_b": 5
      }
    },
    {
      "type": "Feature",
      "geometry": {
        "type": "Point",
        "coordinates": [
          70.9425,
          40.52861
        ]
      },
      "properties": {
        "country_code": "UZB",
        "city": "Qo‘qon",
        "downloaders_delta": {
          "hosting": 31,
          "mobile": -4,
          "proxy": 0,
          "relay": 0,
          "satellite": 0,
          "service": 0,
          "size": 27,
          "tor": 0,
          "tor_exit_nodes": 0,
          "vpn": 0
        },
        "uploaders_delta": {
          "hosting": 3,
          "mobile": -4,
          "proxy": 0,
          "relay": 0,
          "satellite": 0,
          "service": 0,
          "size": -1,
          "tor": 0,
          "tor_exit_nodes": 0,
          "vpn": 0
        },
        "downloaders_size_delta": 27,
        "downloaders_size_a": 4,
        "downloaders_size_b": 31
      }
    },
    {
      "type": "Feature",
      "geometry": {
        "type": "Point",
        "coordinates": [
          -61.22742,
          13.15527
        ]
      },
      "properties": {
        "country_code": "VCT",
        "city": "Kingstown",
        "downloaders_delta": {
          "hosting": 0,
          "mobile": 0,
          "proxy": 0,
          "relay": 0,
          "satellite": 1,
          "service": 0,
          "size": 979,
          "tor": 0,
          "tor_exit_nodes": 0,
          "vpn": 0
        },
        "uploaders_delta": {
          "hosting": 0,
          "mobile": 0,
          "proxy": 0,
          "relay": 0,
          "satellite": 0,
          "service": 0,
          "size": 2,
          "tor": 0,
          "tor_exit_nodes": 0,
          "vpn": 0
        },
        "downloaders_size_delta": 979,
        "downloaders_size_a": 13,
        "downloaders_size_b": 992
      }
    },
    {
      "type": "Feature",
      "geometry": {
        "type": "Point",
        "coordinates": [
          -70.59042,
          9.3067
        ]
      },
      "properties": {
        "country_code": "VEN",
        "city": "Carvajal",
        "downloaders_delta": {
          "hosting": 0,
          "mobile": 0,
          "proxy": 0,
          "relay": 0,
          "satellite": 0,
          "service": 0,
          "size": 10,
          "tor": 0,
          "tor_exit_nodes": 0,
          "vpn": 0
        },
        "uploaders_delta": {
          "hosting": 0,
          "mobile": 0,
          "proxy": 0,
          "relay": 0,
          "satellite": 0,
          "service": 0,
          "size": 3,
          "tor": 0,
          "tor_exit_nodes": 0,
          "vpn": 0
        },
        "downloaders_size_delta": 10,
        "downloaders_size_a": 3,
        "downloaders_size_b": 13
      }
    },
    {
      "type": "Feature",
      "geometry": {
        "type": "Point",
        "coordinates": [
          -64.62079,
          18.42693
        ]
      },
      "properties": {
        "country_code": "VGB",
        "city": "Road Town",
        "downloaders_delta": {
          "hosting": 0,
          "mobile": 0,
          "proxy": 0,
          "relay": 0,
          "satellite": 0,
          "service": 0,
          "size": -4,
          "tor": 0,
          "tor_exit_nodes": 0,
          "vpn": -1
        },
        "uploaders_delta": {
          "hosting": 0,
          "mobile": 0,
          "proxy": 0,
          "relay": 0,
          "satellite": 0,
          "service": 0,
          "size": -96,
          "tor": 0,
          "tor_exit_nodes": 0,
          "vpn": -1
        },
        "downloaders_size_delta": -4,
        "downloaders_size_a": 155,
        "downloaders_size_b": 151
      }
    },
    {
      "type": "Feature",
      "geometry": {
        "type": "Point",
        "coordinates": [
          -64.9307,
          18.3419
        ]
      },
      "properties": {
        "country_code": "VIR",
        "city": "Charlotte Amalie",
        "downloaders_delta": {
          "hosting": 0,
          "mobile": 0,
          "proxy": 0,
          "relay": 0,
          "satellite": 13,
          "service": 0,
          "size": 10,
          "tor": 0,
          "tor_exit_nodes": 0,
          "vpn": -1
        },
        "uploaders_delta": {
          "hosting": 0,
          "mobile": 0,
          "proxy": 0,
          "relay": 0,
          "satellite": 2,
          "service": 0,
          "size": 1,
          "tor": 0,
          "tor_exit_nodes": 0,
          "vpn": -1
        },
        "downloaders_size_delta": 10,
        "downloaders_size_a": 11,
        "downloaders_size_b": 21
      }
    },
    {
      "type": "Feature",
      "geometry": {
        "type": "Point",
        "coordinates": [
          108.335,
          15.87944
        ]
      },
      "properties": {
        "country_code": "VNM",
        "city": "Hoi An",
        "downloaders_delta": {
          "hosting": 2,
          "mobile": 2,
          "proxy": 0,
          "relay": 0,
          "satellite": 0,
          "service": 0,
          "size": 11,
          "tor": 0,
          "tor_exit_nodes": 0,
          "vpn": 0
        },
        "uploaders_delta": {
          "hosting": 0,
          "mobile": 0,
          "proxy": 0,
          "relay": 0,
          "satellite": 0,
          "service": 0,
          "size": -1,
          "tor": 0,
          "tor_exit_nodes": 0,
          "vpn": 0
        },
        "downloaders_size_delta": 11,
        "downloaders_size_a": 4,
        "downloaders_size_b": 15
      }
    },
    {
      "type": "Feature",
      "geometry": {
        "type": "Point",
        "coordinates": [
          168.31366,
          -17.73648
        ]
      },
      "properties": {
        "country_code": "VUT",
        "city": "Port-Vila",
        "downloaders_delta": {
          "hosting": 0,
          "mobile": -81,
          "proxy": 0,
          "relay": 0,
          "satellite": 9,
          "service": 0,
          "size": -77,
          "tor": 0,
          "tor_exit_nodes": 0,
          "vpn": 1
        },
        "uploaders_delta": {
          "hosting": 0,
          "mobile": -50,
          "proxy": 0,
          "relay": 0,
          "satellite": 2,
          "service": 0,
          "size": -57,
          "tor": 0,
          "tor_exit_nodes": 0,
          "vpn": 0
        },
        "downloaders_size_delta": -77,
        "downloaders_size_a": 119,
        "downloaders_size_b": 42
      }
    },
    {
      "type": "Feature",
      "geometry": {
        "type": "Point",
        "coordinates": [
          44.20646,
          15.35452
        ]
      },
      "properties": {
        "country_code": "YEM",
        "city": "Sanaa",
        "downloaders_delta": {
          "hosting": 0,
          "mobile": 8,
          "proxy": 0,
          "relay": 0,
          "satellite": -33,
          "service": 0,
          "size": -11,
          "tor": 0,
          "tor_exit_nodes": 0,
          "vpn": 1
        },
        "uploaders_delta": {
          "hosting": 0,
          "mobile": 0,
          "proxy": 0,
          "relay": 0,
          "satellite": -16,
          "service": 0,
          "size": -16,
          "tor": 0,
          "tor_exit_nodes": 0,
          "vpn": -1
        },
        "downloaders_size_delta": -11,
        "downloaders_size_a": 66,
        "downloaders_size_b": 55
      }
    },
    {
      "type": "Feature",
      "geometry": {
        "type": "Point",
        "coordinates": [
          25.45907,
          -26.68638
        ]
      },
      "properties": {
        "country_code": "ZAF",
        "city": "Delareyville",
        "downloaders_delta": {
          "hosting": 0,
          "mobile": 0,
          "proxy": 0,
          "relay": 0,
          "satellite": 0,
          "service": 0,
          "size": 3,
          "tor": 0,
          "tor_exit_nodes": 0,
          "vpn": 0
        },
        "uploaders_delta": {
          "hosting": 0,
          "mobile": 0,
          "proxy": 0,
          "relay": 0,
          "satellite": 0,
          "service": 0,
          "size": 3,
          "tor": 0,
          "tor_exit_nodes": 0,
          "vpn": 0
        },
        "downloaders_size_delta": 3,
        "downloaders_size_a": 3,
        "downloaders_size_b": 6
      }
    },
    {
      "type": "Feature",
      "geometry": {
        "type": "Point",
        "coordinates": [
          28.63659,
          -12.95867
        ]
      },
      "properties": {
        "country_code": "ZMB",
        "city": "Ndola",
        "downloaders_delta": {
          "hosting": 0,
          "mobile": -1,
          "proxy": 0,
          "relay": 0,
          "satellite": 0,
          "service": 0,
          "size": 4,
          "tor": 0,
          "tor_exit_nodes": 0,
          "vpn": -1
        },
        "uploaders_delta": {
          "hosting": 0,
          "mobile": -1,
          "proxy": 0,
          "relay": 0,
          "satellite": 0,
          "service": 0,
          "size": -1,
          "tor": 0,
          "tor_exit_nodes": 0,
          "vpn": -1
        },
        "downloaders_size_delta": 4,
        "downloaders_size_a": 5,
        "downloaders_size_b": 9
      }
    },
    {
      "type": "Feature",
      "geometry": {
        "type": "Point",
        "coordinates": [
          32.12843,
          -18.52785
        ]
      },
      "properties": {
        "country_code": "ZWE",
        "city": "Rusape",
        "downloaders_delta": {
          "hosting": 0,
          "mobile": 0,
          "proxy": 0,
          "relay": 0,
          "satellite": 0,
          "service": 0,
          "size": 2,
          "tor": 0,
          "tor_exit_nodes": 0,
          "vpn": -2
        },
        "uploaders_delta": {
          "hosting": 0,
          "mobile": 0,
          "proxy": 0,
          "relay": 0,
          "satellite": 0,
          "service": 0,
          "size": 1,
          "tor": 0,
          "tor_exit_nodes": 0,
          "vpn": -1
        },
        "downloaders_size_delta": 2,
        "downloaders_size_a": 5,
        "downloaders_size_b": 7
      }
    }
  ],
  "swarm": "downloaders",
  "field": "size",
  "geopivot": "country_code",
  "file_a": "./data/andor-112-2022-cumulative.geojson",
  "file_b": "./data/andor-112-2025-cumulative.geojson"
}