{"type":"FeatureCollection","id":"Star Wars: Visions","swarm_size_min":3,"swarm_features_size":574971,"data_version":"20260324","btiha_size":418,"features":[{"type":"Feature","properties":{"country_code":"KOR","city":"Seoul","geoname_id":"1835848","h3_hexagon":590831506717409279,"h3_resolution":3,"downloaders":{"size":2541663,"mobile":3587,"satellite":0,"tor":0,"tor_exit_nodes":0,"vpn":47911,"relay":0,"proxy":0,"hosting":18376,"service":8899},"uploaders":{"size":882,"mobile":14,"satellite":0,"tor":0,"tor_exit_nodes":0,"vpn":95,"relay":0,"proxy":0,"hosting":136,"service":88}},"geometry":{"type":"Point","coordinates":[126.9784,37.566]}},{"type":"Feature","properties":{"country_code":"RUS","city":"Moscow","geoname_id":"524901","h3_hexagon":590282369378811903,"h3_resolution":3,"downloaders":{"size":2035182,"mobile":69305,"satellite":35,"tor":0,"tor_exit_nodes":0,"vpn":100934,"relay":0,"proxy":176,"hosting":240289,"service":23374},"uploaders":{"size":5531,"mobile":176,"satellite":0,"tor":0,"tor_exit_nodes":0,"vpn":109,"relay":0,"proxy":0,"hosting":1308,"service":36}},"geometry":{"type":"Point","coordinates":[37.61556,55.75222]}},{"type":"Feature","properties":{"country_code":"KOR","city":"Paripark","geoname_id":"11952872","h3_hexagon":590831437997932543,"h3_resolution":3,"downloaders":{"size":1165347,"mobile":416,"satellite":0,"tor":0,"tor_exit_nodes":0,"vpn":16985,"relay":0,"proxy":0,"hosting":15909,"service":2339},"uploaders":{"size":303,"mobile":0,"satellite":0,"tor":0,"tor_exit_nodes":0,"vpn":8,"relay":0,"proxy":0,"hosting":14,"service":5}},"geometry":{"type":"Point","coordinates":[126.8751,37.5308]}},{"type":"Feature","properties":{"country_code":"CHN","city":"Shanghai","geoname_id":"1796236","h3_hexagon":590826558915084287,"h3_resolution":3,"downloaders":{"size":1125019,"mobile":16314,"satellite":0,"tor":0,"tor_exit_nodes":0,"vpn":29965,"relay":0,"proxy":1,"hosting":127385,"service":7},"uploaders":{"size":3382,"mobile":5,"satellite":0,"tor":0,"tor_exit_nodes":0,"vpn":28,"relay":0,"proxy":0,"hosting":266,"service":0}},"geometry":{"type":"Point","coordinates":[121.45806,31.22222]}},{"type":"Feature","properties":{"country_code":"TUR","city":"Istanbul","geoname_id":"745044","h3_hexagon":590513198101168127,"h3_resolution":3,"downloaders":{"size":982487,"mobile":81584,"satellite":0,"tor":0,"tor_exit_nodes":0,"vpn":2011,"relay":0,"proxy":0,"hosting":3467,"service":1582},"uploaders":{"size":666,"mobile":56,"satellite":0,"tor":0,"tor_exit_nodes":0,"vpn":142,"relay":0,"proxy":0,"hosting":160,"service":137}},"geometry":{"type":"Point","coordinates":[28.94966,41.01384]}},{"type":"Feature","properties":{"country_code":"NLD","city":"Amsterdam","geoname_id":"2759794","h3_hexagon":590418640101179391,"h3_resolution":3,"downloaders":{"size":981484,"mobile":1514,"satellite":42,"tor":410,"tor_exit_nodes":265,"vpn":266913,"relay":11,"proxy":55,"hosting":750929,"service":113628},"uploaders":{"size":23270,"mobile":138,"satellite":0,"tor":96,"tor_exit_nodes":50,"vpn":11848,"relay":4,"proxy":0,"hosting":12325,"service":10044}},"geometry":{"type":"Point","coordinates":[4.88969,52.37403]}},{"type":"Feature","properties":{"country_code":"RUS","city":"Saint Petersburg","geoname_id":"498817","h3_hexagon":590271099384627199,"h3_resolution":3,"downloaders":{"size":852317,"mobile":43839,"satellite":0,"tor":0,"tor_exit_nodes":0,"vpn":24075,"relay":0,"proxy":0,"hosting":30658,"service":4579},"uploaders":{"size":1492,"mobile":536,"satellite":0,"tor":0,"tor_exit_nodes":0,"vpn":31,"relay":0,"proxy":0,"hosting":97,"service":1}},"geometry":{"type":"Point","coordinates":[30.31413,59.93863]}},{"type":"Feature","properties":{"country_code":"KOR","city":"Daegu","geoname_id":"1835329","h3_hexagon":590829307694153727,"h3_resolution":3,"downloaders":{"size":719858,"mobile":917,"satellite":0,"tor":0,"tor_exit_nodes":0,"vpn":5456,"relay":0,"proxy":0,"hosting":3457,"service":1026},"uploaders":{"size":246,"mobile":3,"satellite":0,"tor":0,"tor_exit_nodes":0,"vpn":4,"relay":0,"proxy":0,"hosting":0,"service":2}},"geometry":{"type":"Point","coordinates":[128.59111,35.87028]}},{"type":"Feature","properties":{"country_code":"CHN","city":"Nanjing","geoname_id":"1799962","h3_hexagon":590826009159270399,"h3_resolution":3,"downloaders":{"size":648965,"mobile":0,"satellite":0,"tor":0,"tor_exit_nodes":0,"vpn":10051,"relay":0,"proxy":0,"hosting":2061,"service":0},"uploaders":{"size":1870,"mobile":0,"satellite":0,"tor":0,"tor_exit_nodes":0,"vpn":24,"relay":0,"proxy":0,"hosting":18,"service":0}},"geometry":{"type":"Point","coordinates":[118.77778,32.06167]}},{"type":"Feature","properties":{"country_code":"HUN","city":"Budapest","geoname_id":"3054643","h3_hexagon":590499591644774399,"h3_resolution":3,"downloaders":{"size":638227,"mobile":19038,"satellite":16,"tor":0,"tor_exit_nodes":13,"vpn":20197,"relay":0,"proxy":5,"hosting":13847,"service":3859},"uploaders":{"size":1583,"mobile":88,"satellite":0,"tor":0,"tor_exit_nodes":0,"vpn":202,"relay":0,"proxy":0,"hosting":198,"service":175}},"geometry":{"type":"Point","coordinates":[19.04045,47.49835]}},{"type":"Feature","properties":{"country_code":"HKG","city":"Hong Kong","geoname_id":"1819729","h3_hexagon":591117036143247359,"h3_resolution":3,"downloaders":{"size":570958,"mobile":1658,"satellite":1,"tor":0,"tor_exit_nodes":0,"vpn":30518,"relay":1,"proxy":0,"hosting":28483,"service":5928},"uploaders":{"size":2442,"mobile":28,"satellite":0,"tor":0,"tor_exit_nodes":0,"vpn":431,"relay":0,"proxy":0,"hosting":812,"service":389}},"geometry":{"type":"Point","coordinates":[114.17469,22.27832]}},{"type":"Feature","properties":{"country_code":"USA","city":"Ashburn","geoname_id":"4744870","h3_hexagon":590722174029922303,"h3_resolution":3,"downloaders":{"size":494067,"mobile":127,"satellite":348,"tor":0,"tor_exit_nodes":0,"vpn":20652,"relay":0,"proxy":1,"hosting":470040,"service":19286},"uploaders":{"size":159306,"mobile":13,"satellite":17,"tor":0,"tor_exit_nodes":0,"vpn":2173,"relay":0,"proxy":0,"hosting":159121,"service":2093}},"geometry":{"type":"Point","coordinates":[-77.48749,39.04372]}},{"type":"Feature","properties":{"country_code":"POL","city":"Warsaw","geoname_id":"756135","h3_hexagon":590522681388957695,"h3_resolution":3,"downloaders":{"size":471082,"mobile":35642,"satellite":300,"tor":6,"tor_exit_nodes":5,"vpn":16296,"relay":1,"proxy":1,"hosting":20886,"service":12327},"uploaders":{"size":2252,"mobile":193,"satellite":2,"tor":0,"tor_exit_nodes":0,"vpn":1010,"relay":0,"proxy":0,"hosting":1039,"service":989}},"geometry":{"type":"Point","coordinates":[21.01178,52.22977]}},{"type":"Feature","properties":{"country_code":"KOR","city":"Anseong","geoname_id":"1846912","h3_hexagon":590831644156362751,"h3_resolution":3,"downloaders":{"size":453395,"mobile":311,"satellite":0,"tor":0,"tor_exit_nodes":0,"vpn":4430,"relay":0,"proxy":0,"hosting":0,"service":541},"uploaders":{"size":154,"mobile":0,"satellite":0,"tor":0,"tor_exit_nodes":0,"vpn":5,"relay":0,"proxy":0,"hosting":0,"service":2}},"geometry":{"type":"Point","coordinates":[127.27028,37.01083]}},{"type":"Feature","properties":{"country_code":"FRA","city":"Paris","geoname_id":"2988507","h3_hexagon":590529347178201087,"h3_resolution":3,"downloaders":{"size":429740,"mobile":90441,"satellite":417,"tor":17,"tor_exit_nodes":91,"vpn":62360,"relay":10,"proxy":13,"hosting":110921,"service":50961},"uploaders":{"size":4832,"mobile":460,"satellite":8,"tor":0,"tor_exit_nodes":17,"vpn":2881,"relay":1,"proxy":0,"hosting":2436,"service":2724}},"geometry":{"type":"Point","coordinates":[2.3488,48.85341]}},{"type":"Feature","properties":{"country_code":"CHN","city":"Hangzhou","geoname_id":"1808926","h3_hexagon":590826627634561023,"h3_resolution":3,"downloaders":{"size":395925,"mobile":0,"satellite":0,"tor":0,"tor_exit_nodes":0,"vpn":7996,"relay":0,"proxy":0,"hosting":39833,"service":0},"uploaders":{"size":444,"mobile":0,"satellite":0,"tor":0,"tor_exit_nodes":0,"vpn":22,"relay":0,"proxy":0,"hosting":124,"service":0}},"geometry":{"type":"Point","coordinates":[120.16142,30.29365]}},{"type":"Feature","properties":{"country_code":"RUS","city":"Beryozovsky","geoname_id":"1510203","h3_hexagon":590266426460209151,"h3_resolution":3,"downloaders":{"size":388728,"mobile":26599,"satellite":0,"tor":0,"tor_exit_nodes":0,"vpn":31284,"relay":0,"proxy":0,"hosting":34973,"service":1571},"uploaders":{"size":638,"mobile":49,"satellite":0,"tor":0,"tor_exit_nodes":0,"vpn":30,"relay":0,"proxy":0,"hosting":51,"service":9}},"geometry":{"type":"Point","coordinates":[60.8019,56.9083]}},{"type":"Feature","properties":{"country_code":"GBR","city":"Wallington","geoname_id":"2634867","h3_hexagon":590416509797400575,"h3_resolution":3,"downloaders":{"size":372329,"mobile":10388,"satellite":287,"tor":0,"tor_exit_nodes":0,"vpn":52884,"relay":44,"proxy":1,"hosting":76758,"service":47406},"uploaders":{"size":8377,"mobile":491,"satellite":5,"tor":0,"tor_exit_nodes":0,"vpn":4179,"relay":0,"proxy":0,"hosting":3542,"service":3752}},"geometry":{"type":"Point","coordinates":[-0.15368,51.36404]}},{"type":"Feature","properties":{"country_code":"TUR","city":"Ankara","geoname_id":"323786","h3_hexagon":590766772970323967,"h3_resolution":3,"downloaders":{"size":344551,"mobile":20885,"satellite":17,"tor":0,"tor_exit_nodes":0,"vpn":86,"relay":0,"proxy":0,"hosting":38,"service":4},"uploaders":{"size":182,"mobile":4,"satellite":0,"tor":0,"tor_exit_nodes":0,"vpn":0,"relay":0,"proxy":0,"hosting":1,"service":0}},"geometry":{"type":"Point","coordinates":[32.85427,39.91987]}},{"type":"Feature","properties":{"country_code":"RUS","city":"Berdsk","geoname_id":"1510350","h3_hexagon":590177228579405823,"h3_resolution":3,"downloaders":{"size":308349,"mobile":26497,"satellite":4,"tor":0,"tor_exit_nodes":0,"vpn":1564,"relay":0,"proxy":0,"hosting":1119,"service":445},"uploaders":{"size":255,"mobile":23,"satellite":0,"tor":0,"tor_exit_nodes":0,"vpn":3,"relay":0,"proxy":0,"hosting":7,"service":3}},"geometry":{"type":"Point","coordinates":[83.09,54.75]}},{"type":"Feature","properties":{"country_code":"JPN","city":"Kawasaki","geoname_id":"1859642","h3_hexagon":590804637402005503,"h3_resolution":3,"downloaders":{"size":296870,"mobile":18061,"satellite":40,"tor":0,"tor_exit_nodes":0,"vpn":40343,"relay":16,"proxy":18,"hosting":55987,"service":33210},"uploaders":{"size":1861,"mobile":75,"satellite":0,"tor":0,"tor_exit_nodes":0,"vpn":1341,"relay":0,"proxy":0,"hosting":1446,"service":1334}},"geometry":{"type":"Point","coordinates":[139.71722,35.52056]}},{"type":"Feature","properties":{"country_code":"CAN","city":"Toronto","geoname_id":"6167865","h3_hexagon":590738735423815679,"h3_resolution":3,"downloaders":{"size":285833,"mobile":10018,"satellite":511,"tor":187,"tor_exit_nodes":959,"vpn":109096,"relay":23,"proxy":9,"hosting":112964,"service":102698},"uploaders":{"size":18588,"mobile":213,"satellite":11,"tor":32,"tor_exit_nodes":212,"vpn":16049,"relay":4,"proxy":0,"hosting":15981,"service":15275}},"geometry":{"type":"Point","coordinates":[-79.39864,43.70643]}},{"type":"Feature","properties":{"country_code":"BRA","city":"São Paulo","geoname_id":"3448439","h3_hexagon":592928206672101375,"h3_resolution":3,"downloaders":{"size":281160,"mobile":23618,"satellite":1207,"tor":0,"tor_exit_nodes":0,"vpn":5140,"relay":0,"proxy":1,"hosting":14999,"service":3913},"uploaders":{"size":1879,"mobile":292,"satellite":5,"tor":0,"tor_exit_nodes":0,"vpn":290,"relay":0,"proxy":0,"hosting":461,"service":273}},"geometry":{"type":"Point","coordinates":[-46.63611,-23.5475]}},{"type":"Feature","properties":{"country_code":"USA","city":"New York City","geoname_id":"5128581","h3_hexagon":590711591230504959,"h3_resolution":3,"downloaders":{"size":280694,"mobile":1567,"satellite":90,"tor":15,"tor_exit_nodes":6,"vpn":106754,"relay":31,"proxy":52,"hosting":122863,"service":101687},"uploaders":{"size":13173,"mobile":68,"satellite":0,"tor":1,"tor_exit_nodes":0,"vpn":11619,"relay":0,"proxy":0,"hosting":11714,"service":11468}},"geometry":{"type":"Point","coordinates":[-74.00597,40.71427]}},{"type":"Feature","properties":{"country_code":"ESP","city":"Madrid","geoname_id":"3117735","h3_hexagon":590975199143264255,"h3_resolution":3,"downloaders":{"size":274073,"mobile":94202,"satellite":287,"tor":1,"tor_exit_nodes":0,"vpn":18322,"relay":10,"proxy":0,"hosting":19627,"service":16133},"uploaders":{"size":3905,"mobile":968,"satellite":6,"tor":0,"tor_exit_nodes":0,"vpn":1002,"relay":0,"proxy":0,"hosting":1165,"service":998}},"geometry":{"type":"Point","coordinates":[-3.70256,40.4165]}},{"type":"Feature","properties":{"country_code":"RUS","city":"Nizhniy Novgorod","geoname_id":"520555","h3_hexagon":590254606710210559,"h3_resolution":3,"downloaders":{"size":267861,"mobile":51638,"satellite":0,"tor":0,"tor_exit_nodes":0,"vpn":3276,"relay":0,"proxy":2,"hosting":106,"service":215},"uploaders":{"size":352,"mobile":73,"satellite":0,"tor":0,"tor_exit_nodes":0,"vpn":2,"relay":0,"proxy":0,"hosting":1,"service":1}},"geometry":{"type":"Point","coordinates":[44.00205,56.32867]}},{"type":"Feature","properties":{"country_code":"NLD","city":"Roosendaal","geoname_id":"2747930","h3_hexagon":590528247666573311,"h3_resolution":3,"downloaders":{"size":244835,"mobile":3110,"satellite":123,"tor":3,"tor_exit_nodes":52,"vpn":26482,"relay":3,"proxy":0,"hosting":35227,"service":24908},"uploaders":{"size":3765,"mobile":88,"satellite":0,"tor":0,"tor_exit_nodes":6,"vpn":2054,"relay":0,"proxy":0,"hosting":2291,"service":2042}},"geometry":{"type":"Point","coordinates":[4.46528,51.53083]}},{"type":"Feature","properties":{"country_code":"RUS","city":"Samara","geoname_id":"499099","h3_hexagon":590261959694221311,"h3_resolution":3,"downloaders":{"size":235128,"mobile":18270,"satellite":0,"tor":0,"tor_exit_nodes":0,"vpn":5745,"relay":0,"proxy":2,"hosting":321,"service":3278},"uploaders":{"size":452,"mobile":25,"satellite":0,"tor":0,"tor_exit_nodes":0,"vpn":37,"relay":0,"proxy":0,"hosting":54,"service":27}},"geometry":{"type":"Point","coordinates":[50.15,53.20007]}},{"type":"Feature","properties":{"country_code":"BGR","city":"Sofia","geoname_id":"727011","h3_hexagon":590512854503784447,"h3_resolution":3,"downloaders":{"size":230884,"mobile":33529,"satellite":193,"tor":0,"tor_exit_nodes":0,"vpn":14112,"relay":0,"proxy":8,"hosting":24603,"service":7825},"uploaders":{"size":921,"mobile":108,"satellite":1,"tor":0,"tor_exit_nodes":0,"vpn":389,"relay":0,"proxy":0,"hosting":427,"service":387}},"geometry":{"type":"Point","coordinates":[23.32415,42.69751]}},{"type":"Feature","properties":{"country_code":"CAN","city":"Côte-Saint-Luc","geoname_id":"5928488","h3_hexagon":590739766215966719,"h3_resolution":3,"downloaders":{"size":227317,"mobile":8841,"satellite":23,"tor":7,"tor_exit_nodes":112,"vpn":63014,"relay":13,"proxy":0,"hosting":83473,"service":60089},"uploaders":{"size":7561,"mobile":96,"satellite":0,"tor":0,"tor_exit_nodes":7,"vpn":5873,"relay":0,"proxy":0,"hosting":5223,"service":5716}},"geometry":{"type":"Point","coordinates":[-73.66585,45.46536]}},{"type":"Feature","properties":{"country_code":"RUS","city":"Krasnodar","geoname_id":"542420","h3_hexagon":590771171016835071,"h3_resolution":3,"downloaders":{"size":221142,"mobile":30868,"satellite":0,"tor":0,"tor_exit_nodes":0,"vpn":5724,"relay":0,"proxy":6,"hosting":13750,"service":3119},"uploaders":{"size":362,"mobile":82,"satellite":0,"tor":0,"tor_exit_nodes":0,"vpn":7,"relay":0,"proxy":0,"hosting":15,"service":6}},"geometry":{"type":"Point","coordinates":[38.97603,45.04484]}},{"type":"Feature","properties":{"country_code":"MEX","city":"Mexico City","geoname_id":"3530597","h3_hexagon":591266088688287743,"h3_resolution":3,"downloaders":{"size":209259,"mobile":656,"satellite":981,"tor":0,"tor_exit_nodes":0,"vpn":728,"relay":2,"proxy":0,"hosting":534,"service":477},"uploaders":{"size":697,"mobile":4,"satellite":9,"tor":0,"tor_exit_nodes":0,"vpn":19,"relay":0,"proxy":0,"hosting":19,"service":18}},"geometry":{"type":"Point","coordinates":[-99.12766,19.42847]}},{"type":"Feature","properties":{"country_code":"DEU","city":"Mainz","geoname_id":"2874225","h3_hexagon":590528934861340671,"h3_resolution":3,"downloaders":{"size":198375,"mobile":12266,"satellite":4,"tor":49,"tor_exit_nodes":283,"vpn":42642,"relay":2,"proxy":9,"hosting":139959,"service":37911},"uploaders":{"size":14301,"mobile":7,"satellite":0,"tor":0,"tor_exit_nodes":0,"vpn":2374,"relay":0,"proxy":0,"hosting":13926,"service":2318}},"geometry":{"type":"Point","coordinates":[8.2791,49.98419]}},{"type":"Feature","properties":{"country_code":"TUR","city":"İzmir","geoname_id":"311046","h3_hexagon":591086937012436991,"h3_resolution":3,"downloaders":{"size":193558,"mobile":34974,"satellite":0,"tor":0,"tor_exit_nodes":0,"vpn":51,"relay":0,"proxy":0,"hosting":23,"service":7},"uploaders":{"size":64,"mobile":15,"satellite":0,"tor":0,"tor_exit_nodes":0,"vpn":0,"relay":0,"proxy":0,"hosting":1,"service":0}},"geometry":{"type":"Point","coordinates":[27.13838,38.41273]}},{"type":"Feature","properties":{"country_code":"RUS","city":"Rostov-na-Donu","geoname_id":"501175","h3_hexagon":590767941201428479,"h3_resolution":3,"downloaders":{"size":182708,"mobile":8380,"satellite":0,"tor":0,"tor_exit_nodes":0,"vpn":7014,"relay":0,"proxy":0,"hosting":39,"service":3326},"uploaders":{"size":569,"mobile":10,"satellite":0,"tor":0,"tor_exit_nodes":0,"vpn":9,"relay":0,"proxy":0,"hosting":0,"service":2}},"geometry":{"type":"Point","coordinates":[39.72328,47.23135]}},{"type":"Feature","properties":{"country_code":"RUS","city":"Voronezh","geoname_id":"472045","h3_hexagon":590281544745091071,"h3_resolution":3,"downloaders":{"size":174858,"mobile":1818,"satellite":1,"tor":0,"tor_exit_nodes":0,"vpn":2693,"relay":0,"proxy":6,"hosting":3085,"service":20},"uploaders":{"size":206,"mobile":0,"satellite":0,"tor":0,"tor_exit_nodes":0,"vpn":63,"relay":0,"proxy":0,"hosting":9,"service":0}},"geometry":{"type":"Point","coordinates":[39.1843,51.67204]}},{"type":"Feature","properties":{"country_code":"TUR","city":"Kütahya","geoname_id":"305268","h3_hexagon":590766841689800703,"h3_resolution":3,"downloaders":{"size":174369,"mobile":16377,"satellite":0,"tor":0,"tor_exit_nodes":0,"vpn":61,"relay":0,"proxy":0,"hosting":1365,"service":27},"uploaders":{"size":103,"mobile":3,"satellite":0,"tor":0,"tor_exit_nodes":0,"vpn":0,"relay":0,"proxy":0,"hosting":81,"service":0}},"geometry":{"type":"Point","coordinates":[29.98333,39.42417]}},{"type":"Feature","properties":{"country_code":"KOR","city":"Gwangju","geoname_id":"1841811","h3_hexagon":590829651291537407,"h3_resolution":3,"downloaders":{"size":174258,"mobile":107,"satellite":0,"tor":0,"tor_exit_nodes":0,"vpn":835,"relay":0,"proxy":0,"hosting":0,"service":120},"uploaders":{"size":57,"mobile":0,"satellite":0,"tor":0,"tor_exit_nodes":0,"vpn":0,"relay":0,"proxy":0,"hosting":0,"service":0}},"geometry":{"type":"Point","coordinates":[126.91556,35.15472]}},{"type":"Feature","properties":{"country_code":"ISR","city":"Modi‘in Makkabbim Re‘ut","geoname_id":"282926","h3_hexagon":590775362904915967,"h3_resolution":3,"downloaders":{"size":172074,"mobile":22455,"satellite":1,"tor":0,"tor_exit_nodes":0,"vpn":2885,"relay":0,"proxy":0,"hosting":4898,"service":1948},"uploaders":{"size":2340,"mobile":324,"satellite":0,"tor":0,"tor_exit_nodes":0,"vpn":117,"relay":0,"proxy":0,"hosting":165,"service":88}},"geometry":{"type":"Point","coordinates":[35.01504,31.89385]}},{"type":"Feature","properties":{"country_code":"SWE","city":"Stockholm","geoname_id":"2673730","h3_hexagon":590121565803249663,"h3_resolution":3,"downloaders":{"size":170768,"mobile":5276,"satellite":38,"tor":191,"tor_exit_nodes":61,"vpn":63947,"relay":0,"proxy":0,"hosting":50453,"service":56014},"uploaders":{"size":6124,"mobile":62,"satellite":0,"tor":70,"tor_exit_nodes":16,"vpn":5202,"relay":0,"proxy":0,"hosting":4169,"service":4966}},"geometry":{"type":"Point","coordinates":[18.06871,59.32938]}},{"type":"Feature","properties":{"country_code":"RUS","city":"Chelyabinsk","geoname_id":"1508291","h3_hexagon":590268350605557759,"h3_resolution":3,"downloaders":{"size":164144,"mobile":10008,"satellite":0,"tor":0,"tor_exit_nodes":0,"vpn":805,"relay":0,"proxy":0,"hosting":91,"service":149},"uploaders":{"size":275,"mobile":44,"satellite":0,"tor":0,"tor_exit_nodes":0,"vpn":8,"relay":0,"proxy":0,"hosting":8,"service":8}},"geometry":{"type":"Point","coordinates":[61.42915,55.15402]}},{"type":"Feature","properties":{"country_code":"CHE","city":"Oberwil","geoname_id":"2659321","h3_hexagon":590525979923841023,"h3_resolution":3,"downloaders":{"size":154137,"mobile":8414,"satellite":15,"tor":85,"tor_exit_nodes":96,"vpn":74520,"relay":1,"proxy":13,"hosting":69958,"service":70197},"uploaders":{"size":9847,"mobile":205,"satellite":0,"tor":5,"tor_exit_nodes":6,"vpn":6271,"relay":0,"proxy":0,"hosting":5372,"service":6074}},"geometry":{"type":"Point","coordinates":[7.55786,47.51407]}},{"type":"Feature","properties":{"country_code":"RUS","city":"Perm","geoname_id":"511196","h3_hexagon":590269656275615743,"h3_resolution":3,"downloaders":{"size":153285,"mobile":7252,"satellite":0,"tor":0,"tor_exit_nodes":0,"vpn":1662,"relay":0,"proxy":1,"hosting":30,"service":25},"uploaders":{"size":279,"mobile":21,"satellite":0,"tor":0,"tor_exit_nodes":0,"vpn":7,"relay":0,"proxy":0,"hosting":0,"service":0}},"geometry":{"type":"Point","coordinates":[56.25017,58.01046]}},{"type":"Feature","properties":{"country_code":"RUS","city":"Kaluga","geoname_id":"553915","h3_hexagon":590279483160788991,"h3_resolution":3,"downloaders":{"size":152927,"mobile":20326,"satellite":0,"tor":0,"tor_exit_nodes":0,"vpn":2260,"relay":0,"proxy":8,"hosting":6228,"service":43},"uploaders":{"size":277,"mobile":169,"satellite":0,"tor":0,"tor_exit_nodes":0,"vpn":5,"relay":0,"proxy":0,"hosting":6,"service":0}},"geometry":{"type":"Point","coordinates":[36.27542,54.5293]}},{"type":"Feature","properties":{"country_code":"TWN","city":"Taipei","geoname_id":"1668341","h3_hexagon":591302028974620671,"h3_resolution":3,"downloaders":{"size":152202,"mobile":3249,"satellite":0,"tor":68,"tor_exit_nodes":68,"vpn":9760,"relay":3,"proxy":0,"hosting":3092,"service":1477},"uploaders":{"size":685,"mobile":26,"satellite":0,"tor":0,"tor_exit_nodes":0,"vpn":118,"relay":0,"proxy":0,"hosting":101,"service":88}},"geometry":{"type":"Point","coordinates":[121.52639,25.05306]}},{"type":"Feature","properties":{"country_code":"SVN","city":"Brezovica pri Ljubljani","geoname_id":"3203338","h3_hexagon":590500622436925439,"h3_resolution":3,"downloaders":{"size":149088,"mobile":2613,"satellite":7,"tor":0,"tor_exit_nodes":0,"vpn":4098,"relay":0,"proxy":0,"hosting":1577,"service":1411},"uploaders":{"size":987,"mobile":108,"satellite":0,"tor":0,"tor_exit_nodes":0,"vpn":116,"relay":0,"proxy":0,"hosting":110,"service":110}},"geometry":{"type":"Point","coordinates":[14.4,46.03333]}},{"type":"Feature","properties":{"country_code":"RUS","city":"Krasnoyarsk","geoname_id":"1502026","h3_hexagon":590175716750917631,"h3_resolution":3,"downloaders":{"size":146307,"mobile":13721,"satellite":17,"tor":0,"tor_exit_nodes":0,"vpn":1906,"relay":0,"proxy":2,"hosting":3005,"service":1692},"uploaders":{"size":162,"mobile":3,"satellite":0,"tor":0,"tor_exit_nodes":0,"vpn":0,"relay":0,"proxy":0,"hosting":21,"service":0}},"geometry":{"type":"Point","coordinates":[92.90765,56.02668]}},{"type":"Feature","properties":{"country_code":"ITA","city":"Milan","geoname_id":"3173435","h3_hexagon":590527491752329215,"h3_resolution":3,"downloaders":{"size":144420,"mobile":19924,"satellite":569,"tor":5,"tor_exit_nodes":0,"vpn":14244,"relay":7,"proxy":2,"hosting":16323,"service":12047},"uploaders":{"size":1883,"mobile":190,"satellite":23,"tor":0,"tor_exit_nodes":0,"vpn":931,"relay":0,"proxy":0,"hosting":975,"service":923}},"geometry":{"type":"Point","coordinates":[9.18951,45.46427]}},{"type":"Feature","properties":{"country_code":"GBR","city":"Herne Bay","geoname_id":"2647057","h3_hexagon":590416372358447103,"h3_resolution":3,"downloaders":{"size":143675,"mobile":3257,"satellite":0,"tor":87,"tor_exit_nodes":88,"vpn":4095,"relay":3,"proxy":20,"hosting":127778,"service":894},"uploaders":{"size":1234,"mobile":11,"satellite":0,"tor":3,"tor_exit_nodes":3,"vpn":10,"relay":0,"proxy":0,"hosting":1159,"service":4}},"geometry":{"type":"Point","coordinates":[1.12857,51.373]}},{"type":"Feature","properties":{"country_code":"RUS","city":"Chervishevo","geoname_id":"1507934","h3_hexagon":590268007008174079,"h3_resolution":3,"downloaders":{"size":142448,"mobile":19558,"satellite":0,"tor":0,"tor_exit_nodes":0,"vpn":1091,"relay":0,"proxy":0,"hosting":7,"service":58},"uploaders":{"size":104,"mobile":14,"satellite":0,"tor":0,"tor_exit_nodes":0,"vpn":1,"relay":0,"proxy":0,"hosting":0,"service":1}},"geometry":{"type":"Point","coordinates":[64.7718,56.8207]}},{"type":"Feature","properties":{"country_code":"BLR","city":"Minsk","geoname_id":"625144","h3_hexagon":590522337791574015,"h3_resolution":3,"downloaders":{"size":139724,"mobile":2397,"satellite":0,"tor":0,"tor_exit_nodes":0,"vpn":3169,"relay":0,"proxy":0,"hosting":1899,"service":229},"uploaders":{"size":374,"mobile":13,"satellite":0,"tor":0,"tor_exit_nodes":0,"vpn":5,"relay":0,"proxy":0,"hosting":8,"service":0}},"geometry":{"type":"Point","coordinates":[27.56653,53.90019]}},{"type":"Feature","properties":{"country_code":"UKR","city":"Sofiyivska Borschagivka","geoname_id":"8504651","h3_hexagon":590506188714541055,"h3_resolution":3,"downloaders":{"size":137967,"mobile":861,"satellite":1125,"tor":1,"tor_exit_nodes":0,"vpn":6725,"relay":0,"proxy":30,"hosting":20674,"service":2825},"uploaders":{"size":884,"mobile":15,"satellite":15,"tor":0,"tor_exit_nodes":0,"vpn":114,"relay":0,"proxy":0,"hosting":383,"service":101}},"geometry":{"type":"Point","coordinates":[30.36724,50.41005]}},{"type":"Feature","properties":{"country_code":"RUS","city":"Tomsk","geoname_id":"1489425","h3_hexagon":590174342361382911,"h3_resolution":3,"downloaders":{"size":135467,"mobile":152,"satellite":0,"tor":0,"tor_exit_nodes":0,"vpn":334,"relay":0,"proxy":0,"hosting":464,"service":17},"uploaders":{"size":131,"mobile":0,"satellite":0,"tor":0,"tor_exit_nodes":0,"vpn":0,"relay":0,"proxy":0,"hosting":0,"service":0}},"geometry":{"type":"Point","coordinates":[84.98204,56.50032]}},{"type":"Feature","properties":{"country_code":"RUS","city":"Serpukhov","geoname_id":"496527","h3_hexagon":590279551880265727,"h3_resolution":3,"downloaders":{"size":134376,"mobile":370,"satellite":0,"tor":0,"tor_exit_nodes":0,"vpn":5264,"relay":0,"proxy":0,"hosting":8347,"service":1852},"uploaders":{"size":283,"mobile":0,"satellite":0,"tor":0,"tor_exit_nodes":0,"vpn":8,"relay":0,"proxy":0,"hosting":45,"service":8}},"geometry":{"type":"Point","coordinates":[37.41618,54.9198]}},{"type":"Feature","properties":{"country_code":"RUS","city":"Noginsk","geoname_id":"520068","h3_hexagon":590280307794509823,"h3_resolution":3,"downloaders":{"size":133166,"mobile":279,"satellite":0,"tor":0,"tor_exit_nodes":0,"vpn":4574,"relay":0,"proxy":1,"hosting":3156,"service":1426},"uploaders":{"size":89,"mobile":0,"satellite":0,"tor":0,"tor_exit_nodes":0,"vpn":0,"relay":0,"proxy":0,"hosting":8,"service":0}},"geometry":{"type":"Point","coordinates":[38.44853,55.86486]}},{"type":"Feature","properties":{"country_code":"FIN","city":"Helsinki","geoname_id":"658225","h3_hexagon":590273298407882751,"h3_resolution":3,"downloaders":{"size":130453,"mobile":2081,"satellite":54,"tor":0,"tor_exit_nodes":0,"vpn":18473,"relay":0,"proxy":0,"hosting":104560,"service":10794},"uploaders":{"size":1170,"mobile":92,"satellite":0,"tor":0,"tor_exit_nodes":0,"vpn":742,"relay":0,"proxy":0,"hosting":956,"service":544}},"geometry":{"type":"Point","coordinates":[24.93545,60.16952]}},{"type":"Feature","properties":{"country_code":"KOR","city":"Iksan","geoname_id":"1843491","h3_hexagon":590829513852583935,"h3_resolution":3,"downloaders":{"size":129889,"mobile":219,"satellite":0,"tor":0,"tor_exit_nodes":0,"vpn":1063,"relay":0,"proxy":0,"hosting":0,"service":118},"uploaders":{"size":32,"mobile":0,"satellite":0,"tor":0,"tor_exit_nodes":0,"vpn":0,"relay":0,"proxy":0,"hosting":0,"service":0}},"geometry":{"type":"Point","coordinates":[126.95444,35.94389]}},{"type":"Feature","properties":{"country_code":"RUS","city":"Barnaul","geoname_id":"1510853","h3_hexagon":590177366018359295,"h3_resolution":3,"downloaders":{"size":128541,"mobile":255,"satellite":0,"tor":0,"tor_exit_nodes":0,"vpn":526,"relay":0,"proxy":0,"hosting":0,"service":230},"uploaders":{"size":173,"mobile":1,"satellite":0,"tor":0,"tor_exit_nodes":0,"vpn":0,"relay":0,"proxy":0,"hosting":0,"service":0}},"geometry":{"type":"Point","coordinates":[83.7456,53.3598]}},{"type":"Feature","properties":{"country_code":"ARG","city":"San Isidro","geoname_id":"3428992","h3_hexagon":593400103318847487,"h3_resolution":3,"downloaders":{"size":128466,"mobile":16098,"satellite":978,"tor":0,"tor_exit_nodes":0,"vpn":1132,"relay":0,"proxy":0,"hosting":1440,"service":762},"uploaders":{"size":1213,"mobile":114,"satellite":19,"tor":0,"tor_exit_nodes":0,"vpn":145,"relay":0,"proxy":0,"hosting":170,"service":129}},"geometry":{"type":"Point","coordinates":[-58.52111,-34.46971]}},{"type":"Feature","properties":{"country_code":"CHN","city":"Ningbo","geoname_id":"1799397","h3_hexagon":591294607271133183,"h3_resolution":3,"downloaders":{"size":126513,"mobile":0,"satellite":0,"tor":0,"tor_exit_nodes":0,"vpn":1789,"relay":0,"proxy":0,"hosting":6585,"service":0},"uploaders":{"size":300,"mobile":0,"satellite":0,"tor":0,"tor_exit_nodes":0,"vpn":1,"relay":0,"proxy":0,"hosting":3,"service":0}},"geometry":{"type":"Point","coordinates":[121.54945,29.87819]}},{"type":"Feature","properties":{"country_code":"USA","city":"Los Angeles","geoname_id":"5368361","h3_hexagon":590703963368587263,"h3_resolution":3,"downloaders":{"size":126020,"mobile":1239,"satellite":29,"tor":8,"tor_exit_nodes":0,"vpn":57602,"relay":12,"proxy":49,"hosting":80742,"service":48653},"uploaders":{"size":8213,"mobile":30,"satellite":0,"tor":0,"tor_exit_nodes":0,"vpn":6494,"relay":0,"proxy":0,"hosting":7623,"service":6087}},"geometry":{"type":"Point","coordinates":[-118.24368,34.05223]}},{"type":"Feature","properties":{"country_code":"PRT","city":"Graça","geoname_id":"6930167","h3_hexagon":590977879202856959,"h3_resolution":3,"downloaders":{"size":125706,"mobile":4009,"satellite":84,"tor":0,"tor_exit_nodes":0,"vpn":4361,"relay":0,"proxy":0,"hosting":3804,"service":3139},"uploaders":{"size":1999,"mobile":211,"satellite":0,"tor":0,"tor_exit_nodes":0,"vpn":228,"relay":0,"proxy":0,"hosting":222,"service":218}},"geometry":{"type":"Point","coordinates":[-9.1333,38.7167]}},{"type":"Feature","properties":{"country_code":"RUS","city":"Ufa","geoname_id":"479561","h3_hexagon":590267800849743871,"h3_resolution":3,"downloaders":{"size":125171,"mobile":4650,"satellite":0,"tor":0,"tor_exit_nodes":0,"vpn":1274,"relay":0,"proxy":0,"hosting":1,"service":131},"uploaders":{"size":280,"mobile":19,"satellite":0,"tor":0,"tor_exit_nodes":0,"vpn":1,"relay":0,"proxy":0,"hosting":0,"service":0}},"geometry":{"type":"Point","coordinates":[55.96779,54.74306]}},{"type":"Feature","properties":{"country_code":"RUS","city":"Omsk","geoname_id":"1496153","h3_hexagon":590556628810465279,"h3_resolution":3,"downloaders":{"size":124345,"mobile":655,"satellite":0,"tor":0,"tor_exit_nodes":0,"vpn":244,"relay":0,"proxy":0,"hosting":55,"service":125},"uploaders":{"size":70,"mobile":0,"satellite":0,"tor":0,"tor_exit_nodes":0,"vpn":8,"relay":0,"proxy":0,"hosting":8,"service":8}},"geometry":{"type":"Point","coordinates":[73.36859,54.99244]}},{"type":"Feature","properties":{"country_code":"RUS","city":"Saratov","geoname_id":"498677","h3_hexagon":590265395668058111,"h3_resolution":3,"downloaders":{"size":122325,"mobile":3231,"satellite":0,"tor":0,"tor_exit_nodes":0,"vpn":1268,"relay":0,"proxy":0,"hosting":0,"service":83},"uploaders":{"size":288,"mobile":12,"satellite":0,"tor":0,"tor_exit_nodes":0,"vpn":0,"relay":0,"proxy":0,"hosting":0,"service":0}},"geometry":{"type":"Point","coordinates":[46.00861,51.54056]}},{"type":"Feature","properties":{"country_code":"CHN","city":"Beijing","geoname_id":"1816670","h3_hexagon":590845319332233215,"h3_resolution":3,"downloaders":{"size":119690,"mobile":0,"satellite":0,"tor":0,"tor_exit_nodes":0,"vpn":2406,"relay":0,"proxy":2,"hosting":16148,"service":0},"uploaders":{"size":913,"mobile":0,"satellite":0,"tor":0,"tor_exit_nodes":0,"vpn":2,"relay":0,"proxy":0,"hosting":409,"service":0}},"geometry":{"type":"Point","coordinates":[116.39723,39.9075]}},{"type":"Feature","properties":{"country_code":"JPN","city":"Sakai","geoname_id":"1853195","h3_hexagon":590787526252298239,"h3_resolution":3,"downloaders":{"size":118212,"mobile":7185,"satellite":0,"tor":0,"tor_exit_nodes":0,"vpn":7175,"relay":3,"proxy":0,"hosting":9636,"service":5658},"uploaders":{"size":461,"mobile":59,"satellite":0,"tor":0,"tor_exit_nodes":0,"vpn":234,"relay":0,"proxy":0,"hosting":271,"service":234}},"geometry":{"type":"Point","coordinates":[135.46653,34.58216]}},{"type":"Feature","properties":{"country_code":"RUS","city":"Angarsk","geoname_id":"2027667","h3_hexagon":590630296089526271,"h3_resolution":3,"downloaders":{"size":118066,"mobile":15252,"satellite":0,"tor":0,"tor_exit_nodes":0,"vpn":259,"relay":0,"proxy":0,"hosting":36,"service":54},"uploaders":{"size":117,"mobile":11,"satellite":0,"tor":0,"tor_exit_nodes":0,"vpn":0,"relay":0,"proxy":0,"hosting":0,"service":0}},"geometry":{"type":"Point","coordinates":[103.8195,52.4546]}},{"type":"Feature","properties":{"country_code":"AUS","city":"Sydney","geoname_id":"2147714","h3_hexagon":593315097326125055,"h3_resolution":3,"downloaders":{"size":114785,"mobile":4944,"satellite":1336,"tor":10,"tor_exit_nodes":0,"vpn":23799,"relay":36,"proxy":40,"hosting":30529,"service":20532},"uploaders":{"size":5623,"mobile":339,"satellite":336,"tor":0,"tor_exit_nodes":0,"vpn":2125,"relay":0,"proxy":0,"hosting":2624,"service":2001}},"geometry":{"type":"Point","coordinates":[151.1935,-33.926]}},{"type":"Feature","properties":{"country_code":"RUS","city":"Volgograd","geoname_id":"472757","h3_hexagon":590768216079335423,"h3_resolution":3,"downloaders":{"size":113061,"mobile":10064,"satellite":0,"tor":0,"tor_exit_nodes":0,"vpn":1334,"relay":0,"proxy":0,"hosting":0,"service":159},"uploaders":{"size":181,"mobile":48,"satellite":0,"tor":0,"tor_exit_nodes":0,"vpn":1,"relay":0,"proxy":0,"hosting":0,"service":0}},"geometry":{"type":"Point","coordinates":[44.50183,48.71939]}},{"type":"Feature","properties":{"country_code":"ESP","city":"Barcelona","geoname_id":"3128760","h3_hexagon":590979047433961471,"h3_resolution":3,"downloaders":{"size":110790,"mobile":37617,"satellite":0,"tor":0,"tor_exit_nodes":0,"vpn":4232,"relay":1,"proxy":0,"hosting":3625,"service":3394},"uploaders":{"size":1224,"mobile":292,"satellite":0,"tor":0,"tor_exit_nodes":0,"vpn":263,"relay":0,"proxy":0,"hosting":253,"service":236}},"geometry":{"type":"Point","coordinates":[2.15899,41.38879]}},{"type":"Feature","properties":{"country_code":"CAN","city":"Richmond","geoname_id":"6122085","h3_hexagon":590690563070623743,"h3_resolution":3,"downloaders":{"size":109445,"mobile":7879,"satellite":143,"tor":0,"tor_exit_nodes":0,"vpn":48600,"relay":6,"proxy":1,"hosting":30893,"service":45250},"uploaders":{"size":5580,"mobile":103,"satellite":23,"tor":0,"tor_exit_nodes":0,"vpn":4767,"relay":0,"proxy":0,"hosting":2666,"service":4602}},"geometry":{"type":"Point","coordinates":[-123.13683,49.17003]}},{"type":"Feature","properties":{"country_code":"NLD","city":"Rotterdam","geoname_id":"2747891","h3_hexagon":590418777540132863,"h3_resolution":3,"downloaders":{"size":106995,"mobile":1180,"satellite":0,"tor":0,"tor_exit_nodes":0,"vpn":15514,"relay":2,"proxy":0,"hosting":28184,"service":13778},"uploaders":{"size":2007,"mobile":40,"satellite":0,"tor":0,"tor_exit_nodes":0,"vpn":1385,"relay":0,"proxy":0,"hosting":1470,"service":1373}},"geometry":{"type":"Point","coordinates":[4.47917,51.9225]}},{"type":"Feature","properties":{"country_code":"AUS","city":"Melbourne","geoname_id":"2158177","h3_hexagon":593320938481647615,"h3_resolution":3,"downloaders":{"size":106979,"mobile":3406,"satellite":459,"tor":0,"tor_exit_nodes":0,"vpn":18777,"relay":0,"proxy":1,"hosting":22283,"service":15497},"uploaders":{"size":5131,"mobile":261,"satellite":15,"tor":0,"tor_exit_nodes":0,"vpn":2227,"relay":0,"proxy":0,"hosting":2353,"service":2046}},"geometry":{"type":"Point","coordinates":[144.96332,-37.814]}},{"type":"Feature","properties":{"country_code":"RUS","city":"Kemerovo","geoname_id":"1503901","h3_hexagon":590175373153533951,"h3_resolution":3,"downloaders":{"size":106459,"mobile":131,"satellite":0,"tor":0,"tor_exit_nodes":0,"vpn":533,"relay":0,"proxy":0,"hosting":263,"service":36},"uploaders":{"size":55,"mobile":1,"satellite":0,"tor":0,"tor_exit_nodes":0,"vpn":0,"relay":0,"proxy":0,"hosting":0,"service":0}},"geometry":{"type":"Point","coordinates":[86.08333,55.33333]}},{"type":"Feature","properties":{"country_code":"ROU","city":"Bucharest","geoname_id":"683506","h3_hexagon":590515603282853887,"h3_resolution":3,"downloaders":{"size":105307,"mobile":14642,"satellite":19,"tor":208,"tor_exit_nodes":13,"vpn":16057,"relay":0,"proxy":19,"hosting":17472,"service":12668},"uploaders":{"size":1450,"mobile":31,"satellite":0,"tor":4,"tor_exit_nodes":0,"vpn":1012,"relay":0,"proxy":0,"hosting":1018,"service":886}},"geometry":{"type":"Point","coordinates":[26.10626,44.43225]}},{"type":"Feature","properties":{"country_code":"TUR","city":"Adana","geoname_id":"325363","h3_hexagon":590764505227591679,"h3_resolution":3,"downloaders":{"size":104394,"mobile":19840,"satellite":0,"tor":0,"tor_exit_nodes":0,"vpn":13,"relay":0,"proxy":0,"hosting":0,"service":1},"uploaders":{"size":20,"mobile":3,"satellite":0,"tor":0,"tor_exit_nodes":0,"vpn":0,"relay":0,"proxy":0,"hosting":0,"service":0}},"geometry":{"type":"Point","coordinates":[35.32531,36.98615]}},{"type":"Feature","properties":{"country_code":"TUR","city":"Adapazarı","geoname_id":"752850","h3_hexagon":590766910409277439,"h3_resolution":3,"downloaders":{"size":103421,"mobile":13044,"satellite":0,"tor":0,"tor_exit_nodes":0,"vpn":19,"relay":0,"proxy":0,"hosting":9,"service":0},"uploaders":{"size":21,"mobile":1,"satellite":0,"tor":0,"tor_exit_nodes":0,"vpn":5,"relay":0,"proxy":0,"hosting":0,"service":0}},"geometry":{"type":"Point","coordinates":[30.40333,40.78056]}},{"type":"Feature","properties":{"country_code":"USA","city":"Seattle","geoname_id":"5809844","h3_hexagon":590689944595333119,"h3_resolution":3,"downloaders":{"size":102918,"mobile":771,"satellite":1089,"tor":0,"tor_exit_nodes":0,"vpn":49557,"relay":7,"proxy":1,"hosting":52049,"service":39667},"uploaders":{"size":7221,"mobile":22,"satellite":249,"tor":0,"tor_exit_nodes":0,"vpn":5985,"relay":0,"proxy":0,"hosting":5500,"service":4800}},"geometry":{"type":"Point","coordinates":[-122.33207,47.60621]}},{"type":"Feature","properties":{"country_code":"GBR","city":"Ashton-under-Lyne","geoname_id":"2656915","h3_hexagon":590415960041586687,"h3_resolution":3,"downloaders":{"size":100738,"mobile":3720,"satellite":0,"tor":0,"tor_exit_nodes":0,"vpn":11476,"relay":10,"proxy":0,"hosting":10015,"service":9967},"uploaders":{"size":2042,"mobile":112,"satellite":0,"tor":0,"tor_exit_nodes":0,"vpn":1179,"relay":0,"proxy":0,"hosting":1147,"service":1164}},"geometry":{"type":"Point","coordinates":[-2.0989,53.48876]}},{"type":"Feature","properties":{"country_code":"CHN","city":"Zhengzhou","geoname_id":"1784658","h3_hexagon":591107415416504319,"h3_resolution":3,"downloaders":{"size":98312,"mobile":0,"satellite":0,"tor":0,"tor_exit_nodes":0,"vpn":1385,"relay":0,"proxy":0,"hosting":53,"service":1},"uploaders":{"size":262,"mobile":0,"satellite":0,"tor":0,"tor_exit_nodes":0,"vpn":1,"relay":0,"proxy":0,"hosting":0,"service":0}},"geometry":{"type":"Point","coordinates":[113.64861,34.75778]}},{"type":"Feature","properties":{"country_code":"LVA","city":"Riga","geoname_id":"456172","h3_hexagon":590523574742155263,"h3_resolution":3,"downloaders":{"size":97933,"mobile":2395,"satellite":29,"tor":0,"tor_exit_nodes":0,"vpn":4932,"relay":0,"proxy":0,"hosting":9895,"service":3428},"uploaders":{"size":677,"mobile":6,"satellite":0,"tor":0,"tor_exit_nodes":0,"vpn":295,"relay":0,"proxy":0,"hosting":419,"service":291}},"geometry":{"type":"Point","coordinates":[24.10589,56.946]}},{"type":"Feature","properties":{"country_code":"PRT","city":"Guimarães","geoname_id":"2738752","h3_hexagon":590976710971752447,"h3_resolution":3,"downloaders":{"size":97382,"mobile":2688,"satellite":0,"tor":0,"tor_exit_nodes":0,"vpn":784,"relay":0,"proxy":0,"hosting":249,"service":208},"uploaders":{"size":791,"mobile":13,"satellite":0,"tor":0,"tor_exit_nodes":0,"vpn":24,"relay":0,"proxy":0,"hosting":23,"service":21}},"geometry":{"type":"Point","coordinates":[-8.29619,41.44443]}},{"type":"Feature","properties":{"country_code":"LTU","city":"Kaunas","geoname_id":"598316","h3_hexagon":590521375718899711,"h3_resolution":3,"downloaders":{"size":97069,"mobile":5801,"satellite":18,"tor":0,"tor_exit_nodes":0,"vpn":2771,"relay":1,"proxy":0,"hosting":5376,"service":1534},"uploaders":{"size":516,"mobile":143,"satellite":0,"tor":0,"tor_exit_nodes":0,"vpn":144,"relay":0,"proxy":0,"hosting":160,"service":143}},"geometry":{"type":"Point","coordinates":[23.90961,54.90272]}},{"type":"Feature","properties":{"country_code":"RUS","city":"Lipetsk","geoname_id":"535121","h3_hexagon":590281407306137599,"h3_resolution":3,"downloaders":{"size":95423,"mobile":12773,"satellite":0,"tor":0,"tor_exit_nodes":0,"vpn":742,"relay":0,"proxy":0,"hosting":132,"service":47},"uploaders":{"size":78,"mobile":14,"satellite":0,"tor":0,"tor_exit_nodes":0,"vpn":0,"relay":0,"proxy":0,"hosting":0,"service":0}},"geometry":{"type":"Point","coordinates":[39.57076,52.60311]}},{"type":"Feature","properties":{"country_code":"DEU","city":"Gelsenkirchen","geoname_id":"2921466","h3_hexagon":590528316386050047,"h3_resolution":3,"downloaders":{"size":95333,"mobile":17348,"satellite":2,"tor":0,"tor_exit_nodes":0,"vpn":1714,"relay":14,"proxy":0,"hosting":8052,"service":1144},"uploaders":{"size":2717,"mobile":9,"satellite":0,"tor":0,"tor_exit_nodes":0,"vpn":44,"relay":0,"proxy":0,"hosting":123,"service":43}},"geometry":{"type":"Point","coordinates":[7.09654,51.50508]}},{"type":"Feature","properties":{"country_code":"POL","city":"Poznań","geoname_id":"3088171","h3_hexagon":590501859387506687,"h3_resolution":3,"downloaders":{"size":94591,"mobile":3145,"satellite":0,"tor":5,"tor_exit_nodes":5,"vpn":828,"relay":0,"proxy":0,"hosting":403,"service":0},"uploaders":{"size":469,"mobile":120,"satellite":0,"tor":0,"tor_exit_nodes":0,"vpn":9,"relay":0,"proxy":0,"hosting":0,"service":0}},"geometry":{"type":"Point","coordinates":[16.92993,52.40692]}},{"type":"Feature","properties":{"country_code":"USA","city":"Bolingbrook","geoname_id":"4885265","h3_hexagon":590646994922373119,"h3_resolution":3,"downloaders":{"size":94389,"mobile":1519,"satellite":570,"tor":0,"tor_exit_nodes":0,"vpn":55075,"relay":18,"proxy":8,"hosting":55702,"service":48033},"uploaders":{"size":6056,"mobile":158,"satellite":97,"tor":0,"tor_exit_nodes":0,"vpn":5377,"relay":0,"proxy":0,"hosting":5187,"service":5050}},"geometry":{"type":"Point","coordinates":[-88.0684,41.69864]}},{"type":"Feature","properties":{"country_code":"KOR","city":"Wŏnju","geoname_id":"1833105","h3_hexagon":590832400070606847,"h3_resolution":3,"downloaders":{"size":93346,"mobile":105,"satellite":0,"tor":0,"tor_exit_nodes":0,"vpn":879,"relay":0,"proxy":0,"hosting":0,"service":280},"uploaders":{"size":31,"mobile":1,"satellite":0,"tor":0,"tor_exit_nodes":0,"vpn":0,"relay":0,"proxy":0,"hosting":0,"service":0}},"geometry":{"type":"Point","coordinates":[127.94528,37.35139]}},{"type":"Feature","properties":{"country_code":"SVK","city":"Nové Zámky","geoname_id":"3058472","h3_hexagon":590499522925297663,"h3_resolution":3,"downloaders":{"size":92566,"mobile":1845,"satellite":14,"tor":0,"tor_exit_nodes":0,"vpn":4070,"relay":0,"proxy":0,"hosting":5767,"service":2669},"uploaders":{"size":242,"mobile":7,"satellite":0,"tor":0,"tor_exit_nodes":0,"vpn":111,"relay":0,"proxy":0,"hosting":126,"service":102}},"geometry":{"type":"Point","coordinates":[18.16195,47.98544]}},{"type":"Feature","properties":{"country_code":"MEX","city":"San Pedro Garza García","geoname_id":"4005937","h3_hexagon":591249389855440895,"h3_resolution":3,"downloaders":{"size":92383,"mobile":319,"satellite":0,"tor":0,"tor_exit_nodes":0,"vpn":57,"relay":0,"proxy":0,"hosting":25,"service":4},"uploaders":{"size":188,"mobile":1,"satellite":0,"tor":0,"tor_exit_nodes":0,"vpn":0,"relay":0,"proxy":0,"hosting":0,"service":0}},"geometry":{"type":"Point","coordinates":[-100.40651,25.6604]}},{"type":"Feature","properties":{"country_code":"CZE","city":"Prague","geoname_id":"3067696","h3_hexagon":590503027618611199,"h3_resolution":3,"downloaders":{"size":92295,"mobile":5096,"satellite":72,"tor":2,"tor_exit_nodes":2,"vpn":14189,"relay":29,"proxy":0,"hosting":15715,"service":9542},"uploaders":{"size":769,"mobile":8,"satellite":0,"tor":0,"tor_exit_nodes":0,"vpn":507,"relay":0,"proxy":0,"hosting":531,"service":492}},"geometry":{"type":"Point","coordinates":[14.42076,50.08804]}},{"type":"Feature","properties":{"country_code":"RUS","city":"Kazan","geoname_id":"551487","h3_hexagon":590264639753814015,"h3_resolution":3,"downloaders":{"size":87485,"mobile":15095,"satellite":0,"tor":0,"tor_exit_nodes":0,"vpn":1243,"relay":0,"proxy":0,"hosting":306,"service":18},"uploaders":{"size":79,"mobile":17,"satellite":0,"tor":0,"tor_exit_nodes":0,"vpn":7,"relay":0,"proxy":0,"hosting":0,"service":0}},"geometry":{"type":"Point","coordinates":[49.12214,55.78874]}},{"type":"Feature","properties":{"country_code":"RUS","city":"Rybinsk","geoname_id":"500004","h3_hexagon":590256805733466111,"h3_resolution":3,"downloaders":{"size":86528,"mobile":8867,"satellite":0,"tor":0,"tor_exit_nodes":0,"vpn":1701,"relay":0,"proxy":16,"hosting":1,"service":585},"uploaders":{"size":104,"mobile":7,"satellite":0,"tor":0,"tor_exit_nodes":0,"vpn":6,"relay":0,"proxy":0,"hosting":0,"service":6}},"geometry":{"type":"Point","coordinates":[38.83811,58.04562]}},{"type":"Feature","properties":{"country_code":"NLD","city":"Haarlem","geoname_id":"2755003","h3_hexagon":590418571381702655,"h3_resolution":3,"downloaders":{"size":86254,"mobile":3,"satellite":0,"tor":0,"tor_exit_nodes":0,"vpn":32040,"relay":1,"proxy":0,"hosting":62993,"service":6374},"uploaders":{"size":802,"mobile":0,"satellite":0,"tor":0,"tor_exit_nodes":0,"vpn":437,"relay":0,"proxy":0,"hosting":520,"service":389}},"geometry":{"type":"Point","coordinates":[4.6573,52.3904]}},{"type":"Feature","properties":{"country_code":"SGP","city":"Singapore","geoname_id":"1880252","h3_hexagon":591751042035613695,"h3_resolution":3,"downloaders":{"size":82478,"mobile":5148,"satellite":0,"tor":0,"tor_exit_nodes":0,"vpn":24997,"relay":10,"proxy":18,"hosting":45041,"service":23857},"uploaders":{"size":3417,"mobile":76,"satellite":0,"tor":0,"tor_exit_nodes":0,"vpn":2088,"relay":4,"proxy":0,"hosting":2767,"service":2060}},"geometry":{"type":"Point","coordinates":[103.85007,1.28967]}},{"type":"Feature","properties":{"country_code":"BGR","city":"Plovdiv","geoname_id":"728193","h3_hexagon":590512648345354239,"h3_resolution":3,"downloaders":{"size":81243,"mobile":3604,"satellite":0,"tor":0,"tor_exit_nodes":0,"vpn":972,"relay":0,"proxy":0,"hosting":14083,"service":0},"uploaders":{"size":119,"mobile":6,"satellite":0,"tor":0,"tor_exit_nodes":0,"vpn":4,"relay":0,"proxy":0,"hosting":35,"service":0}},"geometry":{"type":"Point","coordinates":[24.75,42.15]}},{"type":"Feature","properties":{"country_code":"HUN","city":"Szolnok","geoname_id":"715126","h3_hexagon":590501378351169535,"h3_resolution":3,"downloaders":{"size":80676,"mobile":547,"satellite":0,"tor":0,"tor_exit_nodes":0,"vpn":732,"relay":0,"proxy":0,"hosting":490,"service":0},"uploaders":{"size":63,"mobile":0,"satellite":0,"tor":0,"tor_exit_nodes":0,"vpn":0,"relay":0,"proxy":0,"hosting":1,"service":0}},"geometry":{"type":"Point","coordinates":[20.2,47.18333]}},{"type":"Feature","properties":{"country_code":"USA","city":"Santa Clara","geoname_id":"5393015","h3_hexagon":590678880759578623,"h3_resolution":3,"downloaders":{"size":79624,"mobile":52,"satellite":274,"tor":248,"tor_exit_nodes":140,"vpn":32011,"relay":2,"proxy":0,"hosting":44189,"service":30204},"uploaders":{"size":5249,"mobile":5,"satellite":7,"tor":6,"tor_exit_nodes":5,"vpn":4072,"relay":0,"proxy":0,"hosting":4325,"service":3977}},"geometry":{"type":"Point","coordinates":[-121.9623,37.3924]}},{"type":"Feature","properties":{"country_code":"DNK","city":"Copenhagen","geoname_id":"2618425","h3_hexagon":590517321269772287,"h3_resolution":3,"downloaders":{"size":78395,"mobile":1965,"satellite":0,"tor":8,"tor_exit_nodes":8,"vpn":18756,"relay":3,"proxy":38,"hosting":13921,"service":15099},"uploaders":{"size":1561,"mobile":53,"satellite":0,"tor":0,"tor_exit_nodes":0,"vpn":965,"relay":0,"proxy":0,"hosting":651,"service":955}},"geometry":{"type":"Point","coordinates":[12.56553,55.67594]}},{"type":"Feature","properties":{"country_code":"RUS","city":"Cheboksary","geoname_id":"569696","h3_hexagon":590264914631720959,"h3_resolution":3,"downloaders":{"size":78151,"mobile":12449,"satellite":0,"tor":0,"tor_exit_nodes":0,"vpn":914,"relay":0,"proxy":0,"hosting":1,"service":55},"uploaders":{"size":192,"mobile":10,"satellite":0,"tor":0,"tor_exit_nodes":0,"vpn":0,"relay":0,"proxy":0,"hosting":0,"service":0}},"geometry":{"type":"Point","coordinates":[47.25194,56.13222]}},{"type":"Feature","properties":{"country_code":"KOR","city":"Suncheon","geoname_id":"1835648","h3_hexagon":590829238974676991,"h3_resolution":3,"downloaders":{"size":77138,"mobile":41,"satellite":0,"tor":0,"tor_exit_nodes":0,"vpn":476,"relay":0,"proxy":0,"hosting":0,"service":64},"uploaders":{"size":14,"mobile":0,"satellite":0,"tor":0,"tor_exit_nodes":0,"vpn":0,"relay":0,"proxy":0,"hosting":0,"service":0}},"geometry":{"type":"Point","coordinates":[127.48784,34.9505]}},{"type":"Feature","properties":{"country_code":"KOR","city":"Gumi","geoname_id":"1842225","h3_hexagon":590829582572060671,"h3_resolution":3,"downloaders":{"size":76756,"mobile":35,"satellite":0,"tor":0,"tor_exit_nodes":0,"vpn":128,"relay":0,"proxy":0,"hosting":141,"service":47},"uploaders":{"size":18,"mobile":0,"satellite":0,"tor":0,"tor_exit_nodes":0,"vpn":0,"relay":0,"proxy":0,"hosting":3,"service":0}},"geometry":{"type":"Point","coordinates":[128.336,36.1136]}},{"type":"Feature","properties":{"country_code":"RUS","city":"Tver","geoname_id":"480060","h3_hexagon":590282231939858431,"h3_resolution":3,"downloaders":{"size":76595,"mobile":1185,"satellite":0,"tor":0,"tor_exit_nodes":0,"vpn":3010,"relay":0,"proxy":0,"hosting":985,"service":1904},"uploaders":{"size":59,"mobile":0,"satellite":0,"tor":0,"tor_exit_nodes":0,"vpn":3,"relay":0,"proxy":0,"hosting":0,"service":1}},"geometry":{"type":"Point","coordinates":[35.90057,56.85836]}},{"type":"Feature","properties":{"country_code":"IRL","city":"Saggart","geoname_id":"2961636","h3_hexagon":590396856027054079,"h3_resolution":3,"downloaders":{"size":76376,"mobile":5037,"satellite":32,"tor":0,"tor_exit_nodes":0,"vpn":9428,"relay":2,"proxy":0,"hosting":27315,"service":7640},"uploaders":{"size":12554,"mobile":449,"satellite":0,"tor":0,"tor_exit_nodes":0,"vpn":672,"relay":0,"proxy":0,"hosting":11527,"service":600}},"geometry":{"type":"Point","coordinates":[-6.44444,53.28028]}},{"type":"Feature","properties":{"country_code":"USA","city":"Morrow","geoname_id":"4210254","h3_hexagon":591181151415042047,"h3_resolution":3,"downloaders":{"size":75889,"mobile":1018,"satellite":142,"tor":0,"tor_exit_nodes":0,"vpn":34703,"relay":5,"proxy":0,"hosting":42112,"service":32973},"uploaders":{"size":4248,"mobile":51,"satellite":2,"tor":0,"tor_exit_nodes":0,"vpn":3682,"relay":0,"proxy":0,"hosting":3792,"service":3555}},"geometry":{"type":"Point","coordinates":[-84.33937,33.58317]}},{"type":"Feature","properties":{"country_code":"TUR","city":"Gaziantep","geoname_id":"314830","h3_hexagon":590774813149102079,"h3_resolution":3,"downloaders":{"size":75820,"mobile":6119,"satellite":0,"tor":0,"tor_exit_nodes":0,"vpn":6,"relay":0,"proxy":0,"hosting":0,"service":0},"uploaders":{"size":3,"mobile":0,"satellite":0,"tor":0,"tor_exit_nodes":0,"vpn":0,"relay":0,"proxy":0,"hosting":0,"service":0}},"geometry":{"type":"Point","coordinates":[37.3825,37.05944]}},{"type":"Feature","properties":{"country_code":"RUS","city":"Kirov","geoname_id":"548408","h3_hexagon":590254744149164031,"h3_resolution":3,"downloaders":{"size":74057,"mobile":7173,"satellite":0,"tor":0,"tor_exit_nodes":0,"vpn":7187,"relay":0,"proxy":0,"hosting":0,"service":6482},"uploaders":{"size":203,"mobile":36,"satellite":0,"tor":0,"tor_exit_nodes":0,"vpn":25,"relay":0,"proxy":0,"hosting":0,"service":25}},"geometry":{"type":"Point","coordinates":[49.66007,58.59665]}},{"type":"Feature","properties":{"country_code":"TUR","city":"Döşemealtı","geoname_id":"316262","h3_hexagon":591087486768250879,"h3_resolution":3,"downloaders":{"size":73968,"mobile":38251,"satellite":0,"tor":0,"tor_exit_nodes":0,"vpn":52,"relay":0,"proxy":0,"hosting":0,"service":0},"uploaders":{"size":42,"mobile":17,"satellite":0,"tor":0,"tor_exit_nodes":0,"vpn":0,"relay":0,"proxy":0,"hosting":0,"service":0}},"geometry":{"type":"Point","coordinates":[30.60247,37.02333]}},{"type":"Feature","properties":{"country_code":"DEU","city":"Falkenstein","geoname_id":"2927913","h3_hexagon":590502958899134463,"h3_resolution":3,"downloaders":{"size":73667,"mobile":245,"satellite":0,"tor":6,"tor_exit_nodes":6,"vpn":293,"relay":0,"proxy":0,"hosting":67496,"service":76},"uploaders":{"size":534,"mobile":0,"satellite":0,"tor":0,"tor_exit_nodes":0,"vpn":0,"relay":0,"proxy":0,"hosting":514,"service":0}},"geometry":{"type":"Point","coordinates":[12.37129,50.47788]}},{"type":"Feature","properties":{"country_code":"MEX","city":"Guadalajara","geoname_id":"4005539","h3_hexagon":591265470212997119,"h3_resolution":3,"downloaders":{"size":73593,"mobile":313,"satellite":0,"tor":0,"tor_exit_nodes":0,"vpn":122,"relay":0,"proxy":0,"hosting":0,"service":0},"uploaders":{"size":224,"mobile":1,"satellite":0,"tor":0,"tor_exit_nodes":0,"vpn":0,"relay":0,"proxy":0,"hosting":0,"service":0}},"geometry":{"type":"Point","coordinates":[-103.34749,20.67738]}},{"type":"Feature","properties":{"country_code":"HRV","city":"Zagreb","geoname_id":"3186886","h3_hexagon":590500691156402175,"h3_resolution":3,"downloaders":{"size":73380,"mobile":5042,"satellite":36,"tor":0,"tor_exit_nodes":0,"vpn":3064,"relay":0,"proxy":0,"hosting":3147,"service":2123},"uploaders":{"size":3106,"mobile":446,"satellite":0,"tor":0,"tor_exit_nodes":0,"vpn":195,"relay":0,"proxy":0,"hosting":189,"service":138}},"geometry":{"type":"Point","coordinates":[15.97798,45.81444]}},{"type":"Feature","properties":{"country_code":"FRA","city":"Aix-en-Provence","geoname_id":"3038354","h3_hexagon":590981521335123967,"h3_resolution":3,"downloaders":{"size":72853,"mobile":20344,"satellite":0,"tor":0,"tor_exit_nodes":0,"vpn":12184,"relay":5,"proxy":0,"hosting":14365,"service":12011},"uploaders":{"size":979,"mobile":58,"satellite":0,"tor":0,"tor_exit_nodes":0,"vpn":807,"relay":0,"proxy":0,"hosting":828,"service":796}},"geometry":{"type":"Point","coordinates":[5.44973,43.5283]}},{"type":"Feature","properties":{"country_code":"RUS","city":"Ryazan’","geoname_id":"500096","h3_hexagon":590280445233463295,"h3_resolution":3,"downloaders":{"size":72121,"mobile":1922,"satellite":0,"tor":0,"tor_exit_nodes":0,"vpn":1782,"relay":0,"proxy":0,"hosting":50,"service":298},"uploaders":{"size":73,"mobile":1,"satellite":0,"tor":0,"tor_exit_nodes":0,"vpn":0,"relay":0,"proxy":0,"hosting":0,"service":0}},"geometry":{"type":"Point","coordinates":[39.6916,54.6269]}},{"type":"Feature","properties":{"country_code":"GBR","city":"Daventry","geoname_id":"2651485","h3_hexagon":590417815467458559,"h3_resolution":3,"downloaders":{"size":70978,"mobile":2225,"satellite":0,"tor":0,"tor_exit_nodes":0,"vpn":1530,"relay":6,"proxy":7,"hosting":2377,"service":500},"uploaders":{"size":737,"mobile":43,"satellite":0,"tor":0,"tor_exit_nodes":0,"vpn":62,"relay":0,"proxy":0,"hosting":90,"service":62}},"geometry":{"type":"Point","coordinates":[-1.16066,52.25688]}},{"type":"Feature","properties":{"country_code":"IRQ","city":"Baghdad","geoname_id":"98182","h3_hexagon":590756671207243775,"h3_resolution":3,"downloaders":{"size":70714,"mobile":905,"satellite":0,"tor":0,"tor_exit_nodes":0,"vpn":127,"relay":0,"proxy":0,"hosting":90,"service":1},"uploaders":{"size":21,"mobile":0,"satellite":0,"tor":0,"tor_exit_nodes":0,"vpn":0,"relay":0,"proxy":0,"hosting":0,"service":0}},"geometry":{"type":"Point","coordinates":[44.40088,33.34058]}},{"type":"Feature","properties":{"country_code":"ITA","city":"Rome","geoname_id":"3169070","h3_hexagon":590508181579366399,"h3_resolution":3,"downloaders":{"size":70478,"mobile":16285,"satellite":10,"tor":0,"tor_exit_nodes":0,"vpn":1444,"relay":0,"proxy":0,"hosting":1324,"service":1057},"uploaders":{"size":753,"mobile":298,"satellite":0,"tor":0,"tor_exit_nodes":0,"vpn":210,"relay":0,"proxy":0,"hosting":218,"service":208}},"geometry":{"type":"Point","coordinates":[12.51133,41.89193]}},{"type":"Feature","properties":{"country_code":"BRA","city":"Rio de Janeiro","geoname_id":"3451190","h3_hexagon":592938102276751359,"h3_resolution":3,"downloaders":{"size":69910,"mobile":4661,"satellite":4,"tor":0,"tor_exit_nodes":0,"vpn":159,"relay":0,"proxy":3,"hosting":541,"service":9},"uploaders":{"size":668,"mobile":116,"satellite":0,"tor":0,"tor_exit_nodes":0,"vpn":5,"relay":0,"proxy":0,"hosting":12,"service":5}},"geometry":{"type":"Point","coordinates":[-43.18223,-22.90642]}},{"type":"Feature","properties":{"country_code":"CHN","city":"Qingdao","geoname_id":"1797929","h3_hexagon":590827864585142271,"h3_resolution":3,"downloaders":{"size":69761,"mobile":0,"satellite":0,"tor":0,"tor_exit_nodes":0,"vpn":1202,"relay":0,"proxy":0,"hosting":1099,"service":0},"uploaders":{"size":272,"mobile":0,"satellite":0,"tor":0,"tor_exit_nodes":0,"vpn":2,"relay":0,"proxy":0,"hosting":0,"service":0}},"geometry":{"type":"Point","coordinates":[120.38042,36.06488]}},{"type":"Feature","properties":{"country_code":"TUR","city":"Konya","geoname_id":"306571","h3_hexagon":591087418048774143,"h3_resolution":3,"downloaders":{"size":69544,"mobile":17084,"satellite":0,"tor":0,"tor_exit_nodes":0,"vpn":19,"relay":0,"proxy":0,"hosting":1,"service":0},"uploaders":{"size":11,"mobile":1,"satellite":0,"tor":0,"tor_exit_nodes":0,"vpn":0,"relay":0,"proxy":0,"hosting":0,"service":0}},"geometry":{"type":"Point","coordinates":[32.48464,37.87135]}},{"type":"Feature","properties":{"country_code":"SRB","city":"Temerin","geoname_id":"3189166","h3_hexagon":590501240912216063,"h3_resolution":3,"downloaders":{"size":68817,"mobile":1416,"satellite":0,"tor":0,"tor_exit_nodes":0,"vpn":4152,"relay":0,"proxy":0,"hosting":6445,"service":3891},"uploaders":{"size":1152,"mobile":102,"satellite":0,"tor":0,"tor_exit_nodes":0,"vpn":251,"relay":0,"proxy":0,"hosting":275,"service":251}},"geometry":{"type":"Point","coordinates":[19.88917,45.40861]}},{"type":"Feature","properties":{"country_code":"RUS","city":"Vladivostok","geoname_id":"2013348","h3_hexagon":590841058724675583,"h3_resolution":3,"downloaders":{"size":68679,"mobile":3473,"satellite":19,"tor":0,"tor_exit_nodes":0,"vpn":13732,"relay":0,"proxy":0,"hosting":367,"service":9606},"uploaders":{"size":204,"mobile":38,"satellite":0,"tor":0,"tor_exit_nodes":0,"vpn":34,"relay":0,"proxy":0,"hosting":0,"service":10}},"geometry":{"type":"Point","coordinates":[131.87353,43.10562]}},{"type":"Feature","properties":{"country_code":"MYS","city":"Cyberjaya","geoname_id":"6930887","h3_hexagon":591748774292881407,"h3_resolution":3,"downloaders":{"size":68606,"mobile":24615,"satellite":38,"tor":0,"tor_exit_nodes":0,"vpn":1558,"relay":0,"proxy":0,"hosting":2105,"service":1331},"uploaders":{"size":1552,"mobile":403,"satellite":2,"tor":0,"tor_exit_nodes":0,"vpn":97,"relay":0,"proxy":0,"hosting":112,"service":96}},"geometry":{"type":"Point","coordinates":[101.65718,2.92281]}},{"type":"Feature","properties":{"country_code":"HUN","city":"Cece","geoname_id":"3054547","h3_hexagon":590501309631692799,"h3_resolution":3,"downloaders":{"size":67420,"mobile":367,"satellite":0,"tor":0,"tor_exit_nodes":0,"vpn":702,"relay":0,"proxy":0,"hosting":589,"service":0},"uploaders":{"size":50,"mobile":1,"satellite":0,"tor":0,"tor_exit_nodes":0,"vpn":0,"relay":0,"proxy":0,"hosting":0,"service":0}},"geometry":{"type":"Point","coordinates":[18.62826,46.77056]}},{"type":"Feature","properties":{"country_code":"USA","city":"Fort Lauderdale","geoname_id":"4155966","h3_hexagon":591178952391786495,"h3_resolution":3,"downloaders":{"size":67294,"mobile":391,"satellite":600,"tor":0,"tor_exit_nodes":0,"vpn":39647,"relay":2,"proxy":1,"hosting":48325,"service":38081},"uploaders":{"size":5780,"mobile":12,"satellite":51,"tor":0,"tor_exit_nodes":0,"vpn":5345,"relay":0,"proxy":0,"hosting":5382,"service":5216}},"geometry":{"type":"Point","coordinates":[-80.2264,26.1122]}},{"type":"Feature","properties":{"country_code":"RUS","city":"Ulyanovsk","geoname_id":"479123","h3_hexagon":590262234572128255,"h3_resolution":3,"downloaders":{"size":66410,"mobile":7229,"satellite":0,"tor":0,"tor_exit_nodes":0,"vpn":374,"relay":0,"proxy":0,"hosting":0,"service":38},"uploaders":{"size":132,"mobile":20,"satellite":0,"tor":0,"tor_exit_nodes":0,"vpn":7,"relay":0,"proxy":0,"hosting":0,"service":0}},"geometry":{"type":"Point","coordinates":[48.38657,54.32824]}},{"type":"Feature","properties":{"country_code":"RUS","city":"Novokuznetsk","geoname_id":"1496990","h3_hexagon":590175441873010687,"h3_resolution":3,"downloaders":{"size":65641,"mobile":96,"satellite":0,"tor":0,"tor_exit_nodes":0,"vpn":218,"relay":0,"proxy":0,"hosting":0,"service":34},"uploaders":{"size":14,"mobile":0,"satellite":0,"tor":0,"tor_exit_nodes":0,"vpn":0,"relay":0,"proxy":0,"hosting":0,"service":0}},"geometry":{"type":"Point","coordinates":[87.13599,53.75752]}},{"type":"Feature","properties":{"country_code":"RUS","city":"Zhukovka","geoname_id":"462822","h3_hexagon":590282850415149055,"h3_resolution":3,"downloaders":{"size":65574,"mobile":29,"satellite":0,"tor":0,"tor_exit_nodes":0,"vpn":467,"relay":0,"proxy":0,"hosting":0,"service":60},"uploaders":{"size":46,"mobile":0,"satellite":0,"tor":0,"tor_exit_nodes":0,"vpn":0,"relay":0,"proxy":0,"hosting":0,"service":0}},"geometry":{"type":"Point","coordinates":[33.73075,53.53381]}},{"type":"Feature","properties":{"country_code":"USA","city":"Cedar Hill","geoname_id":"4679803","h3_hexagon":590654073028476927,"h3_resolution":3,"downloaders":{"size":64681,"mobile":718,"satellite":457,"tor":0,"tor_exit_nodes":0,"vpn":42502,"relay":2,"proxy":1,"hosting":49245,"service":38201},"uploaders":{"size":5793,"mobile":32,"satellite":146,"tor":0,"tor_exit_nodes":0,"vpn":4982,"relay":0,"proxy":0,"hosting":5386,"service":4760}},"geometry":{"type":"Point","coordinates":[-96.9438,32.5885]}},{"type":"Feature","properties":{"country_code":"RUS","city":"Surgut","geoname_id":"1490624","h3_hexagon":590165546268360703,"h3_resolution":3,"downloaders":{"size":64286,"mobile":5779,"satellite":0,"tor":0,"tor_exit_nodes":0,"vpn":329,"relay":0,"proxy":0,"hosting":84,"service":94},"uploaders":{"size":91,"mobile":9,"satellite":0,"tor":0,"tor_exit_nodes":0,"vpn":1,"relay":0,"proxy":0,"hosting":0,"service":0}},"geometry":{"type":"Point","coordinates":[73.41775,61.25757]}},{"type":"Feature","properties":{"country_code":"NOR","city":"Oslo","geoname_id":"3143244","h3_hexagon":590140463659352063,"h3_resolution":3,"downloaders":{"size":64003,"mobile":2992,"satellite":410,"tor":26,"tor_exit_nodes":30,"vpn":13827,"relay":1,"proxy":0,"hosting":12137,"service":12423},"uploaders":{"size":1389,"mobile":82,"satellite":34,"tor":0,"tor_exit_nodes":0,"vpn":889,"relay":0,"proxy":0,"hosting":845,"service":870}},"geometry":{"type":"Point","coordinates":[10.74609,59.91273]}},{"type":"Feature","properties":{"country_code":"SRB","city":"Kanjiža","geoname_id":"789600","h3_hexagon":590501103473262591,"h3_resolution":3,"downloaders":{"size":63449,"mobile":6365,"satellite":0,"tor":2,"tor_exit_nodes":0,"vpn":1430,"relay":0,"proxy":0,"hosting":1230,"service":395},"uploaders":{"size":150,"mobile":16,"satellite":0,"tor":0,"tor_exit_nodes":0,"vpn":19,"relay":0,"proxy":0,"hosting":3,"service":0}},"geometry":{"type":"Point","coordinates":[20.05,46.06667]}},{"type":"Feature","properties":{"country_code":"RUS","city":"Izhevsk","geoname_id":"554840","h3_hexagon":590269587556139007,"h3_resolution":3,"downloaders":{"size":63174,"mobile":5904,"satellite":0,"tor":0,"tor_exit_nodes":0,"vpn":835,"relay":0,"proxy":0,"hosting":3,"service":41},"uploaders":{"size":85,"mobile":22,"satellite":0,"tor":0,"tor_exit_nodes":0,"vpn":0,"relay":0,"proxy":0,"hosting":0,"service":0}},"geometry":{"type":"Point","coordinates":[53.20448,56.84976]}},{"type":"Feature","properties":{"country_code":"CHN","city":"Shenyang","geoname_id":"2034937","h3_hexagon":590818587455782911,"h3_resolution":3,"downloaders":{"size":62740,"mobile":0,"satellite":0,"tor":0,"tor_exit_nodes":0,"vpn":488,"relay":0,"proxy":0,"hosting":3,"service":1},"uploaders":{"size":127,"mobile":0,"satellite":0,"tor":0,"tor_exit_nodes":0,"vpn":2,"relay":0,"proxy":0,"hosting":0,"service":0}},"geometry":{"type":"Point","coordinates":[123.43278,41.79222]}},{"type":"Feature","properties":{"country_code":"HUN","city":"Jászapáti","geoname_id":"719655","h3_hexagon":590500347559018495,"h3_resolution":3,"downloaders":{"size":62480,"mobile":332,"satellite":0,"tor":0,"tor_exit_nodes":0,"vpn":670,"relay":0,"proxy":0,"hosting":1958,"service":0},"uploaders":{"size":62,"mobile":0,"satellite":0,"tor":0,"tor_exit_nodes":0,"vpn":1,"relay":0,"proxy":0,"hosting":0,"service":0}},"geometry":{"type":"Point","coordinates":[20.15,47.51667]}},{"type":"Feature","properties":{"country_code":"USA","city":"Hunt Valley","geoname_id":"4358701","h3_hexagon":590722036590968831,"h3_resolution":3,"downloaders":{"size":62097,"mobile":595,"satellite":0,"tor":0,"tor_exit_nodes":0,"vpn":8739,"relay":9,"proxy":0,"hosting":9527,"service":4603},"uploaders":{"size":857,"mobile":11,"satellite":0,"tor":0,"tor_exit_nodes":0,"vpn":562,"relay":0,"proxy":0,"hosting":613,"service":365}},"geometry":{"type":"Point","coordinates":[-76.64108,39.49983]}},{"type":"Feature","properties":{"country_code":"BGR","city":"Varna","geoname_id":"726050","h3_hexagon":590515534563377151,"h3_resolution":3,"downloaders":{"size":61931,"mobile":8462,"satellite":0,"tor":0,"tor_exit_nodes":0,"vpn":519,"relay":0,"proxy":0,"hosting":894,"service":0},"uploaders":{"size":100,"mobile":18,"satellite":0,"tor":0,"tor_exit_nodes":0,"vpn":9,"relay":0,"proxy":0,"hosting":0,"service":0}},"geometry":{"type":"Point","coordinates":[27.91667,43.21667]}},{"type":"Feature","properties":{"country_code":"POL","city":"Katowice","geoname_id":"3096472","h3_hexagon":590501790668029951,"h3_resolution":3,"downloaders":{"size":61510,"mobile":1804,"satellite":0,"tor":0,"tor_exit_nodes":0,"vpn":939,"relay":0,"proxy":0,"hosting":2175,"service":0},"uploaders":{"size":155,"mobile":3,"satellite":0,"tor":0,"tor_exit_nodes":0,"vpn":0,"relay":0,"proxy":0,"hosting":10,"service":0}},"geometry":{"type":"Point","coordinates":[18.972,50.2814]}},{"type":"Feature","properties":{"country_code":"RUS","city":"Vladimir","geoname_id":"473247","h3_hexagon":590280032916602879,"h3_resolution":3,"downloaders":{"size":60457,"mobile":1727,"satellite":0,"tor":0,"tor_exit_nodes":0,"vpn":533,"relay":0,"proxy":0,"hosting":1,"service":0},"uploaders":{"size":18,"mobile":0,"satellite":0,"tor":0,"tor_exit_nodes":0,"vpn":0,"relay":0,"proxy":0,"hosting":0,"service":0}},"geometry":{"type":"Point","coordinates":[40.39658,56.13655]}},{"type":"Feature","properties":{"country_code":"DEU","city":"Berlin","geoname_id":"2950159","h3_hexagon":590518970537213951,"h3_resolution":3,"downloaders":{"size":59424,"mobile":13719,"satellite":572,"tor":310,"tor_exit_nodes":310,"vpn":5199,"relay":4,"proxy":2,"hosting":8054,"service":3791},"uploaders":{"size":811,"mobile":9,"satellite":0,"tor":9,"tor_exit_nodes":9,"vpn":440,"relay":0,"proxy":0,"hosting":387,"service":346}},"geometry":{"type":"Point","coordinates":[13.41053,52.52437]}},{"type":"Feature","properties":{"country_code":"RUS","city":"Penza","geoname_id":"511565","h3_hexagon":590264227436953599,"h3_resolution":3,"downloaders":{"size":59301,"mobile":4517,"satellite":0,"tor":0,"tor_exit_nodes":0,"vpn":647,"relay":0,"proxy":0,"hosting":0,"service":18},"uploaders":{"size":173,"mobile":6,"satellite":0,"tor":0,"tor_exit_nodes":0,"vpn":1,"relay":0,"proxy":0,"hosting":0,"service":0}},"geometry":{"type":"Point","coordinates":[45.00464,53.20066]}},{"type":"Feature","properties":{"country_code":"RUS","city":"Belgorod","geoname_id":"578072","h3_hexagon":590280994989277183,"h3_resolution":3,"downloaders":{"size":58462,"mobile":6999,"satellite":0,"tor":0,"tor_exit_nodes":0,"vpn":959,"relay":0,"proxy":14,"hosting":5814,"service":73},"uploaders":{"size":83,"mobile":5,"satellite":0,"tor":0,"tor_exit_nodes":0,"vpn":3,"relay":0,"proxy":0,"hosting":16,"service":0}},"geometry":{"type":"Point","coordinates":[36.58015,50.61074]}},{"type":"Feature","properties":{"country_code":"KOR","city":"Pohang","geoname_id":"1839071","h3_hexagon":590832125192699903,"h3_resolution":3,"downloaders":{"size":58131,"mobile":267,"satellite":0,"tor":0,"tor_exit_nodes":0,"vpn":89,"relay":0,"proxy":0,"hosting":0,"service":2},"uploaders":{"size":24,"mobile":0,"satellite":0,"tor":0,"tor_exit_nodes":0,"vpn":0,"relay":0,"proxy":0,"hosting":0,"service":0}},"geometry":{"type":"Point","coordinates":[129.36481,36.02917]}},{"type":"Feature","properties":{"country_code":"RUS","city":"Khabarovsk","geoname_id":"2022890","h3_hexagon":590338169593921535,"h3_resolution":3,"downloaders":{"size":57947,"mobile":3803,"satellite":48,"tor":0,"tor_exit_nodes":0,"vpn":918,"relay":0,"proxy":0,"hosting":169,"service":839},"uploaders":{"size":1128,"mobile":12,"satellite":0,"tor":0,"tor_exit_nodes":0,"vpn":5,"relay":0,"proxy":0,"hosting":0,"service":5}},"geometry":{"type":"Point","coordinates":[135.08822,48.48032]}},{"type":"Feature","properties":{"country_code":"GRC","city":"Athens","geoname_id":"264371","h3_hexagon":590514366332272639,"h3_resolution":3,"downloaders":{"size":57683,"mobile":2345,"satellite":122,"tor":0,"tor_exit_nodes":0,"vpn":3592,"relay":0,"proxy":0,"hosting":4297,"service":3256},"uploaders":{"size":1300,"mobile":150,"satellite":0,"tor":0,"tor_exit_nodes":0,"vpn":430,"relay":0,"proxy":0,"hosting":449,"service":429}},"geometry":{"type":"Point","coordinates":[23.72784,37.98376]}},{"type":"Feature","properties":{"country_code":"GBR","city":"Earl Shilton","geoname_id":"6693007","h3_hexagon":590417746747981823,"h3_resolution":3,"downloaders":{"size":57613,"mobile":1442,"satellite":0,"tor":2,"tor_exit_nodes":2,"vpn":1212,"relay":7,"proxy":27,"hosting":2705,"service":772},"uploaders":{"size":664,"mobile":45,"satellite":0,"tor":0,"tor_exit_nodes":0,"vpn":69,"relay":0,"proxy":0,"hosting":135,"service":58}},"geometry":{"type":"Point","coordinates":[-1.31536,52.57682]}},{"type":"Feature","properties":{"country_code":"POL","city":"Gdańsk","geoname_id":"3099434","h3_hexagon":590517596147679231,"h3_resolution":3,"downloaders":{"size":57437,"mobile":1247,"satellite":0,"tor":0,"tor_exit_nodes":0,"vpn":378,"relay":0,"proxy":0,"hosting":324,"service":94},"uploaders":{"size":124,"mobile":9,"satellite":0,"tor":0,"tor_exit_nodes":0,"vpn":6,"relay":0,"proxy":0,"hosting":6,"service":6}},"geometry":{"type":"Point","coordinates":[18.64912,54.35227]}},{"type":"Feature","properties":{"country_code":"KOR","city":"Munsan","geoname_id":"1840862","h3_hexagon":590831781595316223,"h3_resolution":3,"downloaders":{"size":57345,"mobile":11,"satellite":0,"tor":0,"tor_exit_nodes":0,"vpn":290,"relay":0,"proxy":0,"hosting":0,"service":32},"uploaders":{"size":24,"mobile":0,"satellite":0,"tor":0,"tor_exit_nodes":0,"vpn":1,"relay":0,"proxy":0,"hosting":0,"service":0}},"geometry":{"type":"Point","coordinates":[126.785,37.85944]}},{"type":"Feature","properties":{"country_code":"RUS","city":"Orenburg","geoname_id":"515003","h3_hexagon":590554773384593407,"h3_resolution":3,"downloaders":{"size":57226,"mobile":71,"satellite":0,"tor":0,"tor_exit_nodes":0,"vpn":1554,"relay":0,"proxy":0,"hosting":39,"service":1216},"uploaders":{"size":44,"mobile":0,"satellite":0,"tor":0,"tor_exit_nodes":0,"vpn":0,"relay":0,"proxy":0,"hosting":0,"service":0}},"geometry":{"type":"Point","coordinates":[55.0988,51.7727]}},{"type":"Feature","properties":{"country_code":"FRA","city":"Lyon","geoname_id":"2996944","h3_hexagon":590526873277038591,"h3_resolution":3,"downloaders":{"size":56899,"mobile":19133,"satellite":0,"tor":0,"tor_exit_nodes":0,"vpn":513,"relay":1,"proxy":0,"hosting":1130,"service":4},"uploaders":{"size":361,"mobile":166,"satellite":0,"tor":0,"tor_exit_nodes":0,"vpn":13,"relay":0,"proxy":0,"hosting":44,"service":0}},"geometry":{"type":"Point","coordinates":[4.84671,45.74846]}},{"type":"Feature","properties":{"country_code":"JPN","city":"Okazaki","geoname_id":"1854376","h3_hexagon":590787457532821503,"h3_resolution":3,"downloaders":{"size":56770,"mobile":2843,"satellite":0,"tor":0,"tor_exit_nodes":0,"vpn":3704,"relay":2,"proxy":0,"hosting":418,"service":2676},"uploaders":{"size":62,"mobile":3,"satellite":0,"tor":0,"tor_exit_nodes":0,"vpn":12,"relay":0,"proxy":0,"hosting":0,"service":11}},"geometry":{"type":"Point","coordinates":[137.16667,34.95]}},{"type":"Feature","properties":{"country_code":"TUR","city":"Kayseri","geoname_id":"308464","h3_hexagon":590764436508114943,"h3_resolution":3,"downloaders":{"size":56296,"mobile":13486,"satellite":0,"tor":0,"tor_exit_nodes":0,"vpn":15,"relay":0,"proxy":0,"hosting":0,"service":0},"uploaders":{"size":22,"mobile":1,"satellite":0,"tor":0,"tor_exit_nodes":0,"vpn":0,"relay":0,"proxy":0,"hosting":0,"service":0}},"geometry":{"type":"Point","coordinates":[35.48528,38.73222]}},{"type":"Feature","properties":{"country_code":"GBR","city":"Ipswich","geoname_id":"2646057","h3_hexagon":590416784675307519,"h3_resolution":3,"downloaders":{"size":54906,"mobile":1349,"satellite":0,"tor":0,"tor_exit_nodes":0,"vpn":736,"relay":4,"proxy":0,"hosting":1980,"service":423},"uploaders":{"size":593,"mobile":33,"satellite":0,"tor":0,"tor_exit_nodes":0,"vpn":22,"relay":0,"proxy":0,"hosting":36,"service":12}},"geometry":{"type":"Point","coordinates":[1.15545,52.05917]}},{"type":"Feature","properties":{"country_code":"AUS","city":"Brisbane","geoname_id":"2174003","h3_hexagon":593323824699670527,"h3_resolution":3,"downloaders":{"size":54738,"mobile":1817,"satellite":282,"tor":0,"tor_exit_nodes":0,"vpn":11328,"relay":0,"proxy":0,"hosting":11944,"service":7926},"uploaders":{"size":2924,"mobile":91,"satellite":26,"tor":0,"tor_exit_nodes":0,"vpn":1212,"relay":0,"proxy":0,"hosting":1273,"service":889}},"geometry":{"type":"Point","coordinates":[153.02809,-27.46794]}},{"type":"Feature","properties":{"country_code":"NZL","city":"Auckland","geoname_id":"2193733","h3_hexagon":593266856253456383,"h3_resolution":3,"downloaders":{"size":54694,"mobile":18192,"satellite":435,"tor":0,"tor_exit_nodes":0,"vpn":8795,"relay":0,"proxy":0,"hosting":8805,"service":7976},"uploaders":{"size":2326,"mobile":620,"satellite":76,"tor":0,"tor_exit_nodes":0,"vpn":668,"relay":0,"proxy":0,"hosting":687,"service":642}},"geometry":{"type":"Point","coordinates":[174.76349,-36.84853]}},{"type":"Feature","properties":{"country_code":"RUS","city":"Kaliningrad","geoname_id":"554234","h3_hexagon":590524880412213247,"h3_resolution":3,"downloaders":{"size":54331,"mobile":180,"satellite":0,"tor":0,"tor_exit_nodes":0,"vpn":358,"relay":0,"proxy":1,"hosting":3,"service":16},"uploaders":{"size":57,"mobile":0,"satellite":0,"tor":0,"tor_exit_nodes":0,"vpn":0,"relay":0,"proxy":0,"hosting":0,"service":0}},"geometry":{"type":"Point","coordinates":[20.51095,54.70649]}},{"type":"Feature","properties":{"country_code":"TUR","city":"Kızıltepe","geoname_id":"307084","h3_hexagon":590749386942709759,"h3_resolution":3,"downloaders":{"size":54195,"mobile":8003,"satellite":0,"tor":0,"tor_exit_nodes":0,"vpn":3,"relay":0,"proxy":0,"hosting":0,"service":0},"uploaders":{"size":13,"mobile":1,"satellite":0,"tor":0,"tor_exit_nodes":0,"vpn":0,"relay":0,"proxy":0,"hosting":0,"service":0}},"geometry":{"type":"Point","coordinates":[40.57723,37.18836]}},{"type":"Feature","properties":{"country_code":"FRA","city":"Limeil-Brévannes","geoname_id":"2998305","h3_hexagon":590529072300294143,"h3_resolution":3,"downloaders":{"size":54163,"mobile":13142,"satellite":0,"tor":0,"tor_exit_nodes":0,"vpn":12318,"relay":1,"proxy":0,"hosting":21506,"service":7575},"uploaders":{"size":208,"mobile":23,"satellite":0,"tor":0,"tor_exit_nodes":0,"vpn":99,"relay":0,"proxy":0,"hosting":107,"service":98}},"geometry":{"type":"Point","coordinates":[2.48705,48.7448]}},{"type":"Feature","properties":{"country_code":"EST","city":"Tallinn","geoname_id":"588409","h3_hexagon":590123008912261119,"h3_resolution":3,"downloaders":{"size":53049,"mobile":2792,"satellite":48,"tor":0,"tor_exit_nodes":0,"vpn":3850,"relay":0,"proxy":1,"hosting":5815,"service":3029},"uploaders":{"size":584,"mobile":229,"satellite":4,"tor":0,"tor_exit_nodes":0,"vpn":149,"relay":0,"proxy":0,"hosting":151,"service":130}},"geometry":{"type":"Point","coordinates":[24.75353,59.43696]}},{"type":"Feature","properties":{"country_code":"THA","city":"Bangkok","geoname_id":"1609350","h3_hexagon":591742108503638015,"h3_resolution":3,"downloaders":{"size":52681,"mobile":16247,"satellite":0,"tor":0,"tor_exit_nodes":0,"vpn":1865,"relay":0,"proxy":1,"hosting":3533,"service":1171},"uploaders":{"size":768,"mobile":211,"satellite":0,"tor":0,"tor_exit_nodes":0,"vpn":52,"relay":0,"proxy":0,"hosting":69,"service":50}},"geometry":{"type":"Point","coordinates":[100.50144,13.75398]}},{"type":"Feature","properties":{"country_code":"TWN","city":"Taichung","geoname_id":"1668399","h3_hexagon":591302166413574143,"h3_resolution":3,"downloaders":{"size":51852,"mobile":900,"satellite":0,"tor":0,"tor_exit_nodes":0,"vpn":2148,"relay":0,"proxy":0,"hosting":39,"service":1},"uploaders":{"size":146,"mobile":7,"satellite":0,"tor":0,"tor_exit_nodes":0,"vpn":4,"relay":0,"proxy":0,"hosting":0,"service":0}},"geometry":{"type":"Point","coordinates":[120.6839,24.1469]}},{"type":"Feature","properties":{"country_code":"FRA","city":"Lille","geoname_id":"2998324","h3_hexagon":590416715955830783,"h3_resolution":3,"downloaders":{"size":51757,"mobile":12470,"satellite":0,"tor":0,"tor_exit_nodes":0,"vpn":671,"relay":3,"proxy":28,"hosting":4153,"service":83},"uploaders":{"size":377,"mobile":33,"satellite":0,"tor":0,"tor_exit_nodes":0,"vpn":18,"relay":0,"proxy":0,"hosting":95,"service":15}},"geometry":{"type":"Point","coordinates":[3.05858,50.63297]}},{"type":"Feature","properties":{"country_code":"GBR","city":"Salford","geoname_id":"2638671","h3_hexagon":590416990833737727,"h3_resolution":3,"downloaders":{"size":51426,"mobile":2090,"satellite":0,"tor":0,"tor_exit_nodes":0,"vpn":2920,"relay":19,"proxy":0,"hosting":3663,"service":2627},"uploaders":{"size":668,"mobile":16,"satellite":0,"tor":0,"tor_exit_nodes":0,"vpn":212,"relay":6,"proxy":0,"hosting":252,"service":214}},"geometry":{"type":"Point","coordinates":[-2.29042,53.48771]}},{"type":"Feature","properties":{"country_code":"AUT","city":"Vienna","geoname_id":"2761369","h3_hexagon":590500828595355647,"h3_resolution":3,"downloaders":{"size":51397,"mobile":5935,"satellite":137,"tor":7,"tor_exit_nodes":7,"vpn":7964,"relay":4,"proxy":104,"hosting":10052,"service":7264},"uploaders":{"size":854,"mobile":174,"satellite":4,"tor":0,"tor_exit_nodes":0,"vpn":435,"relay":0,"proxy":0,"hosting":449,"service":430}},"geometry":{"type":"Point","coordinates":[16.37208,48.20849]}},{"type":"Feature","properties":{"country_code":"TUR","city":"Samsun","geoname_id":"740264","h3_hexagon":590763474435440639,"h3_resolution":3,"downloaders":{"size":51243,"mobile":9900,"satellite":0,"tor":0,"tor_exit_nodes":0,"vpn":2,"relay":0,"proxy":0,"hosting":0,"service":0},"uploaders":{"size":5,"mobile":0,"satellite":0,"tor":0,"tor_exit_nodes":0,"vpn":0,"relay":0,"proxy":0,"hosting":0,"service":0}},"geometry":{"type":"Point","coordinates":[36.3361,41.27976]}},{"type":"Feature","properties":{"country_code":"EGY","city":"Giza","geoname_id":"360995","h3_hexagon":591069069948485631,"h3_resolution":3,"downloaders":{"size":51211,"mobile":4584,"satellite":0,"tor":0,"tor_exit_nodes":0,"vpn":56,"relay":0,"proxy":1,"hosting":91,"service":35},"uploaders":{"size":114,"mobile":10,"satellite":0,"tor":0,"tor_exit_nodes":0,"vpn":7,"relay":0,"proxy":0,"hosting":7,"service":7}},"geometry":{"type":"Point","coordinates":[31.20861,30.00944]}},{"type":"Feature","properties":{"country_code":"TUR","city":"Lüleburgaz","geoname_id":"741855","h3_hexagon":590513129381691391,"h3_resolution":3,"downloaders":{"size":50725,"mobile":8181,"satellite":0,"tor":0,"tor_exit_nodes":0,"vpn":9,"relay":0,"proxy":0,"hosting":1,"service":0},"uploaders":{"size":8,"mobile":1,"satellite":0,"tor":0,"tor_exit_nodes":0,"vpn":0,"relay":0,"proxy":0,"hosting":0,"service":0}},"geometry":{"type":"Point","coordinates":[27.35746,41.40173]}},{"type":"Feature","properties":{"country_code":"RUS","city":"Stavropol’","geoname_id":"487846","h3_hexagon":590768834554626047,"h3_resolution":3,"downloaders":{"size":49841,"mobile":11817,"satellite":0,"tor":0,"tor_exit_nodes":0,"vpn":419,"relay":0,"proxy":0,"hosting":13,"service":99},"uploaders":{"size":61,"mobile":6,"satellite":0,"tor":0,"tor_exit_nodes":0,"vpn":0,"relay":0,"proxy":0,"hosting":0,"service":0}},"geometry":{"type":"Point","coordinates":[41.9734,45.0428]}},{"type":"Feature","properties":{"country_code":"KOR","city":"Seogwipo","geoname_id":"6621166","h3_hexagon":590830407205781503,"h3_resolution":3,"downloaders":{"size":49218,"mobile":4,"satellite":0,"tor":0,"tor_exit_nodes":0,"vpn":210,"relay":0,"proxy":0,"hosting":0,"service":52},"uploaders":{"size":7,"mobile":0,"satellite":0,"tor":0,"tor_exit_nodes":0,"vpn":0,"relay":0,"proxy":0,"hosting":0,"service":0}},"geometry":{"type":"Point","coordinates":[126.56181,33.25333]}},{"type":"Feature","properties":{"country_code":"TUR","city":"Mersin","geoname_id":"304531","h3_hexagon":590774606990671871,"h3_resolution":3,"downloaders":{"size":49027,"mobile":12600,"satellite":0,"tor":0,"tor_exit_nodes":0,"vpn":22,"relay":0,"proxy":0,"hosting":0,"service":0},"uploaders":{"size":10,"mobile":1,"satellite":0,"tor":0,"tor_exit_nodes":0,"vpn":0,"relay":0,"proxy":0,"hosting":0,"service":0}},"geometry":{"type":"Point","coordinates":[34.63886,36.81196]}},{"type":"Feature","properties":{"country_code":"USA","city":"Colorado Springs","geoname_id":"5417598","h3_hexagon":590649743701442559,"h3_resolution":3,"downloaders":{"size":48917,"mobile":552,"satellite":303,"tor":0,"tor_exit_nodes":0,"vpn":24405,"relay":5,"proxy":0,"hosting":24183,"service":23038},"uploaders":{"size":2905,"mobile":23,"satellite":8,"tor":0,"tor_exit_nodes":0,"vpn":2686,"relay":0,"proxy":0,"hosting":2559,"service":2665}},"geometry":{"type":"Point","coordinates":[-104.82136,38.83388]}},{"type":"Feature","properties":{"country_code":"RUS","city":"Smolensk","geoname_id":"491687","h3_hexagon":590282094500904959,"h3_resolution":3,"downloaders":{"size":48292,"mobile":67,"satellite":0,"tor":0,"tor_exit_nodes":0,"vpn":432,"relay":0,"proxy":0,"hosting":0,"service":67},"uploaders":{"size":115,"mobile":9,"satellite":0,"tor":0,"tor_exit_nodes":0,"vpn":0,"relay":0,"proxy":0,"hosting":0,"service":0}},"geometry":{"type":"Point","coordinates":[32.04371,54.77944]}},{"type":"Feature","properties":{"country_code":"CHN","city":"Chengdu","geoname_id":"1815286","h3_hexagon":591113119133073407,"h3_resolution":3,"downloaders":{"size":48209,"mobile":0,"satellite":0,"tor":0,"tor_exit_nodes":0,"vpn":2789,"relay":0,"proxy":7,"hosting":1813,"service":0},"uploaders":{"size":357,"mobile":0,"satellite":0,"tor":0,"tor_exit_nodes":0,"vpn":27,"relay":0,"proxy":0,"hosting":7,"service":0}},"geometry":{"type":"Point","coordinates":[104.06667,30.66667]}},{"type":"Feature","properties":{"country_code":"BRA","city":"Louveira","geoname_id":"3458406","h3_hexagon":592928412830531583,"h3_resolution":3,"downloaders":{"size":48067,"mobile":6349,"satellite":0,"tor":0,"tor_exit_nodes":0,"vpn":119,"relay":0,"proxy":1,"hosting":533,"service":0},"uploaders":{"size":374,"mobile":111,"satellite":0,"tor":0,"tor_exit_nodes":0,"vpn":1,"relay":0,"proxy":0,"hosting":28,"service":0}},"geometry":{"type":"Point","coordinates":[-46.95056,-23.08639]}},{"type":"Feature","properties":{"country_code":"TUR","city":"Aksaray","geoname_id":"324496","h3_hexagon":590764367788638207,"h3_resolution":3,"downloaders":{"size":47237,"mobile":339,"satellite":0,"tor":0,"tor_exit_nodes":0,"vpn":2,"relay":0,"proxy":0,"hosting":0,"service":0},"uploaders":{"size":6,"mobile":0,"satellite":0,"tor":0,"tor_exit_nodes":0,"vpn":0,"relay":0,"proxy":0,"hosting":0,"service":0}},"geometry":{"type":"Point","coordinates":[34.02537,38.37255]}},{"type":"Feature","properties":{"country_code":"SWE","city":"Göteborg","geoname_id":"2711537","h3_hexagon":590519520293027839,"h3_resolution":3,"downloaders":{"size":46862,"mobile":3508,"satellite":0,"tor":3,"tor_exit_nodes":3,"vpn":8530,"relay":0,"proxy":0,"hosting":5698,"service":7562},"uploaders":{"size":693,"mobile":49,"satellite":0,"tor":0,"tor_exit_nodes":0,"vpn":418,"relay":0,"proxy":0,"hosting":294,"service":402}},"geometry":{"type":"Point","coordinates":[11.96679,57.70716]}},{"type":"Feature","properties":{"country_code":"DEU","city":"Zweibrücken","geoname_id":"2803620","h3_hexagon":590526117362794495,"h3_resolution":3,"downloaders":{"size":46349,"mobile":6808,"satellite":0,"tor":4,"tor_exit_nodes":4,"vpn":702,"relay":2,"proxy":0,"hosting":21632,"service":383},"uploaders":{"size":223,"mobile":41,"satellite":0,"tor":1,"tor_exit_nodes":1,"vpn":10,"relay":0,"proxy":0,"hosting":86,"service":10}},"geometry":{"type":"Point","coordinates":[7.36977,49.24686]}},{"type":"Feature","properties":{"country_code":"RUS","city":"Ivanovo","geoname_id":"555312","h3_hexagon":590280376513986559,"h3_resolution":3,"downloaders":{"size":46347,"mobile":2238,"satellite":0,"tor":0,"tor_exit_nodes":0,"vpn":1169,"relay":0,"proxy":0,"hosting":0,"service":102},"uploaders":{"size":251,"mobile":0,"satellite":0,"tor":0,"tor_exit_nodes":0,"vpn":0,"relay":0,"proxy":0,"hosting":0,"service":0}},"geometry":{"type":"Point","coordinates":[40.97139,56.99719]}},{"type":"Feature","properties":{"country_code":"TWN","city":"Tainan","geoname_id":"1668355","h3_hexagon":591303197205725183,"h3_resolution":3,"downloaders":{"size":46235,"mobile":1007,"satellite":0,"tor":0,"tor_exit_nodes":0,"vpn":1211,"relay":0,"proxy":0,"hosting":0,"service":19},"uploaders":{"size":90,"mobile":7,"satellite":0,"tor":0,"tor_exit_nodes":0,"vpn":0,"relay":0,"proxy":0,"hosting":0,"service":0}},"geometry":{"type":"Point","coordinates":[120.21333,22.99083]}},{"type":"Feature","properties":{"country_code":"RUS","city":"Kursk","geoname_id":"538560","h3_hexagon":590280857550323711,"h3_resolution":3,"downloaders":{"size":46099,"mobile":130,"satellite":0,"tor":0,"tor_exit_nodes":0,"vpn":309,"relay":0,"proxy":0,"hosting":1188,"service":0},"uploaders":{"size":23,"mobile":0,"satellite":0,"tor":0,"tor_exit_nodes":0,"vpn":0,"relay":0,"proxy":0,"hosting":0,"service":0}},"geometry":{"type":"Point","coordinates":[36.18712,51.73758]}},{"type":"Feature","properties":{"country_code":"HUN","city":"Békéscsaba","geoname_id":"722437","h3_hexagon":590500072681111551,"h3_resolution":3,"downloaders":{"size":46032,"mobile":2107,"satellite":0,"tor":0,"tor_exit_nodes":0,"vpn":516,"relay":1,"proxy":0,"hosting":369,"service":1},"uploaders":{"size":66,"mobile":2,"satellite":0,"tor":0,"tor_exit_nodes":0,"vpn":0,"relay":0,"proxy":0,"hosting":0,"service":0}},"geometry":{"type":"Point","coordinates":[21.1,46.68333]}},{"type":"Feature","properties":{"country_code":"ESP","city":"Valencia","geoname_id":"2509954","h3_hexagon":590980146945589247,"h3_resolution":3,"downloaders":{"size":45916,"mobile":15195,"satellite":0,"tor":0,"tor_exit_nodes":0,"vpn":863,"relay":0,"proxy":0,"hosting":886,"service":688},"uploaders":{"size":310,"mobile":95,"satellite":0,"tor":0,"tor_exit_nodes":0,"vpn":35,"relay":0,"proxy":0,"hosting":37,"service":34}},"geometry":{"type":"Point","coordinates":[-0.37966,39.47391]}},{"type":"Feature","properties":{"country_code":"JPN","city":"Sakado","geoname_id":"1853209","h3_hexagon":590804706121482239,"h3_resolution":3,"downloaders":{"size":45520,"mobile":2151,"satellite":0,"tor":0,"tor_exit_nodes":0,"vpn":1219,"relay":1,"proxy":0,"hosting":736,"service":376},"uploaders":{"size":66,"mobile":4,"satellite":0,"tor":0,"tor_exit_nodes":0,"vpn":2,"relay":0,"proxy":0,"hosting":2,"service":2}},"geometry":{"type":"Point","coordinates":[139.38889,35.95694]}},{"type":"Feature","properties":{"country_code":"PAK","city":"Lahore","geoname_id":"1172451","h3_hexagon":591137995583651839,"h3_resolution":3,"downloaders":{"size":45229,"mobile":240,"satellite":0,"tor":0,"tor_exit_nodes":0,"vpn":85,"relay":0,"proxy":0,"hosting":37732,"service":0},"uploaders":{"size":86,"mobile":2,"satellite":0,"tor":0,"tor_exit_nodes":0,"vpn":0,"relay":0,"proxy":0,"hosting":18,"service":0}},"geometry":{"type":"Point","coordinates":[74.35071,31.558]}},{"type":"Feature","properties":{"country_code":"DEU","city":"Nürnberg","geoname_id":"2861650","h3_hexagon":590528728702910463,"h3_resolution":3,"downloaders":{"size":44799,"mobile":1777,"satellite":0,"tor":57,"tor_exit_nodes":57,"vpn":665,"relay":0,"proxy":0,"hosting":27214,"service":306},"uploaders":{"size":1048,"mobile":0,"satellite":0,"tor":4,"tor_exit_nodes":4,"vpn":9,"relay":0,"proxy":0,"hosting":455,"service":9}},"geometry":{"type":"Point","coordinates":[11.07752,49.45421]}},{"type":"Feature","properties":{"country_code":"BRA","city":"Sumaré","geoname_id":"3447259","h3_hexagon":592928275391578111,"h3_resolution":3,"downloaders":{"size":44524,"mobile":1349,"satellite":0,"tor":0,"tor_exit_nodes":0,"vpn":85,"relay":0,"proxy":0,"hosting":66,"service":0},"uploaders":{"size":103,"mobile":6,"satellite":0,"tor":0,"tor_exit_nodes":0,"vpn":0,"relay":0,"proxy":0,"hosting":0,"service":0}},"geometry":{"type":"Point","coordinates":[-47.26694,-22.82194]}},{"type":"Feature","properties":{"country_code":"RUS","city":"Pereslavl’-Zalesskiy","geoname_id":"511359","h3_hexagon":590282438098288639,"h3_resolution":3,"downloaders":{"size":44232,"mobile":77,"satellite":0,"tor":0,"tor_exit_nodes":0,"vpn":4689,"relay":0,"proxy":0,"hosting":204,"service":4439},"uploaders":{"size":8,"mobile":0,"satellite":0,"tor":0,"tor_exit_nodes":0,"vpn":3,"relay":0,"proxy":0,"hosting":0,"service":3}},"geometry":{"type":"Point","coordinates":[38.85966,56.73912]}},{"type":"Feature","properties":{"country_code":"MAR","city":"Casablanca","geoname_id":"2553604","h3_hexagon":590986056820588543,"h3_resolution":3,"downloaders":{"size":44067,"mobile":19064,"satellite":0,"tor":0,"tor_exit_nodes":0,"vpn":36,"relay":0,"proxy":0,"hosting":8,"service":0},"uploaders":{"size":50,"mobile":23,"satellite":0,"tor":0,"tor_exit_nodes":0,"vpn":0,"relay":0,"proxy":0,"hosting":0,"service":0}},"geometry":{"type":"Point","coordinates":[-7.61138,33.58831]}},{"type":"Feature","properties":{"country_code":"TUR","city":"Osmaniye","geoname_id":"303195","h3_hexagon":590775088027009023,"h3_resolution":3,"downloaders":{"size":44004,"mobile":16028,"satellite":0,"tor":0,"tor_exit_nodes":0,"vpn":5,"relay":0,"proxy":0,"hosting":0,"service":0},"uploaders":{"size":10,"mobile":3,"satellite":0,"tor":0,"tor_exit_nodes":0,"vpn":0,"relay":0,"proxy":0,"hosting":0,"service":0}},"geometry":{"type":"Point","coordinates":[36.24778,37.07417]}},{"type":"Feature","properties":{"country_code":"USA","city":"Boardman","geoname_id":"5714964","h3_hexagon":590684996793008127,"h3_resolution":3,"downloaders":{"size":43708,"mobile":0,"satellite":0,"tor":0,"tor_exit_nodes":0,"vpn":18,"relay":0,"proxy":0,"hosting":43649,"service":0},"uploaders":{"size":24514,"mobile":0,"satellite":0,"tor":0,"tor_exit_nodes":0,"vpn":0,"relay":0,"proxy":0,"hosting":24514,"service":0}},"geometry":{"type":"Point","coordinates":[-119.70058,45.83986]}},{"type":"Feature","properties":{"country_code":"ITA","city":"Caserta","geoname_id":"3179866","h3_hexagon":590508387737796607,"h3_resolution":3,"downloaders":{"size":43585,"mobile":6536,"satellite":0,"tor":0,"tor_exit_nodes":0,"vpn":344,"relay":1,"proxy":0,"hosting":45,"service":48},"uploaders":{"size":103,"mobile":11,"satellite":0,"tor":0,"tor_exit_nodes":0,"vpn":4,"relay":0,"proxy":0,"hosting":0,"service":4}},"geometry":{"type":"Point","coordinates":[14.33231,41.07262]}},{"type":"Feature","properties":{"country_code":"USA","city":"San Francisco","geoname_id":"5391959","h3_hexagon":590678605881671679,"h3_resolution":3,"downloaders":{"size":43479,"mobile":550,"satellite":26,"tor":0,"tor_exit_nodes":0,"vpn":3269,"relay":3,"proxy":0,"hosting":4404,"service":2547},"uploaders":{"size":1423,"mobile":8,"satellite":1,"tor":0,"tor_exit_nodes":0,"vpn":771,"relay":0,"proxy":0,"hosting":852,"service":765}},"geometry":{"type":"Point","coordinates":[-122.41942,37.77493]}},{"type":"Feature","properties":{"country_code":"CHN","city":"Wuhan","geoname_id":"1791247","h3_hexagon":591108927244992511,"h3_resolution":3,"downloaders":{"size":43372,"mobile":0,"satellite":0,"tor":0,"tor_exit_nodes":0,"vpn":1817,"relay":0,"proxy":0,"hosting":1,"service":0},"uploaders":{"size":82,"mobile":0,"satellite":0,"tor":0,"tor_exit_nodes":0,"vpn":2,"relay":0,"proxy":0,"hosting":0,"service":0}},"geometry":{"type":"Point","coordinates":[114.26667,30.58333]}},{"type":"Feature","properties":{"country_code":"USA","city":"Philadelphia","geoname_id":"4560349","h3_hexagon":590711797388935167,"h3_resolution":3,"downloaders":{"size":42952,"mobile":730,"satellite":0,"tor":0,"tor_exit_nodes":0,"vpn":3909,"relay":4,"proxy":0,"hosting":3688,"service":3092},"uploaders":{"size":697,"mobile":20,"satellite":0,"tor":0,"tor_exit_nodes":0,"vpn":402,"relay":0,"proxy":0,"hosting":387,"service":372}},"geometry":{"type":"Point","coordinates":[-75.16362,39.95238]}},{"type":"Feature","properties":{"country_code":"KAZ","city":"Almaty","geoname_id":"1526384","h3_hexagon":590550375338082303,"h3_resolution":3,"downloaders":{"size":42820,"mobile":4580,"satellite":0,"tor":0,"tor_exit_nodes":0,"vpn":367,"relay":0,"proxy":0,"hosting":7260,"service":21},"uploaders":{"size":365,"mobile":48,"satellite":0,"tor":0,"tor_exit_nodes":0,"vpn":7,"relay":0,"proxy":0,"hosting":46,"service":6}},"geometry":{"type":"Point","coordinates":[76.9115,43.25249]}},{"type":"Feature","properties":{"country_code":"RUS","city":"Kostroma","geoname_id":"543878","h3_hexagon":590256530855559167,"h3_resolution":3,"downloaders":{"size":42655,"mobile":10,"satellite":0,"tor":0,"tor_exit_nodes":0,"vpn":1311,"relay":0,"proxy":0,"hosting":1,"service":992},"uploaders":{"size":12,"mobile":0,"satellite":0,"tor":0,"tor_exit_nodes":0,"vpn":0,"relay":0,"proxy":0,"hosting":0,"service":0}},"geometry":{"type":"Point","coordinates":[40.92686,57.76647]}},{"type":"Feature","properties":{"country_code":"BRA","city":"Colombo","geoname_id":"3465927","h3_hexagon":592930474414833663,"h3_resolution":3,"downloaders":{"size":42352,"mobile":1050,"satellite":0,"tor":0,"tor_exit_nodes":0,"vpn":70,"relay":0,"proxy":0,"hosting":3720,"service":4},"uploaders":{"size":176,"mobile":31,"satellite":0,"tor":0,"tor_exit_nodes":0,"vpn":3,"relay":0,"proxy":0,"hosting":58,"service":0}},"geometry":{"type":"Point","coordinates":[-49.22417,-25.29167]}},{"type":"Feature","properties":{"country_code":"USA","city":"Rancho Santa Margarita","geoname_id":"5386082","h3_hexagon":590703894649110527,"h3_resolution":3,"downloaders":{"size":42156,"mobile":14,"satellite":0,"tor":0,"tor_exit_nodes":0,"vpn":1551,"relay":6,"proxy":0,"hosting":1116,"service":832},"uploaders":{"size":291,"mobile":0,"satellite":0,"tor":0,"tor_exit_nodes":0,"vpn":59,"relay":0,"proxy":0,"hosting":40,"service":40}},"geometry":{"type":"Point","coordinates":[-117.6031,33.64086]}},{"type":"Feature","properties":{"country_code":"RUS","city":"Kamensk-Ural’skiy","geoname_id":"1504826","h3_hexagon":590268213166604287,"h3_resolution":3,"downloaders":{"size":41849,"mobile":56,"satellite":0,"tor":0,"tor_exit_nodes":0,"vpn":388,"relay":0,"proxy":5,"hosting":414,"service":13},"uploaders":{"size":10,"mobile":0,"satellite":0,"tor":0,"tor_exit_nodes":0,"vpn":0,"relay":0,"proxy":0,"hosting":0,"service":0}},"geometry":{"type":"Point","coordinates":[61.93347,56.40626]}},{"type":"Feature","properties":{"country_code":"RUS","city":"Murmansk","geoname_id":"524305","h3_hexagon":590277627734917119,"h3_resolution":3,"downloaders":{"size":41519,"mobile":2179,"satellite":0,"tor":0,"tor_exit_nodes":0,"vpn":376,"relay":0,"proxy":0,"hosting":0,"service":34},"uploaders":{"size":34,"mobile":0,"satellite":0,"tor":0,"tor_exit_nodes":0,"vpn":0,"relay":0,"proxy":0,"hosting":0,"service":0}},"geometry":{"type":"Point","coordinates":[33.09747,68.97398]}},{"type":"Feature","properties":{"country_code":"FRA","city":"Saint-Quentin","geoname_id":"2977295","h3_hexagon":590416441077923839,"h3_resolution":3,"downloaders":{"size":41455,"mobile":15319,"satellite":0,"tor":0,"tor_exit_nodes":0,"vpn":79,"relay":0,"proxy":0,"hosting":18,"service":0},"uploaders":{"size":59,"mobile":14,"satellite":0,"tor":0,"tor_exit_nodes":0,"vpn":1,"relay":0,"proxy":0,"hosting":0,"service":0}},"geometry":{"type":"Point","coordinates":[3.28757,49.84889]}},{"type":"Feature","properties":{"country_code":"UKR","city":"Burshtyn","geoname_id":"711134","h3_hexagon":590507494384599039,"h3_resolution":3,"downloaders":{"size":41422,"mobile":721,"satellite":0,"tor":0,"tor_exit_nodes":0,"vpn":615,"relay":0,"proxy":0,"hosting":112,"service":0},"uploaders":{"size":234,"mobile":29,"satellite":0,"tor":0,"tor_exit_nodes":0,"vpn":1,"relay":0,"proxy":0,"hosting":3,"service":0}},"geometry":{"type":"Point","coordinates":[24.63339,49.25193]}},{"type":"Feature","properties":{"country_code":"CHN","city":"Quanzhou","geoname_id":"1797353","h3_hexagon":591126107114176511,"h3_resolution":3,"downloaders":{"size":40904,"mobile":0,"satellite":0,"tor":0,"tor_exit_nodes":0,"vpn":593,"relay":0,"proxy":0,"hosting":0,"service":0},"uploaders":{"size":39,"mobile":0,"satellite":0,"tor":0,"tor_exit_nodes":0,"vpn":0,"relay":0,"proxy":0,"hosting":0,"service":0}},"geometry":{"type":"Point","coordinates":[118.58583,24.91389]}},{"type":"Feature","properties":{"country_code":"USA","city":"North Reading","geoname_id":"4945734","h3_hexagon":590713790253760511,"h3_resolution":3,"downloaders":{"size":40578,"mobile":324,"satellite":0,"tor":45,"tor_exit_nodes":14,"vpn":10262,"relay":3,"proxy":5,"hosting":10437,"service":7240},"uploaders":{"size":1335,"mobile":0,"satellite":0,"tor":3,"tor_exit_nodes":1,"vpn":1121,"relay":0,"proxy":0,"hosting":1117,"service":889}},"geometry":{"type":"Point","coordinates":[-71.07867,42.57509]}},{"type":"Feature","properties":{"country_code":"PHL","city":"Dasmariñas","geoname_id":"1715430","h3_hexagon":591824159558860799,"h3_resolution":3,"downloaders":{"size":40297,"mobile":9937,"satellite":273,"tor":0,"tor_exit_nodes":0,"vpn":927,"relay":0,"proxy":2,"hosting":2043,"service":701},"uploaders":{"size":1858,"mobile":467,"satellite":5,"tor":0,"tor_exit_nodes":0,"vpn":37,"relay":0,"proxy":0,"hosting":99,"service":12}},"geometry":{"type":"Point","coordinates":[120.93667,14.32944]}},{"type":"Feature","properties":{"country_code":"POL","city":"Łódź","geoname_id":"3093133","h3_hexagon":590501653229076479,"h3_resolution":3,"downloaders":{"size":40211,"mobile":635,"satellite":0,"tor":0,"tor_exit_nodes":0,"vpn":458,"relay":0,"proxy":0,"hosting":1136,"service":33},"uploaders":{"size":108,"mobile":1,"satellite":0,"tor":0,"tor_exit_nodes":0,"vpn":0,"relay":0,"proxy":0,"hosting":2,"service":0}},"geometry":{"type":"Point","coordinates":[19.47395,51.77058]}},{"type":"Feature","properties":{"country_code":"HUN","city":"Nyíregyháza","geoname_id":"716935","h3_hexagon":590499935242158079,"h3_resolution":3,"downloaders":{"size":40127,"mobile":2540,"satellite":0,"tor":0,"tor_exit_nodes":0,"vpn":543,"relay":0,"proxy":0,"hosting":8,"service":0},"uploaders":{"size":24,"mobile":3,"satellite":0,"tor":0,"tor_exit_nodes":0,"vpn":0,"relay":0,"proxy":0,"hosting":0,"service":0}},"geometry":{"type":"Point","coordinates":[21.71671,47.95539]}},{"type":"Feature","properties":{"country_code":"CHL","city":"Santiago","geoname_id":"3871336","h3_hexagon":593116566757834751,"h3_resolution":3,"downloaders":{"size":40084,"mobile":8853,"satellite":257,"tor":0,"tor_exit_nodes":0,"vpn":529,"relay":0,"proxy":0,"hosting":2196,"service":428},"uploaders":{"size":1085,"mobile":364,"satellite":20,"tor":0,"tor_exit_nodes":0,"vpn":22,"relay":0,"proxy":0,"hosting":51,"service":15}},"geometry":{"type":"Point","coordinates":[-70.64827,-33.45694]}},{"type":"Feature","properties":{"country_code":"CZE","city":"Rychvald","geoname_id":"3066492","h3_hexagon":590499729083727871,"h3_resolution":3,"downloaders":{"size":40040,"mobile":675,"satellite":0,"tor":0,"tor_exit_nodes":0,"vpn":1091,"relay":0,"proxy":0,"hosting":735,"service":0},"uploaders":{"size":100,"mobile":2,"satellite":0,"tor":0,"tor_exit_nodes":0,"vpn":0,"relay":0,"proxy":0,"hosting":0,"service":0}},"geometry":{"type":"Point","coordinates":[18.37626,49.86625]}},{"type":"Feature","properties":{"country_code":"POL","city":"Milicz","geoname_id":"3091788","h3_hexagon":590501584509599743,"h3_resolution":3,"downloaders":{"size":40022,"mobile":773,"satellite":0,"tor":0,"tor_exit_nodes":0,"vpn":482,"relay":0,"proxy":0,"hosting":326,"service":1},"uploaders":{"size":128,"mobile":0,"satellite":0,"tor":0,"tor_exit_nodes":0,"vpn":0,"relay":0,"proxy":0,"hosting":6,"service":0}},"geometry":{"type":"Point","coordinates":[17.27137,51.5277]}},{"type":"Feature","properties":{"country_code":"CZE","city":"Ostrava","geoname_id":"3068799","h3_hexagon":590499660364251135,"h3_resolution":3,"downloaders":{"size":39767,"mobile":1326,"satellite":0,"tor":0,"tor_exit_nodes":0,"vpn":761,"relay":0,"proxy":0,"hosting":465,"service":0},"uploaders":{"size":119,"mobile":2,"satellite":0,"tor":0,"tor_exit_nodes":0,"vpn":0,"relay":0,"proxy":0,"hosting":0,"service":0}},"geometry":{"type":"Point","coordinates":[18.28204,49.83465]}},{"type":"Feature","properties":{"country_code":"DEU","city":"Dortmund","geoname_id":"2935517","h3_hexagon":590518214622969855,"h3_resolution":3,"downloaders":{"size":39549,"mobile":14023,"satellite":0,"tor":0,"tor_exit_nodes":0,"vpn":519,"relay":1,"proxy":0,"hosting":925,"service":308},"uploaders":{"size":402,"mobile":5,"satellite":0,"tor":0,"tor_exit_nodes":0,"vpn":6,"relay":0,"proxy":0,"hosting":20,"service":6}},"geometry":{"type":"Point","coordinates":[7.466,51.51494]}},{"type":"Feature","properties":{"country_code":"USA","city":"San Diego","geoname_id":"5391811","h3_hexagon":590704169527017471,"h3_resolution":3,"downloaders":{"size":39017,"mobile":3955,"satellite":22,"tor":0,"tor_exit_nodes":0,"vpn":619,"relay":2,"proxy":0,"hosting":236,"service":77},"uploaders":{"size":444,"mobile":223,"satellite":0,"tor":0,"tor_exit_nodes":0,"vpn":25,"relay":0,"proxy":0,"hosting":53,"service":25}},"geometry":{"type":"Point","coordinates":[-117.069,33.0067]}},{"type":"Feature","properties":{"country_code":"RUS","city":"Tambov","geoname_id":"484646","h3_hexagon":590281132428230655,"h3_resolution":3,"downloaders":{"size":38680,"mobile":628,"satellite":0,"tor":0,"tor_exit_nodes":0,"vpn":387,"relay":0,"proxy":0,"hosting":0,"service":0},"uploaders":{"size":19,"mobile":0,"satellite":0,"tor":0,"tor_exit_nodes":0,"vpn":2,"relay":0,"proxy":0,"hosting":0,"service":0}},"geometry":{"type":"Point","coordinates":[41.44326,52.73169]}},{"type":"Feature","properties":{"country_code":"UKR","city":"Odesa","geoname_id":"698740","h3_hexagon":590505776397680639,"h3_resolution":3,"downloaders":{"size":38628,"mobile":16,"satellite":0,"tor":0,"tor_exit_nodes":0,"vpn":495,"relay":0,"proxy":0,"hosting":70,"service":0},"uploaders":{"size":95,"mobile":0,"satellite":0,"tor":0,"tor_exit_nodes":0,"vpn":6,"relay":0,"proxy":0,"hosting":2,"service":0}},"geometry":{"type":"Point","coordinates":[30.74383,46.48572]}},{"type":"Feature","properties":{"country_code":"UZB","city":"Tashkent","geoname_id":"1512569","h3_hexagon":590545908572094463,"h3_resolution":3,"downloaders":{"size":38528,"mobile":754,"satellite":0,"tor":0,"tor_exit_nodes":0,"vpn":1056,"relay":0,"proxy":0,"hosting":27589,"service":602},"uploaders":{"size":65,"mobile":3,"satellite":0,"tor":0,"tor_exit_nodes":0,"vpn":1,"relay":0,"proxy":0,"hosting":37,"service":0}},"geometry":{"type":"Point","coordinates":[69.21627,41.26465]}},{"type":"Feature","properties":{"country_code":"AUS","city":"Perth","geoname_id":"2063523","h3_hexagon":592912126314545151,"h3_resolution":3,"downloaders":{"size":37547,"mobile":999,"satellite":161,"tor":0,"tor_exit_nodes":0,"vpn":8667,"relay":0,"proxy":0,"hosting":9054,"service":7773},"uploaders":{"size":1982,"mobile":62,"satellite":10,"tor":0,"tor_exit_nodes":0,"vpn":891,"relay":0,"proxy":0,"hosting":960,"service":877}},"geometry":{"type":"Point","coordinates":[115.8614,-31.95224]}},{"type":"Feature","properties":{"country_code":"TUR","city":"Çorum","geoname_id":"748879","h3_hexagon":590763405715963903,"h3_resolution":3,"downloaders":{"size":37022,"mobile":492,"satellite":0,"tor":0,"tor_exit_nodes":0,"vpn":1,"relay":0,"proxy":0,"hosting":0,"service":0},"uploaders":{"size":3,"mobile":0,"satellite":0,"tor":0,"tor_exit_nodes":0,"vpn":0,"relay":0,"proxy":0,"hosting":0,"service":0}},"geometry":{"type":"Point","coordinates":[34.95333,40.54889]}},{"type":"Feature","properties":{"country_code":"USA","city":"Stanton","geoname_id":"5398630","h3_hexagon":590704238246494207,"h3_resolution":3,"downloaders":{"size":36914,"mobile":41,"satellite":0,"tor":0,"tor_exit_nodes":0,"vpn":3081,"relay":3,"proxy":0,"hosting":3660,"service":2741},"uploaders":{"size":696,"mobile":0,"satellite":0,"tor":0,"tor_exit_nodes":0,"vpn":264,"relay":0,"proxy":0,"hosting":243,"service":242}},"geometry":{"type":"Point","coordinates":[-117.99312,33.80252]}},{"type":"Feature","properties":{"country_code":"DEU","city":"Leipzig","geoname_id":"2879139","h3_hexagon":590518764378783743,"h3_resolution":3,"downloaders":{"size":36374,"mobile":2326,"satellite":0,"tor":9,"tor_exit_nodes":9,"vpn":299,"relay":2,"proxy":0,"hosting":974,"service":37},"uploaders":{"size":34,"mobile":0,"satellite":0,"tor":0,"tor_exit_nodes":0,"vpn":4,"relay":0,"proxy":0,"hosting":11,"service":3}},"geometry":{"type":"Point","coordinates":[12.37129,51.33962]}},{"type":"Feature","properties":{"country_code":"DEU","city":"Karlsruhe","geoname_id":"2892794","h3_hexagon":590528659983433727,"h3_resolution":3,"downloaders":{"size":36336,"mobile":3991,"satellite":0,"tor":10,"tor_exit_nodes":10,"vpn":285,"relay":4,"proxy":0,"hosting":1128,"service":7},"uploaders":{"size":97,"mobile":9,"satellite":0,"tor":0,"tor_exit_nodes":0,"vpn":0,"relay":0,"proxy":0,"hosting":2,"service":0}},"geometry":{"type":"Point","coordinates":[8.40444,49.00937]}},{"type":"Feature","properties":{"country_code":"USA","city":"Phoenix","geoname_id":"5308655","h3_hexagon":590705406477598719,"h3_resolution":3,"downloaders":{"size":36241,"mobile":757,"satellite":193,"tor":0,"tor_exit_nodes":0,"vpn":9536,"relay":138,"proxy":0,"hosting":11867,"service":9036},"uploaders":{"size":1732,"mobile":53,"satellite":0,"tor":0,"tor_exit_nodes":0,"vpn":1470,"relay":0,"proxy":0,"hosting":1468,"service":1452}},"geometry":{"type":"Point","coordinates":[-112.07404,33.44838]}},{"type":"Feature","properties":{"country_code":"RUS","city":"Orël","geoname_id":"515012","h3_hexagon":590279895477649407,"h3_resolution":3,"downloaders":{"size":35957,"mobile":811,"satellite":0,"tor":0,"tor_exit_nodes":0,"vpn":176,"relay":0,"proxy":0,"hosting":0,"service":3},"uploaders":{"size":16,"mobile":0,"satellite":0,"tor":0,"tor_exit_nodes":0,"vpn":0,"relay":0,"proxy":0,"hosting":0,"service":0}},"geometry":{"type":"Point","coordinates":[36.07805,52.95932]}},{"type":"Feature","properties":{"country_code":"USA","city":"New Caney","geoname_id":"4714149","h3_hexagon":591175310259519487,"h3_resolution":3,"downloaders":{"size":35747,"mobile":1090,"satellite":0,"tor":0,"tor_exit_nodes":0,"vpn":5964,"relay":15,"proxy":0,"hosting":7493,"service":5403},"uploaders":{"size":1093,"mobile":61,"satellite":0,"tor":0,"tor_exit_nodes":0,"vpn":518,"relay":0,"proxy":0,"hosting":537,"service":493}},"geometry":{"type":"Point","coordinates":[-95.21132,30.15522]}},{"type":"Feature","properties":{"country_code":"SAU","city":"Riyadh","geoname_id":"108410","h3_hexagon":591437612502220799,"h3_resolution":3,"downloaders":{"size":35690,"mobile":8479,"satellite":0,"tor":0,"tor_exit_nodes":0,"vpn":159,"relay":0,"proxy":0,"hosting":135,"service":86},"uploaders":{"size":823,"mobile":245,"satellite":0,"tor":0,"tor_exit_nodes":0,"vpn":17,"relay":0,"proxy":0,"hosting":22,"service":17}},"geometry":{"type":"Point","coordinates":[46.72185,24.68773]}},{"type":"Feature","properties":{"country_code":"DEU","city":"Bremen","geoname_id":"2944388","h3_hexagon":590518420781400063,"h3_resolution":3,"downloaders":{"size":35490,"mobile":10144,"satellite":0,"tor":8,"tor_exit_nodes":8,"vpn":856,"relay":2,"proxy":0,"hosting":794,"service":726},"uploaders":{"size":154,"mobile":2,"satellite":0,"tor":0,"tor_exit_nodes":0,"vpn":123,"relay":0,"proxy":0,"hosting":124,"service":123}},"geometry":{"type":"Point","coordinates":[8.80717,53.07582]}},{"type":"Feature","properties":{"country_code":"RUS","city":"Nizhniy Ufaley","geoname_id":"520473","h3_hexagon":590267457252360191,"h3_resolution":3,"downloaders":{"size":35467,"mobile":13,"satellite":0,"tor":0,"tor_exit_nodes":0,"vpn":391,"relay":0,"proxy":0,"hosting":0,"service":377},"uploaders":{"size":54,"mobile":0,"satellite":0,"tor":0,"tor_exit_nodes":0,"vpn":1,"relay":0,"proxy":0,"hosting":0,"service":1}},"geometry":{"type":"Point","coordinates":[60.1167,55.75]}},{"type":"Feature","properties":{"country_code":"RUS","city":"Abakan","geoname_id":"1512236","h3_hexagon":590625142128771071,"h3_resolution":3,"downloaders":{"size":35045,"mobile":0,"satellite":0,"tor":0,"tor_exit_nodes":0,"vpn":66,"relay":0,"proxy":0,"hosting":0,"service":32},"uploaders":{"size":7,"mobile":0,"satellite":0,"tor":0,"tor_exit_nodes":0,"vpn":0,"relay":0,"proxy":0,"hosting":0,"service":0}},"geometry":{"type":"Point","coordinates":[91.42638,53.71541]}},{"type":"Feature","properties":{"country_code":"KOR","city":"Sokcho","geoname_id":"1836553","h3_hexagon":590832262631653375,"h3_resolution":3,"downloaders":{"size":35043,"mobile":49,"satellite":0,"tor":0,"tor_exit_nodes":0,"vpn":122,"relay":0,"proxy":0,"hosting":0,"service":13},"uploaders":{"size":6,"mobile":0,"satellite":0,"tor":0,"tor_exit_nodes":0,"vpn":0,"relay":0,"proxy":0,"hosting":0,"service":0}},"geometry":{"type":"Point","coordinates":[128.59181,38.20701]}},{"type":"Feature","properties":{"country_code":"HUN","city":"Celldömölk","geoname_id":"3054533","h3_hexagon":590500553717448703,"h3_resolution":3,"downloaders":{"size":34556,"mobile":9,"satellite":0,"tor":0,"tor_exit_nodes":0,"vpn":403,"relay":0,"proxy":0,"hosting":810,"service":0},"uploaders":{"size":313,"mobile":0,"satellite":0,"tor":0,"tor_exit_nodes":0,"vpn":0,"relay":0,"proxy":0,"hosting":0,"service":0}},"geometry":{"type":"Point","coordinates":[17.15027,47.25713]}},{"type":"Feature","properties":{"country_code":"RUS","city":"Belovo","geoname_id":"1510469","h3_hexagon":590175304434057215,"h3_resolution":3,"downloaders":{"size":34474,"mobile":76,"satellite":0,"tor":0,"tor_exit_nodes":0,"vpn":64,"relay":0,"proxy":0,"hosting":0,"service":4},"uploaders":{"size":11,"mobile":1,"satellite":0,"tor":0,"tor_exit_nodes":0,"vpn":0,"relay":0,"proxy":0,"hosting":0,"service":0}},"geometry":{"type":"Point","coordinates":[86.29907,54.42119]}},{"type":"Feature","properties":{"country_code":"COL","city":"Bogotá","geoname_id":"3688689","h3_hexagon":591781690922237951,"h3_resolution":3,"downloaders":{"size":34438,"mobile":12357,"satellite":211,"tor":0,"tor_exit_nodes":0,"vpn":2096,"relay":0,"proxy":1,"hosting":3001,"service":1752},"uploaders":{"size":590,"mobile":116,"satellite":1,"tor":0,"tor_exit_nodes":0,"vpn":345,"relay":0,"proxy":0,"hosting":347,"service":333}},"geometry":{"type":"Point","coordinates":[-74.08175,4.60971]}},{"type":"Feature","properties":{"country_code":"TUR","city":"Turgutlu","geoname_id":"298806","h3_hexagon":591086524695576575,"h3_resolution":3,"downloaders":{"size":34115,"mobile":10168,"satellite":0,"tor":0,"tor_exit_nodes":0,"vpn":9,"relay":0,"proxy":0,"hosting":0,"service":0},"uploaders":{"size":26,"mobile":1,"satellite":0,"tor":0,"tor_exit_nodes":0,"vpn":0,"relay":0,"proxy":0,"hosting":0,"service":0}},"geometry":{"type":"Point","coordinates":[27.6997,38.49533]}},{"type":"Feature","properties":{"country_code":"GBR","city":"Corby","geoname_id":"2652381","h3_hexagon":590416028761063423,"h3_resolution":3,"downloaders":{"size":34063,"mobile":979,"satellite":0,"tor":0,"tor_exit_nodes":0,"vpn":309,"relay":8,"proxy":0,"hosting":439,"service":94},"uploaders":{"size":298,"mobile":1,"satellite":0,"tor":0,"tor_exit_nodes":0,"vpn":0,"relay":2,"proxy":0,"hosting":2,"service":2}},"geometry":{"type":"Point","coordinates":[-0.68939,52.49637]}},{"type":"Feature","properties":{"country_code":"RUS","city":"Saransk","geoname_id":"498698","h3_hexagon":590264089998000127,"h3_resolution":3,"downloaders":{"size":33856,"mobile":2804,"satellite":0,"tor":0,"tor_exit_nodes":0,"vpn":333,"relay":0,"proxy":0,"hosting":0,"service":6},"uploaders":{"size":4,"mobile":0,"satellite":0,"tor":0,"tor_exit_nodes":0,"vpn":0,"relay":0,"proxy":0,"hosting":0,"service":0}},"geometry":{"type":"Point","coordinates":[45.1749,54.1838]}},{"type":"Feature","properties":{"country_code":"ITA","city":"Turin","geoname_id":"3165524","h3_hexagon":590527423032852479,"h3_resolution":3,"downloaders":{"size":33806,"mobile":11167,"satellite":1,"tor":0,"tor_exit_nodes":0,"vpn":974,"relay":2,"proxy":0,"hosting":482,"service":344},"uploaders":{"size":163,"mobile":47,"satellite":0,"tor":0,"tor_exit_nodes":0,"vpn":3,"relay":0,"proxy":0,"hosting":2,"service":0}},"geometry":{"type":"Point","coordinates":[7.68682,45.07049]}},{"type":"Feature","properties":{"country_code":"CAN","city":"Cambridge","geoname_id":"5913695","h3_hexagon":590722861224689663,"h3_resolution":3,"downloaders":{"size":33712,"mobile":1972,"satellite":0,"tor":0,"tor_exit_nodes":0,"vpn":353,"relay":11,"proxy":0,"hosting":323,"service":12},"uploaders":{"size":360,"mobile":13,"satellite":0,"tor":0,"tor_exit_nodes":0,"vpn":3,"relay":0,"proxy":0,"hosting":0,"service":0}},"geometry":{"type":"Point","coordinates":[-80.31269,43.3601]}},{"type":"Feature","properties":{"country_code":"RUS","city":"Naberezhnyye Chelny","geoname_id":"523750","h3_hexagon":590269999872999423,"h3_resolution":3,"downloaders":{"size":33696,"mobile":1131,"satellite":0,"tor":0,"tor_exit_nodes":0,"vpn":385,"relay":0,"proxy":0,"hosting":4,"service":0},"uploaders":{"size":26,"mobile":0,"satellite":0,"tor":0,"tor_exit_nodes":0,"vpn":0,"relay":0,"proxy":0,"hosting":0,"service":0}},"geometry":{"type":"Point","coordinates":[52.41122,55.72545]}},{"type":"Feature","properties":{"country_code":"MDA","city":"Chisinau","geoname_id":"618426","h3_hexagon":590503920971808767,"h3_resolution":3,"downloaders":{"size":33332,"mobile":865,"satellite":0,"tor":8,"tor_exit_nodes":8,"vpn":1041,"relay":0,"proxy":0,"hosting":2929,"service":658},"uploaders":{"size":112,"mobile":1,"satellite":0,"tor":0,"tor_exit_nodes":0,"vpn":21,"relay":0,"proxy":0,"hosting":48,"service":20}},"geometry":{"type":"Point","coordinates":[28.85938,47.00902]}},{"type":"Feature","properties":{"country_code":"UKR","city":"Sevastopol","geoname_id":"694423","h3_hexagon":590766017056079871,"h3_resolution":3,"downloaders":{"size":33086,"mobile":0,"satellite":0,"tor":0,"tor_exit_nodes":0,"vpn":8524,"relay":0,"proxy":0,"hosting":24368,"service":3531},"uploaders":{"size":87,"mobile":0,"satellite":0,"tor":0,"tor_exit_nodes":0,"vpn":2,"relay":0,"proxy":0,"hosting":14,"service":1}},"geometry":{"type":"Point","coordinates":[33.52134,44.60795]}},{"type":"Feature","properties":{"country_code":"GBR","city":"Lydney","geoname_id":"2643318","h3_hexagon":590417471870074879,"h3_resolution":3,"downloaders":{"size":33080,"mobile":1017,"satellite":0,"tor":0,"tor_exit_nodes":0,"vpn":181,"relay":14,"proxy":0,"hosting":396,"service":40},"uploaders":{"size":333,"mobile":17,"satellite":0,"tor":0,"tor_exit_nodes":0,"vpn":1,"relay":0,"proxy":0,"hosting":25,"service":0}},"geometry":{"type":"Point","coordinates":[-2.52605,51.72598]}},{"type":"Feature","properties":{"country_code":"CHN","city":"Guangzhou","geoname_id":"1809858","h3_hexagon":591117104862724095,"h3_resolution":3,"downloaders":{"size":32927,"mobile":89,"satellite":0,"tor":0,"tor_exit_nodes":0,"vpn":938,"relay":0,"proxy":0,"hosting":8716,"service":0},"uploaders":{"size":186,"mobile":0,"satellite":0,"tor":0,"tor_exit_nodes":0,"vpn":0,"relay":0,"proxy":0,"hosting":112,"service":0}},"geometry":{"type":"Point","coordinates":[113.25,23.11667]}},{"type":"Feature","properties":{"country_code":"USA","city":"Portland","geoname_id":"5746545","h3_hexagon":590691800021204991,"h3_resolution":3,"downloaders":{"size":32877,"mobile":488,"satellite":0,"tor":0,"tor_exit_nodes":0,"vpn":1562,"relay":6,"proxy":0,"hosting":2608,"service":745},"uploaders":{"size":472,"mobile":23,"satellite":0,"tor":0,"tor_exit_nodes":0,"vpn":34,"relay":0,"proxy":0,"hosting":50,"service":28}},"geometry":{"type":"Point","coordinates":[-122.67621,45.52345]}},{"type":"Feature","properties":{"country_code":"KOR","city":"Nammyeon","geoname_id":"11717105","h3_hexagon":590829445133107199,"h3_resolution":3,"downloaders":{"size":32493,"mobile":385,"satellite":0,"tor":0,"tor_exit_nodes":0,"vpn":72,"relay":0,"proxy":0,"hosting":0,"service":23},"uploaders":{"size":4,"mobile":0,"satellite":0,"tor":0,"tor_exit_nodes":0,"vpn":0,"relay":0,"proxy":0,"hosting":0,"service":0}},"geometry":{"type":"Point","coordinates":[127.88668,34.77247]}},{"type":"Feature","properties":{"country_code":"RUS","city":"Kurgan","geoname_id":"1501321","h3_hexagon":590268144447127551,"h3_resolution":3,"downloaders":{"size":32387,"mobile":4420,"satellite":0,"tor":0,"tor_exit_nodes":0,"vpn":309,"relay":0,"proxy":0,"hosting":4,"service":48},"uploaders":{"size":46,"mobile":12,"satellite":0,"tor":0,"tor_exit_nodes":0,"vpn":0,"relay":0,"proxy":0,"hosting":0,"service":0}},"geometry":{"type":"Point","coordinates":[65.33333,55.45]}},{"type":"Feature","properties":{"country_code":"KOR","city":"Boryeong","geoname_id":"1835447","h3_hexagon":590831575436886015,"h3_resolution":3,"downloaders":{"size":32302,"mobile":125,"satellite":0,"tor":0,"tor_exit_nodes":0,"vpn":119,"relay":0,"proxy":0,"hosting":0,"service":12},"uploaders":{"size":8,"mobile":0,"satellite":0,"tor":0,"tor_exit_nodes":0,"vpn":0,"relay":0,"proxy":0,"hosting":0,"service":0}},"geometry":{"type":"Point","coordinates":[126.59772,36.34931]}},{"type":"Feature","properties":{"country_code":"ZAF","city":"Johannesburg","geoname_id":"993800","h3_hexagon":593292351179325439,"h3_resolution":3,"downloaders":{"size":32276,"mobile":3697,"satellite":6,"tor":0,"tor_exit_nodes":0,"vpn":2253,"relay":0,"proxy":0,"hosting":12607,"service":1843},"uploaders":{"size":1335,"mobile":297,"satellite":0,"tor":0,"tor_exit_nodes":0,"vpn":246,"relay":0,"proxy":0,"hosting":562,"service":230}},"geometry":{"type":"Point","coordinates":[28.04363,-26.20227]}},{"type":"Feature","properties":{"country_code":"RUS","city":"Arkhangel’sk","geoname_id":"581049","h3_hexagon":590276184625905663,"h3_resolution":3,"downloaders":{"size":32262,"mobile":3550,"satellite":0,"tor":0,"tor_exit_nodes":0,"vpn":315,"relay":0,"proxy":0,"hosting":0,"service":4},"uploaders":{"size":47,"mobile":14,"satellite":0,"tor":0,"tor_exit_nodes":0,"vpn":0,"relay":0,"proxy":0,"hosting":0,"service":0}},"geometry":{"type":"Point","coordinates":[40.55291,64.54717]}},{"type":"Feature","properties":{"country_code":"SAU","city":"Jeddah","geoname_id":"105343","h3_hexagon":591443384938266623,"h3_resolution":3,"downloaders":{"size":32205,"mobile":5652,"satellite":0,"tor":0,"tor_exit_nodes":0,"vpn":58,"relay":0,"proxy":1,"hosting":78,"service":20},"uploaders":{"size":273,"mobile":105,"satellite":0,"tor":0,"tor_exit_nodes":0,"vpn":0,"relay":0,"proxy":0,"hosting":0,"service":0}},"geometry":{"type":"Point","coordinates":[39.18624,21.49012]}},{"type":"Feature","properties":{"country_code":"HUN","city":"Szekszárd","geoname_id":"3044760","h3_hexagon":590501034753785855,"h3_resolution":3,"downloaders":{"size":32085,"mobile":97,"satellite":0,"tor":0,"tor_exit_nodes":0,"vpn":279,"relay":0,"proxy":0,"hosting":61,"service":0},"uploaders":{"size":95,"mobile":0,"satellite":0,"tor":0,"tor_exit_nodes":0,"vpn":6,"relay":0,"proxy":0,"hosting":0,"service":0}},"geometry":{"type":"Point","coordinates":[18.70905,46.35014]}},{"type":"Feature","properties":{"country_code":"ESP","city":"Sevilla","geoname_id":"2510911","h3_hexagon":590976298654892031,"h3_resolution":3,"downloaders":{"size":31741,"mobile":17557,"satellite":0,"tor":0,"tor_exit_nodes":0,"vpn":187,"relay":2,"proxy":0,"hosting":123,"service":43},"uploaders":{"size":239,"mobile":146,"satellite":0,"tor":0,"tor_exit_nodes":0,"vpn":1,"relay":0,"proxy":0,"hosting":2,"service":1}},"geometry":{"type":"Point","coordinates":[-5.97317,37.38283]}},{"type":"Feature","properties":{"country_code":"USA","city":"Farmers Branch","geoname_id":"4690198","h3_hexagon":590653866870046719,"h3_resolution":3,"downloaders":{"size":31589,"mobile":79,"satellite":0,"tor":0,"tor_exit_nodes":0,"vpn":2546,"relay":2,"proxy":0,"hosting":3752,"service":1726},"uploaders":{"size":978,"mobile":6,"satellite":0,"tor":0,"tor_exit_nodes":0,"vpn":473,"relay":0,"proxy":0,"hosting":465,"service":270}},"geometry":{"type":"Point","coordinates":[-96.89612,32.92651]}},{"type":"Feature","properties":{"country_code":"SVN","city":"Velenje","geoname_id":"3189075","h3_hexagon":590500484997971967,"h3_resolution":3,"downloaders":{"size":31453,"mobile":287,"satellite":0,"tor":0,"tor_exit_nodes":0,"vpn":465,"relay":1,"proxy":0,"hosting":752,"service":161},"uploaders":{"size":112,"mobile":3,"satellite":0,"tor":0,"tor_exit_nodes":0,"vpn":11,"relay":0,"proxy":0,"hosting":20,"service":3}},"geometry":{"type":"Point","coordinates":[15.11028,46.35917]}},{"type":"Feature","properties":{"country_code":"POL","city":"Kielce","geoname_id":"769250","h3_hexagon":590502546582274047,"h3_resolution":3,"downloaders":{"size":31230,"mobile":358,"satellite":0,"tor":2,"tor_exit_nodes":0,"vpn":483,"relay":0,"proxy":0,"hosting":461,"service":1},"uploaders":{"size":107,"mobile":10,"satellite":0,"tor":1,"tor_exit_nodes":0,"vpn":7,"relay":0,"proxy":0,"hosting":7,"service":0}},"geometry":{"type":"Point","coordinates":[20.62752,50.87033]}},{"type":"Feature","properties":{"country_code":"DEU","city":"Mettingen","geoname_id":"2871540","h3_hexagon":590518489500876799,"h3_resolution":3,"downloaders":{"size":30958,"mobile":20,"satellite":0,"tor":0,"tor_exit_nodes":0,"vpn":365,"relay":15,"proxy":0,"hosting":181,"service":25},"uploaders":{"size":1286,"mobile":1,"satellite":0,"tor":0,"tor_exit_nodes":0,"vpn":0,"relay":0,"proxy":0,"hosting":0,"service":0}},"geometry":{"type":"Point","coordinates":[7.78333,52.31667]}},{"type":"Feature","properties":{"country_code":"USA","city":"Orem","geoname_id":"5779334","h3_hexagon":590650430896209919,"h3_resolution":3,"downloaders":{"size":30901,"mobile":88,"satellite":26,"tor":1,"tor_exit_nodes":1,"vpn":8732,"relay":5,"proxy":1,"hosting":11373,"service":8379},"uploaders":{"size":1752,"mobile":5,"satellite":0,"tor":0,"tor_exit_nodes":0,"vpn":1161,"relay":0,"proxy":0,"hosting":1316,"service":1160}},"geometry":{"type":"Point","coordinates":[-111.69465,40.2969]}},{"type":"Feature","properties":{"country_code":"PER","city":"Lima","geoname_id":"3936456","h3_hexagon":592476444832038911,"h3_resolution":3,"downloaders":{"size":30650,"mobile":3587,"satellite":60,"tor":0,"tor_exit_nodes":0,"vpn":720,"relay":0,"proxy":0,"hosting":1157,"service":604},"uploaders":{"size":246,"mobile":93,"satellite":1,"tor":0,"tor_exit_nodes":0,"vpn":22,"relay":0,"proxy":0,"hosting":26,"service":19}},"geometry":{"type":"Point","coordinates":[-77.02824,-12.04318]}},{"type":"Feature","properties":{"country_code":"CHN","city":"Hefei","geoname_id":"1808722","h3_hexagon":590826352756654079,"h3_resolution":3,"downloaders":{"size":30327,"mobile":0,"satellite":0,"tor":0,"tor_exit_nodes":0,"vpn":1292,"relay":0,"proxy":0,"hosting":0,"service":0},"uploaders":{"size":101,"mobile":0,"satellite":0,"tor":0,"tor_exit_nodes":0,"vpn":1,"relay":0,"proxy":0,"hosting":0,"service":0}},"geometry":{"type":"Point","coordinates":[117.28083,31.86389]}},{"type":"Feature","properties":{"country_code":"RUS","city":"Staryy Oskol","geoname_id":"487928","h3_hexagon":590280582672416767,"h3_resolution":3,"downloaders":{"size":30222,"mobile":20,"satellite":0,"tor":0,"tor_exit_nodes":0,"vpn":188,"relay":0,"proxy":0,"hosting":53,"service":6},"uploaders":{"size":5,"mobile":0,"satellite":0,"tor":0,"tor_exit_nodes":0,"vpn":0,"relay":0,"proxy":0,"hosting":0,"service":0}},"geometry":{"type":"Point","coordinates":[37.84613,51.3025]}},{"type":"Feature","properties":{"country_code":"FRA","city":"Hyères","geoname_id":"3012937","h3_hexagon":590981590054600703,"h3_resolution":3,"downloaders":{"size":29456,"mobile":8358,"satellite":0,"tor":0,"tor_exit_nodes":0,"vpn":238,"relay":0,"proxy":0,"hosting":67,"service":59},"uploaders":{"size":54,"mobile":23,"satellite":0,"tor":0,"tor_exit_nodes":0,"vpn":0,"relay":0,"proxy":0,"hosting":0,"service":0}},"geometry":{"type":"Point","coordinates":[6.12857,43.12038]}},{"type":"Feature","properties":{"country_code":"CHN","city":"Changsha","geoname_id":"1815577","h3_hexagon":591124526566211583,"h3_resolution":3,"downloaders":{"size":29281,"mobile":0,"satellite":0,"tor":0,"tor_exit_nodes":0,"vpn":801,"relay":0,"proxy":0,"hosting":0,"service":0},"uploaders":{"size":116,"mobile":0,"satellite":0,"tor":0,"tor_exit_nodes":0,"vpn":2,"relay":0,"proxy":0,"hosting":0,"service":0}},"geometry":{"type":"Point","coordinates":[112.97087,28.19874]}},{"type":"Feature","properties":{"country_code":"BRA","city":"Belo Horizonte","geoname_id":"3470127","h3_hexagon":592935971972972543,"h3_resolution":3,"downloaders":{"size":29261,"mobile":1581,"satellite":0,"tor":0,"tor_exit_nodes":0,"vpn":30,"relay":0,"proxy":0,"hosting":90,"service":3},"uploaders":{"size":196,"mobile":30,"satellite":0,"tor":0,"tor_exit_nodes":0,"vpn":2,"relay":0,"proxy":0,"hosting":3,"service":2}},"geometry":{"type":"Point","coordinates":[-43.93778,-19.92083]}},{"type":"Feature","properties":{"country_code":"ESP","city":"Xixona","geoname_id":"2516318","h3_hexagon":590980284384542719,"h3_resolution":3,"downloaders":{"size":29160,"mobile":6293,"satellite":0,"tor":0,"tor_exit_nodes":0,"vpn":89,"relay":0,"proxy":0,"hosting":75,"service":0},"uploaders":{"size":151,"mobile":36,"satellite":0,"tor":0,"tor_exit_nodes":0,"vpn":0,"relay":0,"proxy":0,"hosting":0,"service":0}},"geometry":{"type":"Point","coordinates":[-0.50263,38.54086]}},{"type":"Feature","properties":{"country_code":"HUN","city":"Pécs","geoname_id":"3046526","h3_hexagon":590501447070646271,"h3_resolution":3,"downloaders":{"size":29027,"mobile":250,"satellite":0,"tor":0,"tor_exit_nodes":0,"vpn":317,"relay":0,"proxy":0,"hosting":2644,"service":0},"uploaders":{"size":69,"mobile":2,"satellite":0,"tor":0,"tor_exit_nodes":0,"vpn":0,"relay":0,"proxy":0,"hosting":13,"service":0}},"geometry":{"type":"Point","coordinates":[18.23083,46.0725]}},{"type":"Feature","properties":{"country_code":"BGR","city":"Troyan","geoname_id":"726320","h3_hexagon":590512923223261183,"h3_resolution":3,"downloaders":{"size":29003,"mobile":1074,"satellite":0,"tor":0,"tor_exit_nodes":0,"vpn":218,"relay":0,"proxy":0,"hosting":527,"service":0},"uploaders":{"size":18,"mobile":1,"satellite":0,"tor":0,"tor_exit_nodes":0,"vpn":1,"relay":0,"proxy":0,"hosting":1,"service":0}},"geometry":{"type":"Point","coordinates":[24.71589,42.89427]}},{"type":"Feature","properties":{"country_code":"CAN","city":"Calgary","geoname_id":"5913490","h3_hexagon":590302298027065343,"h3_resolution":3,"downloaders":{"size":28717,"mobile":5846,"satellite":517,"tor":0,"tor_exit_nodes":0,"vpn":1443,"relay":26,"proxy":0,"hosting":360,"service":1173},"uploaders":{"size":707,"mobile":134,"satellite":242,"tor":0,"tor_exit_nodes":0,"vpn":42,"relay":1,"proxy":0,"hosting":1,"service":33}},"geometry":{"type":"Point","coordinates":[-114.08529,51.05011]}},{"type":"Feature","properties":{"country_code":"FRA","city":"Montpellier","geoname_id":"2992166","h3_hexagon":590981796213030911,"h3_resolution":3,"downloaders":{"size":28467,"mobile":7192,"satellite":0,"tor":0,"tor_exit_nodes":0,"vpn":53,"relay":0,"proxy":0,"hosting":37,"service":0},"uploaders":{"size":69,"mobile":21,"satellite":0,"tor":0,"tor_exit_nodes":0,"vpn":0,"relay":0,"proxy":0,"hosting":0,"service":0}},"geometry":{"type":"Point","coordinates":[3.87635,43.61093]}},{"type":"Feature","properties":{"country_code":"AUS","city":"Adelaide","geoname_id":"2078025","h3_hexagon":593227686151716863,"h3_resolution":3,"downloaders":{"size":28428,"mobile":2538,"satellite":3,"tor":0,"tor_exit_nodes":0,"vpn":5473,"relay":0,"proxy":0,"hosting":5841,"service":4836},"uploaders":{"size":1402,"mobile":72,"satellite":0,"tor":0,"tor_exit_nodes":0,"vpn":563,"relay":0,"proxy":0,"hosting":622,"service":527}},"geometry":{"type":"Point","coordinates":[138.59863000000001,-34.92866]}},{"type":"Feature","properties":{"country_code":"USA","city":"Overland Park","geoname_id":"4276873","h3_hexagon":590646032849698815,"h3_resolution":3,"downloaders":{"size":28218,"mobile":457,"satellite":0,"tor":1,"tor_exit_nodes":0,"vpn":4195,"relay":3,"proxy":0,"hosting":9384,"service":3770},"uploaders":{"size":985,"mobile":18,"satellite":0,"tor":0,"tor_exit_nodes":0,"vpn":557,"relay":0,"proxy":0,"hosting":790,"service":554}},"geometry":{"type":"Point","coordinates":[-94.67079,38.98223]}},{"type":"Feature","properties":{"country_code":"CAN","city":"Windsor","geoname_id":"6182962","h3_hexagon":590722723785736191,"h3_resolution":3,"downloaders":{"size":28140,"mobile":324,"satellite":0,"tor":0,"tor_exit_nodes":0,"vpn":3505,"relay":3,"proxy":0,"hosting":3463,"service":3088},"uploaders":{"size":548,"mobile":1,"satellite":0,"tor":0,"tor_exit_nodes":0,"vpn":351,"relay":0,"proxy":0,"hosting":365,"service":350}},"geometry":{"type":"Point","coordinates":[-83.01654,42.30008]}},{"type":"Feature","properties":{"country_code":"RUS","city":"Magnitogorsk","geoname_id":"532288","h3_hexagon":590554429787209727,"h3_resolution":3,"downloaders":{"size":27976,"mobile":1482,"satellite":0,"tor":0,"tor_exit_nodes":0,"vpn":10851,"relay":0,"proxy":0,"hosting":2,"service":2},"uploaders":{"size":14,"mobile":7,"satellite":0,"tor":0,"tor_exit_nodes":0,"vpn":5,"relay":0,"proxy":0,"hosting":0,"service":0}},"geometry":{"type":"Point","coordinates":[59.0066,53.39808]}},{"type":"Feature","properties":{"country_code":"BGR","city":"Gabrovo","geoname_id":"731549","h3_hexagon":590515465843900415,"h3_resolution":3,"downloaders":{"size":27966,"mobile":1068,"satellite":0,"tor":0,"tor_exit_nodes":0,"vpn":110,"relay":0,"proxy":0,"hosting":1278,"service":0},"uploaders":{"size":36,"mobile":0,"satellite":0,"tor":0,"tor_exit_nodes":0,"vpn":0,"relay":0,"proxy":0,"hosting":1,"service":0}},"geometry":{"type":"Point","coordinates":[25.33417,42.87472]}},{"type":"Feature","properties":{"country_code":"RUS","city":"Naro-Fominsk","geoname_id":"523426","h3_hexagon":590279826758172671,"h3_resolution":3,"downloaders":{"size":27926,"mobile":180,"satellite":0,"tor":0,"tor_exit_nodes":0,"vpn":889,"relay":0,"proxy":0,"hosting":305,"service":0},"uploaders":{"size":18,"mobile":0,"satellite":0,"tor":0,"tor_exit_nodes":0,"vpn":0,"relay":0,"proxy":0,"hosting":0,"service":0}},"geometry":{"type":"Point","coordinates":[36.73307,55.38752]}},{"type":"Feature","properties":{"country_code":"RUS","city":"Vladikavkaz","geoname_id":"473249","h3_hexagon":590748493589512191,"h3_resolution":3,"downloaders":{"size":27869,"mobile":5968,"satellite":0,"tor":0,"tor_exit_nodes":0,"vpn":1922,"relay":0,"proxy":0,"hosting":0,"service":1627},"uploaders":{"size":18,"mobile":1,"satellite":0,"tor":0,"tor_exit_nodes":0,"vpn":0,"relay":0,"proxy":0,"hosting":0,"service":0}},"geometry":{"type":"Point","coordinates":[44.66778,43.03667]}},{"type":"Feature","properties":{"country_code":"CAN","city":"Gatineau","geoname_id":"5959974","h3_hexagon":590737086156374015,"h3_resolution":3,"downloaders":{"size":27862,"mobile":2641,"satellite":0,"tor":0,"tor_exit_nodes":0,"vpn":158,"relay":4,"proxy":0,"hosting":22,"service":11},"uploaders":{"size":585,"mobile":80,"satellite":0,"tor":0,"tor_exit_nodes":0,"vpn":3,"relay":0,"proxy":0,"hosting":3,"service":2}},"geometry":{"type":"Point","coordinates":[-75.70164,45.47723]}},{"type":"Feature","properties":{"country_code":"BRA","city":"Blumenau","geoname_id":"3469968","h3_hexagon":592930749292740607,"h3_resolution":3,"downloaders":{"size":27725,"mobile":5969,"satellite":0,"tor":0,"tor_exit_nodes":0,"vpn":15,"relay":0,"proxy":0,"hosting":312,"service":1},"uploaders":{"size":89,"mobile":25,"satellite":0,"tor":0,"tor_exit_nodes":0,"vpn":0,"relay":0,"proxy":0,"hosting":0,"service":0}},"geometry":{"type":"Point","coordinates":[-49.06611,-26.91944]}},{"type":"Feature","properties":{"country_code":"RUS","city":"Sochi","geoname_id":"491422","h3_hexagon":590769178152009727,"h3_resolution":3,"downloaders":{"size":27494,"mobile":205,"satellite":0,"tor":0,"tor_exit_nodes":0,"vpn":297,"relay":0,"proxy":0,"hosting":1111,"service":0},"uploaders":{"size":39,"mobile":0,"satellite":0,"tor":0,"tor_exit_nodes":0,"vpn":0,"relay":0,"proxy":0,"hosting":6,"service":0}},"geometry":{"type":"Point","coordinates":[39.72477,43.59699]}},{"type":"Feature","properties":{"country_code":"ROU","city":"Botoşani","geoname_id":"684039","h3_hexagon":590505226641866751,"h3_resolution":3,"downloaders":{"size":27252,"mobile":7837,"satellite":0,"tor":0,"tor_exit_nodes":0,"vpn":204,"relay":0,"proxy":0,"hosting":78,"service":35},"uploaders":{"size":46,"mobile":12,"satellite":0,"tor":0,"tor_exit_nodes":0,"vpn":7,"relay":0,"proxy":0,"hosting":7,"service":7}},"geometry":{"type":"Point","coordinates":[26.66667,47.75]}},{"type":"Feature","properties":{"country_code":"GRC","city":"Sérres","geoname_id":"734330","h3_hexagon":590512717064830975,"h3_resolution":3,"downloaders":{"size":27168,"mobile":635,"satellite":0,"tor":0,"tor_exit_nodes":0,"vpn":176,"relay":0,"proxy":0,"hosting":1045,"service":81},"uploaders":{"size":439,"mobile":52,"satellite":0,"tor":0,"tor_exit_nodes":0,"vpn":8,"relay":0,"proxy":0,"hosting":57,"service":8}},"geometry":{"type":"Point","coordinates":[23.54757,41.08499]}},{"type":"Feature","properties":{"country_code":"MEX","city":"Santiago de Querétaro","geoname_id":"3991164","h3_hexagon":591264851737706495,"h3_resolution":3,"downloaders":{"size":27127,"mobile":138,"satellite":0,"tor":0,"tor_exit_nodes":0,"vpn":4037,"relay":0,"proxy":0,"hosting":3985,"service":3857},"uploaders":{"size":530,"mobile":29,"satellite":0,"tor":0,"tor_exit_nodes":0,"vpn":428,"relay":0,"proxy":0,"hosting":428,"service":428}},"geometry":{"type":"Point","coordinates":[-100.38806,20.58806]}},{"type":"Feature","properties":{"country_code":"COL","city":"Medellín","geoname_id":"3674962","h3_hexagon":591767672148983807,"h3_resolution":3,"downloaders":{"size":27096,"mobile":6933,"satellite":0,"tor":0,"tor_exit_nodes":0,"vpn":90,"relay":0,"proxy":0,"hosting":134,"service":5},"uploaders":{"size":138,"mobile":51,"satellite":0,"tor":0,"tor_exit_nodes":0,"vpn":2,"relay":0,"proxy":0,"hosting":6,"service":2}},"geometry":{"type":"Point","coordinates":[-75.57151,6.245]}},{"type":"Feature","properties":{"country_code":"UKR","city":"Dnipro","geoname_id":"709930","h3_hexagon":590770140224684031,"h3_resolution":3,"downloaders":{"size":26679,"mobile":1440,"satellite":0,"tor":0,"tor_exit_nodes":0,"vpn":201,"relay":0,"proxy":0,"hosting":3471,"service":17},"uploaders":{"size":78,"mobile":11,"satellite":0,"tor":0,"tor_exit_nodes":0,"vpn":7,"relay":0,"proxy":0,"hosting":2,"service":0}},"geometry":{"type":"Point","coordinates":[35.04066,48.46664]}},{"type":"Feature","properties":{"country_code":"BRA","city":"Petrópolis","geoname_id":"3454031","h3_hexagon":592938308435181567,"h3_resolution":3,"downloaders":{"size":26196,"mobile":48,"satellite":0,"tor":0,"tor_exit_nodes":0,"vpn":25,"relay":0,"proxy":0,"hosting":268,"service":0},"uploaders":{"size":66,"mobile":0,"satellite":0,"tor":0,"tor_exit_nodes":0,"vpn":0,"relay":0,"proxy":0,"hosting":3,"service":0}},"geometry":{"type":"Point","coordinates":[-43.17861,-22.505]}},{"type":"Feature","properties":{"country_code":"GBR","city":"Bournemouth","geoname_id":"2655095","h3_hexagon":590417540589551615,"h3_resolution":3,"downloaders":{"size":25975,"mobile":477,"satellite":0,"tor":4,"tor_exit_nodes":4,"vpn":375,"relay":11,"proxy":28,"hosting":1556,"service":227},"uploaders":{"size":248,"mobile":18,"satellite":0,"tor":1,"tor_exit_nodes":1,"vpn":1,"relay":2,"proxy":0,"hosting":14,"service":3}},"geometry":{"type":"Point","coordinates":[-1.8795,50.72048]}},{"type":"Feature","properties":{"country_code":"CHN","city":"Chongqing","geoname_id":"1814906","h3_hexagon":591099237798772735,"h3_resolution":3,"downloaders":{"size":25789,"mobile":0,"satellite":0,"tor":0,"tor_exit_nodes":0,"vpn":845,"relay":0,"proxy":0,"hosting":58,"service":0},"uploaders":{"size":171,"mobile":0,"satellite":0,"tor":0,"tor_exit_nodes":0,"vpn":0,"relay":0,"proxy":0,"hosting":0,"service":0}},"geometry":{"type":"Point","coordinates":[106.55771,29.56026]}},{"type":"Feature","properties":{"country_code":"USA","city":"Dedham","geoname_id":"4934664","h3_hexagon":590713996412190719,"h3_resolution":3,"downloaders":{"size":25770,"mobile":179,"satellite":0,"tor":1,"tor_exit_nodes":1,"vpn":677,"relay":0,"proxy":0,"hosting":326,"service":211},"uploaders":{"size":218,"mobile":14,"satellite":0,"tor":0,"tor_exit_nodes":0,"vpn":69,"relay":0,"proxy":0,"hosting":67,"service":43}},"geometry":{"type":"Point","coordinates":[-71.16616,42.24177]}},{"type":"Feature","properties":{"country_code":"KOR","city":"Yeosu","geoname_id":"1884138","h3_hexagon":590829376413630463,"h3_resolution":3,"downloaders":{"size":25709,"mobile":201,"satellite":0,"tor":0,"tor_exit_nodes":0,"vpn":115,"relay":0,"proxy":0,"hosting":0,"service":3},"uploaders":{"size":4,"mobile":0,"satellite":0,"tor":0,"tor_exit_nodes":0,"vpn":0,"relay":0,"proxy":0,"hosting":0,"service":0}},"geometry":{"type":"Point","coordinates":[127.66215,34.76062]}},{"type":"Feature","properties":{"country_code":"TUR","city":"Bandırma","geoname_id":"751077","h3_hexagon":590513335540121599,"h3_resolution":3,"downloaders":{"size":25674,"mobile":8149,"satellite":0,"tor":0,"tor_exit_nodes":0,"vpn":0,"relay":0,"proxy":0,"hosting":0,"service":0},"uploaders":{"size":7,"mobile":4,"satellite":0,"tor":0,"tor_exit_nodes":0,"vpn":0,"relay":0,"proxy":0,"hosting":0,"service":0}},"geometry":{"type":"Point","coordinates":[27.97667,40.35222]}},{"type":"Feature","properties":{"country_code":"FRA","city":"Déville-lès-Rouen","geoname_id":"3021484","h3_hexagon":590400773037228031,"h3_resolution":3,"downloaders":{"size":25548,"mobile":7498,"satellite":0,"tor":0,"tor_exit_nodes":0,"vpn":178,"relay":0,"proxy":7,"hosting":148,"service":0},"uploaders":{"size":30,"mobile":8,"satellite":0,"tor":0,"tor_exit_nodes":0,"vpn":0,"relay":0,"proxy":7,"hosting":7,"service":0}},"geometry":{"type":"Point","coordinates":[1.05214,49.46942]}},{"type":"Feature","properties":{"country_code":"FRA","city":"Villereversure","geoname_id":"2968453","h3_hexagon":590526941996515327,"h3_resolution":3,"downloaders":{"size":25539,"mobile":5057,"satellite":0,"tor":0,"tor_exit_nodes":0,"vpn":425,"relay":0,"proxy":0,"hosting":1800,"service":15},"uploaders":{"size":210,"mobile":37,"satellite":0,"tor":0,"tor_exit_nodes":0,"vpn":0,"relay":0,"proxy":0,"hosting":58,"service":0}},"geometry":{"type":"Point","coordinates":[5.38262,46.18521]}},{"type":"Feature","properties":{"country_code":"RUS","city":"Blagoveshchensk","geoname_id":"2026609","h3_hexagon":590335420814852095,"h3_resolution":3,"downloaders":{"size":25519,"mobile":2141,"satellite":0,"tor":0,"tor_exit_nodes":0,"vpn":154,"relay":0,"proxy":0,"hosting":0,"service":132},"uploaders":{"size":45,"mobile":0,"satellite":0,"tor":0,"tor_exit_nodes":0,"vpn":0,"relay":0,"proxy":0,"hosting":0,"service":0}},"geometry":{"type":"Point","coordinates":[127.5405,50.27961]}},{"type":"Feature","properties":{"country_code":"RUS","city":"Ulan-Ude","geoname_id":"2014407","h3_hexagon":590626997554642943,"h3_resolution":3,"downloaders":{"size":25373,"mobile":1133,"satellite":0,"tor":0,"tor_exit_nodes":0,"vpn":34,"relay":0,"proxy":0,"hosting":0,"service":0},"uploaders":{"size":182,"mobile":0,"satellite":0,"tor":0,"tor_exit_nodes":0,"vpn":1,"relay":0,"proxy":0,"hosting":0,"service":0}},"geometry":{"type":"Point","coordinates":[107.60627,51.82721]}},{"type":"Feature","properties":{"country_code":"POL","city":"Szczecin","geoname_id":"3083829","h3_hexagon":590517939745062911,"h3_resolution":3,"downloaders":{"size":25350,"mobile":802,"satellite":0,"tor":0,"tor_exit_nodes":0,"vpn":142,"relay":0,"proxy":0,"hosting":22,"service":0},"uploaders":{"size":41,"mobile":0,"satellite":0,"tor":0,"tor_exit_nodes":0,"vpn":0,"relay":0,"proxy":0,"hosting":0,"service":0}},"geometry":{"type":"Point","coordinates":[14.55302,53.42894]}},{"type":"Feature","properties":{"country_code":"TUR","city":"Eskişehir","geoname_id":"315202","h3_hexagon":590766566811893759,"h3_resolution":3,"downloaders":{"size":25339,"mobile":5267,"satellite":0,"tor":0,"tor_exit_nodes":0,"vpn":11,"relay":0,"proxy":0,"hosting":0,"service":6},"uploaders":{"size":14,"mobile":9,"satellite":0,"tor":0,"tor_exit_nodes":0,"vpn":0,"relay":0,"proxy":0,"hosting":0,"service":0}},"geometry":{"type":"Point","coordinates":[30.52056,39.77667]}},{"type":"Feature","properties":{"country_code":"TUR","city":"Afyonkarahisar","geoname_id":"325303","h3_hexagon":590766979128754175,"h3_resolution":3,"downloaders":{"size":25325,"mobile":7157,"satellite":0,"tor":0,"tor_exit_nodes":0,"vpn":1,"relay":0,"proxy":0,"hosting":0,"service":0},"uploaders":{"size":4,"mobile":1,"satellite":0,"tor":0,"tor_exit_nodes":0,"vpn":0,"relay":0,"proxy":0,"hosting":0,"service":0}},"geometry":{"type":"Point","coordinates":[30.54333,38.75667]}},{"type":"Feature","properties":{"country_code":"USA","city":"Durham","geoname_id":"4464368","h3_hexagon":590719906287190015,"h3_resolution":3,"downloaders":{"size":25260,"mobile":1,"satellite":0,"tor":0,"tor_exit_nodes":0,"vpn":122,"relay":0,"proxy":0,"hosting":35,"service":1},"uploaders":{"size":103,"mobile":0,"satellite":0,"tor":0,"tor_exit_nodes":0,"vpn":4,"relay":0,"proxy":0,"hosting":1,"service":0}},"geometry":{"type":"Point","coordinates":[-78.8439,35.9781]}},{"type":"Feature","properties":{"country_code":"CHN","city":"Nanning","geoname_id":"1799869","h3_hexagon":591120815714467839,"h3_resolution":3,"downloaders":{"size":25222,"mobile":0,"satellite":0,"tor":0,"tor_exit_nodes":0,"vpn":848,"relay":0,"proxy":0,"hosting":0,"service":0},"uploaders":{"size":64,"mobile":0,"satellite":0,"tor":0,"tor_exit_nodes":0,"vpn":1,"relay":0,"proxy":0,"hosting":0,"service":0}},"geometry":{"type":"Point","coordinates":[108.31667,22.81667]}},{"type":"Feature","properties":{"country_code":"POL","city":"Nowy Targ","geoname_id":"763523","h3_hexagon":590502271704367103,"h3_resolution":3,"downloaders":{"size":25168,"mobile":649,"satellite":0,"tor":0,"tor_exit_nodes":0,"vpn":265,"relay":0,"proxy":0,"hosting":44,"service":0},"uploaders":{"size":27,"mobile":3,"satellite":0,"tor":0,"tor_exit_nodes":0,"vpn":14,"relay":0,"proxy":0,"hosting":1,"service":0}},"geometry":{"type":"Point","coordinates":[20.03228,49.47783]}},{"type":"Feature","properties":{"country_code":"SVK","city":"Košice","geoname_id":"724443","h3_hexagon":590500210120065023,"h3_resolution":3,"downloaders":{"size":25076,"mobile":1227,"satellite":0,"tor":0,"tor_exit_nodes":0,"vpn":393,"relay":0,"proxy":0,"hosting":438,"service":0},"uploaders":{"size":25,"mobile":0,"satellite":0,"tor":0,"tor_exit_nodes":0,"vpn":1,"relay":0,"proxy":0,"hosting":3,"service":0}},"geometry":{"type":"Point","coordinates":[21.25808,48.71395]}},{"type":"Feature","properties":{"country_code":"RUS","city":"Yoshkar-Ola","geoname_id":"466806","h3_hexagon":590264983351197695,"h3_resolution":3,"downloaders":{"size":24847,"mobile":1782,"satellite":0,"tor":0,"tor_exit_nodes":0,"vpn":122,"relay":0,"proxy":0,"hosting":0,"service":10},"uploaders":{"size":17,"mobile":2,"satellite":0,"tor":0,"tor_exit_nodes":0,"vpn":0,"relay":0,"proxy":0,"hosting":0,"service":0}},"geometry":{"type":"Point","coordinates":[47.89078,56.63877]}},{"type":"Feature","properties":{"country_code":"FRA","city":"Solesmes","geoname_id":"2974360","h3_hexagon":590528385105526783,"h3_resolution":3,"downloaders":{"size":24787,"mobile":4895,"satellite":0,"tor":0,"tor_exit_nodes":0,"vpn":283,"relay":0,"proxy":0,"hosting":343,"service":0},"uploaders":{"size":99,"mobile":5,"satellite":0,"tor":0,"tor_exit_nodes":0,"vpn":0,"relay":0,"proxy":0,"hosting":0,"service":0}},"geometry":{"type":"Point","coordinates":[3.49799,50.18468]}},{"type":"Feature","properties":{"country_code":"BRA","city":"Caucaia","geoname_id":"3402429","h3_hexagon":592224519230324735,"h3_resolution":3,"downloaders":{"size":24483,"mobile":648,"satellite":275,"tor":0,"tor_exit_nodes":0,"vpn":343,"relay":0,"proxy":0,"hosting":288,"service":179},"uploaders":{"size":151,"mobile":14,"satellite":9,"tor":0,"tor_exit_nodes":0,"vpn":5,"relay":0,"proxy":0,"hosting":10,"service":4}},"geometry":{"type":"Point","coordinates":[-38.65306,-3.73611]}},{"type":"Feature","properties":{"country_code":"ZAF","city":"Cape Town","geoname_id":"3369157","h3_hexagon":593018778942439423,"h3_resolution":3,"downloaders":{"size":24429,"mobile":1489,"satellite":0,"tor":0,"tor_exit_nodes":0,"vpn":292,"relay":0,"proxy":0,"hosting":8971,"service":2},"uploaders":{"size":608,"mobile":50,"satellite":0,"tor":0,"tor_exit_nodes":0,"vpn":4,"relay":0,"proxy":0,"hosting":172,"service":0}},"geometry":{"type":"Point","coordinates":[18.42322,-33.92584]}},{"type":"Feature","properties":{"country_code":"DEU","city":"Dierdorf","geoname_id":"2937280","h3_hexagon":590528041508143103,"h3_resolution":3,"downloaders":{"size":24294,"mobile":1671,"satellite":0,"tor":22,"tor_exit_nodes":22,"vpn":311,"relay":0,"proxy":19,"hosting":340,"service":42},"uploaders":{"size":42,"mobile":1,"satellite":0,"tor":0,"tor_exit_nodes":0,"vpn":2,"relay":0,"proxy":0,"hosting":2,"service":2}},"geometry":{"type":"Point","coordinates":[7.65271,50.54647]}},{"type":"Feature","properties":{"country_code":"RUS","city":"Pyatigorsk","geoname_id":"503550","h3_hexagon":590768971993579519,"h3_resolution":3,"downloaders":{"size":24292,"mobile":1528,"satellite":0,"tor":0,"tor_exit_nodes":0,"vpn":652,"relay":0,"proxy":0,"hosting":0,"service":141},"uploaders":{"size":38,"mobile":3,"satellite":0,"tor":0,"tor_exit_nodes":0,"vpn":0,"relay":0,"proxy":0,"hosting":0,"service":0}},"geometry":{"type":"Point","coordinates":[43.05036,44.05]}},{"type":"Feature","properties":{"country_code":"ISL","city":"Reykjavík","geoname_id":"3413829","h3_hexagon":590101156118659071,"h3_resolution":3,"downloaders":{"size":24018,"mobile":598,"satellite":6,"tor":6,"tor_exit_nodes":1,"vpn":3313,"relay":1,"proxy":0,"hosting":3450,"service":3048},"uploaders":{"size":361,"mobile":1,"satellite":0,"tor":0,"tor_exit_nodes":0,"vpn":246,"relay":0,"proxy":0,"hosting":247,"service":246}},"geometry":{"type":"Point","coordinates":[-21.89541,64.13548]}},{"type":"Feature","properties":{"country_code":"JOR","city":"Al Jubayhah","geoname_id":"250637","h3_hexagon":590775569063346175,"h3_resolution":3,"downloaders":{"size":23845,"mobile":3181,"satellite":2,"tor":0,"tor_exit_nodes":0,"vpn":42,"relay":0,"proxy":0,"hosting":0,"service":4},"uploaders":{"size":27,"mobile":13,"satellite":0,"tor":0,"tor_exit_nodes":0,"vpn":0,"relay":0,"proxy":0,"hosting":0,"service":0}},"geometry":{"type":"Point","coordinates":[35.89802,32.01071]}},{"type":"Feature","properties":{"country_code":"ESP","city":"Granada","geoname_id":"2517117","h3_hexagon":590976092496461823,"h3_resolution":3,"downloaders":{"size":23781,"mobile":8888,"satellite":0,"tor":0,"tor_exit_nodes":0,"vpn":164,"relay":1,"proxy":2,"hosting":106,"service":120},"uploaders":{"size":360,"mobile":93,"satellite":0,"tor":0,"tor_exit_nodes":0,"vpn":8,"relay":0,"proxy":0,"hosting":12,"service":8}},"geometry":{"type":"Point","coordinates":[-3.60667,37.18817]}},{"type":"Feature","properties":{"country_code":"SGP","city":"Singapore","geoname_id":"1880252","h3_hexagon":591750629718753279,"h3_resolution":3,"downloaders":{"size":23773,"mobile":978,"satellite":0,"tor":0,"tor_exit_nodes":0,"vpn":3808,"relay":0,"proxy":3,"hosting":7802,"service":3413},"uploaders":{"size":414,"mobile":19,"satellite":0,"tor":0,"tor_exit_nodes":0,"vpn":176,"relay":0,"proxy":0,"hosting":222,"service":172}},"geometry":{"type":"Point","coordinates":[103.7907,1.2959]}},{"type":"Feature","properties":{"country_code":"BRA","city":"Brasília","geoname_id":"3469058","h3_hexagon":592940438738960383,"h3_resolution":3,"downloaders":{"size":23636,"mobile":583,"satellite":178,"tor":0,"tor_exit_nodes":0,"vpn":102,"relay":0,"proxy":0,"hosting":279,"service":0},"uploaders":{"size":211,"mobile":5,"satellite":1,"tor":0,"tor_exit_nodes":0,"vpn":0,"relay":0,"proxy":0,"hosting":2,"service":0}},"geometry":{"type":"Point","coordinates":[-47.92972,-15.77972]}},{"type":"Feature","properties":{"country_code":"USA","city":"Minneapolis","geoname_id":"5037649","h3_hexagon":590663350157836287,"h3_resolution":3,"downloaders":{"size":23627,"mobile":774,"satellite":81,"tor":0,"tor_exit_nodes":0,"vpn":1013,"relay":4,"proxy":0,"hosting":685,"service":528},"uploaders":{"size":310,"mobile":27,"satellite":0,"tor":0,"tor_exit_nodes":0,"vpn":31,"relay":0,"proxy":0,"hosting":27,"service":23}},"geometry":{"type":"Point","coordinates":[-93.26384,44.97997]}},{"type":"Feature","properties":{"country_code":"POL","city":"Lublin","geoname_id":"765876","h3_hexagon":590502477862797311,"h3_resolution":3,"downloaders":{"size":23440,"mobile":587,"satellite":0,"tor":0,"tor_exit_nodes":0,"vpn":92,"relay":0,"proxy":0,"hosting":623,"service":0},"uploaders":{"size":49,"mobile":2,"satellite":0,"tor":0,"tor_exit_nodes":0,"vpn":0,"relay":0,"proxy":0,"hosting":0,"service":0}},"geometry":{"type":"Point","coordinates":[22.56667,51.25]}},{"type":"Feature","properties":{"country_code":"TUR","city":"Edirne","geoname_id":"747712","h3_hexagon":590513404259598335,"h3_resolution":3,"downloaders":{"size":23291,"mobile":155,"satellite":0,"tor":0,"tor_exit_nodes":0,"vpn":59,"relay":0,"proxy":0,"hosting":3,"service":0},"uploaders":{"size":7,"mobile":0,"satellite":0,"tor":0,"tor_exit_nodes":0,"vpn":0,"relay":0,"proxy":0,"hosting":0,"service":0}},"geometry":{"type":"Point","coordinates":[26.55597,41.67719]}},{"type":"Feature","properties":{"country_code":"TUN","city":"Tunis","geoname_id":"2464470","h3_hexagon":590964341465939967,"h3_resolution":3,"downloaders":{"size":23279,"mobile":1756,"satellite":0,"tor":0,"tor_exit_nodes":0,"vpn":13,"relay":0,"proxy":0,"hosting":1626,"service":0},"uploaders":{"size":70,"mobile":15,"satellite":0,"tor":0,"tor_exit_nodes":0,"vpn":0,"relay":0,"proxy":0,"hosting":0,"service":0}},"geometry":{"type":"Point","coordinates":[10.16579,36.81897]}},{"type":"Feature","properties":{"country_code":"BRA","city":"Franca","geoname_id":"3463011","h3_hexagon":592928893866868735,"h3_resolution":3,"downloaders":{"size":23149,"mobile":617,"satellite":0,"tor":0,"tor_exit_nodes":0,"vpn":35,"relay":0,"proxy":0,"hosting":101,"service":2},"uploaders":{"size":102,"mobile":12,"satellite":0,"tor":0,"tor_exit_nodes":0,"vpn":0,"relay":0,"proxy":0,"hosting":1,"service":0}},"geometry":{"type":"Point","coordinates":[-47.40083,-20.53861]}},{"type":"Feature","properties":{"country_code":"BGR","city":"Kyustendil","geoname_id":"729730","h3_hexagon":590512991942737919,"h3_resolution":3,"downloaders":{"size":23034,"mobile":976,"satellite":0,"tor":0,"tor_exit_nodes":0,"vpn":658,"relay":0,"proxy":0,"hosting":102,"service":298},"uploaders":{"size":357,"mobile":26,"satellite":0,"tor":0,"tor_exit_nodes":0,"vpn":51,"relay":0,"proxy":0,"hosting":21,"service":37}},"geometry":{"type":"Point","coordinates":[22.69111,42.28389]}},{"type":"Feature","properties":{"country_code":"TUR","city":"Burdur","geoname_id":"320392","h3_hexagon":591087349329297407,"h3_resolution":3,"downloaders":{"size":23031,"mobile":5214,"satellite":0,"tor":0,"tor_exit_nodes":0,"vpn":12,"relay":0,"proxy":0,"hosting":0,"service":0},"uploaders":{"size":7,"mobile":0,"satellite":0,"tor":0,"tor_exit_nodes":0,"vpn":0,"relay":0,"proxy":0,"hosting":0,"service":0}},"geometry":{"type":"Point","coordinates":[30.29083,37.72028]}},{"type":"Feature","properties":{"country_code":"CHN","city":"Xiamen","geoname_id":"1790645","h3_hexagon":591126450711560191,"h3_resolution":3,"downloaders":{"size":22990,"mobile":0,"satellite":0,"tor":0,"tor_exit_nodes":0,"vpn":2559,"relay":0,"proxy":0,"hosting":2,"service":0},"uploaders":{"size":91,"mobile":0,"satellite":0,"tor":0,"tor_exit_nodes":0,"vpn":9,"relay":0,"proxy":0,"hosting":0,"service":0}},"geometry":{"type":"Point","coordinates":[118.08187,24.47979]}},{"type":"Feature","properties":{"country_code":"GTM","city":"Mixco","geoname_id":"3592519","h3_hexagon":591891985682399231,"h3_resolution":3,"downloaders":{"size":22912,"mobile":18626,"satellite":57,"tor":0,"tor_exit_nodes":0,"vpn":133,"relay":0,"proxy":0,"hosting":392,"service":37},"uploaders":{"size":190,"mobile":161,"satellite":3,"tor":0,"tor_exit_nodes":0,"vpn":8,"relay":0,"proxy":0,"hosting":5,"service":5}},"geometry":{"type":"Point","coordinates":[-90.60711,14.63077]}},{"type":"Feature","properties":{"country_code":"MEX","city":"Puebla","geoname_id":"3521081","h3_hexagon":591266019968811007,"h3_resolution":3,"downloaders":{"size":22739,"mobile":28,"satellite":0,"tor":0,"tor_exit_nodes":0,"vpn":31,"relay":0,"proxy":0,"hosting":0,"service":9},"uploaders":{"size":96,"mobile":3,"satellite":0,"tor":0,"tor_exit_nodes":0,"vpn":0,"relay":0,"proxy":0,"hosting":0,"service":0}},"geometry":{"type":"Point","coordinates":[-98.20723,19.04778]}},{"type":"Feature","properties":{"country_code":"CRI","city":"Orotina","geoname_id":"3622660","h3_hexagon":591896383728910335,"h3_resolution":3,"downloaders":{"size":22444,"mobile":2564,"satellite":98,"tor":0,"tor_exit_nodes":0,"vpn":140,"relay":0,"proxy":0,"hosting":226,"service":67},"uploaders":{"size":219,"mobile":77,"satellite":4,"tor":0,"tor_exit_nodes":0,"vpn":14,"relay":0,"proxy":0,"hosting":12,"service":12}},"geometry":{"type":"Point","coordinates":[-84.52337,9.91193]}},{"type":"Feature","properties":{"country_code":"TUR","city":"Acıpayam","geoname_id":"325426","h3_hexagon":591086593415053311,"h3_resolution":3,"downloaders":{"size":22424,"mobile":3466,"satellite":0,"tor":0,"tor_exit_nodes":0,"vpn":1,"relay":0,"proxy":0,"hosting":0,"service":0},"uploaders":{"size":5,"mobile":0,"satellite":0,"tor":0,"tor_exit_nodes":0,"vpn":0,"relay":0,"proxy":0,"hosting":0,"service":0}},"geometry":{"type":"Point","coordinates":[29.34941,37.42385]}},{"type":"Feature","properties":{"country_code":"CHN","city":"Zhanjiang","geoname_id":"1784990","h3_hexagon":591115730473189375,"h3_resolution":3,"downloaders":{"size":22333,"mobile":28,"satellite":0,"tor":0,"tor_exit_nodes":0,"vpn":1,"relay":0,"proxy":0,"hosting":0,"service":0},"uploaders":{"size":46,"mobile":0,"satellite":0,"tor":0,"tor_exit_nodes":0,"vpn":0,"relay":0,"proxy":0,"hosting":0,"service":0}},"geometry":{"type":"Point","coordinates":[110.38749,21.23391]}},{"type":"Feature","properties":{"country_code":"BRA","city":"Gravataí","geoname_id":"3462089","h3_hexagon":592945661419192319,"h3_resolution":3,"downloaders":{"size":22266,"mobile":611,"satellite":0,"tor":0,"tor_exit_nodes":0,"vpn":164,"relay":0,"proxy":0,"hosting":31,"service":51},"uploaders":{"size":99,"mobile":6,"satellite":0,"tor":0,"tor_exit_nodes":0,"vpn":11,"relay":0,"proxy":0,"hosting":4,"service":3}},"geometry":{"type":"Point","coordinates":[-50.99278,-29.94218]}},{"type":"Feature","properties":{"country_code":"USA","city":"St. Petersburg","geoname_id":"4171563","h3_hexagon":591169675262427135,"h3_resolution":3,"downloaders":{"size":22162,"mobile":254,"satellite":0,"tor":0,"tor_exit_nodes":0,"vpn":412,"relay":2,"proxy":0,"hosting":1114,"service":259},"uploaders":{"size":292,"mobile":14,"satellite":0,"tor":0,"tor_exit_nodes":0,"vpn":73,"relay":0,"proxy":0,"hosting":93,"service":73}},"geometry":{"type":"Point","coordinates":[-82.67927,27.77086]}},{"type":"Feature","properties":{"country_code":"NLD","city":"Staphorst","geoname_id":"2746839","h3_hexagon":590418914979086335,"h3_resolution":3,"downloaders":{"size":22022,"mobile":3,"satellite":0,"tor":0,"tor_exit_nodes":0,"vpn":1628,"relay":0,"proxy":0,"hosting":8254,"service":938},"uploaders":{"size":399,"mobile":0,"satellite":0,"tor":0,"tor_exit_nodes":0,"vpn":158,"relay":0,"proxy":0,"hosting":354,"service":121}},"geometry":{"type":"Point","coordinates":[6.21111,52.645]}},{"type":"Feature","properties":{"country_code":"SAU","city":"Dammam","geoname_id":"110336","h3_hexagon":591439330489139199,"h3_resolution":3,"downloaders":{"size":21958,"mobile":4985,"satellite":0,"tor":0,"tor_exit_nodes":0,"vpn":131,"relay":0,"proxy":1,"hosting":369,"service":47},"uploaders":{"size":89,"mobile":28,"satellite":0,"tor":0,"tor_exit_nodes":0,"vpn":5,"relay":0,"proxy":0,"hosting":6,"service":5}},"geometry":{"type":"Point","coordinates":[50.10326,26.43442]}},{"type":"Feature","properties":{"country_code":"HKG","city":"Tung Chung","geoname_id":"11101593","h3_hexagon":591115318156328959,"h3_resolution":3,"downloaders":{"size":21659,"mobile":756,"satellite":0,"tor":0,"tor_exit_nodes":0,"vpn":1509,"relay":0,"proxy":0,"hosting":6833,"service":315},"uploaders":{"size":176,"mobile":33,"satellite":0,"tor":0,"tor_exit_nodes":0,"vpn":11,"relay":0,"proxy":0,"hosting":96,"service":10}},"geometry":{"type":"Point","coordinates":[113.94243,22.28783]}},{"type":"Feature","properties":{"country_code":"TTO","city":"Chaguanas","geoname_id":"3574810","h3_hexagon":591648924893183999,"h3_resolution":3,"downloaders":{"size":21623,"mobile":807,"satellite":0,"tor":0,"tor_exit_nodes":0,"vpn":11,"relay":0,"proxy":0,"hosting":0,"service":4},"uploaders":{"size":268,"mobile":20,"satellite":0,"tor":0,"tor_exit_nodes":0,"vpn":0,"relay":0,"proxy":0,"hosting":0,"service":0}},"geometry":{"type":"Point","coordinates":[-61.41667,10.51667]}},{"type":"Feature","properties":{"country_code":"FRA","city":"Saint-Jean","geoname_id":"2979394","h3_hexagon":590980971579310079,"h3_resolution":3,"downloaders":{"size":21612,"mobile":8359,"satellite":0,"tor":1,"tor_exit_nodes":1,"vpn":144,"relay":3,"proxy":0,"hosting":125,"service":8},"uploaders":{"size":70,"mobile":49,"satellite":0,"tor":0,"tor_exit_nodes":0,"vpn":0,"relay":0,"proxy":0,"hosting":0,"service":0}},"geometry":{"type":"Point","coordinates":[1.50459,43.66519]}},{"type":"Feature","properties":{"country_code":"ESP","city":"Guadalajara","geoname_id":"3121070","h3_hexagon":590977329447043071,"h3_resolution":3,"downloaders":{"size":21504,"mobile":6339,"satellite":0,"tor":0,"tor_exit_nodes":0,"vpn":147,"relay":0,"proxy":0,"hosting":168,"service":0},"uploaders":{"size":167,"mobile":23,"satellite":0,"tor":0,"tor_exit_nodes":0,"vpn":0,"relay":0,"proxy":0,"hosting":0,"service":0}},"geometry":{"type":"Point","coordinates":[-3.16185,40.62862]}},{"type":"Feature","properties":{"country_code":"IDN","city":"Jakarta","geoname_id":"1642911","h3_hexagon":592435625462857727,"h3_resolution":3,"downloaders":{"size":21457,"mobile":2154,"satellite":188,"tor":0,"tor_exit_nodes":0,"vpn":1168,"relay":0,"proxy":1,"hosting":6082,"service":825},"uploaders":{"size":576,"mobile":71,"satellite":2,"tor":0,"tor_exit_nodes":0,"vpn":45,"relay":0,"proxy":0,"hosting":186,"service":44}},"geometry":{"type":"Point","coordinates":[106.84513,-6.21462]}},{"type":"Feature","properties":{"country_code":"NLD","city":"Kerkrade","geoname_id":"2752923","h3_hexagon":590527972788666367,"h3_resolution":3,"downloaders":{"size":21442,"mobile":104,"satellite":0,"tor":168,"tor_exit_nodes":0,"vpn":483,"relay":1,"proxy":0,"hosting":3737,"service":136},"uploaders":{"size":162,"mobile":1,"satellite":0,"tor":0,"tor_exit_nodes":0,"vpn":3,"relay":0,"proxy":0,"hosting":79,"service":0}},"geometry":{"type":"Point","coordinates":[6.0625,50.86583]}},{"type":"Feature","properties":{"country_code":"ITA","city":"Bologna","geoname_id":"3181928","h3_hexagon":590510380602621951,"h3_resolution":3,"downloaders":{"size":21395,"mobile":5803,"satellite":0,"tor":0,"tor_exit_nodes":0,"vpn":215,"relay":0,"proxy":0,"hosting":130,"service":1},"uploaders":{"size":188,"mobile":40,"satellite":0,"tor":0,"tor_exit_nodes":0,"vpn":1,"relay":0,"proxy":0,"hosting":6,"service":0}},"geometry":{"type":"Point","coordinates":[11.33875,44.49381]}},{"type":"Feature","properties":{"country_code":"BRA","city":"Porto Alegre","geoname_id":"3452925","h3_hexagon":592944768065994751,"h3_resolution":3,"downloaders":{"size":21377,"mobile":698,"satellite":0,"tor":0,"tor_exit_nodes":0,"vpn":31,"relay":0,"proxy":0,"hosting":50,"service":1},"uploaders":{"size":103,"mobile":7,"satellite":0,"tor":0,"tor_exit_nodes":0,"vpn":0,"relay":0,"proxy":0,"hosting":1,"service":0}},"geometry":{"type":"Point","coordinates":[-51.23019,-30.03283]}},{"type":"Feature","properties":{"country_code":"RUS","city":"Chita","geoname_id":"2025339","h3_hexagon":590352050928222207,"h3_resolution":3,"downloaders":{"size":21089,"mobile":5490,"satellite":0,"tor":0,"tor_exit_nodes":0,"vpn":76,"relay":0,"proxy":0,"hosting":22,"service":55},"uploaders":{"size":173,"mobile":3,"satellite":0,"tor":0,"tor_exit_nodes":0,"vpn":0,"relay":0,"proxy":0,"hosting":0,"service":0}},"geometry":{"type":"Point","coordinates":[113.50087,52.03171]}},{"type":"Feature","properties":{"country_code":"USA","city":"Horizon City","geoname_id":"5523369","h3_hexagon":591251863756603391,"h3_resolution":3,"downloaders":{"size":21033,"mobile":68,"satellite":0,"tor":0,"tor_exit_nodes":0,"vpn":51,"relay":2,"proxy":0,"hosting":2,"service":37},"uploaders":{"size":42,"mobile":4,"satellite":0,"tor":0,"tor_exit_nodes":0,"vpn":0,"relay":0,"proxy":0,"hosting":0,"service":0}},"geometry":{"type":"Point","coordinates":[-106.20748,31.69261]}},{"type":"Feature","properties":{"country_code":"IRQ","city":"As Sulaymānīyah","geoname_id":"98463","h3_hexagon":590757495840964607,"h3_resolution":3,"downloaders":{"size":21031,"mobile":96,"satellite":0,"tor":0,"tor_exit_nodes":0,"vpn":22,"relay":0,"proxy":0,"hosting":0,"service":0},"uploaders":{"size":3,"mobile":0,"satellite":0,"tor":0,"tor_exit_nodes":0,"vpn":0,"relay":0,"proxy":0,"hosting":0,"service":0}},"geometry":{"type":"Point","coordinates":[45.4329,35.56496]}},{"type":"Feature","properties":{"country_code":"USA","city":"Wheeling","geoname_id":"4916311","h3_hexagon":590663831194173439,"h3_resolution":3,"downloaders":{"size":21018,"mobile":149,"satellite":0,"tor":0,"tor_exit_nodes":0,"vpn":1730,"relay":2,"proxy":0,"hosting":3115,"service":1365},"uploaders":{"size":477,"mobile":10,"satellite":0,"tor":0,"tor_exit_nodes":0,"vpn":308,"relay":0,"proxy":0,"hosting":315,"service":299}},"geometry":{"type":"Point","coordinates":[-87.92896,42.13919]}},{"type":"Feature","properties":{"country_code":"GEO","city":"Tbilisi","geoname_id":"611717","h3_hexagon":590748562308988927,"h3_resolution":3,"downloaders":{"size":20886,"mobile":4046,"satellite":0,"tor":0,"tor_exit_nodes":0,"vpn":287,"relay":0,"proxy":0,"hosting":231,"service":114},"uploaders":{"size":61,"mobile":6,"satellite":0,"tor":0,"tor_exit_nodes":0,"vpn":15,"relay":0,"proxy":0,"hosting":15,"service":15}},"geometry":{"type":"Point","coordinates":[44.83412,41.69143]}},{"type":"Feature","properties":{"country_code":"BRA","city":"Limeira","geoname_id":"3458575","h3_hexagon":592929168744775679,"h3_resolution":3,"downloaders":{"size":20879,"mobile":441,"satellite":0,"tor":0,"tor_exit_nodes":0,"vpn":33,"relay":0,"proxy":0,"hosting":3,"service":0},"uploaders":{"size":23,"mobile":3,"satellite":0,"tor":0,"tor_exit_nodes":0,"vpn":0,"relay":0,"proxy":0,"hosting":0,"service":0}},"geometry":{"type":"Point","coordinates":[-47.40167,-22.56472]}},{"type":"Feature","properties":{"country_code":"CAN","city":"Edmonton","geoname_id":"5946768","h3_hexagon":590304497050320895,"h3_resolution":3,"downloaders":{"size":20760,"mobile":5147,"satellite":0,"tor":0,"tor_exit_nodes":0,"vpn":278,"relay":6,"proxy":0,"hosting":193,"service":97},"uploaders":{"size":223,"mobile":80,"satellite":0,"tor":0,"tor_exit_nodes":0,"vpn":5,"relay":1,"proxy":0,"hosting":2,"service":1}},"geometry":{"type":"Point","coordinates":[-113.46871,53.55014]}},{"type":"Feature","properties":{"country_code":"IRQ","city":"Erbil","geoname_id":"95446","h3_hexagon":590746775602593791,"h3_resolution":3,"downloaders":{"size":20707,"mobile":448,"satellite":0,"tor":0,"tor_exit_nodes":0,"vpn":18,"relay":0,"proxy":0,"hosting":2,"service":0},"uploaders":{"size":7,"mobile":0,"satellite":0,"tor":0,"tor_exit_nodes":0,"vpn":0,"relay":0,"proxy":0,"hosting":0,"service":0}},"geometry":{"type":"Point","coordinates":[44.00943,36.19117]}},{"type":"Feature","properties":{"country_code":"CHN","city":"Changshu","geoname_id":"7283386","h3_hexagon":590826490195607551,"h3_resolution":3,"downloaders":{"size":20692,"mobile":0,"satellite":0,"tor":0,"tor_exit_nodes":0,"vpn":229,"relay":0,"proxy":0,"hosting":1822,"service":0},"uploaders":{"size":26,"mobile":0,"satellite":0,"tor":0,"tor_exit_nodes":0,"vpn":0,"relay":0,"proxy":0,"hosting":1,"service":0}},"geometry":{"type":"Point","coordinates":[120.74221,31.64615]}},{"type":"Feature","properties":{"country_code":"POL","city":"Wizna","geoname_id":"755502","h3_hexagon":590522543950004223,"h3_resolution":3,"downloaders":{"size":20611,"mobile":129,"satellite":0,"tor":0,"tor_exit_nodes":0,"vpn":112,"relay":0,"proxy":0,"hosting":0,"service":0},"uploaders":{"size":46,"mobile":0,"satellite":0,"tor":0,"tor_exit_nodes":0,"vpn":0,"relay":0,"proxy":0,"hosting":0,"service":0}},"geometry":{"type":"Point","coordinates":[22.38241,53.19518]}},{"type":"Feature","properties":{"country_code":"ARE","city":"Sharjah","geoname_id":"292672","h3_hexagon":591162116119986175,"h3_resolution":3,"downloaders":{"size":20421,"mobile":3164,"satellite":0,"tor":0,"tor_exit_nodes":0,"vpn":111,"relay":0,"proxy":0,"hosting":2,"service":0},"uploaders":{"size":292,"mobile":114,"satellite":0,"tor":0,"tor_exit_nodes":0,"vpn":1,"relay":0,"proxy":0,"hosting":0,"service":0}},"geometry":{"type":"Point","coordinates":[55.41206,25.33737]}},{"type":"Feature","properties":{"country_code":"JAM","city":"Kingston","geoname_id":"3489854","h3_hexagon":591787051041423359,"h3_resolution":3,"downloaders":{"size":20327,"mobile":10393,"satellite":136,"tor":0,"tor_exit_nodes":0,"vpn":14,"relay":0,"proxy":0,"hosting":1152,"service":0},"uploaders":{"size":175,"mobile":89,"satellite":2,"tor":0,"tor_exit_nodes":0,"vpn":0,"relay":0,"proxy":0,"hosting":18,"service":0}},"geometry":{"type":"Point","coordinates":[-76.79358,17.99702]}},{"type":"Feature","properties":{"country_code":"ESP","city":"Lorca","geoname_id":"2514891","h3_hexagon":590959324944138239,"h3_resolution":3,"downloaders":{"size":20286,"mobile":7080,"satellite":0,"tor":0,"tor_exit_nodes":0,"vpn":91,"relay":0,"proxy":0,"hosting":372,"service":0},"uploaders":{"size":137,"mobile":23,"satellite":0,"tor":0,"tor_exit_nodes":0,"vpn":1,"relay":0,"proxy":0,"hosting":0,"service":0}},"geometry":{"type":"Point","coordinates":[-1.7017,37.67119]}},{"type":"Feature","properties":{"country_code":"FRA","city":"Bordeaux","geoname_id":"3031582","h3_hexagon":590399123769786367,"h3_resolution":3,"downloaders":{"size":20106,"mobile":9284,"satellite":0,"tor":0,"tor_exit_nodes":0,"vpn":706,"relay":0,"proxy":0,"hosting":638,"service":630},"uploaders":{"size":105,"mobile":3,"satellite":0,"tor":0,"tor_exit_nodes":0,"vpn":85,"relay":0,"proxy":0,"hosting":85,"service":85}},"geometry":{"type":"Point","coordinates":[-0.5805,44.84044]}},{"type":"Feature","properties":{"country_code":"RUS","city":"Syktyvkar","geoname_id":"485239","h3_hexagon":590253644637536255,"h3_resolution":3,"downloaders":{"size":20028,"mobile":11,"satellite":0,"tor":0,"tor_exit_nodes":0,"vpn":1639,"relay":0,"proxy":0,"hosting":0,"service":1602},"uploaders":{"size":32,"mobile":0,"satellite":0,"tor":0,"tor_exit_nodes":0,"vpn":5,"relay":0,"proxy":0,"hosting":0,"service":5}},"geometry":{"type":"Point","coordinates":[50.80819,61.68523]}},{"type":"Feature","properties":{"country_code":"BRA","city":"Contagem","geoname_id":"3465624","h3_hexagon":592936727887216639,"h3_resolution":3,"downloaders":{"size":20014,"mobile":466,"satellite":0,"tor":0,"tor_exit_nodes":0,"vpn":65,"relay":0,"proxy":0,"hosting":46,"service":0},"uploaders":{"size":40,"mobile":0,"satellite":0,"tor":0,"tor_exit_nodes":0,"vpn":3,"relay":0,"proxy":0,"hosting":0,"service":0}},"geometry":{"type":"Point","coordinates":[-44.05361,-19.93167]}},{"type":"Feature","properties":{"country_code":"ESP","city":"Donostia / San Sebastián","geoname_id":"3110044","h3_hexagon":590398986330832895,"h3_resolution":3,"downloaders":{"size":19982,"mobile":7013,"satellite":0,"tor":0,"tor_exit_nodes":0,"vpn":94,"relay":0,"proxy":0,"hosting":17,"service":17},"uploaders":{"size":156,"mobile":68,"satellite":0,"tor":0,"tor_exit_nodes":0,"vpn":1,"relay":0,"proxy":0,"hosting":1,"service":1}},"geometry":{"type":"Point","coordinates":[-1.97499,43.31283]}},{"type":"Feature","properties":{"country_code":"TUR","city":"Manisa","geoname_id":"304827","h3_hexagon":591086799573483519,"h3_resolution":3,"downloaders":{"size":19969,"mobile":4766,"satellite":0,"tor":0,"tor_exit_nodes":0,"vpn":5,"relay":0,"proxy":0,"hosting":0,"service":0},"uploaders":{"size":24,"mobile":6,"satellite":0,"tor":0,"tor_exit_nodes":0,"vpn":0,"relay":0,"proxy":0,"hosting":0,"service":0}},"geometry":{"type":"Point","coordinates":[27.42647,38.61202]}},{"type":"Feature","properties":{"country_code":"DEU","city":"Munich","geoname_id":"2867714","h3_hexagon":590526667118608383,"h3_resolution":3,"downloaders":{"size":19708,"mobile":3302,"satellite":3,"tor":0,"tor_exit_nodes":0,"vpn":277,"relay":0,"proxy":0,"hosting":267,"service":10},"uploaders":{"size":19,"mobile":1,"satellite":0,"tor":0,"tor_exit_nodes":0,"vpn":1,"relay":0,"proxy":0,"hosting":0,"service":0}},"geometry":{"type":"Point","coordinates":[11.57549,48.13743]}},{"type":"Feature","properties":{"country_code":"TUR","city":"Arsuz","geoname_id":"298435","h3_hexagon":590774332112764927,"h3_resolution":3,"downloaders":{"size":19695,"mobile":212,"satellite":0,"tor":0,"tor_exit_nodes":0,"vpn":26,"relay":0,"proxy":1,"hosting":0,"service":0},"uploaders":{"size":3,"mobile":0,"satellite":0,"tor":0,"tor_exit_nodes":0,"vpn":0,"relay":0,"proxy":0,"hosting":0,"service":0}},"geometry":{"type":"Point","coordinates":[35.89033,36.41305]}},{"type":"Feature","properties":{"country_code":"SLV","city":"San Salvador","geoname_id":"3583361","h3_hexagon":591897139643154431,"h3_resolution":3,"downloaders":{"size":19608,"mobile":3954,"satellite":58,"tor":0,"tor_exit_nodes":0,"vpn":74,"relay":0,"proxy":0,"hosting":214,"service":11},"uploaders":{"size":36,"mobile":2,"satellite":0,"tor":0,"tor_exit_nodes":0,"vpn":0,"relay":0,"proxy":0,"hosting":3,"service":0}},"geometry":{"type":"Point","coordinates":[-89.18718,13.68935]}},{"type":"Feature","properties":{"country_code":"BRA","city":"Paudalho","geoname_id":"3392829","h3_hexagon":592250014156193791,"h3_resolution":3,"downloaders":{"size":19556,"mobile":1522,"satellite":0,"tor":0,"tor_exit_nodes":0,"vpn":170,"relay":0,"proxy":0,"hosting":63,"service":3},"uploaders":{"size":186,"mobile":19,"satellite":0,"tor":0,"tor_exit_nodes":0,"vpn":0,"relay":0,"proxy":0,"hosting":0,"service":0}},"geometry":{"type":"Point","coordinates":[-35.17972,-7.89667]}},{"type":"Feature","properties":{"country_code":"CHN","city":"Tianjin","geoname_id":"1792947","h3_hexagon":590843257747931135,"h3_resolution":3,"downloaders":{"size":19551,"mobile":0,"satellite":0,"tor":0,"tor_exit_nodes":0,"vpn":409,"relay":0,"proxy":0,"hosting":436,"service":0},"uploaders":{"size":91,"mobile":0,"satellite":0,"tor":0,"tor_exit_nodes":0,"vpn":1,"relay":0,"proxy":0,"hosting":28,"service":0}},"geometry":{"type":"Point","coordinates":[117.17667,39.14222]}},{"type":"Feature","properties":{"country_code":"UKR","city":"Luhansk","geoname_id":"702658","h3_hexagon":590770071505207295,"h3_resolution":3,"downloaders":{"size":19528,"mobile":0,"satellite":0,"tor":0,"tor_exit_nodes":0,"vpn":72,"relay":0,"proxy":0,"hosting":132,"service":11},"uploaders":{"size":10,"mobile":0,"satellite":0,"tor":0,"tor_exit_nodes":0,"vpn":0,"relay":0,"proxy":0,"hosting":0,"service":0}},"geometry":{"type":"Point","coordinates":[39.30553,48.56814]}},{"type":"Feature","properties":{"country_code":"GBR","city":"Edinburgh","geoname_id":"2650225","h3_hexagon":590419258576470015,"h3_resolution":3,"downloaders":{"size":19363,"mobile":830,"satellite":0,"tor":0,"tor_exit_nodes":0,"vpn":1855,"relay":1,"proxy":0,"hosting":276,"service":1442},"uploaders":{"size":445,"mobile":42,"satellite":0,"tor":0,"tor_exit_nodes":0,"vpn":170,"relay":0,"proxy":0,"hosting":22,"service":151}},"geometry":{"type":"Point","coordinates":[-3.19648,55.95206]}},{"type":"Feature","properties":{"country_code":"MEX","city":"Veracruz","geoname_id":"3514783","h3_hexagon":591266157407764479,"h3_resolution":3,"downloaders":{"size":19354,"mobile":94,"satellite":0,"tor":0,"tor_exit_nodes":0,"vpn":15,"relay":0,"proxy":0,"hosting":0,"service":0},"uploaders":{"size":41,"mobile":1,"satellite":0,"tor":0,"tor_exit_nodes":0,"vpn":0,"relay":0,"proxy":0,"hosting":0,"service":0}},"geometry":{"type":"Point","coordinates":[-96.1429,19.18095]}},{"type":"Feature","properties":{"country_code":"FRA","city":"Château-Thierry","geoname_id":"3026194","h3_hexagon":590529415897677823,"h3_resolution":3,"downloaders":{"size":19217,"mobile":6785,"satellite":0,"tor":0,"tor_exit_nodes":0,"vpn":192,"relay":0,"proxy":0,"hosting":89,"service":0},"uploaders":{"size":97,"mobile":14,"satellite":0,"tor":0,"tor_exit_nodes":0,"vpn":22,"relay":0,"proxy":0,"hosting":0,"service":0}},"geometry":{"type":"Point","coordinates":[3.40304,49.04636]}},{"type":"Feature","properties":{"country_code":"RUS","city":"Pskov","geoname_id":"504341","h3_hexagon":590274123041603583,"h3_resolution":3,"downloaders":{"size":19213,"mobile":1576,"satellite":0,"tor":0,"tor_exit_nodes":0,"vpn":274,"relay":0,"proxy":1,"hosting":10,"service":0},"uploaders":{"size":41,"mobile":27,"satellite":0,"tor":0,"tor_exit_nodes":0,"vpn":0,"relay":0,"proxy":0,"hosting":0,"service":0}},"geometry":{"type":"Point","coordinates":[28.34493,57.81404]}},{"type":"Feature","properties":{"country_code":"BRA","city":"Aparecida de Goiânia","geoname_id":"6316406","h3_hexagon":592940301300006911,"h3_resolution":3,"downloaders":{"size":19199,"mobile":648,"satellite":0,"tor":0,"tor_exit_nodes":0,"vpn":58,"relay":0,"proxy":0,"hosting":3,"service":0},"uploaders":{"size":108,"mobile":2,"satellite":0,"tor":0,"tor_exit_nodes":0,"vpn":0,"relay":0,"proxy":0,"hosting":0,"service":0}},"geometry":{"type":"Point","coordinates":[-49.24389,-16.82333]}},{"type":"Feature","properties":{"country_code":"URY","city":"Montevideo","geoname_id":"3441575","h3_hexagon":593401065391521791,"h3_resolution":3,"downloaders":{"size":19084,"mobile":210,"satellite":1,"tor":0,"tor_exit_nodes":0,"vpn":108,"relay":0,"proxy":0,"hosting":2,"service":0},"uploaders":{"size":1147,"mobile":6,"satellite":0,"tor":0,"tor_exit_nodes":0,"vpn":10,"relay":0,"proxy":0,"hosting":0,"service":0}},"geometry":{"type":"Point","coordinates":[-56.18816,-34.90328]}},{"type":"Feature","properties":{"country_code":"ROU","city":"Cluj-Napoca","geoname_id":"681290","h3_hexagon":590500141400588287,"h3_resolution":3,"downloaders":{"size":19051,"mobile":1730,"satellite":0,"tor":0,"tor_exit_nodes":0,"vpn":198,"relay":1,"proxy":0,"hosting":43,"service":18},"uploaders":{"size":36,"mobile":3,"satellite":0,"tor":0,"tor_exit_nodes":0,"vpn":0,"relay":0,"proxy":0,"hosting":0,"service":0}},"geometry":{"type":"Point","coordinates":[23.6,46.76667]}},{"type":"Feature","properties":{"country_code":"ARG","city":"Córdoba","geoname_id":"3860259","h3_hexagon":593107633225859071,"h3_resolution":3,"downloaders":{"size":19048,"mobile":7715,"satellite":0,"tor":0,"tor_exit_nodes":0,"vpn":45,"relay":0,"proxy":0,"hosting":31,"service":15},"uploaders":{"size":150,"mobile":47,"satellite":0,"tor":0,"tor_exit_nodes":0,"vpn":1,"relay":0,"proxy":0,"hosting":8,"service":1}},"geometry":{"type":"Point","coordinates":[-64.18853,-31.40648]}},{"type":"Feature","properties":{"country_code":"USA","city":"Paradise","geoname_id":"5509952","h3_hexagon":590702107942715391,"h3_resolution":3,"downloaders":{"size":18963,"mobile":573,"satellite":0,"tor":18,"tor_exit_nodes":15,"vpn":2903,"relay":3,"proxy":0,"hosting":5340,"service":2588},"uploaders":{"size":243,"mobile":19,"satellite":0,"tor":0,"tor_exit_nodes":0,"vpn":112,"relay":0,"proxy":0,"hosting":131,"service":103}},"geometry":{"type":"Point","coordinates":[-115.14666,36.09719]}},{"type":"Feature","properties":{"country_code":"BRA","city":"Araruama","geoname_id":"3471715","h3_hexagon":592938239715704831,"h3_resolution":3,"downloaders":{"size":18952,"mobile":86,"satellite":0,"tor":0,"tor_exit_nodes":0,"vpn":29,"relay":0,"proxy":0,"hosting":0,"service":0},"uploaders":{"size":175,"mobile":1,"satellite":0,"tor":0,"tor_exit_nodes":0,"vpn":0,"relay":0,"proxy":0,"hosting":0,"service":0}},"geometry":{"type":"Point","coordinates":[-42.34306,-22.87278]}},{"type":"Feature","properties":{"country_code":"CHN","city":"Shijiazhuang","geoname_id":"1795270","h3_hexagon":590842570553163775,"h3_resolution":3,"downloaders":{"size":18885,"mobile":0,"satellite":0,"tor":0,"tor_exit_nodes":0,"vpn":373,"relay":0,"proxy":0,"hosting":0,"service":0},"uploaders":{"size":62,"mobile":0,"satellite":0,"tor":0,"tor_exit_nodes":0,"vpn":1,"relay":0,"proxy":0,"hosting":0,"service":0}},"geometry":{"type":"Point","coordinates":[114.47861,38.04139]}},{"type":"Feature","properties":{"country_code":"RUS","city":"Zlatoust","geoname_id":"462444","h3_hexagon":590267594691313663,"h3_resolution":3,"downloaders":{"size":18881,"mobile":9,"satellite":0,"tor":0,"tor_exit_nodes":0,"vpn":17,"relay":0,"proxy":0,"hosting":0,"service":0},"uploaders":{"size":12,"mobile":0,"satellite":0,"tor":0,"tor_exit_nodes":0,"vpn":0,"relay":0,"proxy":0,"hosting":0,"service":0}},"geometry":{"type":"Point","coordinates":[59.65471,55.17182]}},{"type":"Feature","properties":{"country_code":"DNK","city":"Århus","geoname_id":"2624652","h3_hexagon":590519314134597631,"h3_resolution":3,"downloaders":{"size":18869,"mobile":58,"satellite":0,"tor":1,"tor_exit_nodes":1,"vpn":850,"relay":1,"proxy":0,"hosting":7,"service":4},"uploaders":{"size":240,"mobile":0,"satellite":0,"tor":0,"tor_exit_nodes":0,"vpn":0,"relay":0,"proxy":0,"hosting":0,"service":0}},"geometry":{"type":"Point","coordinates":[10.21076,56.15674]}},{"type":"Feature","properties":{"country_code":"ITA","city":"Castiglione delle Stiviere","geoname_id":"3179415","h3_hexagon":590510655480528895,"h3_resolution":3,"downloaders":{"size":18722,"mobile":3610,"satellite":0,"tor":0,"tor_exit_nodes":0,"vpn":162,"relay":0,"proxy":0,"hosting":24,"service":1},"uploaders":{"size":145,"mobile":23,"satellite":0,"tor":0,"tor_exit_nodes":0,"vpn":1,"relay":0,"proxy":0,"hosting":0,"service":1}},"geometry":{"type":"Point","coordinates":[10.48619,45.3902]}},{"type":"Feature","properties":{"country_code":"RUS","city":"Yakutsk","geoname_id":"2013159","h3_hexagon":590347446723280895,"h3_resolution":3,"downloaders":{"size":18640,"mobile":5928,"satellite":0,"tor":0,"tor_exit_nodes":0,"vpn":154,"relay":0,"proxy":0,"hosting":69,"service":61},"uploaders":{"size":48,"mobile":22,"satellite":0,"tor":0,"tor_exit_nodes":0,"vpn":0,"relay":0,"proxy":0,"hosting":0,"service":0}},"geometry":{"type":"Point","coordinates":[129.73306,62.03389]}},{"type":"Feature","properties":{"country_code":"CAN","city":"Québec","geoname_id":"6325494","h3_hexagon":590739903654920191,"h3_resolution":3,"downloaders":{"size":18583,"mobile":1426,"satellite":0,"tor":0,"tor_exit_nodes":0,"vpn":83,"relay":2,"proxy":0,"hosting":20,"service":2},"uploaders":{"size":117,"mobile":3,"satellite":0,"tor":0,"tor_exit_nodes":0,"vpn":1,"relay":0,"proxy":0,"hosting":6,"service":0}},"geometry":{"type":"Point","coordinates":[-71.21454,46.81228]}},{"type":"Feature","properties":{"country_code":"FRA","city":"Saint-Brevin-les-Pins","geoname_id":"2981296","h3_hexagon":590398574013972479,"h3_resolution":3,"downloaders":{"size":18525,"mobile":5956,"satellite":0,"tor":0,"tor_exit_nodes":0,"vpn":82,"relay":0,"proxy":0,"hosting":1,"service":0},"uploaders":{"size":97,"mobile":16,"satellite":0,"tor":0,"tor_exit_nodes":0,"vpn":1,"relay":0,"proxy":0,"hosting":0,"service":0}},"geometry":{"type":"Point","coordinates":[-2.16647,47.24693]}},{"type":"Feature","properties":{"country_code":"RUS","city":"Makhachkala","geoname_id":"532096","h3_hexagon":590753510111313919,"h3_resolution":3,"downloaders":{"size":18461,"mobile":38,"satellite":2,"tor":0,"tor_exit_nodes":0,"vpn":233,"relay":0,"proxy":0,"hosting":2,"service":2},"uploaders":{"size":13,"mobile":0,"satellite":0,"tor":0,"tor_exit_nodes":0,"vpn":7,"relay":0,"proxy":0,"hosting":0,"service":0}},"geometry":{"type":"Point","coordinates":[47.50236,42.97638]}},{"type":"Feature","properties":{"country_code":"ESP","city":"Jerez de la Frontera","geoname_id":"2516326","h3_hexagon":590976436093845503,"h3_resolution":3,"downloaders":{"size":18454,"mobile":8788,"satellite":0,"tor":0,"tor_exit_nodes":0,"vpn":47,"relay":0,"proxy":0,"hosting":145,"service":7},"uploaders":{"size":133,"mobile":64,"satellite":0,"tor":0,"tor_exit_nodes":0,"vpn":0,"relay":0,"proxy":0,"hosting":0,"service":0}},"geometry":{"type":"Point","coordinates":[-6.13606,36.68645]}},{"type":"Feature","properties":{"country_code":"CAN","city":"Winnipeg","geoname_id":"6183235","h3_hexagon":590659639306092543,"h3_resolution":3,"downloaders":{"size":18344,"mobile":272,"satellite":199,"tor":0,"tor_exit_nodes":0,"vpn":366,"relay":1,"proxy":0,"hosting":93,"service":1},"uploaders":{"size":196,"mobile":8,"satellite":4,"tor":0,"tor_exit_nodes":0,"vpn":0,"relay":0,"proxy":0,"hosting":0,"service":0}},"geometry":{"type":"Point","coordinates":[-97.14704,49.8844]}},{"type":"Feature","properties":{"country_code":"USA","city":"Sewickley","geoname_id":"5211506","h3_hexagon":590719562689806335,"h3_resolution":3,"downloaders":{"size":18180,"mobile":241,"satellite":0,"tor":0,"tor_exit_nodes":0,"vpn":264,"relay":1,"proxy":0,"hosting":159,"service":1},"uploaders":{"size":208,"mobile":7,"satellite":0,"tor":0,"tor_exit_nodes":0,"vpn":1,"relay":0,"proxy":0,"hosting":0,"service":0}},"geometry":{"type":"Point","coordinates":[-80.1845,40.53646]}},{"type":"Feature","properties":{"country_code":"TUR","city":"Karabük","geoname_id":"744562","h3_hexagon":590763543154917375,"h3_resolution":3,"downloaders":{"size":18122,"mobile":206,"satellite":0,"tor":0,"tor_exit_nodes":0,"vpn":5,"relay":0,"proxy":0,"hosting":0,"service":0},"uploaders":{"size":4,"mobile":0,"satellite":0,"tor":0,"tor_exit_nodes":0,"vpn":0,"relay":0,"proxy":0,"hosting":0,"service":0}},"geometry":{"type":"Point","coordinates":[32.62768,41.20488]}},{"type":"Feature","properties":{"country_code":"RUS","city":"Velikiy Novgorod","geoname_id":"519336","h3_hexagon":590272130176778239,"h3_resolution":3,"downloaders":{"size":18045,"mobile":3268,"satellite":0,"tor":0,"tor_exit_nodes":0,"vpn":499,"relay":0,"proxy":0,"hosting":0,"service":2},"uploaders":{"size":32,"mobile":2,"satellite":0,"tor":0,"tor_exit_nodes":0,"vpn":0,"relay":0,"proxy":0,"hosting":0,"service":0}},"geometry":{"type":"Point","coordinates":[31.27104,58.52131]}},{"type":"Feature","properties":{"country_code":"IND","city":"Delhi","geoname_id":"1273294","h3_hexagon":591055807089475583,"h3_resolution":3,"downloaders":{"size":17969,"mobile":2382,"satellite":7,"tor":0,"tor_exit_nodes":0,"vpn":58,"relay":0,"proxy":0,"hosting":1678,"service":12},"uploaders":{"size":405,"mobile":106,"satellite":0,"tor":0,"tor_exit_nodes":0,"vpn":1,"relay":0,"proxy":0,"hosting":16,"service":0}},"geometry":{"type":"Point","coordinates":[77.23149,28.65195]}},{"type":"Feature","properties":{"country_code":"RUS","city":"Yuzhno-Sakhalinsk","geoname_id":"2119441","h3_hexagon":590790206311890943,"h3_resolution":3,"downloaders":{"size":17925,"mobile":101,"satellite":1,"tor":0,"tor_exit_nodes":0,"vpn":95,"relay":0,"proxy":0,"hosting":0,"service":71},"uploaders":{"size":56,"mobile":0,"satellite":0,"tor":0,"tor_exit_nodes":0,"vpn":0,"relay":0,"proxy":0,"hosting":0,"service":0}},"geometry":{"type":"Point","coordinates":[142.73603,46.95407]}},{"type":"Feature","properties":{"country_code":"BRA","city":"Apucarana","geoname_id":"3471910","h3_hexagon":592929993378496511,"h3_resolution":3,"downloaders":{"size":17887,"mobile":299,"satellite":0,"tor":0,"tor_exit_nodes":0,"vpn":18,"relay":0,"proxy":0,"hosting":1,"service":0},"uploaders":{"size":46,"mobile":1,"satellite":0,"tor":0,"tor_exit_nodes":0,"vpn":0,"relay":0,"proxy":0,"hosting":0,"service":0}},"geometry":{"type":"Point","coordinates":[-51.46083,-23.55083]}},{"type":"Feature","properties":{"country_code":"DEU","city":"Hannover","geoname_id":"2910831","h3_hexagon":590518145903493119,"h3_resolution":3,"downloaders":{"size":17874,"mobile":6301,"satellite":0,"tor":0,"tor_exit_nodes":0,"vpn":179,"relay":0,"proxy":0,"hosting":323,"service":14},"uploaders":{"size":13,"mobile":0,"satellite":0,"tor":0,"tor_exit_nodes":0,"vpn":0,"relay":0,"proxy":0,"hosting":0,"service":0}},"geometry":{"type":"Point","coordinates":[9.73322,52.37052]}},{"type":"Feature","properties":{"country_code":"SRB","city":"Kragujevac","geoname_id":"789128","h3_hexagon":590516221758144511,"h3_resolution":3,"downloaders":{"size":17861,"mobile":392,"satellite":8,"tor":0,"tor_exit_nodes":0,"vpn":30,"relay":0,"proxy":0,"hosting":4,"service":0},"uploaders":{"size":108,"mobile":15,"satellite":0,"tor":0,"tor_exit_nodes":0,"vpn":0,"relay":0,"proxy":0,"hosting":0,"service":0}},"geometry":{"type":"Point","coordinates":[20.91667,44.01667]}},{"type":"Feature","properties":{"country_code":"RUS","city":"Novorossiysk","geoname_id":"518255","h3_hexagon":590771102297358335,"h3_resolution":3,"downloaders":{"size":17819,"mobile":246,"satellite":0,"tor":0,"tor_exit_nodes":0,"vpn":226,"relay":0,"proxy":0,"hosting":0,"service":6},"uploaders":{"size":14,"mobile":0,"satellite":0,"tor":0,"tor_exit_nodes":0,"vpn":0,"relay":0,"proxy":0,"hosting":0,"service":0}},"geometry":{"type":"Point","coordinates":[37.76176,44.73188]}},{"type":"Feature","properties":{"country_code":"UKR","city":"Horlivka","geoname_id":"707753","h3_hexagon":590769865346777087,"h3_resolution":3,"downloaders":{"size":17735,"mobile":0,"satellite":0,"tor":0,"tor_exit_nodes":0,"vpn":372,"relay":0,"proxy":0,"hosting":73,"service":137},"uploaders":{"size":36,"mobile":0,"satellite":0,"tor":0,"tor_exit_nodes":0,"vpn":0,"relay":0,"proxy":0,"hosting":0,"service":0}},"geometry":{"type":"Point","coordinates":[38.05325,48.33576]}},{"type":"Feature","properties":{"country_code":"KOR","city":"T’aebaek","geoname_id":"1835515","h3_hexagon":590831987753746431,"h3_resolution":3,"downloaders":{"size":17659,"mobile":93,"satellite":0,"tor":0,"tor_exit_nodes":0,"vpn":119,"relay":0,"proxy":0,"hosting":0,"service":0},"uploaders":{"size":4,"mobile":0,"satellite":0,"tor":0,"tor_exit_nodes":0,"vpn":0,"relay":0,"proxy":0,"hosting":0,"service":0}},"geometry":{"type":"Point","coordinates":[128.9889,37.1759]}},{"type":"Feature","properties":{"country_code":"BGR","city":"Septemvri","geoname_id":"727354","h3_hexagon":590512579625877503,"h3_resolution":3,"downloaders":{"size":17520,"mobile":825,"satellite":0,"tor":0,"tor_exit_nodes":0,"vpn":397,"relay":0,"proxy":0,"hosting":219,"service":0},"uploaders":{"size":20,"mobile":1,"satellite":0,"tor":0,"tor_exit_nodes":0,"vpn":0,"relay":0,"proxy":0,"hosting":4,"service":0}},"geometry":{"type":"Point","coordinates":[24.11854,42.22016]}},{"type":"Feature","properties":{"country_code":"LTU","city":"Klaipėda","geoname_id":"598098","h3_hexagon":590524742973259775,"h3_resolution":3,"downloaders":{"size":17519,"mobile":765,"satellite":0,"tor":0,"tor_exit_nodes":0,"vpn":194,"relay":0,"proxy":0,"hosting":9,"service":0},"uploaders":{"size":18,"mobile":0,"satellite":0,"tor":0,"tor_exit_nodes":0,"vpn":0,"relay":0,"proxy":0,"hosting":0,"service":0}},"geometry":{"type":"Point","coordinates":[21.13912,55.7068]}},{"type":"Feature","properties":{"country_code":"RUS","city":"Nizhnevartovsk","geoname_id":"1497543","h3_hexagon":590166302182604799,"h3_resolution":3,"downloaders":{"size":17375,"mobile":970,"satellite":0,"tor":0,"tor_exit_nodes":0,"vpn":218,"relay":0,"proxy":0,"hosting":0,"service":2},"uploaders":{"size":21,"mobile":0,"satellite":0,"tor":0,"tor_exit_nodes":0,"vpn":0,"relay":0,"proxy":0,"hosting":0,"service":0}},"geometry":{"type":"Point","coordinates":[76.5531,60.9344]}},{"type":"Feature","properties":{"country_code":"ESP","city":"Vilanova i la Geltrú","geoname_id":"3105184","h3_hexagon":590979184872914943,"h3_resolution":3,"downloaders":{"size":17359,"mobile":6289,"satellite":0,"tor":0,"tor_exit_nodes":0,"vpn":119,"relay":0,"proxy":0,"hosting":0,"service":0},"uploaders":{"size":145,"mobile":58,"satellite":0,"tor":0,"tor_exit_nodes":0,"vpn":0,"relay":0,"proxy":0,"hosting":0,"service":0}},"geometry":{"type":"Point","coordinates":[1.72511,41.22392]}},{"type":"Feature","properties":{"country_code":"BRA","city":"Salvador","geoname_id":"3450554","h3_hexagon":592242523733229567,"h3_resolution":3,"downloaders":{"size":17357,"mobile":1448,"satellite":0,"tor":0,"tor_exit_nodes":0,"vpn":91,"relay":0,"proxy":0,"hosting":23,"service":0},"uploaders":{"size":159,"mobile":27,"satellite":0,"tor":0,"tor_exit_nodes":0,"vpn":0,"relay":0,"proxy":0,"hosting":9,"service":0}},"geometry":{"type":"Point","coordinates":[-38.49096,-12.97563]}},{"type":"Feature","properties":{"country_code":"IND","city":"Bengaluru","geoname_id":"1277333","h3_hexagon":591661844154810367,"h3_resolution":3,"downloaders":{"size":17351,"mobile":1726,"satellite":0,"tor":0,"tor_exit_nodes":0,"vpn":567,"relay":0,"proxy":0,"hosting":140,"service":495},"uploaders":{"size":183,"mobile":22,"satellite":0,"tor":0,"tor_exit_nodes":0,"vpn":7,"relay":0,"proxy":0,"hosting":1,"service":7}},"geometry":{"type":"Point","coordinates":[77.59369,12.97194]}},{"type":"Feature","properties":{"country_code":"RUS","city":"Kovrov","geoname_id":"543460","h3_hexagon":590280101636079615,"h3_resolution":3,"downloaders":{"size":17291,"mobile":2,"satellite":0,"tor":0,"tor_exit_nodes":0,"vpn":220,"relay":0,"proxy":0,"hosting":0,"service":7},"uploaders":{"size":18,"mobile":0,"satellite":0,"tor":0,"tor_exit_nodes":0,"vpn":0,"relay":0,"proxy":0,"hosting":0,"service":0}},"geometry":{"type":"Point","coordinates":[41.31893,56.35752]}},{"type":"Feature","properties":{"country_code":"ROU","city":"Galaţi","geoname_id":"677697","h3_hexagon":590505845117157375,"h3_resolution":3,"downloaders":{"size":17233,"mobile":5639,"satellite":0,"tor":0,"tor_exit_nodes":0,"vpn":161,"relay":0,"proxy":0,"hosting":0,"service":0},"uploaders":{"size":45,"mobile":11,"satellite":0,"tor":0,"tor_exit_nodes":0,"vpn":0,"relay":0,"proxy":0,"hosting":0,"service":0}},"geometry":{"type":"Point","coordinates":[28.05028,45.43687]}},{"type":"Feature","properties":{"country_code":"UKR","city":"Vinnytsya","geoname_id":"689558","h3_hexagon":590504058410762239,"h3_resolution":3,"downloaders":{"size":17205,"mobile":3,"satellite":0,"tor":0,"tor_exit_nodes":0,"vpn":162,"relay":0,"proxy":0,"hosting":72,"service":28},"uploaders":{"size":13,"mobile":0,"satellite":0,"tor":0,"tor_exit_nodes":0,"vpn":1,"relay":0,"proxy":0,"hosting":1,"service":0}},"geometry":{"type":"Point","coordinates":[28.46871,49.2322]}},{"type":"Feature","properties":{"country_code":"BGR","city":"Ruse","geoname_id":"727523","h3_hexagon":590515740721807359,"h3_resolution":3,"downloaders":{"size":17197,"mobile":3000,"satellite":0,"tor":0,"tor_exit_nodes":0,"vpn":210,"relay":0,"proxy":0,"hosting":193,"service":0},"uploaders":{"size":27,"mobile":4,"satellite":0,"tor":0,"tor_exit_nodes":0,"vpn":0,"relay":0,"proxy":0,"hosting":0,"service":0}},"geometry":{"type":"Point","coordinates":[25.9534,43.84872]}},{"type":"Feature","properties":{"country_code":"MNG","city":"Ulan Bator","geoname_id":"2028462","h3_hexagon":590628715541561343,"h3_resolution":3,"downloaders":{"size":16865,"mobile":2419,"satellite":0,"tor":0,"tor_exit_nodes":0,"vpn":31,"relay":0,"proxy":0,"hosting":918,"service":2},"uploaders":{"size":83,"mobile":0,"satellite":0,"tor":0,"tor_exit_nodes":0,"vpn":0,"relay":0,"proxy":0,"hosting":51,"service":0}},"geometry":{"type":"Point","coordinates":[106.88324,47.90771]}},{"type":"Feature","properties":{"country_code":"UKR","city":"Simferopol","geoname_id":"693805","h3_hexagon":590766360653463551,"h3_resolution":3,"downloaders":{"size":16825,"mobile":0,"satellite":0,"tor":0,"tor_exit_nodes":0,"vpn":658,"relay":0,"proxy":0,"hosting":1239,"service":435},"uploaders":{"size":9,"mobile":0,"satellite":0,"tor":0,"tor_exit_nodes":0,"vpn":0,"relay":0,"proxy":0,"hosting":0,"service":0}},"geometry":{"type":"Point","coordinates":[34.11079,44.95719]}},{"type":"Feature","properties":{"country_code":"FRA","city":"Nancy","geoname_id":"2990999","h3_hexagon":590526048643317759,"h3_resolution":3,"downloaders":{"size":16625,"mobile":5305,"satellite":0,"tor":0,"tor_exit_nodes":0,"vpn":39,"relay":0,"proxy":0,"hosting":3,"service":0},"uploaders":{"size":22,"mobile":4,"satellite":0,"tor":0,"tor_exit_nodes":0,"vpn":2,"relay":0,"proxy":0,"hosting":0,"service":0}},"geometry":{"type":"Point","coordinates":[6.18496,48.68439]}},{"type":"Feature","properties":{"country_code":"ITA","city":"Campi Bisenzio","geoname_id":"3181018","h3_hexagon":590510518041575423,"h3_resolution":3,"downloaders":{"size":16575,"mobile":3128,"satellite":0,"tor":0,"tor_exit_nodes":0,"vpn":105,"relay":0,"proxy":0,"hosting":33,"service":2},"uploaders":{"size":80,"mobile":11,"satellite":0,"tor":0,"tor_exit_nodes":0,"vpn":0,"relay":0,"proxy":0,"hosting":0,"service":0}},"geometry":{"type":"Point","coordinates":[11.13027,43.8245]}},{"type":"Feature","properties":{"country_code":"BRA","city":"Juazeiro do Norte","geoname_id":"3397147","h3_hexagon":592227130570440703,"h3_resolution":3,"downloaders":{"size":16573,"mobile":0,"satellite":0,"tor":0,"tor_exit_nodes":0,"vpn":7,"relay":0,"proxy":0,"hosting":0,"service":0},"uploaders":{"size":46,"mobile":0,"satellite":0,"tor":0,"tor_exit_nodes":0,"vpn":0,"relay":0,"proxy":0,"hosting":0,"service":0}},"geometry":{"type":"Point","coordinates":[-39.31528,-7.21306]}},{"type":"Feature","properties":{"country_code":"GBR","city":"Middlesbrough","geoname_id":"2642607","h3_hexagon":590416234919493631,"h3_resolution":3,"downloaders":{"size":16489,"mobile":374,"satellite":0,"tor":0,"tor_exit_nodes":0,"vpn":111,"relay":2,"proxy":0,"hosting":325,"service":3},"uploaders":{"size":136,"mobile":2,"satellite":0,"tor":0,"tor_exit_nodes":0,"vpn":0,"relay":0,"proxy":0,"hosting":0,"service":0}},"geometry":{"type":"Point","coordinates":[-1.23483,54.57623]}},{"type":"Feature","properties":{"country_code":"BRA","city":"Monte Alto","geoname_id":"3456873","h3_hexagon":592928756427915263,"h3_resolution":3,"downloaders":{"size":16445,"mobile":314,"satellite":0,"tor":0,"tor_exit_nodes":0,"vpn":26,"relay":0,"proxy":0,"hosting":0,"service":0},"uploaders":{"size":17,"mobile":1,"satellite":0,"tor":0,"tor_exit_nodes":0,"vpn":0,"relay":0,"proxy":0,"hosting":0,"service":0}},"geometry":{"type":"Point","coordinates":[-48.49639,-21.26111]}},{"type":"Feature","properties":{"country_code":"IND","city":"Hyderabad","geoname_id":"1269843","h3_hexagon":591671602320506879,"h3_resolution":3,"downloaders":{"size":16352,"mobile":6500,"satellite":0,"tor":0,"tor_exit_nodes":0,"vpn":85,"relay":0,"proxy":1,"hosting":711,"service":50},"uploaders":{"size":139,"mobile":36,"satellite":0,"tor":0,"tor_exit_nodes":0,"vpn":3,"relay":0,"proxy":0,"hosting":13,"service":3}},"geometry":{"type":"Point","coordinates":[78.45636,17.38405]}},{"type":"Feature","properties":{"country_code":"ROU","city":"Braşov","geoname_id":"683844","h3_hexagon":590505020483436543,"h3_resolution":3,"downloaders":{"size":16246,"mobile":2313,"satellite":0,"tor":0,"tor_exit_nodes":0,"vpn":292,"relay":0,"proxy":0,"hosting":33,"service":0},"uploaders":{"size":40,"mobile":2,"satellite":0,"tor":0,"tor_exit_nodes":0,"vpn":0,"relay":0,"proxy":0,"hosting":0,"service":0}},"geometry":{"type":"Point","coordinates":[25.6061,45.6486]}},{"type":"Feature","properties":{"country_code":"PRT","city":"Coimbra","geoname_id":"2740637","h3_hexagon":590977741763903487,"h3_resolution":3,"downloaders":{"size":16220,"mobile":647,"satellite":0,"tor":0,"tor_exit_nodes":0,"vpn":60,"relay":0,"proxy":0,"hosting":4,"service":0},"uploaders":{"size":241,"mobile":7,"satellite":0,"tor":0,"tor_exit_nodes":0,"vpn":0,"relay":0,"proxy":0,"hosting":0,"service":0}},"geometry":{"type":"Point","coordinates":[-8.41955,40.20564]}},{"type":"Feature","properties":{"country_code":"BIH","city":"Prnjavor","geoname_id":"3192327","h3_hexagon":590501172192739327,"h3_resolution":3,"downloaders":{"size":16179,"mobile":1442,"satellite":0,"tor":0,"tor_exit_nodes":0,"vpn":68,"relay":0,"proxy":0,"hosting":10,"service":0},"uploaders":{"size":311,"mobile":15,"satellite":0,"tor":0,"tor_exit_nodes":0,"vpn":0,"relay":0,"proxy":0,"hosting":0,"service":0}},"geometry":{"type":"Point","coordinates":[17.66256,44.87021]}},{"type":"Feature","properties":{"country_code":"USA","city":"New Haven","geoname_id":"4839366","h3_hexagon":590711866108411903,"h3_resolution":3,"downloaders":{"size":16179,"mobile":383,"satellite":0,"tor":0,"tor_exit_nodes":0,"vpn":110,"relay":1,"proxy":0,"hosting":3,"service":2},"uploaders":{"size":112,"mobile":8,"satellite":0,"tor":0,"tor_exit_nodes":0,"vpn":0,"relay":0,"proxy":0,"hosting":0,"service":0}},"geometry":{"type":"Point","coordinates":[-72.92816,41.30815]}},{"type":"Feature","properties":{"country_code":"USA","city":"Elkton","geoname_id":"4354234","h3_hexagon":590722311468875775,"h3_resolution":3,"downloaders":{"size":16163,"mobile":4,"satellite":0,"tor":0,"tor_exit_nodes":0,"vpn":856,"relay":13,"proxy":0,"hosting":563,"service":238},"uploaders":{"size":88,"mobile":0,"satellite":0,"tor":0,"tor_exit_nodes":0,"vpn":26,"relay":0,"proxy":0,"hosting":31,"service":15}},"geometry":{"type":"Point","coordinates":[-75.83327,39.60678]}},{"type":"Feature","properties":{"country_code":"FRA","city":"La Côte-Saint-André","geoname_id":"3009879","h3_hexagon":590527079435468799,"h3_resolution":3,"downloaders":{"size":16080,"mobile":3916,"satellite":0,"tor":0,"tor_exit_nodes":0,"vpn":64,"relay":0,"proxy":0,"hosting":484,"service":0},"uploaders":{"size":74,"mobile":29,"satellite":0,"tor":0,"tor_exit_nodes":0,"vpn":0,"relay":0,"proxy":0,"hosting":4,"service":0}},"geometry":{"type":"Point","coordinates":[5.25908,45.39447]}},{"type":"Feature","properties":{"country_code":"CHN","city":"Xi’an","geoname_id":"1790630","h3_hexagon":591106865660690431,"h3_resolution":3,"downloaders":{"size":16076,"mobile":0,"satellite":0,"tor":0,"tor_exit_nodes":0,"vpn":510,"relay":0,"proxy":0,"hosting":133,"service":0},"uploaders":{"size":123,"mobile":0,"satellite":0,"tor":0,"tor_exit_nodes":0,"vpn":4,"relay":0,"proxy":0,"hosting":0,"service":0}},"geometry":{"type":"Point","coordinates":[108.92861,34.25833]}},{"type":"Feature","properties":{"country_code":"ESP","city":"Barbate","geoname_id":"2521335","h3_hexagon":590976161215938559,"h3_resolution":3,"downloaders":{"size":16064,"mobile":3008,"satellite":0,"tor":0,"tor_exit_nodes":0,"vpn":24,"relay":0,"proxy":0,"hosting":0,"service":0},"uploaders":{"size":102,"mobile":14,"satellite":0,"tor":0,"tor_exit_nodes":0,"vpn":0,"relay":0,"proxy":0,"hosting":0,"service":0}},"geometry":{"type":"Point","coordinates":[-5.92186,36.19237]}},{"type":"Feature","properties":{"country_code":"RUS","city":"Nizhny Tagil","geoname_id":"520494","h3_hexagon":590266289021255679,"h3_resolution":3,"downloaders":{"size":16041,"mobile":26,"satellite":0,"tor":0,"tor_exit_nodes":0,"vpn":227,"relay":0,"proxy":0,"hosting":181,"service":0},"uploaders":{"size":17,"mobile":0,"satellite":0,"tor":0,"tor_exit_nodes":0,"vpn":4,"relay":0,"proxy":0,"hosting":0,"service":0}},"geometry":{"type":"Point","coordinates":[59.965,57.91944]}},{"type":"Feature","properties":{"country_code":"BIH","city":"Sarajevo","geoname_id":"3191281","h3_hexagon":590516153038667775,"h3_resolution":3,"downloaders":{"size":16034,"mobile":1739,"satellite":0,"tor":0,"tor_exit_nodes":0,"vpn":43,"relay":0,"proxy":0,"hosting":11,"service":0},"uploaders":{"size":121,"mobile":46,"satellite":0,"tor":0,"tor_exit_nodes":0,"vpn":0,"relay":0,"proxy":0,"hosting":0,"service":0}},"geometry":{"type":"Point","coordinates":[18.35644,43.84864]}},{"type":"Feature","properties":{"country_code":"MEX","city":"Aguascalientes","geoname_id":"4019233","h3_hexagon":591265607651950591,"h3_resolution":3,"downloaders":{"size":16019,"mobile":92,"satellite":0,"tor":0,"tor_exit_nodes":0,"vpn":12,"relay":0,"proxy":0,"hosting":0,"service":0},"uploaders":{"size":90,"mobile":5,"satellite":0,"tor":0,"tor_exit_nodes":0,"vpn":0,"relay":0,"proxy":0,"hosting":0,"service":0}},"geometry":{"type":"Point","coordinates":[-102.2843,21.88262]}},{"type":"Feature","properties":{"country_code":"DEU","city":"Ravensburg","geoname_id":"2849802","h3_hexagon":590526735838085119,"h3_resolution":3,"downloaders":{"size":16007,"mobile":373,"satellite":0,"tor":0,"tor_exit_nodes":0,"vpn":1767,"relay":0,"proxy":0,"hosting":1219,"service":1047},"uploaders":{"size":280,"mobile":12,"satellite":0,"tor":0,"tor_exit_nodes":0,"vpn":34,"relay":0,"proxy":0,"hosting":31,"service":31}},"geometry":{"type":"Point","coordinates":[9.61062,47.78198]}},{"type":"Feature","properties":{"country_code":"LTU","city":"Panevėžys","geoname_id":"596128","h3_hexagon":590521650596806655,"h3_resolution":3,"downloaders":{"size":15989,"mobile":1,"satellite":0,"tor":0,"tor_exit_nodes":0,"vpn":372,"relay":0,"proxy":0,"hosting":583,"service":259},"uploaders":{"size":32,"mobile":0,"satellite":0,"tor":0,"tor_exit_nodes":0,"vpn":6,"relay":0,"proxy":0,"hosting":9,"service":6}},"geometry":{"type":"Point","coordinates":[24.35983,55.73186]}},{"type":"Feature","properties":{"country_code":"USA","city":"Buffalo","geoname_id":"5110629","h3_hexagon":590721899152015359,"h3_resolution":3,"downloaders":{"size":15985,"mobile":110,"satellite":0,"tor":13,"tor_exit_nodes":9,"vpn":3846,"relay":0,"proxy":0,"hosting":11048,"service":3750},"uploaders":{"size":1126,"mobile":3,"satellite":0,"tor":0,"tor_exit_nodes":0,"vpn":590,"relay":0,"proxy":0,"hosting":1082,"service":588}},"geometry":{"type":"Point","coordinates":[-78.87837,42.88645]}},{"type":"Feature","properties":{"country_code":"RUS","city":"Vologda","geoname_id":"472459","h3_hexagon":590256737013989375,"h3_resolution":3,"downloaders":{"size":15972,"mobile":450,"satellite":0,"tor":0,"tor_exit_nodes":0,"vpn":153,"relay":0,"proxy":0,"hosting":0,"service":0},"uploaders":{"size":8,"mobile":0,"satellite":0,"tor":0,"tor_exit_nodes":0,"vpn":5,"relay":0,"proxy":0,"hosting":0,"service":0}},"geometry":{"type":"Point","coordinates":[39.88398,59.2239]}},{"type":"Feature","properties":{"country_code":"RUS","city":"Astrakhan","geoname_id":"580497","h3_hexagon":590752273160732671,"h3_resolution":3,"downloaders":{"size":15947,"mobile":4661,"satellite":0,"tor":0,"tor_exit_nodes":0,"vpn":198,"relay":0,"proxy":0,"hosting":0,"service":17},"uploaders":{"size":3,"mobile":2,"satellite":0,"tor":0,"tor_exit_nodes":0,"vpn":0,"relay":0,"proxy":0,"hosting":0,"service":0}},"geometry":{"type":"Point","coordinates":[48.04076,46.34968]}},{"type":"Feature","properties":{"country_code":"ISR","city":"Ashkelon","geoname_id":"295620","h3_hexagon":590775775221776383,"h3_resolution":3,"downloaders":{"size":15897,"mobile":1935,"satellite":0,"tor":0,"tor_exit_nodes":0,"vpn":15,"relay":0,"proxy":0,"hosting":108,"service":0},"uploaders":{"size":159,"mobile":21,"satellite":0,"tor":0,"tor_exit_nodes":0,"vpn":0,"relay":0,"proxy":0,"hosting":0,"service":0}},"geometry":{"type":"Point","coordinates":[34.57149,31.66926]}},{"type":"Feature","properties":{"country_code":"DZA","city":"Birkhadem","geoname_id":"2503847","h3_hexagon":590959599822045183,"h3_resolution":3,"downloaders":{"size":15831,"mobile":151,"satellite":0,"tor":0,"tor_exit_nodes":0,"vpn":12,"relay":0,"proxy":0,"hosting":7,"service":7},"uploaders":{"size":130,"mobile":3,"satellite":0,"tor":0,"tor_exit_nodes":0,"vpn":0,"relay":0,"proxy":0,"hosting":0,"service":0}},"geometry":{"type":"Point","coordinates":[3.05002,36.71499]}},{"type":"Feature","properties":{"country_code":"SVK","city":"Trenčín","geoname_id":"3057140","h3_hexagon":590499385486344191,"h3_resolution":3,"downloaders":{"size":15740,"mobile":777,"satellite":0,"tor":0,"tor_exit_nodes":0,"vpn":491,"relay":0,"proxy":0,"hosting":829,"service":0},"uploaders":{"size":28,"mobile":0,"satellite":0,"tor":0,"tor_exit_nodes":0,"vpn":1,"relay":0,"proxy":0,"hosting":14,"service":0}},"geometry":{"type":"Point","coordinates":[18.04436,48.89452]}},{"type":"Feature","properties":{"country_code":"UKR","city":"Sniatyn","geoname_id":"693365","h3_hexagon":590507219506692095,"h3_resolution":3,"downloaders":{"size":15683,"mobile":3,"satellite":0,"tor":0,"tor_exit_nodes":0,"vpn":148,"relay":0,"proxy":0,"hosting":694,"service":0},"uploaders":{"size":7,"mobile":0,"satellite":0,"tor":0,"tor_exit_nodes":0,"vpn":0,"relay":0,"proxy":0,"hosting":0,"service":0}},"geometry":{"type":"Point","coordinates":[25.55994,48.44883]}},{"type":"Feature","properties":{"country_code":"IND","city":"Mumbai","geoname_id":"1275339","h3_hexagon":591670021772541951,"h3_resolution":3,"downloaders":{"size":15627,"mobile":1728,"satellite":1,"tor":0,"tor_exit_nodes":0,"vpn":255,"relay":0,"proxy":0,"hosting":3902,"service":183},"uploaders":{"size":360,"mobile":117,"satellite":0,"tor":0,"tor_exit_nodes":0,"vpn":6,"relay":0,"proxy":0,"hosting":117,"service":6}},"geometry":{"type":"Point","coordinates":[72.88261,19.07283]}},{"type":"Feature","properties":{"country_code":"IRQ","city":"Basrah","geoname_id":"99532","h3_hexagon":590755640415092735,"h3_resolution":3,"downloaders":{"size":15595,"mobile":72,"satellite":0,"tor":0,"tor_exit_nodes":0,"vpn":1,"relay":0,"proxy":0,"hosting":0,"service":0},"uploaders":{"size":10,"mobile":0,"satellite":0,"tor":0,"tor_exit_nodes":0,"vpn":0,"relay":0,"proxy":0,"hosting":0,"service":0}},"geometry":{"type":"Point","coordinates":[47.7804,30.50852]}},{"type":"Feature","properties":{"country_code":"KAZ","city":"Astana","geoname_id":"1526273","h3_hexagon":590557865761046527,"h3_resolution":3,"downloaders":{"size":15479,"mobile":1539,"satellite":51,"tor":0,"tor_exit_nodes":0,"vpn":159,"relay":0,"proxy":0,"hosting":1077,"service":2},"uploaders":{"size":346,"mobile":2,"satellite":0,"tor":0,"tor_exit_nodes":0,"vpn":0,"relay":0,"proxy":0,"hosting":11,"service":0}},"geometry":{"type":"Point","coordinates":[71.44598,51.1801]}},{"type":"Feature","properties":{"country_code":"SWE","city":"Helsingborg","geoname_id":"2706767","h3_hexagon":590519382854074367,"h3_resolution":3,"downloaders":{"size":15428,"mobile":387,"satellite":0,"tor":0,"tor_exit_nodes":0,"vpn":5906,"relay":1,"proxy":0,"hosting":5561,"service":5546},"uploaders":{"size":234,"mobile":0,"satellite":0,"tor":0,"tor_exit_nodes":0,"vpn":172,"relay":0,"proxy":0,"hosting":164,"service":164}},"geometry":{"type":"Point","coordinates":[12.69437,56.04673]}},{"type":"Feature","properties":{"country_code":"ROU","city":"Târgovişte","geoname_id":"665024","h3_hexagon":590514847368609791,"h3_resolution":3,"downloaders":{"size":15346,"mobile":4152,"satellite":0,"tor":0,"tor_exit_nodes":0,"vpn":111,"relay":0,"proxy":0,"hosting":10,"service":0},"uploaders":{"size":40,"mobile":14,"satellite":0,"tor":0,"tor_exit_nodes":0,"vpn":0,"relay":0,"proxy":0,"hosting":0,"service":0}},"geometry":{"type":"Point","coordinates":[25.4567,44.92543]}},{"type":"Feature","properties":{"country_code":"BRA","city":"Pindamonhangaba","geoname_id":"3453837","h3_hexagon":592928344111054847,"h3_resolution":3,"downloaders":{"size":15313,"mobile":695,"satellite":0,"tor":0,"tor_exit_nodes":0,"vpn":12,"relay":0,"proxy":0,"hosting":1,"service":0},"uploaders":{"size":46,"mobile":6,"satellite":0,"tor":0,"tor_exit_nodes":0,"vpn":0,"relay":0,"proxy":0,"hosting":0,"service":0}},"geometry":{"type":"Point","coordinates":[-45.46167,-22.92389]}},{"type":"Feature","properties":{"country_code":"PRY","city":"Asunción","geoname_id":"3439389","h3_hexagon":592950059465703423,"h3_resolution":3,"downloaders":{"size":15266,"mobile":10456,"satellite":25,"tor":0,"tor_exit_nodes":0,"vpn":60,"relay":0,"proxy":0,"hosting":74,"service":21},"uploaders":{"size":65,"mobile":29,"satellite":0,"tor":0,"tor_exit_nodes":0,"vpn":2,"relay":0,"proxy":0,"hosting":2,"service":0}},"geometry":{"type":"Point","coordinates":[-57.647,-25.28646]}},{"type":"Feature","properties":{"country_code":"IND","city":"Alappuzha","geoname_id":"1278985","h3_hexagon":591662806227484671,"h3_resolution":3,"downloaders":{"size":15251,"mobile":5,"satellite":0,"tor":0,"tor_exit_nodes":0,"vpn":114,"relay":0,"proxy":0,"hosting":3,"service":97},"uploaders":{"size":9,"mobile":0,"satellite":0,"tor":0,"tor_exit_nodes":0,"vpn":0,"relay":0,"proxy":0,"hosting":0,"service":0}},"geometry":{"type":"Point","coordinates":[76.3264,9.49004]}},{"type":"Feature","properties":{"country_code":"USA","city":"Cincinnati","geoname_id":"4508722","h3_hexagon":590720593481957375,"h3_resolution":3,"downloaders":{"size":15249,"mobile":75,"satellite":0,"tor":0,"tor_exit_nodes":0,"vpn":783,"relay":0,"proxy":0,"hosting":445,"service":418},"uploaders":{"size":248,"mobile":0,"satellite":0,"tor":0,"tor_exit_nodes":0,"vpn":98,"relay":0,"proxy":0,"hosting":41,"service":42}},"geometry":{"type":"Point","coordinates":[-84.4859,39.2003]}},{"type":"Feature","properties":{"country_code":"RUS","city":"Cherepovets","geoname_id":"569223","h3_hexagon":590272542493638655,"h3_resolution":3,"downloaders":{"size":15059,"mobile":63,"satellite":0,"tor":0,"tor_exit_nodes":0,"vpn":106,"relay":0,"proxy":0,"hosting":0,"service":59},"uploaders":{"size":36,"mobile":0,"satellite":0,"tor":0,"tor_exit_nodes":0,"vpn":0,"relay":0,"proxy":0,"hosting":0,"service":0}},"geometry":{"type":"Point","coordinates":[37.9,59.13333]}},{"type":"Feature","properties":{"country_code":"CHN","city":"Kunming","geoname_id":"1804651","h3_hexagon":591105285112725503,"h3_resolution":3,"downloaders":{"size":14898,"mobile":0,"satellite":0,"tor":0,"tor_exit_nodes":0,"vpn":306,"relay":0,"proxy":0,"hosting":19,"service":0},"uploaders":{"size":57,"mobile":0,"satellite":0,"tor":0,"tor_exit_nodes":0,"vpn":0,"relay":0,"proxy":0,"hosting":0,"service":0}},"geometry":{"type":"Point","coordinates":[102.71833,25.03889]}},{"type":"Feature","properties":{"country_code":"USA","city":"Round Rock","geoname_id":"4724129","h3_hexagon":591249114977533951,"h3_resolution":3,"downloaders":{"size":14784,"mobile":325,"satellite":1,"tor":0,"tor_exit_nodes":0,"vpn":376,"relay":2,"proxy":0,"hosting":87,"service":98},"uploaders":{"size":180,"mobile":5,"satellite":0,"tor":0,"tor_exit_nodes":0,"vpn":10,"relay":0,"proxy":0,"hosting":0,"service":0}},"geometry":{"type":"Point","coordinates":[-97.668,30.5145]}},{"type":"Feature","properties":{"country_code":"POL","city":"Biała Podlaska","geoname_id":"776175","h3_hexagon":590523437303201791,"h3_resolution":3,"downloaders":{"size":14737,"mobile":221,"satellite":0,"tor":0,"tor_exit_nodes":0,"vpn":83,"relay":0,"proxy":0,"hosting":0,"service":0},"uploaders":{"size":42,"mobile":2,"satellite":0,"tor":0,"tor_exit_nodes":0,"vpn":0,"relay":0,"proxy":0,"hosting":0,"service":0}},"geometry":{"type":"Point","coordinates":[23.11652,52.03238]}},{"type":"Feature","properties":{"country_code":"AUT","city":"Langenzersdorf","geoname_id":"2772998","h3_hexagon":590499797803204607,"h3_resolution":3,"downloaders":{"size":14630,"mobile":286,"satellite":0,"tor":0,"tor_exit_nodes":0,"vpn":2373,"relay":0,"proxy":0,"hosting":3396,"service":1891},"uploaders":{"size":137,"mobile":11,"satellite":0,"tor":0,"tor_exit_nodes":0,"vpn":93,"relay":0,"proxy":0,"hosting":106,"service":83}},"geometry":{"type":"Point","coordinates":[16.36143,48.30432]}},{"type":"Feature","properties":{"country_code":"CHN","city":"Fuzhou","geoname_id":"1810821","h3_hexagon":591127550223187967,"h3_resolution":3,"downloaders":{"size":14618,"mobile":0,"satellite":0,"tor":0,"tor_exit_nodes":0,"vpn":2541,"relay":0,"proxy":0,"hosting":11,"service":0},"uploaders":{"size":33,"mobile":0,"satellite":0,"tor":0,"tor_exit_nodes":0,"vpn":4,"relay":0,"proxy":0,"hosting":0,"service":0}},"geometry":{"type":"Point","coordinates":[119.30611,26.06139]}},{"type":"Feature","properties":{"country_code":"FRA","city":"Rennes","geoname_id":"2983990","h3_hexagon":590400635598274559,"h3_resolution":3,"downloaders":{"size":14612,"mobile":6999,"satellite":0,"tor":0,"tor_exit_nodes":0,"vpn":20,"relay":2,"proxy":0,"hosting":62,"service":2},"uploaders":{"size":71,"mobile":30,"satellite":0,"tor":0,"tor_exit_nodes":0,"vpn":0,"relay":0,"proxy":0,"hosting":0,"service":0}},"geometry":{"type":"Point","coordinates":[-1.67429,48.11198]}},{"type":"Feature","properties":{"country_code":"USA","city":"Orlando","geoname_id":"4167147","h3_hexagon":591179502147600383,"h3_resolution":3,"downloaders":{"size":14573,"mobile":551,"satellite":0,"tor":0,"tor_exit_nodes":0,"vpn":171,"relay":3,"proxy":0,"hosting":136,"service":78},"uploaders":{"size":143,"mobile":19,"satellite":0,"tor":0,"tor_exit_nodes":0,"vpn":15,"relay":0,"proxy":0,"hosting":6,"service":0}},"geometry":{"type":"Point","coordinates":[-81.525,28.4115]}},{"type":"Feature","properties":{"country_code":"PAK","city":"Islamabad","geoname_id":"1176615","h3_hexagon":591139919729000447,"h3_resolution":3,"downloaders":{"size":14549,"mobile":1037,"satellite":0,"tor":0,"tor_exit_nodes":0,"vpn":42,"relay":0,"proxy":0,"hosting":270,"service":20},"uploaders":{"size":71,"mobile":3,"satellite":0,"tor":0,"tor_exit_nodes":0,"vpn":4,"relay":0,"proxy":0,"hosting":8,"service":4}},"geometry":{"type":"Point","coordinates":[73.04329,33.72148]}},{"type":"Feature","properties":{"country_code":"ITA","city":"Bari","geoname_id":"3182351","h3_hexagon":590508731335180287,"h3_resolution":3,"downloaders":{"size":14477,"mobile":4061,"satellite":0,"tor":0,"tor_exit_nodes":0,"vpn":65,"relay":0,"proxy":0,"hosting":19,"service":16},"uploaders":{"size":47,"mobile":22,"satellite":0,"tor":0,"tor_exit_nodes":0,"vpn":3,"relay":0,"proxy":0,"hosting":0,"service":3}},"geometry":{"type":"Point","coordinates":[16.86982,41.12066]}},{"type":"Feature","properties":{"country_code":"KAZ","city":"Karagandy","geoname_id":"609655","h3_hexagon":590537662234886143,"h3_resolution":3,"downloaders":{"size":14454,"mobile":749,"satellite":0,"tor":0,"tor_exit_nodes":0,"vpn":67,"relay":0,"proxy":0,"hosting":115,"service":5},"uploaders":{"size":17,"mobile":3,"satellite":0,"tor":0,"tor_exit_nodes":0,"vpn":0,"relay":0,"proxy":0,"hosting":3,"service":0}},"geometry":{"type":"Point","coordinates":[73.10211,49.80187]}},{"type":"Feature","properties":{"country_code":"TUR","city":"Trabzon","geoname_id":"738648","h3_hexagon":590748149992128511,"h3_resolution":3,"downloaders":{"size":14374,"mobile":1324,"satellite":0,"tor":0,"tor_exit_nodes":0,"vpn":2,"relay":0,"proxy":0,"hosting":0,"service":0},"uploaders":{"size":6,"mobile":1,"satellite":0,"tor":0,"tor_exit_nodes":0,"vpn":0,"relay":0,"proxy":0,"hosting":0,"service":0}},"geometry":{"type":"Point","coordinates":[39.72694,41.005]}},{"type":"Feature","properties":{"country_code":"ITA","city":"Genoa","geoname_id":"3176219","h3_hexagon":590527629191282687,"h3_resolution":3,"downloaders":{"size":14364,"mobile":7696,"satellite":0,"tor":0,"tor_exit_nodes":0,"vpn":249,"relay":0,"proxy":0,"hosting":5,"service":0},"uploaders":{"size":69,"mobile":13,"satellite":0,"tor":0,"tor_exit_nodes":0,"vpn":0,"relay":0,"proxy":0,"hosting":0,"service":0}},"geometry":{"type":"Point","coordinates":[8.94439,44.40478]}},{"type":"Feature","properties":{"country_code":"ARE","city":"Dubai","geoname_id":"292223","h3_hexagon":591161360205742079,"h3_resolution":3,"downloaders":{"size":14223,"mobile":2233,"satellite":4,"tor":0,"tor_exit_nodes":0,"vpn":1394,"relay":0,"proxy":0,"hosting":2051,"service":1276},"uploaders":{"size":441,"mobile":55,"satellite":0,"tor":0,"tor_exit_nodes":0,"vpn":194,"relay":0,"proxy":0,"hosting":229,"service":194}},"geometry":{"type":"Point","coordinates":[55.30927,25.07725]}},{"type":"Feature","properties":{"country_code":"RUS","city":"Petrozavodsk","geoname_id":"509820","h3_hexagon":590271649140441087,"h3_resolution":3,"downloaders":{"size":14185,"mobile":71,"satellite":0,"tor":0,"tor_exit_nodes":0,"vpn":792,"relay":0,"proxy":0,"hosting":0,"service":638},"uploaders":{"size":31,"mobile":0,"satellite":0,"tor":0,"tor_exit_nodes":0,"vpn":0,"relay":0,"proxy":0,"hosting":0,"service":0}},"geometry":{"type":"Point","coordinates":[34.34691,61.784910000000004]}},{"type":"Feature","properties":{"country_code":"JPN","city":"Utsunomiya","geoname_id":"1849053","h3_hexagon":590788831922356223,"h3_resolution":3,"downloaders":{"size":14136,"mobile":925,"satellite":0,"tor":0,"tor_exit_nodes":0,"vpn":318,"relay":1,"proxy":0,"hosting":120,"service":96},"uploaders":{"size":23,"mobile":2,"satellite":0,"tor":0,"tor_exit_nodes":0,"vpn":1,"relay":0,"proxy":0,"hosting":0,"service":0}},"geometry":{"type":"Point","coordinates":[139.88333,36.56667]}},{"type":"Feature","properties":{"country_code":"LUX","city":"Luxembourg","geoname_id":"2960316","h3_hexagon":590528178947096575,"h3_resolution":3,"downloaders":{"size":14096,"mobile":1769,"satellite":3,"tor":0,"tor_exit_nodes":0,"vpn":1052,"relay":0,"proxy":0,"hosting":2111,"service":879},"uploaders":{"size":161,"mobile":5,"satellite":2,"tor":0,"tor_exit_nodes":0,"vpn":74,"relay":0,"proxy":0,"hosting":81,"service":74}},"geometry":{"type":"Point","coordinates":[6.13268,49.60982]}},{"type":"Feature","properties":{"country_code":"ROU","city":"Piatra Neamţ","geoname_id":"670889","h3_hexagon":590504883044483071,"h3_resolution":3,"downloaders":{"size":14074,"mobile":4297,"satellite":0,"tor":0,"tor_exit_nodes":0,"vpn":32,"relay":0,"proxy":0,"hosting":3,"service":0},"uploaders":{"size":54,"mobile":28,"satellite":0,"tor":0,"tor_exit_nodes":0,"vpn":0,"relay":0,"proxy":0,"hosting":0,"service":0}},"geometry":{"type":"Point","coordinates":[26.33333,46.91667]}},{"type":"Feature","properties":{"country_code":"PAN","city":"Arco Iris","geoname_id":"3702057","h3_hexagon":591777361595203583,"h3_resolution":3,"downloaders":{"size":13983,"mobile":2315,"satellite":23,"tor":0,"tor_exit_nodes":0,"vpn":103,"relay":0,"proxy":1,"hosting":218,"service":68},"uploaders":{"size":119,"mobile":18,"satellite":0,"tor":0,"tor_exit_nodes":0,"vpn":0,"relay":0,"proxy":0,"hosting":7,"service":0}},"geometry":{"type":"Point","coordinates":[-79.89245,9.33818]}},{"type":"Feature","properties":{"country_code":"FRA","city":"Orléans","geoname_id":"2989317","h3_hexagon":590529484617154559,"h3_resolution":3,"downloaders":{"size":13774,"mobile":4724,"satellite":0,"tor":0,"tor_exit_nodes":0,"vpn":77,"relay":0,"proxy":0,"hosting":135,"service":0},"uploaders":{"size":29,"mobile":17,"satellite":0,"tor":0,"tor_exit_nodes":0,"vpn":0,"relay":0,"proxy":0,"hosting":0,"service":0}},"geometry":{"type":"Point","coordinates":[1.90389,47.90289]}},{"type":"Feature","properties":{"country_code":"ESP","city":"Santiago de Compostela","geoname_id":"3109642","h3_hexagon":590976573532798975,"h3_resolution":3,"downloaders":{"size":13744,"mobile":3872,"satellite":0,"tor":0,"tor_exit_nodes":0,"vpn":94,"relay":0,"proxy":0,"hosting":0,"service":0},"uploaders":{"size":139,"mobile":41,"satellite":0,"tor":0,"tor_exit_nodes":0,"vpn":0,"relay":0,"proxy":0,"hosting":0,"service":0}},"geometry":{"type":"Point","coordinates":[-8.54569,42.88052]}},{"type":"Feature","properties":{"country_code":"MEX","city":"Chihuahua","geoname_id":"4014338","h3_hexagon":591255024852533247,"h3_resolution":3,"downloaders":{"size":13726,"mobile":33,"satellite":0,"tor":0,"tor_exit_nodes":0,"vpn":15,"relay":0,"proxy":0,"hosting":0,"service":0},"uploaders":{"size":39,"mobile":0,"satellite":0,"tor":0,"tor_exit_nodes":0,"vpn":1,"relay":0,"proxy":0,"hosting":0,"service":0}},"geometry":{"type":"Point","coordinates":[-106.08889,28.63528]}},{"type":"Feature","properties":{"country_code":"BLR","city":"Vitebsk","geoname_id":"620127","h3_hexagon":590524330656399359,"h3_resolution":3,"downloaders":{"size":13653,"mobile":32,"satellite":0,"tor":0,"tor_exit_nodes":0,"vpn":54,"relay":0,"proxy":0,"hosting":2,"service":0},"uploaders":{"size":10,"mobile":0,"satellite":0,"tor":0,"tor_exit_nodes":0,"vpn":0,"relay":0,"proxy":0,"hosting":0,"service":0}},"geometry":{"type":"Point","coordinates":[30.2049,55.1904]}},{"type":"Feature","properties":{"country_code":"VEN","city":"Maracaibo","geoname_id":"3633009","h3_hexagon":591789250064678911,"h3_resolution":3,"downloaders":{"size":13543,"mobile":1,"satellite":0,"tor":0,"tor_exit_nodes":0,"vpn":16,"relay":0,"proxy":0,"hosting":320,"service":8},"uploaders":{"size":242,"mobile":0,"satellite":0,"tor":0,"tor_exit_nodes":0,"vpn":0,"relay":0,"proxy":0,"hosting":0,"service":0}},"geometry":{"type":"Point","coordinates":[-71.61089,10.64232]}},{"type":"Feature","properties":{"country_code":"BRA","city":"São José do Rio Preto","geoname_id":"3448639","h3_hexagon":592928825147391999,"h3_resolution":3,"downloaders":{"size":13500,"mobile":782,"satellite":0,"tor":0,"tor_exit_nodes":0,"vpn":41,"relay":0,"proxy":0,"hosting":0,"service":0},"uploaders":{"size":78,"mobile":38,"satellite":0,"tor":0,"tor_exit_nodes":0,"vpn":0,"relay":0,"proxy":0,"hosting":0,"service":0}},"geometry":{"type":"Point","coordinates":[-49.37944,-20.81972]}},{"type":"Feature","properties":{"country_code":"USA","city":"Marion","geoname_id":"5161902","h3_hexagon":590720730920910847,"h3_resolution":3,"downloaders":{"size":13345,"mobile":243,"satellite":0,"tor":0,"tor_exit_nodes":0,"vpn":694,"relay":7,"proxy":0,"hosting":3319,"service":583},"uploaders":{"size":177,"mobile":2,"satellite":0,"tor":0,"tor_exit_nodes":0,"vpn":99,"relay":0,"proxy":0,"hosting":107,"service":99}},"geometry":{"type":"Point","coordinates":[-83.12852,40.58867]}},{"type":"Feature","properties":{"country_code":"JPN","city":"Chikugo","geoname_id":"11611638","h3_hexagon":590830956961595391,"h3_resolution":3,"downloaders":{"size":13318,"mobile":1261,"satellite":0,"tor":0,"tor_exit_nodes":0,"vpn":251,"relay":0,"proxy":0,"hosting":196,"service":25},"uploaders":{"size":36,"mobile":9,"satellite":0,"tor":0,"tor_exit_nodes":0,"vpn":3,"relay":0,"proxy":0,"hosting":0,"service":1}},"geometry":{"type":"Point","coordinates":[130.49183,33.20537]}},{"type":"Feature","properties":{"country_code":"VNM","city":"Ho Chi Minh City","geoname_id":"1566083","h3_hexagon":591760868920786943,"h3_resolution":3,"downloaders":{"size":13312,"mobile":1717,"satellite":0,"tor":0,"tor_exit_nodes":0,"vpn":274,"relay":0,"proxy":0,"hosting":610,"service":85},"uploaders":{"size":275,"mobile":75,"satellite":0,"tor":0,"tor_exit_nodes":0,"vpn":5,"relay":0,"proxy":0,"hosting":5,"service":5}},"geometry":{"type":"Point","coordinates":[106.62965,10.82302]}},{"type":"Feature","properties":{"country_code":"TUR","city":"Marmaris","geoname_id":"304782","h3_hexagon":591086730854006783,"h3_resolution":3,"downloaders":{"size":13251,"mobile":7090,"satellite":5,"tor":0,"tor_exit_nodes":0,"vpn":4,"relay":0,"proxy":0,"hosting":1,"service":0},"uploaders":{"size":3,"mobile":1,"satellite":0,"tor":0,"tor_exit_nodes":0,"vpn":0,"relay":0,"proxy":0,"hosting":0,"service":0}},"geometry":{"type":"Point","coordinates":[28.27417,36.855]}},{"type":"Feature","properties":{"country_code":"NIC","city":"Managua","geoname_id":"3617763","h3_hexagon":591895833973096447,"h3_resolution":3,"downloaders":{"size":13243,"mobile":1694,"satellite":0,"tor":0,"tor_exit_nodes":0,"vpn":25,"relay":0,"proxy":0,"hosting":523,"service":0},"uploaders":{"size":87,"mobile":5,"satellite":0,"tor":0,"tor_exit_nodes":0,"vpn":0,"relay":0,"proxy":0,"hosting":4,"service":0}},"geometry":{"type":"Point","coordinates":[-86.2504,12.13282]}},{"type":"Feature","properties":{"country_code":"ROU","city":"Constanţa","geoname_id":"680963","h3_hexagon":590515397124423679,"h3_resolution":3,"downloaders":{"size":13200,"mobile":2351,"satellite":0,"tor":0,"tor_exit_nodes":0,"vpn":157,"relay":0,"proxy":0,"hosting":399,"service":0},"uploaders":{"size":56,"mobile":27,"satellite":0,"tor":0,"tor_exit_nodes":0,"vpn":0,"relay":0,"proxy":0,"hosting":0,"service":0}},"geometry":{"type":"Point","coordinates":[28.63432,44.18073]}},{"type":"Feature","properties":{"country_code":"CAN","city":"Uxbridge","geoname_id":"6172932","h3_hexagon":590738529265385471,"h3_resolution":3,"downloaders":{"size":13106,"mobile":1020,"satellite":0,"tor":0,"tor_exit_nodes":0,"vpn":61,"relay":2,"proxy":0,"hosting":92,"service":2},"uploaders":{"size":184,"mobile":15,"satellite":0,"tor":0,"tor_exit_nodes":0,"vpn":9,"relay":0,"proxy":0,"hosting":0,"service":0}},"geometry":{"type":"Point","coordinates":[-79.11628,44.10012]}},{"type":"Feature","properties":{"country_code":"FRA","city":"Mulhouse","geoname_id":"2991214","h3_hexagon":590525773765410815,"h3_resolution":3,"downloaders":{"size":13063,"mobile":4686,"satellite":0,"tor":0,"tor_exit_nodes":0,"vpn":75,"relay":0,"proxy":0,"hosting":14,"service":0},"uploaders":{"size":29,"mobile":13,"satellite":0,"tor":0,"tor_exit_nodes":0,"vpn":0,"relay":0,"proxy":0,"hosting":0,"service":0}},"geometry":{"type":"Point","coordinates":[7.32866,47.75205]}},{"type":"Feature","properties":{"country_code":"USA","city":"Omaha","geoname_id":"5074472","h3_hexagon":590640672730513407,"h3_resolution":3,"downloaders":{"size":13033,"mobile":83,"satellite":0,"tor":0,"tor_exit_nodes":0,"vpn":5730,"relay":0,"proxy":0,"hosting":7632,"service":5705},"uploaders":{"size":1473,"mobile":2,"satellite":0,"tor":0,"tor_exit_nodes":0,"vpn":1459,"relay":0,"proxy":0,"hosting":1466,"service":1459}},"geometry":{"type":"Point","coordinates":[-95.94043,41.25626]}},{"type":"Feature","properties":{"country_code":"ARM","city":"Yerevan","geoname_id":"616052","h3_hexagon":590745744810442751,"h3_resolution":3,"downloaders":{"size":12983,"mobile":556,"satellite":1,"tor":0,"tor_exit_nodes":0,"vpn":312,"relay":0,"proxy":0,"hosting":260,"service":29},"uploaders":{"size":105,"mobile":4,"satellite":0,"tor":0,"tor_exit_nodes":0,"vpn":0,"relay":0,"proxy":0,"hosting":0,"service":0}},"geometry":{"type":"Point","coordinates":[44.5126,40.17765]}},{"type":"Feature","properties":{"country_code":"USA","city":"Raleigh","geoname_id":"4487042","h3_hexagon":590725197686898687,"h3_resolution":3,"downloaders":{"size":12935,"mobile":21,"satellite":0,"tor":0,"tor_exit_nodes":0,"vpn":2108,"relay":4,"proxy":0,"hosting":2269,"service":1956},"uploaders":{"size":214,"mobile":1,"satellite":0,"tor":0,"tor_exit_nodes":0,"vpn":135,"relay":0,"proxy":0,"hosting":163,"service":135}},"geometry":{"type":"Point","coordinates":[-78.63861,35.7721]}},{"type":"Feature","properties":{"country_code":"GBR","city":"Glasgow","geoname_id":"2648579","h3_hexagon":590412043031412735,"h3_resolution":3,"downloaders":{"size":12889,"mobile":412,"satellite":0,"tor":0,"tor_exit_nodes":0,"vpn":1166,"relay":4,"proxy":0,"hosting":472,"service":901},"uploaders":{"size":246,"mobile":39,"satellite":0,"tor":0,"tor_exit_nodes":0,"vpn":66,"relay":0,"proxy":0,"hosting":22,"service":61}},"geometry":{"type":"Point","coordinates":[-4.25763,55.86515]}},{"type":"Feature","properties":{"country_code":"AZE","city":"Baku","geoname_id":"587084","h3_hexagon":590761412851138559,"h3_resolution":3,"downloaders":{"size":12837,"mobile":11,"satellite":0,"tor":0,"tor_exit_nodes":0,"vpn":183,"relay":0,"proxy":0,"hosting":1035,"service":8},"uploaders":{"size":22,"mobile":2,"satellite":0,"tor":0,"tor_exit_nodes":0,"vpn":1,"relay":0,"proxy":0,"hosting":5,"service":0}},"geometry":{"type":"Point","coordinates":[49.89201,40.37767]}},{"type":"Feature","properties":{"country_code":"RUS","city":"Novyy Urengoy","geoname_id":"1496511","h3_hexagon":590165752426790911,"h3_resolution":3,"downloaders":{"size":12820,"mobile":7230,"satellite":0,"tor":0,"tor_exit_nodes":0,"vpn":27,"relay":0,"proxy":0,"hosting":1,"service":1},"uploaders":{"size":3,"mobile":1,"satellite":0,"tor":0,"tor_exit_nodes":0,"vpn":0,"relay":0,"proxy":0,"hosting":0,"service":0}},"geometry":{"type":"Point","coordinates":[76.63333,66.08333]}},{"type":"Feature","properties":{"country_code":"PAK","city":"Karachi","geoname_id":"1174872","h3_hexagon":591148372224638975,"h3_resolution":3,"downloaders":{"size":12750,"mobile":283,"satellite":0,"tor":0,"tor_exit_nodes":0,"vpn":76,"relay":0,"proxy":0,"hosting":8423,"service":55},"uploaders":{"size":123,"mobile":16,"satellite":0,"tor":0,"tor_exit_nodes":0,"vpn":2,"relay":0,"proxy":0,"hosting":45,"service":2}},"geometry":{"type":"Point","coordinates":[67.0104,24.8608]}},{"type":"Feature","properties":{"country_code":"CAN","city":"Hawkesbury","geoname_id":"5972360","h3_hexagon":590736948717420543,"h3_resolution":3,"downloaders":{"size":12732,"mobile":1272,"satellite":0,"tor":0,"tor_exit_nodes":0,"vpn":59,"relay":0,"proxy":0,"hosting":14,"service":0},"uploaders":{"size":90,"mobile":14,"satellite":0,"tor":0,"tor_exit_nodes":0,"vpn":0,"relay":0,"proxy":0,"hosting":0,"service":0}},"geometry":{"type":"Point","coordinates":[-74.61595,45.60009]}},{"type":"Feature","properties":{"country_code":"CAN","city":"Newmarket","geoname_id":"6087701","h3_hexagon":590738666704338943,"h3_resolution":3,"downloaders":{"size":12636,"mobile":696,"satellite":0,"tor":0,"tor_exit_nodes":0,"vpn":95,"relay":0,"proxy":0,"hosting":45,"service":18},"uploaders":{"size":116,"mobile":5,"satellite":0,"tor":0,"tor_exit_nodes":0,"vpn":3,"relay":0,"proxy":0,"hosting":0,"service":0}},"geometry":{"type":"Point","coordinates":[-79.46630999999999,44.05011]}},{"type":"Feature","properties":{"country_code":"RUS","city":"Petropavlovsk-Kamchatsky","geoname_id":"2122104","h3_hexagon":590360159826477055,"h3_resolution":3,"downloaders":{"size":12603,"mobile":56,"satellite":0,"tor":0,"tor_exit_nodes":0,"vpn":1828,"relay":0,"proxy":0,"hosting":0,"service":1811},"uploaders":{"size":9,"mobile":1,"satellite":0,"tor":0,"tor_exit_nodes":0,"vpn":1,"relay":0,"proxy":0,"hosting":0,"service":1}},"geometry":{"type":"Point","coordinates":[158.62751,53.06393]}},{"type":"Feature","properties":{"country_code":"UKR","city":"Cherkasy","geoname_id":"710791","h3_hexagon":590506669750878207,"h3_resolution":3,"downloaders":{"size":12600,"mobile":247,"satellite":0,"tor":0,"tor_exit_nodes":0,"vpn":180,"relay":0,"proxy":0,"hosting":0,"service":0},"uploaders":{"size":27,"mobile":0,"satellite":0,"tor":0,"tor_exit_nodes":0,"vpn":0,"relay":0,"proxy":0,"hosting":0,"service":0}},"geometry":{"type":"Point","coordinates":[32.05738,49.44452]}},{"type":"Feature","properties":{"country_code":"USA","city":"Bellingham","geoname_id":"5786899","h3_hexagon":590689669717426175,"h3_resolution":3,"downloaders":{"size":12491,"mobile":1237,"satellite":0,"tor":0,"tor_exit_nodes":0,"vpn":76,"relay":0,"proxy":0,"hosting":13,"service":0},"uploaders":{"size":193,"mobile":14,"satellite":0,"tor":0,"tor_exit_nodes":0,"vpn":0,"relay":0,"proxy":0,"hosting":0,"service":0}},"geometry":{"type":"Point","coordinates":[-122.48822,48.75955]}},{"type":"Feature","properties":{"country_code":"NOR","city":"Jørpeland","geoname_id":"3150742","h3_hexagon":590138883111387135,"h3_resolution":3,"downloaders":{"size":12449,"mobile":20,"satellite":2,"tor":0,"tor_exit_nodes":0,"vpn":780,"relay":0,"proxy":0,"hosting":202,"service":191},"uploaders":{"size":70,"mobile":9,"satellite":0,"tor":0,"tor_exit_nodes":0,"vpn":9,"relay":0,"proxy":0,"hosting":9,"service":9}},"geometry":{"type":"Point","coordinates":[6.04078,59.02251]}},{"type":"Feature","properties":{"country_code":"SVK","city":"Poprad","geoname_id":"723846","h3_hexagon":590499454205820927,"h3_resolution":3,"downloaders":{"size":12358,"mobile":218,"satellite":0,"tor":0,"tor_exit_nodes":0,"vpn":101,"relay":0,"proxy":0,"hosting":57,"service":0},"uploaders":{"size":15,"mobile":0,"satellite":0,"tor":0,"tor_exit_nodes":0,"vpn":0,"relay":0,"proxy":0,"hosting":0,"service":0}},"geometry":{"type":"Point","coordinates":[20.29798,49.06144]}},{"type":"Feature","properties":{"country_code":"RUS","city":"Anapa","geoname_id":"582182","h3_hexagon":590771377175265279,"h3_resolution":3,"downloaders":{"size":12263,"mobile":265,"satellite":0,"tor":0,"tor_exit_nodes":0,"vpn":1076,"relay":0,"proxy":0,"hosting":294,"service":944},"uploaders":{"size":19,"mobile":0,"satellite":0,"tor":0,"tor_exit_nodes":0,"vpn":10,"relay":0,"proxy":0,"hosting":0,"service":10}},"geometry":{"type":"Point","coordinates":[37.31623,44.89497]}},{"type":"Feature","properties":{"country_code":"BRA","city":"Bauru","geoname_id":"3470279","h3_hexagon":592929031305822207,"h3_resolution":3,"downloaders":{"size":12235,"mobile":221,"satellite":0,"tor":0,"tor_exit_nodes":0,"vpn":11,"relay":0,"proxy":0,"hosting":6,"service":4},"uploaders":{"size":49,"mobile":0,"satellite":0,"tor":0,"tor_exit_nodes":0,"vpn":1,"relay":0,"proxy":0,"hosting":2,"service":1}},"geometry":{"type":"Point","coordinates":[-49.06056,-22.31472]}},{"type":"Feature","properties":{"country_code":"BRA","city":"Florianópolis","geoname_id":"3463237","h3_hexagon":592946554772389887,"h3_resolution":3,"downloaders":{"size":12223,"mobile":628,"satellite":0,"tor":0,"tor_exit_nodes":0,"vpn":31,"relay":0,"proxy":0,"hosting":3,"service":3},"uploaders":{"size":112,"mobile":2,"satellite":0,"tor":0,"tor_exit_nodes":0,"vpn":0,"relay":0,"proxy":0,"hosting":0,"service":0}},"geometry":{"type":"Point","coordinates":[-48.54917,-27.59667]}},{"type":"Feature","properties":{"country_code":"USA","city":"Sacramento","geoname_id":"5389489","h3_hexagon":590678743320625151,"h3_resolution":3,"downloaders":{"size":12139,"mobile":459,"satellite":108,"tor":0,"tor_exit_nodes":0,"vpn":467,"relay":0,"proxy":0,"hosting":1030,"service":239},"uploaders":{"size":215,"mobile":37,"satellite":1,"tor":0,"tor_exit_nodes":0,"vpn":27,"relay":0,"proxy":0,"hosting":1,"service":0}},"geometry":{"type":"Point","coordinates":[-121.5072,38.6383]}},{"type":"Feature","properties":{"country_code":"TUR","city":"Şahintepe","geoname_id":"302182","h3_hexagon":590748974625849343,"h3_resolution":3,"downloaders":{"size":11842,"mobile":234,"satellite":0,"tor":0,"tor_exit_nodes":0,"vpn":0,"relay":0,"proxy":0,"hosting":0,"service":0},"uploaders":{"size":4,"mobile":0,"satellite":0,"tor":0,"tor_exit_nodes":0,"vpn":0,"relay":0,"proxy":0,"hosting":0,"service":0}},"geometry":{"type":"Point","coordinates":[40.93778,37.80225]}},{"type":"Feature","properties":{"country_code":"DEU","city":"Freudenstadt","geoname_id":"2924894","h3_hexagon":590525842484887551,"h3_resolution":3,"downloaders":{"size":11835,"mobile":123,"satellite":0,"tor":0,"tor_exit_nodes":0,"vpn":114,"relay":1,"proxy":0,"hosting":2887,"service":1},"uploaders":{"size":44,"mobile":0,"satellite":0,"tor":0,"tor_exit_nodes":0,"vpn":0,"relay":0,"proxy":0,"hosting":0,"service":0}},"geometry":{"type":"Point","coordinates":[8.41371,48.46695]}},{"type":"Feature","properties":{"country_code":"USA","city":"Nashville","geoname_id":"4644585","h3_hexagon":590645414374408191,"h3_resolution":3,"downloaders":{"size":11795,"mobile":332,"satellite":0,"tor":0,"tor_exit_nodes":0,"vpn":3602,"relay":1,"proxy":0,"hosting":3602,"service":3116},"uploaders":{"size":785,"mobile":11,"satellite":0,"tor":0,"tor_exit_nodes":0,"vpn":721,"relay":0,"proxy":0,"hosting":719,"service":627}},"geometry":{"type":"Point","coordinates":[-86.7821,36.165]}},{"type":"Feature","properties":{"country_code":"USA","city":"Cleveland Heights","geoname_id":"4833320","h3_hexagon":590722792505212927,"h3_resolution":3,"downloaders":{"size":11791,"mobile":249,"satellite":0,"tor":0,"tor_exit_nodes":0,"vpn":173,"relay":5,"proxy":0,"hosting":81,"service":80},"uploaders":{"size":60,"mobile":0,"satellite":0,"tor":0,"tor_exit_nodes":0,"vpn":0,"relay":0,"proxy":0,"hosting":0,"service":0}},"geometry":{"type":"Point","coordinates":[-81.55624,41.52005]}},{"type":"Feature","properties":{"country_code":"CHN","city":"Nanchang","geoname_id":"1800163","h3_hexagon":591124114249351167,"h3_resolution":3,"downloaders":{"size":11734,"mobile":0,"satellite":0,"tor":0,"tor_exit_nodes":0,"vpn":390,"relay":0,"proxy":0,"hosting":0,"service":0},"uploaders":{"size":40,"mobile":0,"satellite":0,"tor":0,"tor_exit_nodes":0,"vpn":0,"relay":0,"proxy":0,"hosting":0,"service":0}},"geometry":{"type":"Point","coordinates":[115.85306,28.68396]}},{"type":"Feature","properties":{"country_code":"USA","city":"Charlotte","geoname_id":"4460243","h3_hexagon":591182731963006975,"h3_resolution":3,"downloaders":{"size":11723,"mobile":1195,"satellite":0,"tor":0,"tor_exit_nodes":0,"vpn":2616,"relay":0,"proxy":0,"hosting":2388,"service":2496},"uploaders":{"size":508,"mobile":54,"satellite":0,"tor":0,"tor_exit_nodes":0,"vpn":318,"relay":0,"proxy":0,"hosting":300,"service":317}},"geometry":{"type":"Point","coordinates":[-80.84313,35.22709]}},{"type":"Feature","properties":{"country_code":"EGY","city":"Alexandria","geoname_id":"361058","h3_hexagon":591086181098192895,"h3_resolution":3,"downloaders":{"size":11715,"mobile":180,"satellite":2,"tor":0,"tor_exit_nodes":0,"vpn":3,"relay":0,"proxy":0,"hosting":0,"service":0},"uploaders":{"size":14,"mobile":0,"satellite":0,"tor":0,"tor_exit_nodes":0,"vpn":0,"relay":0,"proxy":0,"hosting":0,"service":0}},"geometry":{"type":"Point","coordinates":[29.91582,31.20176]}},{"type":"Feature","properties":{"country_code":"ROU","city":"Suceava","geoname_id":"665850","h3_hexagon":590505157922390015,"h3_resolution":3,"downloaders":{"size":11694,"mobile":2753,"satellite":0,"tor":0,"tor_exit_nodes":0,"vpn":44,"relay":0,"proxy":0,"hosting":47,"service":4},"uploaders":{"size":38,"mobile":1,"satellite":0,"tor":0,"tor_exit_nodes":0,"vpn":0,"relay":0,"proxy":0,"hosting":0,"service":0}},"geometry":{"type":"Point","coordinates":[26.25,47.63333]}},{"type":"Feature","properties":{"country_code":"RUS","city":"Nakhodka","geoname_id":"2019528","h3_hexagon":590841127444152319,"h3_resolution":3,"downloaders":{"size":11660,"mobile":2941,"satellite":0,"tor":0,"tor_exit_nodes":0,"vpn":2966,"relay":0,"proxy":0,"hosting":0,"service":2965},"uploaders":{"size":33,"mobile":5,"satellite":0,"tor":0,"tor_exit_nodes":0,"vpn":9,"relay":0,"proxy":0,"hosting":0,"service":9}},"geometry":{"type":"Point","coordinates":[132.91831,42.8436]}},{"type":"Feature","properties":{"country_code":"ESP","city":"Marbella","geoname_id":"2514169","h3_hexagon":590976023776985087,"h3_resolution":3,"downloaders":{"size":11491,"mobile":5256,"satellite":0,"tor":0,"tor_exit_nodes":0,"vpn":89,"relay":0,"proxy":0,"hosting":20,"service":0},"uploaders":{"size":55,"mobile":21,"satellite":0,"tor":0,"tor_exit_nodes":0,"vpn":2,"relay":0,"proxy":0,"hosting":0,"service":0}},"geometry":{"type":"Point","coordinates":[-4.88583,36.51543]}},{"type":"Feature","properties":{"country_code":"DEU","city":"Dresden","geoname_id":"2935022","h3_hexagon":590518833098260479,"h3_resolution":3,"downloaders":{"size":11466,"mobile":2036,"satellite":0,"tor":0,"tor_exit_nodes":0,"vpn":345,"relay":0,"proxy":0,"hosting":28,"service":131},"uploaders":{"size":23,"mobile":1,"satellite":0,"tor":0,"tor_exit_nodes":0,"vpn":10,"relay":0,"proxy":0,"hosting":0,"service":0}},"geometry":{"type":"Point","coordinates":[13.73832,51.05089]}},{"type":"Feature","properties":{"country_code":"GBR","city":"Newcastle upon Tyne","geoname_id":"2641673","h3_hexagon":590419327295946751,"h3_resolution":3,"downloaders":{"size":11433,"mobile":417,"satellite":0,"tor":0,"tor_exit_nodes":0,"vpn":210,"relay":2,"proxy":0,"hosting":361,"service":166},"uploaders":{"size":177,"mobile":34,"satellite":0,"tor":0,"tor_exit_nodes":0,"vpn":5,"relay":0,"proxy":0,"hosting":22,"service":5}},"geometry":{"type":"Point","coordinates":[-1.61396,54.97328]}},{"type":"Feature","properties":{"country_code":"MDA","city":"Tiraspol","geoname_id":"617239","h3_hexagon":590505707678203903,"h3_resolution":3,"downloaders":{"size":11405,"mobile":24,"satellite":0,"tor":0,"tor_exit_nodes":0,"vpn":31,"relay":0,"proxy":0,"hosting":2,"service":0},"uploaders":{"size":4,"mobile":0,"satellite":0,"tor":0,"tor_exit_nodes":0,"vpn":0,"relay":0,"proxy":0,"hosting":0,"service":0}},"geometry":{"type":"Point","coordinates":[29.62909,46.84274]}},{"type":"Feature","properties":{"country_code":"JOR","city":"Mādabā","geoname_id":"248370","h3_hexagon":590775500343869439,"h3_resolution":3,"downloaders":{"size":11395,"mobile":314,"satellite":0,"tor":0,"tor_exit_nodes":0,"vpn":36,"relay":0,"proxy":0,"hosting":1026,"service":0},"uploaders":{"size":117,"mobile":11,"satellite":0,"tor":0,"tor_exit_nodes":0,"vpn":0,"relay":0,"proxy":0,"hosting":61,"service":0}},"geometry":{"type":"Point","coordinates":[35.79392,31.71599]}},{"type":"Feature","properties":{"country_code":"CHE","city":"Lausanne","geoname_id":"2659994","h3_hexagon":590527697910759423,"h3_resolution":3,"downloaders":{"size":11276,"mobile":649,"satellite":0,"tor":0,"tor_exit_nodes":0,"vpn":795,"relay":0,"proxy":0,"hosting":325,"service":0},"uploaders":{"size":82,"mobile":16,"satellite":0,"tor":0,"tor_exit_nodes":0,"vpn":3,"relay":0,"proxy":0,"hosting":10,"service":0}},"geometry":{"type":"Point","coordinates":[6.63282,46.516]}},{"type":"Feature","properties":{"country_code":"ITA","city":"Parma","geoname_id":"3171457","h3_hexagon":590510792919482367,"h3_resolution":3,"downloaders":{"size":11124,"mobile":2407,"satellite":0,"tor":0,"tor_exit_nodes":0,"vpn":142,"relay":0,"proxy":0,"hosting":101,"service":1},"uploaders":{"size":47,"mobile":9,"satellite":0,"tor":0,"tor_exit_nodes":0,"vpn":0,"relay":0,"proxy":0,"hosting":0,"service":0}},"geometry":{"type":"Point","coordinates":[10.32618,44.79935]}},{"type":"Feature","properties":{"country_code":"USA","city":"Benton","geoname_id":"4376570","h3_hexagon":590644521021210623,"h3_resolution":3,"downloaders":{"size":11044,"mobile":137,"satellite":0,"tor":0,"tor_exit_nodes":0,"vpn":1894,"relay":3,"proxy":0,"hosting":4682,"service":1869},"uploaders":{"size":419,"mobile":0,"satellite":0,"tor":0,"tor_exit_nodes":0,"vpn":359,"relay":0,"proxy":0,"hosting":386,"service":359}},"geometry":{"type":"Point","coordinates":[-90.2929,38.5855]}},{"type":"Feature","properties":{"country_code":"IND","city":"Palakkad","geoname_id":"1260728","h3_hexagon":591663837019635711,"h3_resolution":3,"downloaders":{"size":11010,"mobile":85,"satellite":0,"tor":0,"tor_exit_nodes":0,"vpn":10,"relay":0,"proxy":0,"hosting":1,"service":0},"uploaders":{"size":38,"mobile":2,"satellite":0,"tor":0,"tor_exit_nodes":0,"vpn":0,"relay":0,"proxy":0,"hosting":0,"service":0}},"geometry":{"type":"Point","coordinates":[76.65366,10.77319]}},{"type":"Feature","properties":{"country_code":"BGD","city":"Dhaka","geoname_id":"1185241","h3_hexagon":591043712461570047,"h3_resolution":3,"downloaders":{"size":10987,"mobile":537,"satellite":0,"tor":0,"tor_exit_nodes":0,"vpn":370,"relay":0,"proxy":1,"hosting":530,"service":0},"uploaders":{"size":412,"mobile":3,"satellite":0,"tor":0,"tor_exit_nodes":0,"vpn":3,"relay":0,"proxy":0,"hosting":23,"service":0}},"geometry":{"type":"Point","coordinates":[90.40744,23.7104]}},{"type":"Feature","properties":{"country_code":"SWE","city":"Katrineholm","geoname_id":"2701223","h3_hexagon":590124658179702783,"h3_resolution":3,"downloaders":{"size":10963,"mobile":292,"satellite":0,"tor":0,"tor_exit_nodes":0,"vpn":302,"relay":0,"proxy":0,"hosting":57,"service":3},"uploaders":{"size":39,"mobile":0,"satellite":0,"tor":0,"tor_exit_nodes":0,"vpn":3,"relay":0,"proxy":0,"hosting":0,"service":0}},"geometry":{"type":"Point","coordinates":[16.20721,58.99587]}},{"type":"Feature","properties":{"country_code":"UKR","city":"Dubno","geoname_id":"709540","h3_hexagon":590507356945645567,"h3_resolution":3,"downloaders":{"size":10936,"mobile":1,"satellite":0,"tor":0,"tor_exit_nodes":0,"vpn":108,"relay":0,"proxy":0,"hosting":6,"service":0},"uploaders":{"size":12,"mobile":0,"satellite":0,"tor":0,"tor_exit_nodes":0,"vpn":0,"relay":0,"proxy":0,"hosting":0,"service":0}},"geometry":{"type":"Point","coordinates":[25.73432,50.41694]}},{"type":"Feature","properties":{"country_code":"GUY","city":"Georgetown","geoname_id":"3378644","h3_hexagon":591643496054521855,"h3_resolution":3,"downloaders":{"size":10936,"mobile":1404,"satellite":29,"tor":0,"tor_exit_nodes":0,"vpn":39,"relay":0,"proxy":0,"hosting":0,"service":0},"uploaders":{"size":647,"mobile":2,"satellite":0,"tor":0,"tor_exit_nodes":0,"vpn":0,"relay":0,"proxy":0,"hosting":0,"service":0}},"geometry":{"type":"Point","coordinates":[-58.15527,6.80448]}},{"type":"Feature","properties":{"country_code":"LBN","city":"Beirut","geoname_id":"276781","h3_hexagon":590774400832241663,"h3_resolution":3,"downloaders":{"size":10916,"mobile":40,"satellite":0,"tor":0,"tor_exit_nodes":0,"vpn":48,"relay":0,"proxy":0,"hosting":30,"service":0},"uploaders":{"size":67,"mobile":0,"satellite":0,"tor":0,"tor_exit_nodes":0,"vpn":0,"relay":0,"proxy":0,"hosting":0,"service":0}},"geometry":{"type":"Point","coordinates":[35.50157,33.89332]}},{"type":"Feature","properties":{"country_code":"ESP","city":"Zaragoza","geoname_id":"3104324","h3_hexagon":590982071090937855,"h3_resolution":3,"downloaders":{"size":10914,"mobile":2678,"satellite":0,"tor":0,"tor_exit_nodes":0,"vpn":52,"relay":0,"proxy":0,"hosting":75,"service":3},"uploaders":{"size":116,"mobile":5,"satellite":0,"tor":0,"tor_exit_nodes":0,"vpn":1,"relay":0,"proxy":0,"hosting":7,"service":0}},"geometry":{"type":"Point","coordinates":[-0.87734,41.65606]}},{"type":"Feature","properties":{"country_code":"BRA","city":"Vila Velha","geoname_id":"3445026","h3_hexagon":592937346362507263,"h3_resolution":3,"downloaders":{"size":10904,"mobile":140,"satellite":0,"tor":0,"tor_exit_nodes":0,"vpn":33,"relay":0,"proxy":0,"hosting":2,"service":1},"uploaders":{"size":47,"mobile":0,"satellite":0,"tor":0,"tor_exit_nodes":0,"vpn":0,"relay":0,"proxy":0,"hosting":0,"service":0}},"geometry":{"type":"Point","coordinates":[-40.2925,-20.32972]}},{"type":"Feature","properties":{"country_code":"JPN","city":"Himeji","geoname_id":"1862627","h3_hexagon":590788282166542335,"h3_resolution":3,"downloaders":{"size":10903,"mobile":440,"satellite":0,"tor":0,"tor_exit_nodes":0,"vpn":210,"relay":0,"proxy":0,"hosting":1,"service":93},"uploaders":{"size":7,"mobile":0,"satellite":0,"tor":0,"tor_exit_nodes":0,"vpn":0,"relay":0,"proxy":0,"hosting":0,"service":0}},"geometry":{"type":"Point","coordinates":[134.7,34.81667]}},{"type":"Feature","properties":{"country_code":"BRA","city":"Belo Jardim","geoname_id":"3405812","h3_hexagon":592249876717240319,"h3_resolution":3,"downloaders":{"size":10858,"mobile":0,"satellite":0,"tor":0,"tor_exit_nodes":0,"vpn":48,"relay":0,"proxy":0,"hosting":4,"service":0},"uploaders":{"size":30,"mobile":0,"satellite":0,"tor":0,"tor_exit_nodes":0,"vpn":0,"relay":0,"proxy":0,"hosting":0,"service":0}},"geometry":{"type":"Point","coordinates":[-36.42417,-8.33556]}},{"type":"Feature","properties":{"country_code":"MEX","city":"Torreón","geoname_id":"3981254","h3_hexagon":591239494250790911,"h3_resolution":3,"downloaders":{"size":10858,"mobile":0,"satellite":0,"tor":0,"tor_exit_nodes":0,"vpn":11,"relay":0,"proxy":0,"hosting":2,"service":0},"uploaders":{"size":23,"mobile":0,"satellite":0,"tor":0,"tor_exit_nodes":0,"vpn":0,"relay":0,"proxy":0,"hosting":0,"service":0}},"geometry":{"type":"Point","coordinates":[-103.41898,25.54389]}},{"type":"Feature","properties":{"country_code":"BIH","city":"Ilijaš","geoname_id":"3199142","h3_hexagon":590510999077912575,"h3_resolution":3,"downloaders":{"size":10825,"mobile":447,"satellite":0,"tor":0,"tor_exit_nodes":0,"vpn":183,"relay":0,"proxy":0,"hosting":132,"service":127},"uploaders":{"size":26,"mobile":3,"satellite":0,"tor":0,"tor_exit_nodes":0,"vpn":3,"relay":0,"proxy":0,"hosting":2,"service":2}},"geometry":{"type":"Point","coordinates":[18.27128,43.95128]}},{"type":"Feature","properties":{"country_code":"JPN","city":"Tomakomai","geoname_id":"2127733","h3_hexagon":590782715888926719,"h3_resolution":3,"downloaders":{"size":10788,"mobile":1487,"satellite":0,"tor":0,"tor_exit_nodes":0,"vpn":215,"relay":0,"proxy":0,"hosting":103,"service":47},"uploaders":{"size":18,"mobile":9,"satellite":0,"tor":0,"tor_exit_nodes":0,"vpn":0,"relay":0,"proxy":0,"hosting":0,"service":0}},"geometry":{"type":"Point","coordinates":[141.60333,42.63694]}},{"type":"Feature","properties":{"country_code":"RUS","city":"Novoshakhtinsk","geoname_id":"517963","h3_hexagon":590768009920905215,"h3_resolution":3,"downloaders":{"size":10779,"mobile":15,"satellite":0,"tor":0,"tor_exit_nodes":0,"vpn":108,"relay":0,"proxy":0,"hosting":0,"service":9},"uploaders":{"size":3,"mobile":0,"satellite":0,"tor":0,"tor_exit_nodes":0,"vpn":0,"relay":0,"proxy":0,"hosting":0,"service":0}},"geometry":{"type":"Point","coordinates":[39.93335,47.76037]}},{"type":"Feature","properties":{"country_code":"ITA","city":"Castellammare di Stabia","geoname_id":"3179661","h3_hexagon":590510174444191743,"h3_resolution":3,"downloaders":{"size":10778,"mobile":2175,"satellite":0,"tor":0,"tor_exit_nodes":0,"vpn":8,"relay":1,"proxy":0,"hosting":4,"service":1},"uploaders":{"size":44,"mobile":1,"satellite":0,"tor":0,"tor_exit_nodes":0,"vpn":0,"relay":0,"proxy":0,"hosting":0,"service":0}},"geometry":{"type":"Point","coordinates":[14.48685,40.70211]}},{"type":"Feature","properties":{"country_code":"DZA","city":"Sétif","geoname_id":"2481700","h3_hexagon":590964822502277119,"h3_resolution":3,"downloaders":{"size":10677,"mobile":68,"satellite":0,"tor":0,"tor_exit_nodes":0,"vpn":3,"relay":0,"proxy":0,"hosting":0,"service":0},"uploaders":{"size":112,"mobile":0,"satellite":0,"tor":0,"tor_exit_nodes":0,"vpn":0,"relay":0,"proxy":0,"hosting":0,"service":0}},"geometry":{"type":"Point","coordinates":[5.41373,36.19112]}},{"type":"Feature","properties":{"country_code":"MLT","city":"San Pawl il-Baħar","geoname_id":"2562541","h3_hexagon":591083226160693247,"h3_resolution":3,"downloaders":{"size":10663,"mobile":92,"satellite":5,"tor":0,"tor_exit_nodes":0,"vpn":177,"relay":0,"proxy":0,"hosting":57,"service":0},"uploaders":{"size":120,"mobile":0,"satellite":0,"tor":0,"tor_exit_nodes":0,"vpn":0,"relay":0,"proxy":0,"hosting":4,"service":0}},"geometry":{"type":"Point","coordinates":[14.41561,35.95064]}},{"type":"Feature","properties":{"country_code":"PRT","city":"Viseu","geoname_id":"2732265","h3_hexagon":590974649387450367,"h3_resolution":3,"downloaders":{"size":10559,"mobile":158,"satellite":0,"tor":0,"tor_exit_nodes":0,"vpn":35,"relay":0,"proxy":0,"hosting":0,"service":0},"uploaders":{"size":76,"mobile":2,"satellite":0,"tor":0,"tor_exit_nodes":0,"vpn":0,"relay":0,"proxy":0,"hosting":0,"service":0}},"geometry":{"type":"Point","coordinates":[-7.90971,40.66101]}},{"type":"Feature","properties":{"country_code":"RUS","city":"Bratsk","geoname_id":"2051523","h3_hexagon":590157506089582591,"h3_resolution":3,"downloaders":{"size":10556,"mobile":12,"satellite":0,"tor":0,"tor_exit_nodes":0,"vpn":10,"relay":0,"proxy":0,"hosting":0,"service":0},"uploaders":{"size":14,"mobile":0,"satellite":0,"tor":0,"tor_exit_nodes":0,"vpn":0,"relay":0,"proxy":0,"hosting":0,"service":0}},"geometry":{"type":"Point","coordinates":[101.61417,56.1325]}},{"type":"Feature","properties":{"country_code":"DEU","city":"Minden","geoname_id":"2871039","h3_hexagon":590518077184016383,"h3_resolution":3,"downloaders":{"size":10539,"mobile":648,"satellite":0,"tor":0,"tor_exit_nodes":0,"vpn":107,"relay":0,"proxy":0,"hosting":236,"service":18},"uploaders":{"size":104,"mobile":0,"satellite":0,"tor":0,"tor_exit_nodes":0,"vpn":0,"relay":0,"proxy":0,"hosting":0,"service":0}},"geometry":{"type":"Point","coordinates":[8.91455,52.28953]}},{"type":"Feature","properties":{"country_code":"SWE","city":"Bromölla","geoname_id":"2719106","h3_hexagon":590520138768318463,"h3_resolution":3,"downloaders":{"size":10524,"mobile":127,"satellite":0,"tor":0,"tor_exit_nodes":0,"vpn":888,"relay":0,"proxy":0,"hosting":11,"service":378},"uploaders":{"size":82,"mobile":0,"satellite":0,"tor":0,"tor_exit_nodes":0,"vpn":52,"relay":0,"proxy":0,"hosting":2,"service":52}},"geometry":{"type":"Point","coordinates":[14.46958,56.07551]}},{"type":"Feature","properties":{"country_code":"MEX","city":"Victoria de Durango","geoname_id":"4011743","h3_hexagon":591239631689744383,"h3_resolution":3,"downloaders":{"size":10512,"mobile":0,"satellite":0,"tor":0,"tor_exit_nodes":0,"vpn":4,"relay":2,"proxy":0,"hosting":2,"service":2},"uploaders":{"size":32,"mobile":0,"satellite":0,"tor":0,"tor_exit_nodes":0,"vpn":0,"relay":0,"proxy":0,"hosting":0,"service":0}},"geometry":{"type":"Point","coordinates":[-104.65756,24.02032]}},{"type":"Feature","properties":{"country_code":"USA","city":"Norfolk","geoname_id":"4776222","h3_hexagon":590727396710154239,"h3_resolution":3,"downloaders":{"size":10488,"mobile":363,"satellite":0,"tor":0,"tor_exit_nodes":0,"vpn":451,"relay":1,"proxy":0,"hosting":334,"service":311},"uploaders":{"size":121,"mobile":58,"satellite":0,"tor":0,"tor_exit_nodes":0,"vpn":13,"relay":0,"proxy":0,"hosting":4,"service":4}},"geometry":{"type":"Point","coordinates":[-76.28522,36.84681]}},{"type":"Feature","properties":{"country_code":"ITA","city":"Palermo","geoname_id":"2523920","h3_hexagon":590509968285761535,"h3_resolution":3,"downloaders":{"size":10406,"mobile":4100,"satellite":0,"tor":0,"tor_exit_nodes":0,"vpn":516,"relay":0,"proxy":0,"hosting":514,"service":495},"uploaders":{"size":50,"mobile":7,"satellite":0,"tor":0,"tor_exit_nodes":0,"vpn":13,"relay":0,"proxy":0,"hosting":17,"service":13}},"geometry":{"type":"Point","coordinates":[13.3636,38.1166]}},{"type":"Feature","properties":{"country_code":"ARE","city":"Abu Dhabi","geoname_id":"292968","h3_hexagon":591161291486265343,"h3_resolution":3,"downloaders":{"size":10361,"mobile":1571,"satellite":0,"tor":0,"tor_exit_nodes":0,"vpn":52,"relay":0,"proxy":0,"hosting":0,"service":0},"uploaders":{"size":67,"mobile":5,"satellite":0,"tor":0,"tor_exit_nodes":0,"vpn":2,"relay":0,"proxy":0,"hosting":0,"service":0}},"geometry":{"type":"Point","coordinates":[54.39696,24.45118]}},{"type":"Feature","properties":{"country_code":"CAN","city":"Saint-Apollinaire","geoname_id":"8604651","h3_hexagon":590740041093873663,"h3_resolution":3,"downloaders":{"size":10272,"mobile":811,"satellite":0,"tor":0,"tor_exit_nodes":0,"vpn":116,"relay":0,"proxy":0,"hosting":0,"service":0},"uploaders":{"size":42,"mobile":7,"satellite":0,"tor":0,"tor_exit_nodes":0,"vpn":0,"relay":0,"proxy":0,"hosting":0,"service":0}},"geometry":{"type":"Point","coordinates":[-71.51258,46.61289]}},{"type":"Feature","properties":{"country_code":"ESP","city":"Pamplona","geoname_id":"3114472","h3_hexagon":590982345968844799,"h3_resolution":3,"downloaders":{"size":10228,"mobile":3471,"satellite":0,"tor":0,"tor_exit_nodes":0,"vpn":11,"relay":0,"proxy":0,"hosting":6,"service":0},"uploaders":{"size":58,"mobile":15,"satellite":0,"tor":0,"tor_exit_nodes":0,"vpn":0,"relay":0,"proxy":0,"hosting":0,"service":0}},"geometry":{"type":"Point","coordinates":[-1.64323,42.81687]}},{"type":"Feature","properties":{"country_code":"SWE","city":"Borås","geoname_id":"2720501","h3_hexagon":590124864338132991,"h3_resolution":3,"downloaders":{"size":10188,"mobile":403,"satellite":0,"tor":0,"tor_exit_nodes":0,"vpn":455,"relay":0,"proxy":0,"hosting":202,"service":207},"uploaders":{"size":74,"mobile":0,"satellite":0,"tor":0,"tor_exit_nodes":0,"vpn":20,"relay":0,"proxy":0,"hosting":0,"service":19}},"geometry":{"type":"Point","coordinates":[12.9401,57.72101]}},{"type":"Feature","properties":{"country_code":"RUS","city":"Nalchik","geoname_id":"523523","h3_hexagon":590748768467419135,"h3_resolution":3,"downloaders":{"size":10186,"mobile":6444,"satellite":0,"tor":0,"tor_exit_nodes":0,"vpn":70,"relay":0,"proxy":0,"hosting":0,"service":8},"uploaders":{"size":4,"mobile":3,"satellite":0,"tor":0,"tor_exit_nodes":0,"vpn":0,"relay":0,"proxy":0,"hosting":0,"service":0}},"geometry":{"type":"Point","coordinates":[43.61889,43.49806]}},{"type":"Feature","properties":{"country_code":"USA","city":"Stroudsburg","geoname_id":"5214543","h3_hexagon":590711728669458431,"h3_resolution":3,"downloaders":{"size":9998,"mobile":1,"satellite":0,"tor":0,"tor_exit_nodes":0,"vpn":92,"relay":0,"proxy":0,"hosting":20,"service":0},"uploaders":{"size":110,"mobile":0,"satellite":0,"tor":0,"tor_exit_nodes":0,"vpn":3,"relay":0,"proxy":0,"hosting":6,"service":0}},"geometry":{"type":"Point","coordinates":[-75.19462,40.98676]}},{"type":"Feature","properties":{"country_code":"POL","city":"Łańcut","geoname_id":"766810","h3_hexagon":590502340423843839,"h3_resolution":3,"downloaders":{"size":9995,"mobile":57,"satellite":0,"tor":0,"tor_exit_nodes":0,"vpn":152,"relay":1,"proxy":0,"hosting":23,"service":1},"uploaders":{"size":23,"mobile":0,"satellite":0,"tor":0,"tor_exit_nodes":0,"vpn":6,"relay":0,"proxy":0,"hosting":0,"service":0}},"geometry":{"type":"Point","coordinates":[22.22912,50.06871]}},{"type":"Feature","properties":{"country_code":"BRA","city":"Manaus","geoname_id":"3663517","h3_hexagon":592416246570418175,"h3_resolution":3,"downloaders":{"size":9982,"mobile":983,"satellite":0,"tor":0,"tor_exit_nodes":0,"vpn":120,"relay":0,"proxy":0,"hosting":8,"service":0},"uploaders":{"size":47,"mobile":12,"satellite":0,"tor":0,"tor_exit_nodes":0,"vpn":0,"relay":0,"proxy":0,"hosting":0,"service":0}},"geometry":{"type":"Point","coordinates":[-60.025,-3.10194]}},{"type":"Feature","properties":{"country_code":"FRA","city":"Bay","geoname_id":"3034501","h3_hexagon":590525911204364287,"h3_resolution":3,"downloaders":{"size":9962,"mobile":1905,"satellite":0,"tor":0,"tor_exit_nodes":0,"vpn":394,"relay":0,"proxy":0,"hosting":6,"service":0},"uploaders":{"size":49,"mobile":3,"satellite":0,"tor":0,"tor_exit_nodes":0,"vpn":10,"relay":0,"proxy":0,"hosting":0,"service":0}},"geometry":{"type":"Point","coordinates":[5.71856,47.289]}},{"type":"Feature","properties":{"country_code":"CYP","city":"Nicosia","geoname_id":"146268","h3_hexagon":590774538271195135,"h3_resolution":3,"downloaders":{"size":9900,"mobile":0,"satellite":12,"tor":0,"tor_exit_nodes":0,"vpn":2014,"relay":0,"proxy":0,"hosting":1905,"service":1842},"uploaders":{"size":647,"mobile":0,"satellite":0,"tor":0,"tor_exit_nodes":0,"vpn":446,"relay":0,"proxy":0,"hosting":446,"service":436}},"geometry":{"type":"Point","coordinates":[33.35397,35.17284]}},{"type":"Feature","properties":{"country_code":"BLR","city":"Mahilyow","geoname_id":"625665","h3_hexagon":590521994194190335,"h3_resolution":3,"downloaders":{"size":9874,"mobile":71,"satellite":0,"tor":0,"tor_exit_nodes":0,"vpn":57,"relay":0,"proxy":0,"hosting":0,"service":0},"uploaders":{"size":111,"mobile":0,"satellite":0,"tor":0,"tor_exit_nodes":0,"vpn":1,"relay":0,"proxy":0,"hosting":0,"service":0}},"geometry":{"type":"Point","coordinates":[30.34044,53.90876]}},{"type":"Feature","properties":{"country_code":"GBR","city":"Willerby","geoname_id":"2633911","h3_hexagon":590415822602633215,"h3_resolution":3,"downloaders":{"size":9858,"mobile":428,"satellite":0,"tor":0,"tor_exit_nodes":0,"vpn":94,"relay":3,"proxy":0,"hosting":61,"service":6},"uploaders":{"size":146,"mobile":17,"satellite":0,"tor":0,"tor_exit_nodes":0,"vpn":0,"relay":0,"proxy":0,"hosting":8,"service":0}},"geometry":{"type":"Point","coordinates":[-0.44186,53.76099]}},{"type":"Feature","properties":{"country_code":"ESP","city":"Palencia","geoname_id":"3114531","h3_hexagon":590977123288612863,"h3_resolution":3,"downloaders":{"size":9856,"mobile":3494,"satellite":0,"tor":0,"tor_exit_nodes":0,"vpn":10,"relay":0,"proxy":0,"hosting":0,"service":0},"uploaders":{"size":48,"mobile":27,"satellite":0,"tor":0,"tor_exit_nodes":0,"vpn":0,"relay":0,"proxy":0,"hosting":0,"service":0}},"geometry":{"type":"Point","coordinates":[-4.52406,42.00955]}},{"type":"Feature","properties":{"country_code":"USA","city":"Indianapolis","geoname_id":"4259418","h3_hexagon":590646788763942911,"h3_resolution":3,"downloaders":{"size":9722,"mobile":272,"satellite":0,"tor":0,"tor_exit_nodes":0,"vpn":955,"relay":12,"proxy":0,"hosting":1181,"service":839},"uploaders":{"size":150,"mobile":12,"satellite":0,"tor":0,"tor_exit_nodes":0,"vpn":72,"relay":0,"proxy":0,"hosting":76,"service":72}},"geometry":{"type":"Point","coordinates":[-86.1157,39.9416]}},{"type":"Feature","properties":{"country_code":"RUS","city":"Pavlovo","geoname_id":"827329","h3_hexagon":590280239075033087,"h3_resolution":3,"downloaders":{"size":9716,"mobile":0,"satellite":0,"tor":0,"tor_exit_nodes":0,"vpn":190,"relay":0,"proxy":0,"hosting":0,"service":73},"uploaders":{"size":4,"mobile":0,"satellite":0,"tor":0,"tor_exit_nodes":0,"vpn":0,"relay":0,"proxy":0,"hosting":0,"service":0}},"geometry":{"type":"Point","coordinates":[43.0912,55.9686]}},{"type":"Feature","properties":{"country_code":"GBR","city":"Banbridge","geoname_id":"2656407","h3_hexagon":590417059553214463,"h3_resolution":3,"downloaders":{"size":9614,"mobile":524,"satellite":0,"tor":0,"tor_exit_nodes":0,"vpn":18,"relay":7,"proxy":0,"hosting":17,"service":7},"uploaders":{"size":59,"mobile":6,"satellite":0,"tor":0,"tor_exit_nodes":0,"vpn":0,"relay":0,"proxy":0,"hosting":0,"service":0}},"geometry":{"type":"Point","coordinates":[-6.28333,54.35]}},{"type":"Feature","properties":{"country_code":"DNK","city":"Slagelse","geoname_id":"2613460","h3_hexagon":590517252550295551,"h3_resolution":3,"downloaders":{"size":9585,"mobile":18,"satellite":0,"tor":0,"tor_exit_nodes":0,"vpn":361,"relay":0,"proxy":0,"hosting":237,"service":0},"uploaders":{"size":35,"mobile":0,"satellite":0,"tor":0,"tor_exit_nodes":0,"vpn":1,"relay":0,"proxy":0,"hosting":0,"service":0}},"geometry":{"type":"Point","coordinates":[11.35459,55.40276]}},{"type":"Feature","properties":{"country_code":"MEX","city":"Cuernavaca","geoname_id":"3529947","h3_hexagon":591268150272589823,"h3_resolution":3,"downloaders":{"size":9569,"mobile":0,"satellite":0,"tor":0,"tor_exit_nodes":0,"vpn":9,"relay":0,"proxy":0,"hosting":0,"service":0},"uploaders":{"size":5,"mobile":0,"satellite":0,"tor":0,"tor_exit_nodes":0,"vpn":0,"relay":0,"proxy":0,"hosting":0,"service":0}},"geometry":{"type":"Point","coordinates":[-99.23075,18.9261]}},{"type":"Feature","properties":{"country_code":"MNE","city":"Podgorica","geoname_id":"3193044","h3_hexagon":590516015599714303,"h3_resolution":3,"downloaders":{"size":9525,"mobile":431,"satellite":0,"tor":0,"tor_exit_nodes":0,"vpn":41,"relay":0,"proxy":0,"hosting":4,"service":0},"uploaders":{"size":180,"mobile":16,"satellite":0,"tor":0,"tor_exit_nodes":0,"vpn":0,"relay":0,"proxy":0,"hosting":0,"service":0}},"geometry":{"type":"Point","coordinates":[19.26309,42.44124]}},{"type":"Feature","properties":{"country_code":"ROU","city":"Craiova","geoname_id":"680332","h3_hexagon":590514984807563263,"h3_resolution":3,"downloaders":{"size":9523,"mobile":1441,"satellite":0,"tor":0,"tor_exit_nodes":0,"vpn":25,"relay":0,"proxy":0,"hosting":2,"service":0},"uploaders":{"size":39,"mobile":10,"satellite":0,"tor":0,"tor_exit_nodes":0,"vpn":0,"relay":0,"proxy":0,"hosting":0,"service":0}},"geometry":{"type":"Point","coordinates":[23.8,44.31667]}},{"type":"Feature","properties":{"country_code":"ROU","city":"Târgu Mureş","geoname_id":"665004","h3_hexagon":590505295361343487,"h3_resolution":3,"downloaders":{"size":9458,"mobile":3786,"satellite":0,"tor":0,"tor_exit_nodes":0,"vpn":122,"relay":0,"proxy":0,"hosting":112,"service":23},"uploaders":{"size":19,"mobile":16,"satellite":0,"tor":0,"tor_exit_nodes":0,"vpn":0,"relay":0,"proxy":0,"hosting":2,"service":0}},"geometry":{"type":"Point","coordinates":[24.55747,46.54245]}},{"type":"Feature","properties":{"country_code":"CHN","city":"Rui’an","geoname_id":"1797063","h3_hexagon":591127344064757759,"h3_resolution":3,"downloaders":{"size":9452,"mobile":0,"satellite":0,"tor":0,"tor_exit_nodes":0,"vpn":386,"relay":0,"proxy":0,"hosting":119,"service":0},"uploaders":{"size":15,"mobile":0,"satellite":0,"tor":0,"tor_exit_nodes":0,"vpn":0,"relay":0,"proxy":0,"hosting":0,"service":0}},"geometry":{"type":"Point","coordinates":[120.65859,27.77605]}},{"type":"Feature","properties":{"country_code":"ARG","city":"Rosario","geoname_id":"3838583","h3_hexagon":593400653074661375,"h3_resolution":3,"downloaders":{"size":9448,"mobile":2699,"satellite":0,"tor":0,"tor_exit_nodes":0,"vpn":6,"relay":0,"proxy":0,"hosting":82,"service":0},"uploaders":{"size":59,"mobile":19,"satellite":0,"tor":0,"tor_exit_nodes":0,"vpn":0,"relay":0,"proxy":0,"hosting":6,"service":0}},"geometry":{"type":"Point","coordinates":[-60.63932,-32.94682]}},{"type":"Feature","properties":{"country_code":"RUS","city":"Armavir","geoname_id":"580922","h3_hexagon":590769109432532991,"h3_resolution":3,"downloaders":{"size":9428,"mobile":607,"satellite":0,"tor":0,"tor_exit_nodes":0,"vpn":130,"relay":0,"proxy":1,"hosting":64,"service":5},"uploaders":{"size":12,"mobile":1,"satellite":0,"tor":0,"tor_exit_nodes":0,"vpn":0,"relay":0,"proxy":0,"hosting":0,"service":0}},"geometry":{"type":"Point","coordinates":[41.11472,44.99849]}},{"type":"Feature","properties":{"country_code":"ALB","city":"Durrës","geoname_id":"3185728","h3_hexagon":590513954015412223,"h3_resolution":3,"downloaders":{"size":9371,"mobile":450,"satellite":0,"tor":0,"tor_exit_nodes":0,"vpn":1334,"relay":0,"proxy":0,"hosting":1374,"service":1300},"uploaders":{"size":90,"mobile":2,"satellite":0,"tor":0,"tor_exit_nodes":0,"vpn":45,"relay":0,"proxy":0,"hosting":45,"service":45}},"geometry":{"type":"Point","coordinates":[19.45469,41.32355]}},{"type":"Feature","properties":{"country_code":"POL","city":"Augustów","geoname_id":"776597","h3_hexagon":590521513157853183,"h3_resolution":3,"downloaders":{"size":9295,"mobile":113,"satellite":0,"tor":0,"tor_exit_nodes":0,"vpn":46,"relay":0,"proxy":0,"hosting":0,"service":0},"uploaders":{"size":25,"mobile":0,"satellite":0,"tor":0,"tor_exit_nodes":0,"vpn":0,"relay":0,"proxy":0,"hosting":0,"service":0}},"geometry":{"type":"Point","coordinates":[22.97979,53.84321]}},{"type":"Feature","properties":{"country_code":"DEU","city":"Göttingen","geoname_id":"2918632","h3_hexagon":590518283342446591,"h3_resolution":3,"downloaders":{"size":9283,"mobile":1472,"satellite":0,"tor":7,"tor_exit_nodes":7,"vpn":86,"relay":1,"proxy":0,"hosting":56,"service":1},"uploaders":{"size":8,"mobile":0,"satellite":0,"tor":0,"tor_exit_nodes":0,"vpn":0,"relay":0,"proxy":0,"hosting":0,"service":0}},"geometry":{"type":"Point","coordinates":[9.93228,51.53443]}},{"type":"Feature","properties":{"country_code":"IND","city":"Nāgercoil","geoname_id":"1262204","h3_hexagon":591663081105391615,"h3_resolution":3,"downloaders":{"size":9267,"mobile":471,"satellite":0,"tor":0,"tor_exit_nodes":0,"vpn":14,"relay":0,"proxy":0,"hosting":0,"service":0},"uploaders":{"size":12,"mobile":9,"satellite":0,"tor":0,"tor_exit_nodes":0,"vpn":0,"relay":0,"proxy":0,"hosting":0,"service":0}},"geometry":{"type":"Point","coordinates":[77.43227,8.17899]}},{"type":"Feature","properties":{"country_code":"BRA","city":"Cruzeiro","geoname_id":"3465090","h3_hexagon":592938170996228095,"h3_resolution":3,"downloaders":{"size":9226,"mobile":9,"satellite":0,"tor":0,"tor_exit_nodes":0,"vpn":18,"relay":0,"proxy":0,"hosting":0,"service":0},"uploaders":{"size":38,"mobile":0,"satellite":0,"tor":0,"tor_exit_nodes":0,"vpn":0,"relay":0,"proxy":0,"hosting":0,"service":0}},"geometry":{"type":"Point","coordinates":[-44.97108,-22.57316]}},{"type":"Feature","properties":{"country_code":"CAN","city":"Halifax","geoname_id":"6324729","h3_hexagon":590728908538642431,"h3_resolution":3,"downloaders":{"size":9221,"mobile":1250,"satellite":54,"tor":0,"tor_exit_nodes":0,"vpn":283,"relay":10,"proxy":0,"hosting":258,"service":250},"uploaders":{"size":168,"mobile":48,"satellite":1,"tor":0,"tor_exit_nodes":0,"vpn":27,"relay":0,"proxy":0,"hosting":19,"service":19}},"geometry":{"type":"Point","coordinates":[-63.57688,44.64269]}},{"type":"Feature","properties":{"country_code":"NOR","city":"Knarvik","geoname_id":"3149720","h3_hexagon":590138814391910399,"h3_resolution":3,"downloaders":{"size":9174,"mobile":128,"satellite":0,"tor":0,"tor_exit_nodes":0,"vpn":909,"relay":0,"proxy":0,"hosting":680,"service":671},"uploaders":{"size":213,"mobile":51,"satellite":0,"tor":0,"tor_exit_nodes":0,"vpn":66,"relay":0,"proxy":0,"hosting":66,"service":66}},"geometry":{"type":"Point","coordinates":[5.28208,60.5453]}},{"type":"Feature","properties":{"country_code":"UKR","city":"Kozova","geoname_id":"704525","h3_hexagon":590507082067738623,"h3_resolution":3,"downloaders":{"size":9096,"mobile":1,"satellite":0,"tor":0,"tor_exit_nodes":0,"vpn":60,"relay":0,"proxy":0,"hosting":0,"service":0},"uploaders":{"size":9,"mobile":0,"satellite":0,"tor":0,"tor_exit_nodes":0,"vpn":0,"relay":0,"proxy":0,"hosting":0,"service":0}},"geometry":{"type":"Point","coordinates":[25.14547,49.43206]}},{"type":"Feature","properties":{"country_code":"TUR","city":"Bolu","geoname_id":"750516","h3_hexagon":590766635531370495,"h3_resolution":3,"downloaders":{"size":9089,"mobile":254,"satellite":0,"tor":0,"tor_exit_nodes":0,"vpn":2,"relay":0,"proxy":0,"hosting":0,"service":0},"uploaders":{"size":3,"mobile":0,"satellite":0,"tor":0,"tor_exit_nodes":0,"vpn":0,"relay":0,"proxy":0,"hosting":0,"service":0}},"geometry":{"type":"Point","coordinates":[31.60611,40.73583]}},{"type":"Feature","properties":{"country_code":"BRA","city":"Araçatuba","geoname_id":"3471859","h3_hexagon":592927794355240959,"h3_resolution":3,"downloaders":{"size":9026,"mobile":241,"satellite":0,"tor":0,"tor_exit_nodes":0,"vpn":7,"relay":0,"proxy":0,"hosting":1,"service":0},"uploaders":{"size":8,"mobile":0,"satellite":0,"tor":0,"tor_exit_nodes":0,"vpn":0,"relay":0,"proxy":0,"hosting":0,"service":0}},"geometry":{"type":"Point","coordinates":[-50.43278,-21.20889]}},{"type":"Feature","properties":{"country_code":"GBR","city":"Charminster","geoname_id":"2653318","h3_hexagon":590417678028505087,"h3_resolution":3,"downloaders":{"size":9009,"mobile":370,"satellite":0,"tor":0,"tor_exit_nodes":0,"vpn":45,"relay":2,"proxy":0,"hosting":147,"service":3},"uploaders":{"size":87,"mobile":2,"satellite":0,"tor":0,"tor_exit_nodes":0,"vpn":3,"relay":0,"proxy":0,"hosting":3,"service":0}},"geometry":{"type":"Point","coordinates":[-2.45,50.73333]}},{"type":"Feature","properties":{"country_code":"FRA","city":"Angers","geoname_id":"3037656","h3_hexagon":590401391512518655,"h3_resolution":3,"downloaders":{"size":8999,"mobile":2184,"satellite":0,"tor":0,"tor_exit_nodes":0,"vpn":24,"relay":0,"proxy":0,"hosting":11,"service":0},"uploaders":{"size":54,"mobile":2,"satellite":0,"tor":0,"tor_exit_nodes":0,"vpn":0,"relay":0,"proxy":0,"hosting":0,"service":0}},"geometry":{"type":"Point","coordinates":[-0.55202,47.47156]}},{"type":"Feature","properties":{"country_code":"GBR","city":"Pencoed","geoname_id":"2640484","h3_hexagon":590417609309028351,"h3_resolution":3,"downloaders":{"size":8978,"mobile":417,"satellite":0,"tor":0,"tor_exit_nodes":0,"vpn":35,"relay":0,"proxy":0,"hosting":22,"service":0},"uploaders":{"size":98,"mobile":0,"satellite":0,"tor":0,"tor_exit_nodes":0,"vpn":0,"relay":0,"proxy":0,"hosting":1,"service":0}},"geometry":{"type":"Point","coordinates":[-3.50016,51.52371]}},{"type":"Feature","properties":{"country_code":"KAZ","city":"Pavlodar","geoname_id":"1520240","h3_hexagon":590558278077906943,"h3_resolution":3,"downloaders":{"size":8966,"mobile":1585,"satellite":0,"tor":0,"tor_exit_nodes":0,"vpn":114,"relay":0,"proxy":0,"hosting":182,"service":0},"uploaders":{"size":12,"mobile":0,"satellite":0,"tor":0,"tor_exit_nodes":0,"vpn":0,"relay":0,"proxy":0,"hosting":0,"service":0}},"geometry":{"type":"Point","coordinates":[76.96881,52.27601]}},{"type":"Feature","properties":{"country_code":"FRA","city":"Narbonne","geoname_id":"2990919","h3_hexagon":590981177737740287,"h3_resolution":3,"downloaders":{"size":8935,"mobile":2720,"satellite":0,"tor":0,"tor_exit_nodes":0,"vpn":11,"relay":1,"proxy":0,"hosting":1,"service":1},"uploaders":{"size":21,"mobile":2,"satellite":0,"tor":0,"tor_exit_nodes":0,"vpn":0,"relay":0,"proxy":0,"hosting":0,"service":0}},"geometry":{"type":"Point","coordinates":[3.00141,43.18396]}},{"type":"Feature","properties":{"country_code":"ECU","city":"Guayaquil","geoname_id":"3657509","h3_hexagon":592490257446862847,"h3_resolution":3,"downloaders":{"size":8881,"mobile":1100,"satellite":0,"tor":0,"tor_exit_nodes":0,"vpn":185,"relay":0,"proxy":0,"hosting":666,"service":84},"uploaders":{"size":35,"mobile":1,"satellite":0,"tor":0,"tor_exit_nodes":0,"vpn":4,"relay":0,"proxy":0,"hosting":0,"service":4}},"geometry":{"type":"Point","coordinates":[-79.88621,-2.19616]}},{"type":"Feature","properties":{"country_code":"FRA","city":"Royan","geoname_id":"2982343","h3_hexagon":590401116634611711,"h3_resolution":3,"downloaders":{"size":8880,"mobile":3529,"satellite":0,"tor":0,"tor_exit_nodes":0,"vpn":17,"relay":0,"proxy":0,"hosting":0,"service":0},"uploaders":{"size":9,"mobile":3,"satellite":0,"tor":0,"tor_exit_nodes":0,"vpn":0,"relay":0,"proxy":0,"hosting":0,"service":0}},"geometry":{"type":"Point","coordinates":[-1.03153,45.62811]}},{"type":"Feature","properties":{"country_code":"FRA","city":"Vendôme","geoname_id":"2970110","h3_hexagon":590401254073565183,"h3_resolution":3,"downloaders":{"size":8864,"mobile":3722,"satellite":0,"tor":0,"tor_exit_nodes":0,"vpn":56,"relay":0,"proxy":0,"hosting":248,"service":0},"uploaders":{"size":27,"mobile":12,"satellite":0,"tor":0,"tor_exit_nodes":0,"vpn":0,"relay":0,"proxy":0,"hosting":1,"service":0}},"geometry":{"type":"Point","coordinates":[1.06556,47.79292]}},{"type":"Feature","properties":{"country_code":"UKR","city":"Khmelnytskyi","geoname_id":"706369","h3_hexagon":590507150787215359,"h3_resolution":3,"downloaders":{"size":8863,"mobile":3,"satellite":0,"tor":0,"tor_exit_nodes":0,"vpn":91,"relay":0,"proxy":0,"hosting":141,"service":0},"uploaders":{"size":18,"mobile":0,"satellite":0,"tor":0,"tor_exit_nodes":0,"vpn":0,"relay":0,"proxy":0,"hosting":0,"service":0}},"geometry":{"type":"Point","coordinates":[26.97936,49.41835]}},{"type":"Feature","properties":{"country_code":"POL","city":"Mielec","geoname_id":"764849","h3_hexagon":590502134265413631,"h3_resolution":3,"downloaders":{"size":8809,"mobile":126,"satellite":0,"tor":0,"tor_exit_nodes":0,"vpn":102,"relay":0,"proxy":0,"hosting":2,"service":0},"uploaders":{"size":36,"mobile":0,"satellite":0,"tor":0,"tor_exit_nodes":0,"vpn":0,"relay":0,"proxy":0,"hosting":0,"service":0}},"geometry":{"type":"Point","coordinates":[21.4239,50.28709]}},{"type":"Feature","properties":{"country_code":"ITA","city":"Pisa","geoname_id":"3170647","h3_hexagon":590511823711633407,"h3_resolution":3,"downloaders":{"size":8794,"mobile":2066,"satellite":0,"tor":0,"tor_exit_nodes":0,"vpn":26,"relay":0,"proxy":0,"hosting":24,"service":8},"uploaders":{"size":49,"mobile":7,"satellite":0,"tor":0,"tor_exit_nodes":0,"vpn":2,"relay":0,"proxy":0,"hosting":0,"service":2}},"geometry":{"type":"Point","coordinates":[10.4036,43.70853]}},{"type":"Feature","properties":{"country_code":"SWE","city":"Arboga","geoname_id":"2725471","h3_hexagon":590124520740749311,"h3_resolution":3,"downloaders":{"size":8788,"mobile":874,"satellite":0,"tor":0,"tor_exit_nodes":0,"vpn":259,"relay":0,"proxy":0,"hosting":661,"service":30},"uploaders":{"size":53,"mobile":2,"satellite":0,"tor":0,"tor_exit_nodes":0,"vpn":0,"relay":0,"proxy":0,"hosting":6,"service":0}},"geometry":{"type":"Point","coordinates":[15.83882,59.39387]}},{"type":"Feature","properties":{"country_code":"DOM","city":"Santo Domingo","geoname_id":"3492908","h3_hexagon":591323194573455359,"h3_resolution":3,"downloaders":{"size":8769,"mobile":1304,"satellite":34,"tor":0,"tor_exit_nodes":0,"vpn":91,"relay":0,"proxy":0,"hosting":40,"service":0},"uploaders":{"size":142,"mobile":23,"satellite":0,"tor":0,"tor_exit_nodes":0,"vpn":0,"relay":0,"proxy":0,"hosting":0,"service":0}},"geometry":{"type":"Point","coordinates":[-69.89232,18.47186]}},{"type":"Feature","properties":{"country_code":"USA","city":"New Freedom","geoname_id":"4559967","h3_hexagon":590722448907829247,"h3_resolution":3,"downloaders":{"size":8716,"mobile":0,"satellite":0,"tor":0,"tor_exit_nodes":0,"vpn":77,"relay":0,"proxy":0,"hosting":26,"service":26},"uploaders":{"size":35,"mobile":0,"satellite":0,"tor":0,"tor_exit_nodes":0,"vpn":0,"relay":0,"proxy":0,"hosting":0,"service":0}},"geometry":{"type":"Point","coordinates":[-76.70136,39.73788]}},{"type":"Feature","properties":{"country_code":"ESP","city":"Huelva","geoname_id":"2516548","h3_hexagon":590975542740647935,"h3_resolution":3,"downloaders":{"size":8713,"mobile":1720,"satellite":0,"tor":0,"tor_exit_nodes":0,"vpn":41,"relay":0,"proxy":0,"hosting":0,"service":0},"uploaders":{"size":45,"mobile":10,"satellite":0,"tor":0,"tor_exit_nodes":0,"vpn":0,"relay":0,"proxy":0,"hosting":0,"service":0}},"geometry":{"type":"Point","coordinates":[-6.94004,37.26638]}},{"type":"Feature","properties":{"country_code":"USA","city":"Timberwood Park","geoname_id":"4736922","h3_hexagon":591248977538580479,"h3_resolution":3,"downloaders":{"size":8632,"mobile":69,"satellite":0,"tor":0,"tor_exit_nodes":0,"vpn":200,"relay":1,"proxy":0,"hosting":31,"service":2},"uploaders":{"size":87,"mobile":13,"satellite":0,"tor":0,"tor_exit_nodes":0,"vpn":0,"relay":0,"proxy":0,"hosting":6,"service":0}},"geometry":{"type":"Point","coordinates":[-98.49741,29.69438]}},{"type":"Feature","properties":{"country_code":"MEX","city":"Cancún","geoname_id":"3531673","h3_hexagon":591186167936843775,"h3_resolution":3,"downloaders":{"size":8623,"mobile":36,"satellite":0,"tor":0,"tor_exit_nodes":0,"vpn":3,"relay":0,"proxy":0,"hosting":0,"service":0},"uploaders":{"size":78,"mobile":0,"satellite":0,"tor":0,"tor_exit_nodes":0,"vpn":0,"relay":0,"proxy":0,"hosting":0,"service":0}},"geometry":{"type":"Point","coordinates":[-86.84656,21.17429]}},{"type":"Feature","properties":{"country_code":"IND","city":"Shillong","geoname_id":"1256523","h3_hexagon":591042750388895743,"h3_resolution":3,"downloaders":{"size":8596,"mobile":562,"satellite":0,"tor":0,"tor_exit_nodes":0,"vpn":7,"relay":0,"proxy":0,"hosting":0,"service":0},"uploaders":{"size":44,"mobile":40,"satellite":0,"tor":0,"tor_exit_nodes":0,"vpn":0,"relay":0,"proxy":0,"hosting":0,"service":0}},"geometry":{"type":"Point","coordinates":[91.88313,25.56892]}},{"type":"Feature","properties":{"country_code":"SWE","city":"Uppsala","geoname_id":"2666199","h3_hexagon":590121153486389247,"h3_resolution":3,"downloaders":{"size":8546,"mobile":377,"satellite":0,"tor":0,"tor_exit_nodes":0,"vpn":613,"relay":0,"proxy":0,"hosting":72,"service":418},"uploaders":{"size":69,"mobile":0,"satellite":0,"tor":0,"tor_exit_nodes":0,"vpn":45,"relay":0,"proxy":0,"hosting":0,"service":45}},"geometry":{"type":"Point","coordinates":[17.63889,59.85882]}},{"type":"Feature","properties":{"country_code":"ITA","city":"Mestre","geoname_id":"3173529","h3_hexagon":590510724200005631,"h3_resolution":3,"downloaders":{"size":8530,"mobile":606,"satellite":0,"tor":0,"tor_exit_nodes":0,"vpn":114,"relay":0,"proxy":0,"hosting":45,"service":0},"uploaders":{"size":118,"mobile":9,"satellite":0,"tor":0,"tor_exit_nodes":0,"vpn":0,"relay":0,"proxy":0,"hosting":1,"service":0}},"geometry":{"type":"Point","coordinates":[12.24538,45.49167]}},{"type":"Feature","properties":{"country_code":"RUS","city":"Neftekamsk","geoname_id":"522942","h3_hexagon":590269724995092479,"h3_resolution":3,"downloaders":{"size":8520,"mobile":0,"satellite":0,"tor":0,"tor_exit_nodes":0,"vpn":210,"relay":0,"proxy":0,"hosting":0,"service":173},"uploaders":{"size":16,"mobile":0,"satellite":0,"tor":0,"tor_exit_nodes":0,"vpn":0,"relay":0,"proxy":0,"hosting":0,"service":0}},"geometry":{"type":"Point","coordinates":[54.26383,56.08879]}},{"type":"Feature","properties":{"country_code":"RUS","city":"Volgodonsk","geoname_id":"472761","h3_hexagon":590767735042998271,"h3_resolution":3,"downloaders":{"size":8509,"mobile":0,"satellite":0,"tor":0,"tor_exit_nodes":0,"vpn":24,"relay":0,"proxy":0,"hosting":0,"service":2},"uploaders":{"size":9,"mobile":0,"satellite":0,"tor":0,"tor_exit_nodes":0,"vpn":0,"relay":0,"proxy":0,"hosting":0,"service":0}},"geometry":{"type":"Point","coordinates":[42.15269,47.51141]}},{"type":"Feature","properties":{"country_code":"RUS","city":"Solikamsk","geoname_id":"491023","h3_hexagon":590268694202941439,"h3_resolution":3,"downloaders":{"size":8488,"mobile":0,"satellite":0,"tor":0,"tor_exit_nodes":0,"vpn":14,"relay":0,"proxy":0,"hosting":0,"service":1},"uploaders":{"size":10,"mobile":0,"satellite":0,"tor":0,"tor_exit_nodes":0,"vpn":0,"relay":0,"proxy":0,"hosting":0,"service":0}},"geometry":{"type":"Point","coordinates":[56.74267,59.66686]}},{"type":"Feature","properties":{"country_code":"BRA","city":"Urussanga","geoname_id":"3445667","h3_hexagon":592946348613959679,"h3_resolution":3,"downloaders":{"size":8480,"mobile":72,"satellite":0,"tor":0,"tor_exit_nodes":0,"vpn":8,"relay":0,"proxy":0,"hosting":0,"service":0},"uploaders":{"size":3,"mobile":0,"satellite":0,"tor":0,"tor_exit_nodes":0,"vpn":0,"relay":0,"proxy":0,"hosting":0,"service":0}},"geometry":{"type":"Point","coordinates":[-49.32083,-28.51778]}},{"type":"Feature","properties":{"country_code":"NZL","city":"Wellington","geoname_id":"2179537","h3_hexagon":593264176193863679,"h3_resolution":3,"downloaders":{"size":8381,"mobile":2970,"satellite":0,"tor":0,"tor_exit_nodes":0,"vpn":112,"relay":0,"proxy":0,"hosting":20,"service":0},"uploaders":{"size":270,"mobile":109,"satellite":0,"tor":0,"tor_exit_nodes":0,"vpn":0,"relay":0,"proxy":0,"hosting":0,"service":0}},"geometry":{"type":"Point","coordinates":[174.77557,-41.28664]}},{"type":"Feature","properties":{"country_code":"","city":"Pristina","geoname_id":"786714","h3_hexagon":590516084319191039,"h3_resolution":3,"downloaders":{"size":8381,"mobile":653,"satellite":0,"tor":0,"tor_exit_nodes":0,"vpn":62,"relay":0,"proxy":0,"hosting":247,"service":0},"uploaders":{"size":72,"mobile":69,"satellite":0,"tor":0,"tor_exit_nodes":0,"vpn":0,"relay":0,"proxy":0,"hosting":0,"service":0}},"geometry":{"type":"Point","coordinates":[21.16688,42.67272]}},{"type":"Feature","properties":{"country_code":"MEX","city":"Zamora","geoname_id":"3979802","h3_hexagon":591264714298753023,"h3_resolution":3,"downloaders":{"size":8333,"mobile":12,"satellite":0,"tor":0,"tor_exit_nodes":0,"vpn":13,"relay":0,"proxy":0,"hosting":7,"service":0},"uploaders":{"size":29,"mobile":5,"satellite":0,"tor":0,"tor_exit_nodes":0,"vpn":0,"relay":0,"proxy":0,"hosting":0,"service":0}},"geometry":{"type":"Point","coordinates":[-102.28387,19.9855]}},{"type":"Feature","properties":{"country_code":"ITA","city":"Augusta","geoname_id":"2525646","h3_hexagon":591083569758076927,"h3_resolution":3,"downloaders":{"size":8330,"mobile":1043,"satellite":0,"tor":0,"tor_exit_nodes":0,"vpn":89,"relay":0,"proxy":0,"hosting":9,"service":0},"uploaders":{"size":15,"mobile":2,"satellite":0,"tor":0,"tor_exit_nodes":0,"vpn":0,"relay":0,"proxy":0,"hosting":0,"service":0}},"geometry":{"type":"Point","coordinates":[15.22121,37.24065]}},{"type":"Feature","properties":{"country_code":"USA","city":"East Rochester","geoname_id":"5116047","h3_hexagon":590738597984862207,"h3_resolution":3,"downloaders":{"size":8299,"mobile":38,"satellite":0,"tor":0,"tor_exit_nodes":0,"vpn":278,"relay":1,"proxy":0,"hosting":4,"service":1},"uploaders":{"size":25,"mobile":0,"satellite":0,"tor":0,"tor_exit_nodes":0,"vpn":3,"relay":0,"proxy":0,"hosting":0,"service":0}},"geometry":{"type":"Point","coordinates":[-77.4875,43.10867]}},{"type":"Feature","properties":{"country_code":"ITA","city":"Senigallia","geoname_id":"3166740","h3_hexagon":590510586761052159,"h3_resolution":3,"downloaders":{"size":8287,"mobile":1031,"satellite":0,"tor":0,"tor_exit_nodes":0,"vpn":89,"relay":0,"proxy":0,"hosting":21,"service":0},"uploaders":{"size":141,"mobile":0,"satellite":0,"tor":0,"tor_exit_nodes":0,"vpn":0,"relay":0,"proxy":0,"hosting":0,"service":0}},"geometry":{"type":"Point","coordinates":[13.20882,43.71626]}},{"type":"Feature","properties":{"country_code":"BRA","city":"Assis Chateaubriand","geoname_id":"6316450","h3_hexagon":592930199536926719,"h3_resolution":3,"downloaders":{"size":8267,"mobile":0,"satellite":0,"tor":0,"tor_exit_nodes":0,"vpn":2,"relay":0,"proxy":0,"hosting":0,"service":0},"uploaders":{"size":30,"mobile":0,"satellite":0,"tor":0,"tor_exit_nodes":0,"vpn":0,"relay":0,"proxy":0,"hosting":0,"service":0}},"geometry":{"type":"Point","coordinates":[-53.52139,-24.42]}},{"type":"Feature","properties":{"country_code":"UKR","city":"Kryvyy Rih","geoname_id":"703845","h3_hexagon":590504608166576127,"h3_resolution":3,"downloaders":{"size":8261,"mobile":105,"satellite":0,"tor":0,"tor_exit_nodes":0,"vpn":44,"relay":0,"proxy":0,"hosting":0,"service":0},"uploaders":{"size":17,"mobile":0,"satellite":0,"tor":0,"tor_exit_nodes":0,"vpn":0,"relay":0,"proxy":0,"hosting":0,"service":0}},"geometry":{"type":"Point","coordinates":[33.39404,47.90572]}},{"type":"Feature","properties":{"country_code":"BRA","city":"Natal","geoname_id":"3394023","h3_hexagon":592251525984681983,"h3_resolution":3,"downloaders":{"size":8251,"mobile":13,"satellite":0,"tor":0,"tor_exit_nodes":0,"vpn":9,"relay":0,"proxy":0,"hosting":2,"service":0},"uploaders":{"size":63,"mobile":0,"satellite":0,"tor":0,"tor_exit_nodes":0,"vpn":0,"relay":0,"proxy":0,"hosting":0,"service":0}},"geometry":{"type":"Point","coordinates":[-35.20944,-5.795]}},{"type":"Feature","properties":{"country_code":"SRB","city":"Leskovac","geoname_id":"788709","h3_hexagon":590515946880237567,"h3_resolution":3,"downloaders":{"size":8228,"mobile":126,"satellite":0,"tor":0,"tor_exit_nodes":0,"vpn":60,"relay":0,"proxy":0,"hosting":192,"service":0},"uploaders":{"size":48,"mobile":8,"satellite":0,"tor":0,"tor_exit_nodes":0,"vpn":0,"relay":0,"proxy":0,"hosting":1,"service":0}},"geometry":{"type":"Point","coordinates":[21.94611,42.99806]}},{"type":"Feature","properties":{"country_code":"VNM","city":"Hanoi","geoname_id":"1581130","h3_hexagon":591119716202840063,"h3_resolution":3,"downloaders":{"size":8223,"mobile":1079,"satellite":0,"tor":0,"tor_exit_nodes":0,"vpn":293,"relay":0,"proxy":0,"hosting":471,"service":110},"uploaders":{"size":165,"mobile":66,"satellite":0,"tor":0,"tor_exit_nodes":0,"vpn":17,"relay":0,"proxy":0,"hosting":14,"service":16}},"geometry":{"type":"Point","coordinates":[105.84117,21.0245]}},{"type":"Feature","properties":{"country_code":"BLR","city":"Barysaw","geoname_id":"630376","h3_hexagon":590522200352620543,"h3_resolution":3,"downloaders":{"size":8208,"mobile":31,"satellite":0,"tor":0,"tor_exit_nodes":0,"vpn":163,"relay":0,"proxy":0,"hosting":0,"service":0},"uploaders":{"size":79,"mobile":4,"satellite":0,"tor":0,"tor_exit_nodes":0,"vpn":0,"relay":0,"proxy":0,"hosting":0,"service":0}},"geometry":{"type":"Point","coordinates":[28.505,54.2279]}},{"type":"Feature","properties":{"country_code":"RUS","city":"Priozërsk","geoname_id":"505230","h3_hexagon":590270961945673727,"h3_resolution":3,"downloaders":{"size":8182,"mobile":28,"satellite":0,"tor":0,"tor_exit_nodes":0,"vpn":89,"relay":0,"proxy":0,"hosting":0,"service":0},"uploaders":{"size":9,"mobile":0,"satellite":0,"tor":0,"tor_exit_nodes":0,"vpn":0,"relay":0,"proxy":0,"hosting":0,"service":0}},"geometry":{"type":"Point","coordinates":[30.13915,61.04027]}},{"type":"Feature","properties":{"country_code":"MEX","city":"Acapulco de Juárez","geoname_id":"3533462","h3_hexagon":591268287711543295,"h3_resolution":3,"downloaders":{"size":8139,"mobile":0,"satellite":0,"tor":0,"tor_exit_nodes":0,"vpn":1,"relay":1,"proxy":0,"hosting":1,"service":1},"uploaders":{"size":8,"mobile":0,"satellite":0,"tor":0,"tor_exit_nodes":0,"vpn":0,"relay":0,"proxy":0,"hosting":0,"service":0}},"geometry":{"type":"Point","coordinates":[-99.90891,16.84942]}},{"type":"Feature","properties":{"country_code":"ISR","city":"Sakhnīn","geoname_id":"293655","h3_hexagon":590775431624392703,"h3_resolution":3,"downloaders":{"size":8120,"mobile":470,"satellite":0,"tor":0,"tor_exit_nodes":0,"vpn":47,"relay":0,"proxy":0,"hosting":27,"service":1},"uploaders":{"size":13,"mobile":1,"satellite":0,"tor":0,"tor_exit_nodes":0,"vpn":0,"relay":0,"proxy":0,"hosting":0,"service":0}},"geometry":{"type":"Point","coordinates":[35.29707,32.86422]}},{"type":"Feature","properties":{"country_code":"FRA","city":"Riom","geoname_id":"2983489","h3_hexagon":590527285593899007,"h3_resolution":3,"downloaders":{"size":8116,"mobile":2138,"satellite":0,"tor":0,"tor_exit_nodes":0,"vpn":29,"relay":0,"proxy":0,"hosting":2,"service":0},"uploaders":{"size":19,"mobile":14,"satellite":0,"tor":0,"tor_exit_nodes":0,"vpn":0,"relay":0,"proxy":0,"hosting":0,"service":0}},"geometry":{"type":"Point","coordinates":[3.11264,45.89362]}},{"type":"Feature","properties":{"country_code":"BRA","city":"Duartina","geoname_id":"3464422","h3_hexagon":592929100025298943,"h3_resolution":3,"downloaders":{"size":8101,"mobile":150,"satellite":0,"tor":0,"tor_exit_nodes":0,"vpn":3,"relay":0,"proxy":0,"hosting":0,"service":0},"uploaders":{"size":14,"mobile":0,"satellite":0,"tor":0,"tor_exit_nodes":0,"vpn":0,"relay":0,"proxy":0,"hosting":0,"service":0}},"geometry":{"type":"Point","coordinates":[-49.40389,-22.41444]}},{"type":"Feature","properties":{"country_code":"JPN","city":"Yonezawa","geoname_id":"2110498","h3_hexagon":590783815400554495,"h3_resolution":3,"downloaders":{"size":8091,"mobile":1325,"satellite":0,"tor":0,"tor_exit_nodes":0,"vpn":105,"relay":0,"proxy":0,"hosting":19,"service":17},"uploaders":{"size":5,"mobile":0,"satellite":0,"tor":0,"tor_exit_nodes":0,"vpn":0,"relay":0,"proxy":0,"hosting":0,"service":0}},"geometry":{"type":"Point","coordinates":[140.11667,37.91]}},{"type":"Feature","properties":{"country_code":"RUS","city":"Gudermes","geoname_id":"558118","h3_hexagon":590753784989220863,"h3_resolution":3,"downloaders":{"size":8085,"mobile":0,"satellite":0,"tor":0,"tor_exit_nodes":0,"vpn":476,"relay":0,"proxy":0,"hosting":0,"service":467},"uploaders":{"size":3,"mobile":0,"satellite":0,"tor":0,"tor_exit_nodes":0,"vpn":1,"relay":0,"proxy":0,"hosting":0,"service":1}},"geometry":{"type":"Point","coordinates":[46.10095,43.35082]}},{"type":"Feature","properties":{"country_code":"SAU","city":"Madinah","geoname_id":"109223","h3_hexagon":591432939577802751,"h3_resolution":3,"downloaders":{"size":8068,"mobile":155,"satellite":0,"tor":0,"tor_exit_nodes":0,"vpn":10,"relay":0,"proxy":0,"hosting":0,"service":0},"uploaders":{"size":6,"mobile":0,"satellite":0,"tor":0,"tor_exit_nodes":0,"vpn":0,"relay":0,"proxy":0,"hosting":0,"service":0}},"geometry":{"type":"Point","coordinates":[39.61417,24.46861]}},{"type":"Feature","properties":{"country_code":"DOM","city":"Santo Domingo Este","geoname_id":"8601412","h3_hexagon":591323263292932095,"h3_resolution":3,"downloaders":{"size":8004,"mobile":1184,"satellite":0,"tor":0,"tor_exit_nodes":0,"vpn":48,"relay":0,"proxy":0,"hosting":0,"service":0},"uploaders":{"size":100,"mobile":14,"satellite":0,"tor":0,"tor_exit_nodes":0,"vpn":7,"relay":0,"proxy":0,"hosting":0,"service":0}},"geometry":{"type":"Point","coordinates":[-69.84757,18.48511]}},{"type":"Feature","properties":{"country_code":"TUR","city":"Adıyaman","geoname_id":"325330","h3_hexagon":590774881868578815,"h3_resolution":3,"downloaders":{"size":7989,"mobile":521,"satellite":0,"tor":0,"tor_exit_nodes":0,"vpn":0,"relay":0,"proxy":0,"hosting":0,"service":0},"uploaders":{"size":5,"mobile":0,"satellite":0,"tor":0,"tor_exit_nodes":0,"vpn":0,"relay":0,"proxy":0,"hosting":0,"service":0}},"geometry":{"type":"Point","coordinates":[38.27629,37.76441]}},{"type":"Feature","properties":{"country_code":"COL","city":"Yumbo","geoname_id":"3665657","h3_hexagon":591782584275435519,"h3_resolution":3,"downloaders":{"size":7947,"mobile":2533,"satellite":0,"tor":0,"tor_exit_nodes":0,"vpn":18,"relay":0,"proxy":0,"hosting":75,"service":0},"uploaders":{"size":60,"mobile":11,"satellite":0,"tor":0,"tor_exit_nodes":0,"vpn":0,"relay":0,"proxy":0,"hosting":0,"service":0}},"geometry":{"type":"Point","coordinates":[-76.49146,3.58234]}},{"type":"Feature","properties":{"country_code":"FIN","city":"Espoo","geoname_id":"660158","h3_hexagon":590122871473307647,"h3_resolution":3,"downloaders":{"size":7928,"mobile":31,"satellite":0,"tor":0,"tor_exit_nodes":0,"vpn":1505,"relay":0,"proxy":0,"hosting":40,"service":1233},"uploaders":{"size":117,"mobile":1,"satellite":0,"tor":0,"tor_exit_nodes":0,"vpn":56,"relay":0,"proxy":0,"hosting":2,"service":53}},"geometry":{"type":"Point","coordinates":[24.7465,60.1525]}},{"type":"Feature","properties":{"country_code":"RUS","city":"Borovichi","geoname_id":"572154","h3_hexagon":590271992737824767,"h3_resolution":3,"downloaders":{"size":7909,"mobile":15,"satellite":0,"tor":0,"tor_exit_nodes":0,"vpn":3,"relay":0,"proxy":0,"hosting":91,"service":0},"uploaders":{"size":5,"mobile":0,"satellite":0,"tor":0,"tor_exit_nodes":0,"vpn":0,"relay":0,"proxy":0,"hosting":0,"service":0}},"geometry":{"type":"Point","coordinates":[33.91864,58.39418]}},{"type":"Feature","properties":{"country_code":"ESP","city":"Gijón","geoname_id":"3121424","h3_hexagon":590400085842460671,"h3_resolution":3,"downloaders":{"size":7903,"mobile":2821,"satellite":0,"tor":0,"tor_exit_nodes":0,"vpn":18,"relay":0,"proxy":0,"hosting":188,"service":0},"uploaders":{"size":71,"mobile":47,"satellite":0,"tor":0,"tor_exit_nodes":0,"vpn":0,"relay":0,"proxy":0,"hosting":0,"service":0}},"geometry":{"type":"Point","coordinates":[-5.66152,43.53573]}},{"type":"Feature","properties":{"country_code":"FRA","city":"Alençon","geoname_id":"3038230","h3_hexagon":590400498159321087,"h3_resolution":3,"downloaders":{"size":7880,"mobile":3022,"satellite":0,"tor":0,"tor_exit_nodes":0,"vpn":8,"relay":0,"proxy":0,"hosting":0,"service":0},"uploaders":{"size":25,"mobile":2,"satellite":0,"tor":0,"tor_exit_nodes":0,"vpn":0,"relay":0,"proxy":0,"hosting":0,"service":0}},"geometry":{"type":"Point","coordinates":[0.09311,48.43476]}},{"type":"Feature","properties":{"country_code":"FRA","city":"Granville","geoname_id":"3014867","h3_hexagon":590400429439844351,"h3_resolution":3,"downloaders":{"size":7878,"mobile":1920,"satellite":0,"tor":0,"tor_exit_nodes":0,"vpn":76,"relay":0,"proxy":0,"hosting":0,"service":0},"uploaders":{"size":29,"mobile":6,"satellite":0,"tor":0,"tor_exit_nodes":0,"vpn":0,"relay":0,"proxy":0,"hosting":0,"service":0}},"geometry":{"type":"Point","coordinates":[-1.59714,48.83792]}},{"type":"Feature","properties":{"country_code":"ESP","city":"Palafrugell","geoname_id":"3114567","h3_hexagon":590979116153438207,"h3_resolution":3,"downloaders":{"size":7835,"mobile":1895,"satellite":0,"tor":0,"tor_exit_nodes":0,"vpn":37,"relay":0,"proxy":0,"hosting":0,"service":0},"uploaders":{"size":102,"mobile":16,"satellite":0,"tor":0,"tor_exit_nodes":0,"vpn":0,"relay":0,"proxy":0,"hosting":0,"service":0}},"geometry":{"type":"Point","coordinates":[3.1631,41.91738]}},{"type":"Feature","properties":{"country_code":"VEN","city":"Chacao","geoname_id":"3645981","h3_hexagon":591788081833574399,"h3_resolution":3,"downloaders":{"size":7833,"mobile":117,"satellite":82,"tor":0,"tor_exit_nodes":0,"vpn":83,"relay":0,"proxy":0,"hosting":84,"service":41},"uploaders":{"size":625,"mobile":3,"satellite":0,"tor":0,"tor_exit_nodes":0,"vpn":5,"relay":0,"proxy":0,"hosting":23,"service":5}},"geometry":{"type":"Point","coordinates":[-66.85367,10.49581]}},{"type":"Feature","properties":{"country_code":"BRA","city":"São Miguel dos Campos","geoname_id":"3388269","h3_hexagon":592250151595147263,"h3_resolution":3,"downloaders":{"size":7750,"mobile":14,"satellite":0,"tor":0,"tor_exit_nodes":0,"vpn":198,"relay":0,"proxy":0,"hosting":15,"service":0},"uploaders":{"size":30,"mobile":0,"satellite":0,"tor":0,"tor_exit_nodes":0,"vpn":0,"relay":0,"proxy":0,"hosting":0,"service":0}},"geometry":{"type":"Point","coordinates":[-36.09361,-9.78111]}},{"type":"Feature","properties":{"country_code":"GBR","city":"East Dereham","geoname_id":"2650470","h3_hexagon":590415891322109951,"h3_resolution":3,"downloaders":{"size":7741,"mobile":194,"satellite":0,"tor":0,"tor_exit_nodes":0,"vpn":34,"relay":0,"proxy":0,"hosting":35,"service":0},"uploaders":{"size":75,"mobile":18,"satellite":0,"tor":0,"tor_exit_nodes":0,"vpn":0,"relay":0,"proxy":0,"hosting":1,"service":0}},"geometry":{"type":"Point","coordinates":[0.93333,52.68333]}},{"type":"Feature","properties":{"country_code":"DZA","city":"Oran","geoname_id":"2485926","h3_hexagon":590959187505184767,"h3_resolution":3,"downloaders":{"size":7731,"mobile":163,"satellite":0,"tor":0,"tor_exit_nodes":0,"vpn":2,"relay":0,"proxy":0,"hosting":1,"service":1},"uploaders":{"size":14,"mobile":4,"satellite":0,"tor":0,"tor_exit_nodes":0,"vpn":0,"relay":0,"proxy":0,"hosting":0,"service":0}},"geometry":{"type":"Point","coordinates":[-0.63588,35.69906]}},{"type":"Feature","properties":{"country_code":"POL","city":"Skierniewice","geoname_id":"759123","h3_hexagon":590522612669480959,"h3_resolution":3,"downloaders":{"size":7730,"mobile":326,"satellite":0,"tor":0,"tor_exit_nodes":0,"vpn":147,"relay":0,"proxy":0,"hosting":426,"service":0},"uploaders":{"size":52,"mobile":0,"satellite":0,"tor":0,"tor_exit_nodes":0,"vpn":0,"relay":0,"proxy":0,"hosting":15,"service":0}},"geometry":{"type":"Point","coordinates":[20.15837,51.95485]}},{"type":"Feature","properties":{"country_code":"PRT","city":"Setúbal","geoname_id":"2262963","h3_hexagon":590975817618554879,"h3_resolution":3,"downloaders":{"size":7716,"mobile":32,"satellite":0,"tor":0,"tor_exit_nodes":0,"vpn":12,"relay":0,"proxy":0,"hosting":0,"service":0},"uploaders":{"size":59,"mobile":0,"satellite":0,"tor":0,"tor_exit_nodes":0,"vpn":0,"relay":0,"proxy":0,"hosting":0,"service":0}},"geometry":{"type":"Point","coordinates":[-8.8882,38.5244]}},{"type":"Feature","properties":{"country_code":"UKR","city":"Marhanets","geoname_id":"701855","h3_hexagon":590504676886052863,"h3_resolution":3,"downloaders":{"size":7701,"mobile":179,"satellite":0,"tor":0,"tor_exit_nodes":0,"vpn":27,"relay":0,"proxy":0,"hosting":153,"service":5},"uploaders":{"size":36,"mobile":1,"satellite":0,"tor":0,"tor_exit_nodes":0,"vpn":0,"relay":0,"proxy":0,"hosting":1,"service":0}},"geometry":{"type":"Point","coordinates":[34.6245,47.63088]}},{"type":"Feature","properties":{"country_code":"BRA","city":"Teresina","geoname_id":"3386496","h3_hexagon":592223763316080639,"h3_resolution":3,"downloaders":{"size":7682,"mobile":15,"satellite":0,"tor":0,"tor_exit_nodes":0,"vpn":33,"relay":0,"proxy":0,"hosting":1,"service":0},"uploaders":{"size":73,"mobile":0,"satellite":0,"tor":0,"tor_exit_nodes":0,"vpn":0,"relay":0,"proxy":0,"hosting":0,"service":0}},"geometry":{"type":"Point","coordinates":[-42.80194,-5.08917]}},{"type":"Feature","properties":{"country_code":"NOR","city":"Trondheim","geoname_id":"3133880","h3_hexagon":590113800502378495,"h3_resolution":3,"downloaders":{"size":7678,"mobile":497,"satellite":0,"tor":0,"tor_exit_nodes":0,"vpn":273,"relay":1,"proxy":0,"hosting":108,"service":87},"uploaders":{"size":40,"mobile":4,"satellite":0,"tor":0,"tor_exit_nodes":0,"vpn":1,"relay":0,"proxy":0,"hosting":1,"service":1}},"geometry":{"type":"Point","coordinates":[10.39506,63.43049]}},{"type":"Feature","properties":{"country_code":"USA","city":"Jacksonville Beach","geoname_id":"4160023","h3_hexagon":591184381230448639,"h3_resolution":3,"downloaders":{"size":7674,"mobile":790,"satellite":0,"tor":0,"tor_exit_nodes":0,"vpn":101,"relay":2,"proxy":0,"hosting":174,"service":2},"uploaders":{"size":95,"mobile":26,"satellite":0,"tor":0,"tor_exit_nodes":0,"vpn":1,"relay":0,"proxy":0,"hosting":4,"service":0}},"geometry":{"type":"Point","coordinates":[-81.4165,30.2801]}},{"type":"Feature","properties":{"country_code":"ESP","city":"Aguilar","geoname_id":"2522335","h3_hexagon":590976367374368767,"h3_resolution":3,"downloaders":{"size":7670,"mobile":2670,"satellite":0,"tor":0,"tor_exit_nodes":0,"vpn":17,"relay":0,"proxy":0,"hosting":29,"service":0},"uploaders":{"size":49,"mobile":13,"satellite":0,"tor":0,"tor_exit_nodes":0,"vpn":0,"relay":0,"proxy":0,"hosting":0,"service":0}},"geometry":{"type":"Point","coordinates":[-4.65717,37.51476]}},{"type":"Feature","properties":{"country_code":"ROU","city":"Alba Iulia","geoname_id":"686578","h3_hexagon":590515122246516735,"h3_resolution":3,"downloaders":{"size":7628,"mobile":2739,"satellite":0,"tor":0,"tor_exit_nodes":0,"vpn":70,"relay":0,"proxy":0,"hosting":0,"service":0},"uploaders":{"size":51,"mobile":10,"satellite":0,"tor":0,"tor_exit_nodes":0,"vpn":0,"relay":0,"proxy":0,"hosting":0,"service":0}},"geometry":{"type":"Point","coordinates":[23.58333,46.06667]}},{"type":"Feature","properties":{"country_code":"BRA","city":"Ourinhos","geoname_id":"3455729","h3_hexagon":592927313318903807,"h3_resolution":3,"downloaders":{"size":7628,"mobile":0,"satellite":0,"tor":0,"tor_exit_nodes":0,"vpn":3,"relay":0,"proxy":0,"hosting":0,"service":0},"uploaders":{"size":7,"mobile":0,"satellite":0,"tor":0,"tor_exit_nodes":0,"vpn":0,"relay":0,"proxy":0,"hosting":0,"service":0}},"geometry":{"type":"Point","coordinates":[-49.87056,-22.97889]}},{"type":"Feature","properties":{"country_code":"POL","city":"Krasnystaw","geoname_id":"767605","h3_hexagon":590502202984890367,"h3_resolution":3,"downloaders":{"size":7626,"mobile":285,"satellite":0,"tor":0,"tor_exit_nodes":0,"vpn":9,"relay":0,"proxy":0,"hosting":3,"service":0},"uploaders":{"size":4,"mobile":0,"satellite":0,"tor":0,"tor_exit_nodes":0,"vpn":0,"relay":0,"proxy":0,"hosting":0,"service":0}},"geometry":{"type":"Point","coordinates":[23.1742,50.98464]}},{"type":"Feature","properties":{"country_code":"BRA","city":"Uberlândia","geoname_id":"3445831","h3_hexagon":592943943432273919,"h3_resolution":3,"downloaders":{"size":7592,"mobile":2698,"satellite":0,"tor":0,"tor_exit_nodes":0,"vpn":10,"relay":0,"proxy":0,"hosting":7,"service":0},"uploaders":{"size":31,"mobile":13,"satellite":0,"tor":0,"tor_exit_nodes":0,"vpn":0,"relay":0,"proxy":0,"hosting":0,"service":0}},"geometry":{"type":"Point","coordinates":[-48.27722,-18.91861]}},{"type":"Feature","properties":{"country_code":"KEN","city":"Nairobi","geoname_id":"184745","h3_hexagon":592125425744871423,"h3_resolution":3,"downloaders":{"size":7591,"mobile":1920,"satellite":277,"tor":0,"tor_exit_nodes":0,"vpn":214,"relay":0,"proxy":1,"hosting":395,"service":94},"uploaders":{"size":388,"mobile":177,"satellite":12,"tor":0,"tor_exit_nodes":0,"vpn":14,"relay":0,"proxy":0,"hosting":26,"service":13}},"geometry":{"type":"Point","coordinates":[36.81667,-1.28333]}},{"type":"Feature","properties":{"country_code":"DZA","city":"Tlemcen","geoname_id":"2475687","h3_hexagon":590957057201405951,"h3_resolution":3,"downloaders":{"size":7534,"mobile":988,"satellite":0,"tor":0,"tor_exit_nodes":0,"vpn":0,"relay":0,"proxy":0,"hosting":1,"service":0},"uploaders":{"size":13,"mobile":0,"satellite":0,"tor":0,"tor_exit_nodes":0,"vpn":0,"relay":0,"proxy":0,"hosting":0,"service":0}},"geometry":{"type":"Point","coordinates":[-1.315,34.87833]}},{"type":"Feature","properties":{"country_code":"SEN","city":"Dakar","geoname_id":"2253354","h3_hexagon":591461183282741247,"h3_resolution":3,"downloaders":{"size":7531,"mobile":5483,"satellite":0,"tor":0,"tor_exit_nodes":0,"vpn":1,"relay":0,"proxy":0,"hosting":7,"service":0},"uploaders":{"size":60,"mobile":25,"satellite":0,"tor":0,"tor_exit_nodes":0,"vpn":0,"relay":0,"proxy":0,"hosting":0,"service":0}},"geometry":{"type":"Point","coordinates":[-17.44406,14.6937]}},{"type":"Feature","properties":{"country_code":"UKR","city":"Baranivka","geoname_id":"712839","h3_hexagon":590507425665122303,"h3_resolution":3,"downloaders":{"size":7512,"mobile":0,"satellite":0,"tor":0,"tor_exit_nodes":0,"vpn":16,"relay":0,"proxy":0,"hosting":0,"service":0},"uploaders":{"size":11,"mobile":0,"satellite":0,"tor":0,"tor_exit_nodes":0,"vpn":0,"relay":0,"proxy":0,"hosting":0,"service":0}},"geometry":{"type":"Point","coordinates":[27.6622,50.29691]}},{"type":"Feature","properties":{"country_code":"TTO","city":"Laventille","geoname_id":"3574309","h3_hexagon":591648993612660735,"h3_resolution":3,"downloaders":{"size":7491,"mobile":3969,"satellite":11,"tor":0,"tor_exit_nodes":0,"vpn":34,"relay":0,"proxy":0,"hosting":0,"service":0},"uploaders":{"size":188,"mobile":148,"satellite":0,"tor":0,"tor_exit_nodes":0,"vpn":0,"relay":0,"proxy":0,"hosting":0,"service":0}},"geometry":{"type":"Point","coordinates":[-61.49889,10.64917]}},{"type":"Feature","properties":{"country_code":"IND","city":"Chennai","geoname_id":"1264527","h3_hexagon":591687820117016575,"h3_resolution":3,"downloaders":{"size":7482,"mobile":1169,"satellite":0,"tor":0,"tor_exit_nodes":0,"vpn":229,"relay":0,"proxy":1,"hosting":180,"service":207},"uploaders":{"size":39,"mobile":11,"satellite":0,"tor":0,"tor_exit_nodes":0,"vpn":0,"relay":0,"proxy":0,"hosting":14,"service":0}},"geometry":{"type":"Point","coordinates":[80.27847,13.08784]}},{"type":"Feature","properties":{"country_code":"USA","city":"Milton","geoname_id":"5263023","h3_hexagon":590663762474696703,"h3_resolution":3,"downloaders":{"size":7470,"mobile":34,"satellite":0,"tor":0,"tor_exit_nodes":0,"vpn":268,"relay":0,"proxy":0,"hosting":253,"service":0},"uploaders":{"size":132,"mobile":1,"satellite":0,"tor":0,"tor_exit_nodes":0,"vpn":5,"relay":0,"proxy":0,"hosting":0,"service":0}},"geometry":{"type":"Point","coordinates":[-88.944,42.77556]}},{"type":"Feature","properties":{"country_code":"BRA","city":"Cambé","geoname_id":"3467978","h3_hexagon":592927175879950335,"h3_resolution":3,"downloaders":{"size":7391,"mobile":151,"satellite":0,"tor":0,"tor_exit_nodes":0,"vpn":10,"relay":0,"proxy":0,"hosting":2,"service":0},"uploaders":{"size":7,"mobile":0,"satellite":0,"tor":0,"tor_exit_nodes":0,"vpn":0,"relay":0,"proxy":0,"hosting":0,"service":0}},"geometry":{"type":"Point","coordinates":[-51.27833,-23.27583]}},{"type":"Feature","properties":{"country_code":"KAZ","city":"Petropavl","geoname_id":"1520172","h3_hexagon":590559927345348607,"h3_resolution":3,"downloaders":{"size":7328,"mobile":603,"satellite":0,"tor":0,"tor_exit_nodes":0,"vpn":36,"relay":0,"proxy":0,"hosting":0,"service":0},"uploaders":{"size":8,"mobile":3,"satellite":0,"tor":0,"tor_exit_nodes":0,"vpn":0,"relay":0,"proxy":0,"hosting":0,"service":0}},"geometry":{"type":"Point","coordinates":[69.15065,54.87343]}},{"type":"Feature","properties":{"country_code":"BRA","city":"Quissamã","geoname_id":"3451927","h3_hexagon":592939270507855871,"h3_resolution":3,"downloaders":{"size":7324,"mobile":0,"satellite":0,"tor":0,"tor_exit_nodes":0,"vpn":12,"relay":0,"proxy":0,"hosting":0,"service":0},"uploaders":{"size":31,"mobile":0,"satellite":0,"tor":0,"tor_exit_nodes":0,"vpn":0,"relay":0,"proxy":0,"hosting":0,"service":0}},"geometry":{"type":"Point","coordinates":[-41.47222,-22.10667]}},{"type":"Feature","properties":{"country_code":"MEX","city":"Villahermosa","geoname_id":"3514670","h3_hexagon":591891367207108607,"h3_resolution":3,"downloaders":{"size":7322,"mobile":0,"satellite":0,"tor":0,"tor_exit_nodes":0,"vpn":55,"relay":0,"proxy":0,"hosting":0,"service":7},"uploaders":{"size":13,"mobile":0,"satellite":0,"tor":0,"tor_exit_nodes":0,"vpn":0,"relay":0,"proxy":0,"hosting":0,"service":0}},"geometry":{"type":"Point","coordinates":[-92.93928,17.98625]}},{"type":"Feature","properties":{"country_code":"USA","city":"Apache Junction","geoname_id":"5551535","h3_hexagon":591254406377242623,"h3_resolution":3,"downloaders":{"size":7312,"mobile":8,"satellite":31,"tor":0,"tor_exit_nodes":0,"vpn":860,"relay":2,"proxy":0,"hosting":4229,"service":855},"uploaders":{"size":289,"mobile":0,"satellite":1,"tor":0,"tor_exit_nodes":0,"vpn":32,"relay":0,"proxy":0,"hosting":142,"service":32}},"geometry":{"type":"Point","coordinates":[-111.5028,33.4001]}},{"type":"Feature","properties":{"country_code":"MAR","city":"Meknes","geoname_id":"2542715","h3_hexagon":590960493175242751,"h3_resolution":3,"downloaders":{"size":7296,"mobile":2370,"satellite":0,"tor":0,"tor_exit_nodes":0,"vpn":1,"relay":0,"proxy":0,"hosting":13,"service":0},"uploaders":{"size":13,"mobile":10,"satellite":0,"tor":0,"tor_exit_nodes":0,"vpn":0,"relay":0,"proxy":0,"hosting":0,"service":0}},"geometry":{"type":"Point","coordinates":[-5.54727,33.89352]}},{"type":"Feature","properties":{"country_code":"FRA","city":"Saint-André-les-Vergers","geoname_id":"2981716","h3_hexagon":590529141019770879,"h3_resolution":3,"downloaders":{"size":7229,"mobile":2665,"satellite":0,"tor":0,"tor_exit_nodes":0,"vpn":9,"relay":0,"proxy":0,"hosting":0,"service":0},"uploaders":{"size":12,"mobile":2,"satellite":0,"tor":0,"tor_exit_nodes":0,"vpn":0,"relay":0,"proxy":0,"hosting":0,"service":0}},"geometry":{"type":"Point","coordinates":[4.0521,48.28527]}},{"type":"Feature","properties":{"country_code":"USA","city":"Howell","geoname_id":"4996655","h3_hexagon":590663006560452607,"h3_resolution":3,"downloaders":{"size":7216,"mobile":7,"satellite":0,"tor":0,"tor_exit_nodes":0,"vpn":133,"relay":0,"proxy":0,"hosting":102,"service":28},"uploaders":{"size":50,"mobile":0,"satellite":0,"tor":0,"tor_exit_nodes":0,"vpn":0,"relay":0,"proxy":0,"hosting":2,"service":0}},"geometry":{"type":"Point","coordinates":[-83.9294,42.60726]}},{"type":"Feature","properties":{"country_code":"BRA","city":"Arapiraca","geoname_id":"3407327","h3_hexagon":592252969093693439,"h3_resolution":3,"downloaders":{"size":7159,"mobile":7,"satellite":0,"tor":0,"tor_exit_nodes":0,"vpn":14,"relay":0,"proxy":0,"hosting":0,"service":0},"uploaders":{"size":18,"mobile":0,"satellite":0,"tor":0,"tor_exit_nodes":0,"vpn":0,"relay":0,"proxy":0,"hosting":0,"service":0}},"geometry":{"type":"Point","coordinates":[-36.66111,-9.7525]}},{"type":"Feature","properties":{"country_code":"PAK","city":"Gujranwala","geoname_id":"1177662","h3_hexagon":591048454105464831,"h3_resolution":3,"downloaders":{"size":7156,"mobile":404,"satellite":0,"tor":0,"tor_exit_nodes":0,"vpn":10,"relay":0,"proxy":0,"hosting":4207,"service":0},"uploaders":{"size":10,"mobile":2,"satellite":0,"tor":0,"tor_exit_nodes":0,"vpn":0,"relay":0,"proxy":0,"hosting":1,"service":0}},"geometry":{"type":"Point","coordinates":[74.18705,32.15567]}},{"type":"Feature","properties":{"country_code":"BRA","city":"Rio Pomba","geoname_id":"3451094","h3_hexagon":592936246850879487,"h3_resolution":3,"downloaders":{"size":7084,"mobile":1,"satellite":0,"tor":0,"tor_exit_nodes":0,"vpn":12,"relay":0,"proxy":0,"hosting":0,"service":0},"uploaders":{"size":19,"mobile":0,"satellite":0,"tor":0,"tor_exit_nodes":0,"vpn":0,"relay":0,"proxy":0,"hosting":0,"service":0}},"geometry":{"type":"Point","coordinates":[-43.17917,-21.27472]}},{"type":"Feature","properties":{"country_code":"BRA","city":"Campo Grande","geoname_id":"3467747","h3_hexagon":592932948315996159,"h3_resolution":3,"downloaders":{"size":7081,"mobile":27,"satellite":0,"tor":0,"tor_exit_nodes":0,"vpn":18,"relay":0,"proxy":0,"hosting":2,"service":0},"uploaders":{"size":30,"mobile":4,"satellite":0,"tor":0,"tor_exit_nodes":0,"vpn":0,"relay":0,"proxy":0,"hosting":0,"service":0}},"geometry":{"type":"Point","coordinates":[-54.64639,-20.44278]}},{"type":"Feature","properties":{"country_code":"RUS","city":"Al’met’yevsk","geoname_id":"582432","h3_hexagon":590262784327942143,"h3_resolution":3,"downloaders":{"size":7048,"mobile":0,"satellite":0,"tor":0,"tor_exit_nodes":0,"vpn":168,"relay":0,"proxy":0,"hosting":0,"service":0},"uploaders":{"size":11,"mobile":0,"satellite":0,"tor":0,"tor_exit_nodes":0,"vpn":0,"relay":0,"proxy":0,"hosting":0,"service":0}},"geometry":{"type":"Point","coordinates":[52.3154,54.90442]}},{"type":"Feature","properties":{"country_code":"ECU","city":"Quito","geoname_id":"3652462","h3_hexagon":591780522691133439,"h3_resolution":3,"downloaders":{"size":7045,"mobile":1775,"satellite":43,"tor":0,"tor_exit_nodes":0,"vpn":288,"relay":0,"proxy":0,"hosting":268,"service":227},"uploaders":{"size":160,"mobile":72,"satellite":0,"tor":0,"tor_exit_nodes":0,"vpn":10,"relay":0,"proxy":0,"hosting":3,"service":10}},"geometry":{"type":"Point","coordinates":[-78.52495,-0.22985]}},{"type":"Feature","properties":{"country_code":"MEX","city":"Tuxtla","geoname_id":"3515001","h3_hexagon":591891573365538815,"h3_resolution":3,"downloaders":{"size":7031,"mobile":0,"satellite":0,"tor":0,"tor_exit_nodes":0,"vpn":1,"relay":0,"proxy":0,"hosting":0,"service":0},"uploaders":{"size":5,"mobile":0,"satellite":0,"tor":0,"tor_exit_nodes":0,"vpn":0,"relay":0,"proxy":0,"hosting":0,"service":0}},"geometry":{"type":"Point","coordinates":[-93.11578,16.75357]}},{"type":"Feature","properties":{"country_code":"BGR","city":"Dulovo","geoname_id":"731818","h3_hexagon":590515328404946943,"h3_resolution":3,"downloaders":{"size":7004,"mobile":615,"satellite":0,"tor":0,"tor_exit_nodes":0,"vpn":31,"relay":0,"proxy":0,"hosting":137,"service":0},"uploaders":{"size":4,"mobile":0,"satellite":0,"tor":0,"tor_exit_nodes":0,"vpn":0,"relay":0,"proxy":0,"hosting":0,"service":0}},"geometry":{"type":"Point","coordinates":[27.15,43.81667]}},{"type":"Feature","properties":{"country_code":"DEU","city":"Oldenburg","geoname_id":"2857458","h3_hexagon":590518352061923327,"h3_resolution":3,"downloaders":{"size":7000,"mobile":629,"satellite":0,"tor":0,"tor_exit_nodes":0,"vpn":112,"relay":3,"proxy":0,"hosting":8,"service":3},"uploaders":{"size":11,"mobile":0,"satellite":0,"tor":0,"tor_exit_nodes":0,"vpn":0,"relay":0,"proxy":0,"hosting":0,"service":0}},"geometry":{"type":"Point","coordinates":[8.21467,53.14118]}},{"type":"Feature","properties":{"country_code":"BLR","city":"Homyel'","geoname_id":"627907","h3_hexagon":590283056573579263,"h3_resolution":3,"downloaders":{"size":6941,"mobile":49,"satellite":0,"tor":0,"tor_exit_nodes":0,"vpn":13,"relay":0,"proxy":0,"hosting":0,"service":0},"uploaders":{"size":14,"mobile":0,"satellite":0,"tor":0,"tor_exit_nodes":0,"vpn":0,"relay":0,"proxy":0,"hosting":0,"service":0}},"geometry":{"type":"Point","coordinates":[30.9754,52.4345]}},{"type":"Feature","properties":{"country_code":"RUS","city":"Uzlovaya","geoname_id":"477494","h3_hexagon":590279689319219199,"h3_resolution":3,"downloaders":{"size":6932,"mobile":96,"satellite":0,"tor":0,"tor_exit_nodes":0,"vpn":126,"relay":0,"proxy":0,"hosting":1,"service":1},"uploaders":{"size":11,"mobile":0,"satellite":0,"tor":0,"tor_exit_nodes":0,"vpn":0,"relay":0,"proxy":0,"hosting":0,"service":0}},"geometry":{"type":"Point","coordinates":[38.15984,53.9839]}},{"type":"Feature","properties":{"country_code":"JPN","city":"Kōriyama","geoname_id":"2112141","h3_hexagon":590783677961601023,"h3_resolution":3,"downloaders":{"size":6844,"mobile":739,"satellite":0,"tor":0,"tor_exit_nodes":0,"vpn":95,"relay":1,"proxy":0,"hosting":46,"service":26},"uploaders":{"size":3,"mobile":1,"satellite":0,"tor":0,"tor_exit_nodes":0,"vpn":0,"relay":0,"proxy":0,"hosting":0,"service":0}},"geometry":{"type":"Point","coordinates":[140.38333,37.4]}},{"type":"Feature","properties":{"country_code":"BGR","city":"Dimovo","geoname_id":"732253","h3_hexagon":590514916088086527,"h3_resolution":3,"downloaders":{"size":6833,"mobile":244,"satellite":0,"tor":0,"tor_exit_nodes":0,"vpn":43,"relay":0,"proxy":0,"hosting":0,"service":0},"uploaders":{"size":18,"mobile":11,"satellite":0,"tor":0,"tor_exit_nodes":0,"vpn":0,"relay":0,"proxy":0,"hosting":0,"service":0}},"geometry":{"type":"Point","coordinates":[22.72694,43.74167]}},{"type":"Feature","properties":{"country_code":"NZL","city":"Christchurch","geoname_id":"2192362","h3_hexagon":593819017249030143,"h3_resolution":3,"downloaders":{"size":6814,"mobile":3119,"satellite":5,"tor":0,"tor_exit_nodes":0,"vpn":47,"relay":0,"proxy":0,"hosting":31,"service":0},"uploaders":{"size":247,"mobile":76,"satellite":1,"tor":0,"tor_exit_nodes":0,"vpn":0,"relay":0,"proxy":0,"hosting":0,"service":0}},"geometry":{"type":"Point","coordinates":[172.63333,-43.53333]}},{"type":"Feature","properties":{"country_code":"MEX","city":"Nuevo Centro de Población Ejidal el 30","geoname_id":"8860977","h3_hexagon":591238394739163135,"h3_resolution":3,"downloaders":{"size":6715,"mobile":180,"satellite":0,"tor":0,"tor_exit_nodes":0,"vpn":10,"relay":0,"proxy":0,"hosting":0,"service":0},"uploaders":{"size":23,"mobile":0,"satellite":0,"tor":0,"tor_exit_nodes":0,"vpn":0,"relay":0,"proxy":0,"hosting":0,"service":0}},"geometry":{"type":"Point","coordinates":[-107.38917,24.61]}},{"type":"Feature","properties":{"country_code":"USA","city":"McAllen","geoname_id":"4709796","h3_hexagon":591250558086545407,"h3_resolution":3,"downloaders":{"size":6702,"mobile":1,"satellite":0,"tor":0,"tor_exit_nodes":0,"vpn":2514,"relay":0,"proxy":0,"hosting":2495,"service":2495},"uploaders":{"size":478,"mobile":0,"satellite":0,"tor":0,"tor_exit_nodes":0,"vpn":453,"relay":0,"proxy":0,"hosting":453,"service":453}},"geometry":{"type":"Point","coordinates":[-98.23001,26.20341]}},{"type":"Feature","properties":{"country_code":"CHN","city":"Changchun","geoname_id":"2038180","h3_hexagon":590841745919442943,"h3_resolution":3,"downloaders":{"size":6678,"mobile":0,"satellite":0,"tor":0,"tor_exit_nodes":0,"vpn":188,"relay":0,"proxy":0,"hosting":142,"service":0},"uploaders":{"size":25,"mobile":0,"satellite":0,"tor":0,"tor_exit_nodes":0,"vpn":3,"relay":0,"proxy":0,"hosting":0,"service":0}},"geometry":{"type":"Point","coordinates":[125.32278,43.88]}},{"type":"Feature","properties":{"country_code":"SWE","city":"Falkenberg","geoname_id":"2715573","h3_hexagon":590519245415120895,"h3_resolution":3,"downloaders":{"size":6669,"mobile":59,"satellite":0,"tor":10,"tor_exit_nodes":2,"vpn":3058,"relay":0,"proxy":0,"hosting":2716,"service":2783},"uploaders":{"size":171,"mobile":0,"satellite":0,"tor":1,"tor_exit_nodes":0,"vpn":150,"relay":0,"proxy":0,"hosting":144,"service":150}},"geometry":{"type":"Point","coordinates":[12.49118,56.90552]}},{"type":"Feature","properties":{"country_code":"BRA","city":"Gonçalves","geoname_id":"3462348","h3_hexagon":592938926910472191,"h3_resolution":3,"downloaders":{"size":6667,"mobile":6,"satellite":0,"tor":0,"tor_exit_nodes":0,"vpn":55,"relay":0,"proxy":0,"hosting":256,"service":0},"uploaders":{"size":10,"mobile":0,"satellite":0,"tor":0,"tor_exit_nodes":0,"vpn":0,"relay":0,"proxy":0,"hosting":0,"service":0}},"geometry":{"type":"Point","coordinates":[-45.85583,-22.65889]}},{"type":"Feature","properties":{"country_code":"GBR","city":"Plymouth","geoname_id":"2640194","h3_hexagon":590401803829379071,"h3_resolution":3,"downloaders":{"size":6657,"mobile":425,"satellite":0,"tor":0,"tor_exit_nodes":0,"vpn":85,"relay":0,"proxy":0,"hosting":21,"service":0},"uploaders":{"size":68,"mobile":7,"satellite":0,"tor":0,"tor_exit_nodes":0,"vpn":0,"relay":0,"proxy":0,"hosting":0,"service":0}},"geometry":{"type":"Point","coordinates":[-4.14305,50.37153]}},{"type":"Feature","properties":{"country_code":"BRA","city":"Ipatinga","geoname_id":"3461144","h3_hexagon":592936109411926015,"h3_resolution":3,"downloaders":{"size":6650,"mobile":5,"satellite":0,"tor":0,"tor_exit_nodes":0,"vpn":12,"relay":0,"proxy":0,"hosting":0,"service":0},"uploaders":{"size":7,"mobile":0,"satellite":0,"tor":0,"tor_exit_nodes":0,"vpn":0,"relay":0,"proxy":0,"hosting":0,"service":0}},"geometry":{"type":"Point","coordinates":[-42.53667,-19.46833]}},{"type":"Feature","properties":{"country_code":"FRA","city":"Loudéac","geoname_id":"2997465","h3_hexagon":590398505294495743,"h3_resolution":3,"downloaders":{"size":6614,"mobile":2370,"satellite":0,"tor":0,"tor_exit_nodes":0,"vpn":1,"relay":0,"proxy":0,"hosting":0,"service":0},"uploaders":{"size":8,"mobile":1,"satellite":0,"tor":0,"tor_exit_nodes":0,"vpn":0,"relay":0,"proxy":0,"hosting":0,"service":0}},"geometry":{"type":"Point","coordinates":[-2.7558,48.1776]}},{"type":"Feature","properties":{"country_code":"FRA","city":"Chalon-sur-Saône","geoname_id":"3027484","h3_hexagon":590527216874422271,"h3_resolution":3,"downloaders":{"size":6605,"mobile":2470,"satellite":0,"tor":0,"tor_exit_nodes":0,"vpn":4,"relay":4,"proxy":0,"hosting":4,"service":4},"uploaders":{"size":17,"mobile":11,"satellite":0,"tor":0,"tor_exit_nodes":0,"vpn":0,"relay":0,"proxy":0,"hosting":0,"service":0}},"geometry":{"type":"Point","coordinates":[4.85372,46.78112]}},{"type":"Feature","properties":{"country_code":"BRA","city":"Guarabira","geoname_id":"3398570","h3_hexagon":592250770070437887,"h3_resolution":3,"downloaders":{"size":6595,"mobile":0,"satellite":0,"tor":0,"tor_exit_nodes":0,"vpn":11,"relay":0,"proxy":0,"hosting":250,"service":0},"uploaders":{"size":30,"mobile":0,"satellite":0,"tor":0,"tor_exit_nodes":0,"vpn":0,"relay":0,"proxy":0,"hosting":2,"service":0}},"geometry":{"type":"Point","coordinates":[-35.49,-6.85472]}},{"type":"Feature","properties":{"country_code":"BRA","city":"Belém","geoname_id":"3405870","h3_hexagon":592228092643115007,"h3_resolution":3,"downloaders":{"size":6585,"mobile":197,"satellite":0,"tor":0,"tor_exit_nodes":0,"vpn":14,"relay":0,"proxy":0,"hosting":0,"service":0},"uploaders":{"size":32,"mobile":2,"satellite":0,"tor":0,"tor_exit_nodes":0,"vpn":0,"relay":0,"proxy":0,"hosting":0,"service":0}},"geometry":{"type":"Point","coordinates":[-48.50444,-1.45583]}},{"type":"Feature","properties":{"country_code":"ARG","city":"Mar del Plata","geoname_id":"3430863","h3_hexagon":593384710156058623,"h3_resolution":3,"downloaders":{"size":6584,"mobile":3732,"satellite":0,"tor":0,"tor_exit_nodes":0,"vpn":0,"relay":0,"proxy":0,"hosting":0,"service":0},"uploaders":{"size":69,"mobile":20,"satellite":0,"tor":0,"tor_exit_nodes":0,"vpn":0,"relay":0,"proxy":0,"hosting":0,"service":0}},"geometry":{"type":"Point","coordinates":[-57.5562,-38.00042]}},{"type":"Feature","properties":{"country_code":"MEX","city":"San Luis Río Colorado","geoname_id":"3985604","h3_hexagon":591244510772592639,"h3_resolution":3,"downloaders":{"size":6564,"mobile":0,"satellite":0,"tor":0,"tor_exit_nodes":0,"vpn":11,"relay":0,"proxy":0,"hosting":0,"service":0},"uploaders":{"size":29,"mobile":0,"satellite":0,"tor":0,"tor_exit_nodes":0,"vpn":0,"relay":0,"proxy":0,"hosting":0,"service":0}},"geometry":{"type":"Point","coordinates":[-114.77037,32.4555]}},{"type":"Feature","properties":{"country_code":"UKR","city":"Mykolayiv","geoname_id":"700569","h3_hexagon":590504745605529599,"h3_resolution":3,"downloaders":{"size":6548,"mobile":0,"satellite":0,"tor":0,"tor_exit_nodes":0,"vpn":27,"relay":0,"proxy":0,"hosting":16,"service":1},"uploaders":{"size":9,"mobile":0,"satellite":0,"tor":0,"tor_exit_nodes":0,"vpn":0,"relay":0,"proxy":0,"hosting":0,"service":0}},"geometry":{"type":"Point","coordinates":[31.99296,46.97625]}},{"type":"Feature","properties":{"country_code":"FRA","city":"Jarnac","geoname_id":"3012477","h3_hexagon":590401185354088447,"h3_resolution":3,"downloaders":{"size":6546,"mobile":2850,"satellite":0,"tor":0,"tor_exit_nodes":0,"vpn":30,"relay":0,"proxy":0,"hosting":2,"service":0},"uploaders":{"size":11,"mobile":6,"satellite":0,"tor":0,"tor_exit_nodes":0,"vpn":0,"relay":0,"proxy":0,"hosting":0,"service":0}},"geometry":{"type":"Point","coordinates":[-0.17329,45.6816]}},{"type":"Feature","properties":{"country_code":"CHN","city":"Jinzhong","geoname_id":"10942283","h3_hexagon":590843532625838079,"h3_resolution":3,"downloaders":{"size":6539,"mobile":0,"satellite":0,"tor":0,"tor_exit_nodes":0,"vpn":241,"relay":0,"proxy":0,"hosting":0,"service":0},"uploaders":{"size":38,"mobile":0,"satellite":0,"tor":0,"tor_exit_nodes":0,"vpn":0,"relay":0,"proxy":0,"hosting":0,"service":0}},"geometry":{"type":"Point","coordinates":[112.75471,37.68403]}},{"type":"Feature","properties":{"country_code":"COL","city":"Ibagué","geoname_id":"3680656","h3_hexagon":591781828361191423,"h3_resolution":3,"downloaders":{"size":6525,"mobile":1559,"satellite":0,"tor":0,"tor_exit_nodes":0,"vpn":12,"relay":0,"proxy":0,"hosting":26,"service":0},"uploaders":{"size":3,"mobile":0,"satellite":0,"tor":0,"tor_exit_nodes":0,"vpn":0,"relay":0,"proxy":0,"hosting":0,"service":0}},"geometry":{"type":"Point","coordinates":[-75.20289,4.43573]}},{"type":"Feature","properties":{"country_code":"POL","city":"Grudziądz","geoname_id":"3098218","h3_hexagon":590522887547387903,"h3_resolution":3,"downloaders":{"size":6522,"mobile":446,"satellite":0,"tor":0,"tor_exit_nodes":0,"vpn":632,"relay":0,"proxy":0,"hosting":492,"service":492},"uploaders":{"size":46,"mobile":4,"satellite":0,"tor":0,"tor_exit_nodes":0,"vpn":26,"relay":0,"proxy":0,"hosting":21,"service":21}},"geometry":{"type":"Point","coordinates":[18.75366,53.48411]}},{"type":"Feature","properties":{"country_code":"KAZ","city":"Tobyl","geoname_id":"1517073","h3_hexagon":590554979543023615,"h3_resolution":3,"downloaders":{"size":6516,"mobile":1622,"satellite":0,"tor":0,"tor_exit_nodes":0,"vpn":11,"relay":0,"proxy":0,"hosting":39,"service":0},"uploaders":{"size":4,"mobile":4,"satellite":0,"tor":0,"tor_exit_nodes":0,"vpn":0,"relay":0,"proxy":0,"hosting":0,"service":0}},"geometry":{"type":"Point","coordinates":[63.70038,53.20666]}},{"type":"Feature","properties":{"country_code":"USA","city":"Moore","geoname_id":"4542975","h3_hexagon":590653385833709567,"h3_resolution":3,"downloaders":{"size":6513,"mobile":198,"satellite":0,"tor":0,"tor_exit_nodes":0,"vpn":232,"relay":1,"proxy":0,"hosting":132,"service":76},"uploaders":{"size":59,"mobile":4,"satellite":0,"tor":0,"tor_exit_nodes":0,"vpn":11,"relay":0,"proxy":0,"hosting":11,"service":4}},"geometry":{"type":"Point","coordinates":[-97.4867,35.33951]}},{"type":"Feature","properties":{"country_code":"BRA","city":"Poços de Caldas","geoname_id":"3453303","h3_hexagon":592938995629948927,"h3_resolution":3,"downloaders":{"size":6490,"mobile":109,"satellite":0,"tor":0,"tor_exit_nodes":0,"vpn":3,"relay":0,"proxy":0,"hosting":0,"service":0},"uploaders":{"size":27,"mobile":0,"satellite":0,"tor":0,"tor_exit_nodes":0,"vpn":0,"relay":0,"proxy":0,"hosting":0,"service":0}},"geometry":{"type":"Point","coordinates":[-46.56139,-21.78778]}},{"type":"Feature","properties":{"country_code":"RUS","city":"Nizhnekamsk","geoname_id":"521118","h3_hexagon":590264845912244223,"h3_resolution":3,"downloaders":{"size":6472,"mobile":270,"satellite":0,"tor":0,"tor_exit_nodes":0,"vpn":40,"relay":0,"proxy":0,"hosting":0,"service":0},"uploaders":{"size":14,"mobile":0,"satellite":0,"tor":0,"tor_exit_nodes":0,"vpn":0,"relay":0,"proxy":0,"hosting":0,"service":0}},"geometry":{"type":"Point","coordinates":[51.82447,55.63657]}},{"type":"Feature","properties":{"country_code":"RUS","city":"Ussuriysk","geoname_id":"2014006","h3_hexagon":590794673077878783,"h3_resolution":3,"downloaders":{"size":6463,"mobile":112,"satellite":0,"tor":0,"tor_exit_nodes":0,"vpn":187,"relay":0,"proxy":0,"hosting":0,"service":89},"uploaders":{"size":8,"mobile":0,"satellite":0,"tor":0,"tor_exit_nodes":0,"vpn":0,"relay":0,"proxy":0,"hosting":0,"service":0}},"geometry":{"type":"Point","coordinates":[131.95734,43.80467]}},{"type":"Feature","properties":{"country_code":"PRT","city":"Abrantes","geoname_id":"2272447","h3_hexagon":590974786826403839,"h3_resolution":3,"downloaders":{"size":6443,"mobile":101,"satellite":0,"tor":0,"tor_exit_nodes":0,"vpn":43,"relay":0,"proxy":0,"hosting":0,"service":0},"uploaders":{"size":49,"mobile":4,"satellite":0,"tor":0,"tor_exit_nodes":0,"vpn":0,"relay":0,"proxy":0,"hosting":0,"service":0}},"geometry":{"type":"Point","coordinates":[-8.2,39.46667]}},{"type":"Feature","properties":{"country_code":"CAN","city":"Saskatoon","geoname_id":"6141256","h3_hexagon":590294395287240703,"h3_resolution":3,"downloaders":{"size":6432,"mobile":2107,"satellite":0,"tor":0,"tor_exit_nodes":0,"vpn":72,"relay":2,"proxy":0,"hosting":2,"service":2},"uploaders":{"size":76,"mobile":25,"satellite":0,"tor":0,"tor_exit_nodes":0,"vpn":0,"relay":0,"proxy":0,"hosting":0,"service":0}},"geometry":{"type":"Point","coordinates":[-106.66892,52.13238]}},{"type":"Feature","properties":{"country_code":"BRA","city":"Foz do Iguaçu","geoname_id":"3463030","h3_hexagon":592951158977331199,"h3_resolution":3,"downloaders":{"size":6425,"mobile":352,"satellite":0,"tor":0,"tor_exit_nodes":0,"vpn":22,"relay":0,"proxy":0,"hosting":0,"service":0},"uploaders":{"size":33,"mobile":0,"satellite":0,"tor":0,"tor_exit_nodes":0,"vpn":1,"relay":0,"proxy":0,"hosting":0,"service":0}},"geometry":{"type":"Point","coordinates":[-54.58806,-25.54778]}},{"type":"Feature","properties":{"country_code":"ESP","city":"A Coruña","geoname_id":"3119841","h3_hexagon":590976917130182655,"h3_resolution":3,"downloaders":{"size":6423,"mobile":1863,"satellite":0,"tor":0,"tor_exit_nodes":0,"vpn":36,"relay":0,"proxy":0,"hosting":21,"service":11},"uploaders":{"size":66,"mobile":9,"satellite":0,"tor":0,"tor_exit_nodes":0,"vpn":4,"relay":0,"proxy":0,"hosting":9,"service":4}},"geometry":{"type":"Point","coordinates":[-8.396,43.37135]}},{"type":"Feature","properties":{"country_code":"IND","city":"Kolkata","geoname_id":"1275004","h3_hexagon":591043781181046783,"h3_resolution":3,"downloaders":{"size":6422,"mobile":1329,"satellite":0,"tor":0,"tor_exit_nodes":0,"vpn":36,"relay":0,"proxy":0,"hosting":111,"service":7},"uploaders":{"size":67,"mobile":11,"satellite":0,"tor":0,"tor_exit_nodes":0,"vpn":2,"relay":0,"proxy":0,"hosting":4,"service":2}},"geometry":{"type":"Point","coordinates":[88.36304,22.56263]}},{"type":"Feature","properties":{"country_code":"RUS","city":"Zheleznogorsk","geoname_id":"1538635","h3_hexagon":590159911271268351,"h3_resolution":3,"downloaders":{"size":6418,"mobile":0,"satellite":0,"tor":0,"tor_exit_nodes":0,"vpn":31,"relay":0,"proxy":0,"hosting":0,"service":14},"uploaders":{"size":7,"mobile":0,"satellite":0,"tor":0,"tor_exit_nodes":0,"vpn":0,"relay":0,"proxy":0,"hosting":0,"service":0}},"geometry":{"type":"Point","coordinates":[93.53142,56.25109]}},{"type":"Feature","properties":{"country_code":"ARG","city":"San Miguel de Tucumán","geoname_id":"3836873","h3_hexagon":593126874679345151,"h3_resolution":3,"downloaders":{"size":6414,"mobile":2104,"satellite":0,"tor":0,"tor_exit_nodes":0,"vpn":7,"relay":0,"proxy":0,"hosting":0,"service":1},"uploaders":{"size":41,"mobile":21,"satellite":0,"tor":0,"tor_exit_nodes":0,"vpn":0,"relay":0,"proxy":0,"hosting":0,"service":0}},"geometry":{"type":"Point","coordinates":[-65.21051,-26.81601]}},{"type":"Feature","properties":{"country_code":"CAN","city":"New Maryland","geoname_id":"6087704","h3_hexagon":590730008050270207,"h3_resolution":3,"downloaders":{"size":6410,"mobile":399,"satellite":70,"tor":0,"tor_exit_nodes":0,"vpn":53,"relay":0,"proxy":0,"hosting":0,"service":0},"uploaders":{"size":99,"mobile":6,"satellite":0,"tor":0,"tor_exit_nodes":0,"vpn":0,"relay":0,"proxy":0,"hosting":0,"service":0}},"geometry":{"type":"Point","coordinates":[-66.68225,45.89662]}},{"type":"Feature","properties":{"country_code":"RUS","city":"Ukhta","geoname_id":"479411","h3_hexagon":590258867317768191,"h3_resolution":3,"downloaders":{"size":6394,"mobile":0,"satellite":0,"tor":0,"tor_exit_nodes":0,"vpn":28,"relay":0,"proxy":0,"hosting":0,"service":0},"uploaders":{"size":13,"mobile":0,"satellite":0,"tor":0,"tor_exit_nodes":0,"vpn":0,"relay":0,"proxy":0,"hosting":0,"service":0}},"geometry":{"type":"Point","coordinates":[53.69141,63.56904]}},{"type":"Feature","properties":{"country_code":"CAN","city":"Warwick","geoname_id":"6176393","h3_hexagon":590739628777013247,"h3_resolution":3,"downloaders":{"size":6383,"mobile":250,"satellite":0,"tor":0,"tor_exit_nodes":0,"vpn":122,"relay":9,"proxy":0,"hosting":9,"service":9},"uploaders":{"size":34,"mobile":0,"satellite":0,"tor":0,"tor_exit_nodes":0,"vpn":0,"relay":0,"proxy":0,"hosting":0,"service":0}},"geometry":{"type":"Point","coordinates":[-71.9824,45.95007]}},{"type":"Feature","properties":{"country_code":"ARG","city":"La Plata","geoname_id":"3432043","h3_hexagon":593400034599370751,"h3_resolution":3,"downloaders":{"size":6381,"mobile":1086,"satellite":0,"tor":0,"tor_exit_nodes":0,"vpn":34,"relay":0,"proxy":0,"hosting":54,"service":33},"uploaders":{"size":77,"mobile":3,"satellite":0,"tor":0,"tor_exit_nodes":0,"vpn":0,"relay":0,"proxy":0,"hosting":0,"service":0}},"geometry":{"type":"Point","coordinates":[-57.95442,-34.92126]}},{"type":"Feature","properties":{"country_code":"DEU","city":"Hessisch Lichtenau","geoname_id":"2905293","h3_hexagon":590528797422387199,"h3_resolution":3,"downloaders":{"size":6372,"mobile":116,"satellite":0,"tor":0,"tor_exit_nodes":0,"vpn":82,"relay":0,"proxy":0,"hosting":163,"service":0},"uploaders":{"size":5,"mobile":0,"satellite":0,"tor":0,"tor_exit_nodes":0,"vpn":1,"relay":0,"proxy":0,"hosting":0,"service":0}},"geometry":{"type":"Point","coordinates":[9.71857,51.19954]}},{"type":"Feature","properties":{"country_code":"USA","city":"Burlington","geoname_id":"4458228","h3_hexagon":590720043726143487,"h3_resolution":3,"downloaders":{"size":6358,"mobile":0,"satellite":0,"tor":0,"tor_exit_nodes":0,"vpn":53,"relay":9,"proxy":0,"hosting":9,"service":9},"uploaders":{"size":21,"mobile":0,"satellite":0,"tor":0,"tor_exit_nodes":0,"vpn":0,"relay":0,"proxy":0,"hosting":0,"service":0}},"geometry":{"type":"Point","coordinates":[-79.4889,36.0318]}},{"type":"Feature","properties":{"country_code":"RUS","city":"Zheleznogorsk","geoname_id":"463343","h3_hexagon":590282987854102527,"h3_resolution":3,"downloaders":{"size":6339,"mobile":0,"satellite":0,"tor":0,"tor_exit_nodes":0,"vpn":41,"relay":0,"proxy":0,"hosting":0,"service":0},"uploaders":{"size":7,"mobile":0,"satellite":0,"tor":0,"tor_exit_nodes":0,"vpn":0,"relay":0,"proxy":0,"hosting":0,"service":0}},"geometry":{"type":"Point","coordinates":[35.35917,52.34198]}},{"type":"Feature","properties":{"country_code":"ESP","city":"Burgos","geoname_id":"3127461","h3_hexagon":590977192008089599,"h3_resolution":3,"downloaders":{"size":6337,"mobile":942,"satellite":0,"tor":0,"tor_exit_nodes":0,"vpn":27,"relay":0,"proxy":0,"hosting":468,"service":2},"uploaders":{"size":42,"mobile":6,"satellite":0,"tor":0,"tor_exit_nodes":0,"vpn":0,"relay":0,"proxy":0,"hosting":0,"service":0}},"geometry":{"type":"Point","coordinates":[-3.70184,42.34106]}},{"type":"Feature","properties":{"country_code":"ESP","city":"Inca","geoname_id":"2516452","h3_hexagon":590978909995007999,"h3_resolution":3,"downloaders":{"size":6321,"mobile":1172,"satellite":0,"tor":0,"tor_exit_nodes":0,"vpn":32,"relay":0,"proxy":0,"hosting":9,"service":9},"uploaders":{"size":76,"mobile":31,"satellite":0,"tor":0,"tor_exit_nodes":0,"vpn":0,"relay":0,"proxy":0,"hosting":0,"service":0}},"geometry":{"type":"Point","coordinates":[2.91093,39.7211]}},{"type":"Feature","properties":{"country_code":"CHE","city":"Bellinzona","geoname_id":"2661567","h3_hexagon":590527766630236159,"h3_resolution":3,"downloaders":{"size":6315,"mobile":88,"satellite":0,"tor":3,"tor_exit_nodes":3,"vpn":3635,"relay":1,"proxy":0,"hosting":4306,"service":3303},"uploaders":{"size":294,"mobile":0,"satellite":0,"tor":0,"tor_exit_nodes":0,"vpn":269,"relay":0,"proxy":0,"hosting":280,"service":251}},"geometry":{"type":"Point","coordinates":[9.01703,46.19278]}},{"type":"Feature","properties":{"country_code":"USA","city":"Bon Air","geoname_id":"4748305","h3_hexagon":590720181165096959,"h3_resolution":3,"downloaders":{"size":6310,"mobile":0,"satellite":43,"tor":0,"tor_exit_nodes":0,"vpn":58,"relay":0,"proxy":0,"hosting":2,"service":0},"uploaders":{"size":60,"mobile":0,"satellite":2,"tor":0,"tor_exit_nodes":0,"vpn":0,"relay":0,"proxy":0,"hosting":0,"service":0}},"geometry":{"type":"Point","coordinates":[-77.55777,37.52487]}},{"type":"Feature","properties":{"country_code":"DEU","city":"Göppingen","geoname_id":"2919054","h3_hexagon":590526598399131647,"h3_resolution":3,"downloaders":{"size":6310,"mobile":207,"satellite":0,"tor":0,"tor_exit_nodes":0,"vpn":41,"relay":0,"proxy":0,"hosting":173,"service":0},"uploaders":{"size":3,"mobile":0,"satellite":0,"tor":0,"tor_exit_nodes":0,"vpn":0,"relay":0,"proxy":0,"hosting":0,"service":0}},"geometry":{"type":"Point","coordinates":[9.65209,48.70354]}},{"type":"Feature","properties":{"country_code":"DEU","city":"Ochsenfurt","geoname_id":"2858333","h3_hexagon":590528522544480255,"h3_resolution":3,"downloaders":{"size":6302,"mobile":239,"satellite":0,"tor":0,"tor_exit_nodes":0,"vpn":400,"relay":0,"proxy":0,"hosting":299,"service":339},"uploaders":{"size":7,"mobile":0,"satellite":0,"tor":0,"tor_exit_nodes":0,"vpn":7,"relay":0,"proxy":0,"hosting":0,"service":7}},"geometry":{"type":"Point","coordinates":[10.06227,49.66429]}},{"type":"Feature","properties":{"country_code":"PRT","city":"Portimão","geoname_id":"2264456","h3_hexagon":590975474021171199,"h3_resolution":3,"downloaders":{"size":6284,"mobile":257,"satellite":0,"tor":0,"tor_exit_nodes":0,"vpn":36,"relay":0,"proxy":0,"hosting":0,"service":0},"uploaders":{"size":73,"mobile":16,"satellite":0,"tor":0,"tor_exit_nodes":0,"vpn":0,"relay":0,"proxy":0,"hosting":0,"service":0}},"geometry":{"type":"Point","coordinates":[-8.53775,37.13856]}},{"type":"Feature","properties":{"country_code":"CHN","city":"Zhangjiakou","geoname_id":"2033196","h3_hexagon":590844838295896063,"h3_resolution":3,"downloaders":{"size":6273,"mobile":0,"satellite":0,"tor":0,"tor_exit_nodes":0,"vpn":1,"relay":0,"proxy":0,"hosting":0,"service":0},"uploaders":{"size":17,"mobile":0,"satellite":0,"tor":0,"tor_exit_nodes":0,"vpn":0,"relay":0,"proxy":0,"hosting":0,"service":0}},"geometry":{"type":"Point","coordinates":[114.87139,40.78341]}},{"type":"Feature","properties":{"country_code":"USA","city":"Milwaukee","geoname_id":"5263045","h3_hexagon":590664106072080383,"h3_resolution":3,"downloaders":{"size":6269,"mobile":156,"satellite":0,"tor":0,"tor_exit_nodes":0,"vpn":623,"relay":0,"proxy":0,"hosting":607,"service":535},"uploaders":{"size":39,"mobile":5,"satellite":0,"tor":0,"tor_exit_nodes":0,"vpn":17,"relay":0,"proxy":0,"hosting":8,"service":8}},"geometry":{"type":"Point","coordinates":[-88.0015,43.0488]}},{"type":"Feature","properties":{"country_code":"RUS","city":"Tikhvin","geoname_id":"483019","h3_hexagon":590272611213115391,"h3_resolution":3,"downloaders":{"size":6248,"mobile":10,"satellite":0,"tor":0,"tor_exit_nodes":0,"vpn":15,"relay":0,"proxy":0,"hosting":0,"service":0},"uploaders":{"size":4,"mobile":0,"satellite":0,"tor":0,"tor_exit_nodes":0,"vpn":0,"relay":0,"proxy":0,"hosting":0,"service":0}},"geometry":{"type":"Point","coordinates":[33.52967,59.63937]}},{"type":"Feature","properties":{"country_code":"KGZ","city":"Kant","geoname_id":"1528193","h3_hexagon":590536425284304895,"h3_resolution":3,"downloaders":{"size":6221,"mobile":223,"satellite":0,"tor":0,"tor_exit_nodes":0,"vpn":283,"relay":0,"proxy":0,"hosting":105,"service":0},"uploaders":{"size":4,"mobile":0,"satellite":0,"tor":0,"tor_exit_nodes":0,"vpn":0,"relay":0,"proxy":0,"hosting":0,"service":0}},"geometry":{"type":"Point","coordinates":[74.85077,42.89106]}},{"type":"Feature","properties":{"country_code":"IND","city":"Pune","geoname_id":"1259229","h3_hexagon":591669815614111743,"h3_resolution":3,"downloaders":{"size":6185,"mobile":763,"satellite":0,"tor":0,"tor_exit_nodes":0,"vpn":29,"relay":0,"proxy":0,"hosting":587,"service":8},"uploaders":{"size":118,"mobile":14,"satellite":0,"tor":0,"tor_exit_nodes":0,"vpn":5,"relay":0,"proxy":0,"hosting":42,"service":5}},"geometry":{"type":"Point","coordinates":[73.85535,18.51957]}},{"type":"Feature","properties":{"country_code":"CZE","city":"Pelhřimov","geoname_id":"3068445","h3_hexagon":590502752740704255,"h3_resolution":3,"downloaders":{"size":6164,"mobile":12,"satellite":0,"tor":0,"tor_exit_nodes":0,"vpn":119,"relay":0,"proxy":0,"hosting":285,"service":0},"uploaders":{"size":16,"mobile":0,"satellite":0,"tor":0,"tor_exit_nodes":0,"vpn":0,"relay":0,"proxy":0,"hosting":0,"service":0}},"geometry":{"type":"Point","coordinates":[15.22336,49.43134]}},{"type":"Feature","properties":{"country_code":"CHN","city":"Harbin","geoname_id":"2037013","h3_hexagon":590333771547410431,"h3_resolution":3,"downloaders":{"size":6130,"mobile":0,"satellite":0,"tor":0,"tor_exit_nodes":0,"vpn":78,"relay":0,"proxy":0,"hosting":4,"service":0},"uploaders":{"size":22,"mobile":0,"satellite":0,"tor":0,"tor_exit_nodes":0,"vpn":0,"relay":0,"proxy":0,"hosting":0,"service":0}},"geometry":{"type":"Point","coordinates":[126.65,45.75]}},{"type":"Feature","properties":{"country_code":"USA","city":"Cobleskill","geoname_id":"5113095","h3_hexagon":590737498473234431,"h3_resolution":3,"downloaders":{"size":6119,"mobile":0,"satellite":0,"tor":0,"tor_exit_nodes":0,"vpn":177,"relay":0,"proxy":0,"hosting":251,"service":0},"uploaders":{"size":38,"mobile":0,"satellite":0,"tor":0,"tor_exit_nodes":0,"vpn":0,"relay":0,"proxy":0,"hosting":0,"service":0}},"geometry":{"type":"Point","coordinates":[-74.48542,42.67785]}},{"type":"Feature","properties":{"country_code":"MEX","city":"Mérida","geoname_id":"3523349","h3_hexagon":591186099217367039,"h3_resolution":3,"downloaders":{"size":6117,"mobile":50,"satellite":0,"tor":0,"tor_exit_nodes":0,"vpn":18,"relay":0,"proxy":0,"hosting":70,"service":0},"uploaders":{"size":18,"mobile":1,"satellite":0,"tor":0,"tor_exit_nodes":0,"vpn":0,"relay":0,"proxy":0,"hosting":1,"service":0}},"geometry":{"type":"Point","coordinates":[-89.62318,20.967]}},{"type":"Feature","properties":{"country_code":"MEX","city":"Xonacatlán","geoname_id":"3514409","h3_hexagon":591265057896136703,"h3_resolution":3,"downloaders":{"size":6087,"mobile":0,"satellite":0,"tor":0,"tor_exit_nodes":0,"vpn":16,"relay":0,"proxy":0,"hosting":0,"service":0},"uploaders":{"size":14,"mobile":0,"satellite":0,"tor":0,"tor_exit_nodes":0,"vpn":0,"relay":0,"proxy":0,"hosting":0,"service":0}},"geometry":{"type":"Point","coordinates":[-99.52807,19.40513]}},{"type":"Feature","properties":{"country_code":"ESP","city":"Torrelavega","geoname_id":"3107775","h3_hexagon":590977466885996543,"h3_resolution":3,"downloaders":{"size":6086,"mobile":1389,"satellite":0,"tor":0,"tor_exit_nodes":0,"vpn":18,"relay":0,"proxy":0,"hosting":0,"service":0},"uploaders":{"size":34,"mobile":16,"satellite":0,"tor":0,"tor_exit_nodes":0,"vpn":0,"relay":0,"proxy":0,"hosting":0,"service":0}},"geometry":{"type":"Point","coordinates":[-4.04785,43.34943]}},{"type":"Feature","properties":{"country_code":"RUS","city":"Khanty-Mansiysk","geoname_id":"1503772","h3_hexagon":590167470413709311,"h3_resolution":3,"downloaders":{"size":6051,"mobile":155,"satellite":0,"tor":0,"tor_exit_nodes":0,"vpn":11,"relay":0,"proxy":0,"hosting":0,"service":6},"uploaders":{"size":18,"mobile":0,"satellite":0,"tor":0,"tor_exit_nodes":0,"vpn":0,"relay":0,"proxy":0,"hosting":0,"service":0}},"geometry":{"type":"Point","coordinates":[69.00194,61.00417]}},{"type":"Feature","properties":{"country_code":"BRA","city":"Natividade","geoname_id":"3456377","h3_hexagon":592935903253495807,"h3_resolution":3,"downloaders":{"size":6037,"mobile":19,"satellite":0,"tor":0,"tor_exit_nodes":0,"vpn":28,"relay":0,"proxy":0,"hosting":44,"service":0},"uploaders":{"size":12,"mobile":0,"satellite":0,"tor":0,"tor_exit_nodes":0,"vpn":0,"relay":0,"proxy":0,"hosting":0,"service":0}},"geometry":{"type":"Point","coordinates":[-41.97333,-21.04222]}},{"type":"Feature","properties":{"country_code":"MDA","city":"Briceni","geoname_id":"618510","h3_hexagon":590507288226168831,"h3_resolution":3,"downloaders":{"size":6037,"mobile":3,"satellite":0,"tor":0,"tor_exit_nodes":0,"vpn":30,"relay":0,"proxy":0,"hosting":0,"service":0},"uploaders":{"size":15,"mobile":0,"satellite":0,"tor":0,"tor_exit_nodes":0,"vpn":0,"relay":0,"proxy":0,"hosting":0,"service":0}},"geometry":{"type":"Point","coordinates":[27.07787,48.36289]}},{"type":"Feature","properties":{"country_code":"SWE","city":"Umeå","geoname_id":"602150","h3_hexagon":590129262384644095,"h3_resolution":3,"downloaders":{"size":6015,"mobile":40,"satellite":0,"tor":0,"tor_exit_nodes":0,"vpn":64,"relay":0,"proxy":0,"hosting":5,"service":0},"uploaders":{"size":38,"mobile":0,"satellite":0,"tor":0,"tor_exit_nodes":0,"vpn":0,"relay":0,"proxy":0,"hosting":0,"service":0}},"geometry":{"type":"Point","coordinates":[20.25972,63.82842]}},{"type":"Feature","properties":{"country_code":"FRA","city":"Dijon","geoname_id":"3021372","h3_hexagon":590526186082271231,"h3_resolution":3,"downloaders":{"size":5984,"mobile":2064,"satellite":0,"tor":0,"tor_exit_nodes":0,"vpn":165,"relay":0,"proxy":0,"hosting":7,"service":0},"uploaders":{"size":50,"mobile":23,"satellite":0,"tor":0,"tor_exit_nodes":0,"vpn":20,"relay":0,"proxy":0,"hosting":0,"service":0}},"geometry":{"type":"Point","coordinates":[5.01667,47.31667]}},{"type":"Feature","properties":{"country_code":"JPN","city":"Sōja","geoname_id":"1851606","h3_hexagon":590788007288635391,"h3_resolution":3,"downloaders":{"size":5950,"mobile":414,"satellite":0,"tor":0,"tor_exit_nodes":0,"vpn":132,"relay":0,"proxy":0,"hosting":86,"service":79},"uploaders":{"size":5,"mobile":0,"satellite":0,"tor":0,"tor_exit_nodes":0,"vpn":0,"relay":0,"proxy":0,"hosting":0,"service":0}},"geometry":{"type":"Point","coordinates":[133.75091,34.67534]}},{"type":"Feature","properties":{"country_code":"CAN","city":"Kelowna","geoname_id":"5990579","h3_hexagon":590302641624449023,"h3_resolution":3,"downloaders":{"size":5940,"mobile":2117,"satellite":0,"tor":0,"tor_exit_nodes":0,"vpn":19,"relay":4,"proxy":0,"hosting":74,"service":4},"uploaders":{"size":61,"mobile":2,"satellite":0,"tor":0,"tor_exit_nodes":0,"vpn":0,"relay":0,"proxy":0,"hosting":0,"service":0}},"geometry":{"type":"Point","coordinates":[-119.48568,49.88307]}},{"type":"Feature","properties":{"country_code":"CHN","city":"Guiyang","geoname_id":"1809461","h3_hexagon":591098344445575167,"h3_resolution":3,"downloaders":{"size":5934,"mobile":0,"satellite":0,"tor":0,"tor_exit_nodes":0,"vpn":128,"relay":0,"proxy":0,"hosting":117,"service":0},"uploaders":{"size":59,"mobile":0,"satellite":0,"tor":0,"tor_exit_nodes":0,"vpn":9,"relay":0,"proxy":0,"hosting":0,"service":0}},"geometry":{"type":"Point","coordinates":[106.71667,26.58333]}},{"type":"Feature","properties":{"country_code":"UKR","city":"Melitopol","geoname_id":"701404","h3_hexagon":590504402008145919,"h3_resolution":3,"downloaders":{"size":5890,"mobile":0,"satellite":0,"tor":0,"tor_exit_nodes":0,"vpn":124,"relay":0,"proxy":0,"hosting":0,"service":2},"uploaders":{"size":3,"mobile":0,"satellite":0,"tor":0,"tor_exit_nodes":0,"vpn":0,"relay":0,"proxy":0,"hosting":0,"service":0}},"geometry":{"type":"Point","coordinates":[35.38196,46.84735]}},{"type":"Feature","properties":{"country_code":"PHL","city":"Cebu City","geoname_id":"1717512","h3_hexagon":591805880178049023,"h3_resolution":3,"downloaders":{"size":5858,"mobile":2326,"satellite":0,"tor":0,"tor_exit_nodes":0,"vpn":3,"relay":0,"proxy":1,"hosting":13,"service":0},"uploaders":{"size":218,"mobile":44,"satellite":0,"tor":0,"tor_exit_nodes":0,"vpn":0,"relay":0,"proxy":0,"hosting":0,"service":0}},"geometry":{"type":"Point","coordinates":[123.89071,10.31672]}},{"type":"Feature","properties":{"country_code":"NOR","city":"Gjøvik","geoname_id":"3155573","h3_hexagon":590123627387551743,"h3_resolution":3,"downloaders":{"size":5853,"mobile":25,"satellite":0,"tor":0,"tor_exit_nodes":0,"vpn":168,"relay":0,"proxy":0,"hosting":24,"service":0},"uploaders":{"size":36,"mobile":8,"satellite":0,"tor":0,"tor_exit_nodes":0,"vpn":0,"relay":0,"proxy":0,"hosting":0,"service":0}},"geometry":{"type":"Point","coordinates":[10.69155,60.79574]}},{"type":"Feature","properties":{"country_code":"FRA","city":"Plérin","geoname_id":"2986795","h3_hexagon":590400566878797823,"h3_resolution":3,"downloaders":{"size":5849,"mobile":1124,"satellite":1,"tor":0,"tor_exit_nodes":0,"vpn":41,"relay":0,"proxy":0,"hosting":1,"service":0},"uploaders":{"size":26,"mobile":3,"satellite":0,"tor":0,"tor_exit_nodes":0,"vpn":0,"relay":0,"proxy":0,"hosting":0,"service":0}},"geometry":{"type":"Point","coordinates":[-2.76975,48.53451]}},{"type":"Feature","properties":{"country_code":"BIH","city":"Trn","geoname_id":"3188817","h3_hexagon":590511273955819519,"h3_resolution":3,"downloaders":{"size":5834,"mobile":1564,"satellite":0,"tor":0,"tor_exit_nodes":0,"vpn":39,"relay":0,"proxy":0,"hosting":2,"service":0},"uploaders":{"size":32,"mobile":14,"satellite":0,"tor":0,"tor_exit_nodes":0,"vpn":0,"relay":0,"proxy":0,"hosting":0,"service":0}},"geometry":{"type":"Point","coordinates":[17.23583,44.85829]}},{"type":"Feature","properties":{"country_code":"IND","city":"Quthbullapur","geoname_id":"7302845","h3_hexagon":591672633112657919,"h3_resolution":3,"downloaders":{"size":5795,"mobile":32,"satellite":0,"tor":0,"tor_exit_nodes":0,"vpn":3,"relay":0,"proxy":0,"hosting":27,"service":0},"uploaders":{"size":35,"mobile":2,"satellite":0,"tor":0,"tor_exit_nodes":0,"vpn":0,"relay":0,"proxy":0,"hosting":0,"service":0}},"geometry":{"type":"Point","coordinates":[78.45818,17.50107]}},{"type":"Feature","properties":{"country_code":"NOR","city":"Arendal","geoname_id":"3162955","h3_hexagon":590140807256735743,"h3_resolution":3,"downloaders":{"size":5772,"mobile":49,"satellite":1,"tor":0,"tor_exit_nodes":0,"vpn":201,"relay":0,"proxy":0,"hosting":117,"service":117},"uploaders":{"size":64,"mobile":17,"satellite":0,"tor":0,"tor_exit_nodes":0,"vpn":10,"relay":0,"proxy":0,"hosting":10,"service":10}},"geometry":{"type":"Point","coordinates":[8.77253,58.46151]}},{"type":"Feature","properties":{"country_code":"IND","city":"Sangrūr","geoname_id":"1257402","h3_hexagon":591046255082209279,"h3_resolution":3,"downloaders":{"size":5761,"mobile":28,"satellite":0,"tor":0,"tor_exit_nodes":0,"vpn":2,"relay":0,"proxy":0,"hosting":27,"service":0},"uploaders":{"size":18,"mobile":0,"satellite":0,"tor":0,"tor_exit_nodes":0,"vpn":0,"relay":0,"proxy":0,"hosting":0,"service":0}},"geometry":{"type":"Point","coordinates":[75.84488,30.24506]}},{"type":"Feature","properties":{"country_code":"MYS","city":"Bukit Mertajam","geoname_id":"1735079","h3_hexagon":591750423560323071,"h3_resolution":3,"downloaders":{"size":5739,"mobile":49,"satellite":0,"tor":0,"tor_exit_nodes":0,"vpn":17,"relay":0,"proxy":0,"hosting":11,"service":0},"uploaders":{"size":126,"mobile":0,"satellite":0,"tor":0,"tor_exit_nodes":0,"vpn":0,"relay":0,"proxy":0,"hosting":0,"service":0}},"geometry":{"type":"Point","coordinates":[100.4667,5.36301]}},{"type":"Feature","properties":{"country_code":"KWT","city":"Al Funayţīs","geoname_id":"285810","h3_hexagon":590755777854046207,"h3_resolution":3,"downloaders":{"size":5719,"mobile":3422,"satellite":0,"tor":0,"tor_exit_nodes":0,"vpn":61,"relay":0,"proxy":0,"hosting":40,"service":36},"uploaders":{"size":139,"mobile":124,"satellite":0,"tor":0,"tor_exit_nodes":0,"vpn":5,"relay":0,"proxy":0,"hosting":5,"service":5}},"geometry":{"type":"Point","coordinates":[48.10167,29.22528]}},{"type":"Feature","properties":{"country_code":"AUS","city":"Canberra","geoname_id":"2172517","h3_hexagon":593321969273798655,"h3_resolution":3,"downloaders":{"size":5719,"mobile":567,"satellite":0,"tor":0,"tor_exit_nodes":0,"vpn":106,"relay":0,"proxy":0,"hosting":150,"service":25},"uploaders":{"size":166,"mobile":13,"satellite":0,"tor":0,"tor_exit_nodes":0,"vpn":1,"relay":0,"proxy":0,"hosting":3,"service":1}},"geometry":{"type":"Point","coordinates":[149.12807,-35.28346]}},{"type":"Feature","properties":{"country_code":"POL","city":"Iława","geoname_id":"3097902","h3_hexagon":590522750108434431,"h3_resolution":3,"downloaders":{"size":5705,"mobile":139,"satellite":0,"tor":0,"tor_exit_nodes":0,"vpn":46,"relay":0,"proxy":0,"hosting":0,"service":0},"uploaders":{"size":13,"mobile":9,"satellite":0,"tor":0,"tor_exit_nodes":0,"vpn":0,"relay":0,"proxy":0,"hosting":0,"service":0}},"geometry":{"type":"Point","coordinates":[19.56849,53.59601]}},{"type":"Feature","properties":{"country_code":"USA","city":"Maryland Heights","geoname_id":"4397340","h3_hexagon":590644933338071039,"h3_resolution":3,"downloaders":{"size":5698,"mobile":0,"satellite":0,"tor":0,"tor_exit_nodes":0,"vpn":145,"relay":1,"proxy":0,"hosting":98,"service":15},"uploaders":{"size":37,"mobile":0,"satellite":0,"tor":0,"tor_exit_nodes":0,"vpn":0,"relay":0,"proxy":0,"hosting":12,"service":0}},"geometry":{"type":"Point","coordinates":[-90.42984,38.71311]}},{"type":"Feature","properties":{"country_code":"DNK","city":"Herning","geoname_id":"2620425","h3_hexagon":590519589012504575,"h3_resolution":3,"downloaders":{"size":5697,"mobile":10,"satellite":0,"tor":0,"tor_exit_nodes":0,"vpn":153,"relay":0,"proxy":0,"hosting":125,"service":0},"uploaders":{"size":52,"mobile":0,"satellite":0,"tor":0,"tor_exit_nodes":0,"vpn":0,"relay":0,"proxy":0,"hosting":3,"service":0}},"geometry":{"type":"Point","coordinates":[8.97662,56.13615]}},{"type":"Feature","properties":{"country_code":"BGR","city":"Smolyan","geoname_id":"727030","h3_hexagon":590512785784307711,"h3_resolution":3,"downloaders":{"size":5669,"mobile":38,"satellite":0,"tor":0,"tor_exit_nodes":0,"vpn":42,"relay":0,"proxy":0,"hosting":49,"service":0},"uploaders":{"size":48,"mobile":0,"satellite":0,"tor":0,"tor_exit_nodes":0,"vpn":0,"relay":0,"proxy":0,"hosting":0,"service":0}},"geometry":{"type":"Point","coordinates":[24.71204,41.57439]}},{"type":"Feature","properties":{"country_code":"ESP","city":"Roquetas de Mar","geoname_id":"2511716","h3_hexagon":590959256224661503,"h3_resolution":3,"downloaders":{"size":5659,"mobile":1924,"satellite":0,"tor":0,"tor_exit_nodes":0,"vpn":10,"relay":0,"proxy":0,"hosting":0,"service":0},"uploaders":{"size":36,"mobile":22,"satellite":0,"tor":0,"tor_exit_nodes":0,"vpn":0,"relay":0,"proxy":0,"hosting":0,"service":0}},"geometry":{"type":"Point","coordinates":[-2.61475,36.76419]}},{"type":"Feature","properties":{"country_code":"GLP","city":"Baie-Mahault","geoname_id":"3579767","h3_hexagon":591629889598128127,"h3_resolution":3,"downloaders":{"size":5647,"mobile":37,"satellite":0,"tor":0,"tor_exit_nodes":0,"vpn":4,"relay":0,"proxy":0,"hosting":0,"service":1},"uploaders":{"size":34,"mobile":23,"satellite":0,"tor":0,"tor_exit_nodes":0,"vpn":0,"relay":0,"proxy":0,"hosting":0,"service":0}},"geometry":{"type":"Point","coordinates":[-61.58543,16.26738]}},{"type":"Feature","properties":{"country_code":"USA","city":"Fredericksburg","geoname_id":"4760059","h3_hexagon":590722242749399039,"h3_resolution":3,"downloaders":{"size":5639,"mobile":4,"satellite":0,"tor":0,"tor_exit_nodes":0,"vpn":51,"relay":1,"proxy":0,"hosting":5,"service":1},"uploaders":{"size":64,"mobile":0,"satellite":0,"tor":0,"tor_exit_nodes":0,"vpn":9,"relay":0,"proxy":0,"hosting":0,"service":0}},"geometry":{"type":"Point","coordinates":[-77.46054,38.30318]}},{"type":"Feature","properties":{"country_code":"RUS","city":"Kirishi","geoname_id":"548442","h3_hexagon":590270824506720255,"h3_resolution":3,"downloaders":{"size":5627,"mobile":0,"satellite":0,"tor":0,"tor_exit_nodes":0,"vpn":62,"relay":0,"proxy":0,"hosting":535,"service":0},"uploaders":{"size":7,"mobile":0,"satellite":0,"tor":0,"tor_exit_nodes":0,"vpn":1,"relay":0,"proxy":0,"hosting":6,"service":0}},"geometry":{"type":"Point","coordinates":[32.04007,59.47417]}},{"type":"Feature","properties":{"country_code":"RUS","city":"Vorkuta","geoname_id":"1486910","h3_hexagon":590258386281431039,"h3_resolution":3,"downloaders":{"size":5625,"mobile":0,"satellite":0,"tor":0,"tor_exit_nodes":0,"vpn":35,"relay":0,"proxy":0,"hosting":0,"service":33},"uploaders":{"size":3,"mobile":0,"satellite":0,"tor":0,"tor_exit_nodes":0,"vpn":0,"relay":0,"proxy":0,"hosting":0,"service":0}},"geometry":{"type":"Point","coordinates":[64.0667,67.50867]}},{"type":"Feature","properties":{"country_code":"ZAF","city":"Centurion","geoname_id":"1105777","h3_hexagon":593294069166243839,"h3_resolution":3,"downloaders":{"size":5621,"mobile":793,"satellite":0,"tor":0,"tor_exit_nodes":0,"vpn":35,"relay":0,"proxy":0,"hosting":473,"service":0},"uploaders":{"size":343,"mobile":92,"satellite":0,"tor":0,"tor_exit_nodes":0,"vpn":0,"relay":0,"proxy":0,"hosting":1,"service":0}},"geometry":{"type":"Point","coordinates":[28.20559,-25.80489]}},{"type":"Feature","properties":{"country_code":"IND","city":"Coimbatore","geoname_id":"1273865","h3_hexagon":591663974458589183,"h3_resolution":3,"downloaders":{"size":5609,"mobile":490,"satellite":0,"tor":0,"tor_exit_nodes":0,"vpn":5,"relay":0,"proxy":0,"hosting":8,"service":2},"uploaders":{"size":14,"mobile":0,"satellite":0,"tor":0,"tor_exit_nodes":0,"vpn":1,"relay":0,"proxy":0,"hosting":1,"service":1}},"geometry":{"type":"Point","coordinates":[76.96612,11.00555]}},{"type":"Feature","properties":{"country_code":"RUS","city":"Mineralnye Vody","geoname_id":"526480","h3_hexagon":590769727907823615,"h3_resolution":3,"downloaders":{"size":5606,"mobile":195,"satellite":0,"tor":0,"tor_exit_nodes":0,"vpn":76,"relay":0,"proxy":0,"hosting":0,"service":0},"uploaders":{"size":19,"mobile":0,"satellite":0,"tor":0,"tor_exit_nodes":0,"vpn":0,"relay":0,"proxy":0,"hosting":0,"service":0}},"geometry":{"type":"Point","coordinates":[43.13528,44.21028]}},{"type":"Feature","properties":{"country_code":"BIH","city":"Neum","geoname_id":"3194514","h3_hexagon":590516290477621247,"h3_resolution":3,"downloaders":{"size":5599,"mobile":312,"satellite":0,"tor":0,"tor_exit_nodes":0,"vpn":17,"relay":0,"proxy":0,"hosting":0,"service":0},"uploaders":{"size":50,"mobile":5,"satellite":0,"tor":0,"tor_exit_nodes":0,"vpn":0,"relay":0,"proxy":0,"hosting":0,"service":0}},"geometry":{"type":"Point","coordinates":[17.61556,42.92333]}},{"type":"Feature","properties":{"country_code":"POL","city":"Lubin","geoname_id":"3092931","h3_hexagon":590501996826460159,"h3_resolution":3,"downloaders":{"size":5598,"mobile":405,"satellite":0,"tor":0,"tor_exit_nodes":0,"vpn":74,"relay":0,"proxy":0,"hosting":9,"service":0},"uploaders":{"size":24,"mobile":1,"satellite":0,"tor":0,"tor_exit_nodes":0,"vpn":7,"relay":0,"proxy":0,"hosting":0,"service":0}},"geometry":{"type":"Point","coordinates":[16.20149,51.40089]}},{"type":"Feature","properties":{"country_code":"KAZ","city":"Aktobe","geoname_id":"610611","h3_hexagon":590555529298837503,"h3_resolution":3,"downloaders":{"size":5562,"mobile":1038,"satellite":0,"tor":0,"tor_exit_nodes":0,"vpn":13,"relay":0,"proxy":0,"hosting":113,"service":0},"uploaders":{"size":3,"mobile":1,"satellite":0,"tor":0,"tor_exit_nodes":0,"vpn":0,"relay":0,"proxy":0,"hosting":0,"service":0}},"geometry":{"type":"Point","coordinates":[57.20718,50.27969]}},{"type":"Feature","properties":{"country_code":"BRA","city":"Feira de Santana","geoname_id":"3463478","h3_hexagon":592242111416369151,"h3_resolution":3,"downloaders":{"size":5559,"mobile":39,"satellite":0,"tor":0,"tor_exit_nodes":0,"vpn":15,"relay":0,"proxy":0,"hosting":26,"service":0},"uploaders":{"size":12,"mobile":0,"satellite":0,"tor":0,"tor_exit_nodes":0,"vpn":0,"relay":0,"proxy":0,"hosting":0,"service":0}},"geometry":{"type":"Point","coordinates":[-38.96667,-12.26667]}},{"type":"Feature","properties":{"country_code":"AGO","city":"Luanda","geoname_id":"2240449","h3_hexagon":592278257861132287,"h3_resolution":3,"downloaders":{"size":5558,"mobile":15,"satellite":0,"tor":0,"tor_exit_nodes":0,"vpn":93,"relay":0,"proxy":0,"hosting":394,"service":0},"uploaders":{"size":55,"mobile":0,"satellite":0,"tor":0,"tor_exit_nodes":0,"vpn":1,"relay":0,"proxy":0,"hosting":5,"service":0}},"geometry":{"type":"Point","coordinates":[13.23432,-8.83682]}},{"type":"Feature","properties":{"country_code":"IND","city":"Bhubaneswar","geoname_id":"1275817","h3_hexagon":591036909233373183,"h3_resolution":3,"downloaders":{"size":5552,"mobile":701,"satellite":0,"tor":0,"tor_exit_nodes":0,"vpn":2,"relay":0,"proxy":0,"hosting":5,"service":0},"uploaders":{"size":22,"mobile":18,"satellite":0,"tor":0,"tor_exit_nodes":0,"vpn":0,"relay":0,"proxy":0,"hosting":3,"service":0}},"geometry":{"type":"Point","coordinates":[85.83385,20.27241]}},{"type":"Feature","properties":{"country_code":"ITA","city":"Latiano","geoname_id":"3175061","h3_hexagon":590508937493610495,"h3_resolution":3,"downloaders":{"size":5536,"mobile":2240,"satellite":0,"tor":0,"tor_exit_nodes":0,"vpn":2,"relay":0,"proxy":0,"hosting":0,"service":0},"uploaders":{"size":12,"mobile":2,"satellite":0,"tor":0,"tor_exit_nodes":0,"vpn":0,"relay":0,"proxy":0,"hosting":0,"service":0}},"geometry":{"type":"Point","coordinates":[17.71856,40.55052]}},{"type":"Feature","properties":{"country_code":"RUS","city":"Sterlitamak","geoname_id":"487495","h3_hexagon":590262646888988671,"h3_resolution":3,"downloaders":{"size":5532,"mobile":206,"satellite":0,"tor":0,"tor_exit_nodes":0,"vpn":56,"relay":0,"proxy":0,"hosting":0,"service":4},"uploaders":{"size":3,"mobile":0,"satellite":0,"tor":0,"tor_exit_nodes":0,"vpn":0,"relay":0,"proxy":0,"hosting":0,"service":0}},"geometry":{"type":"Point","coordinates":[55.9533,53.63793]}},{"type":"Feature","properties":{"country_code":"RUS","city":"Slavyansk-na-Kubani","geoname_id":"492094","h3_hexagon":590770964858404863,"h3_resolution":3,"downloaders":{"size":5516,"mobile":18,"satellite":0,"tor":0,"tor_exit_nodes":0,"vpn":38,"relay":0,"proxy":0,"hosting":2690,"service":0},"uploaders":{"size":3,"mobile":0,"satellite":0,"tor":0,"tor_exit_nodes":0,"vpn":0,"relay":0,"proxy":0,"hosting":2,"service":0}},"geometry":{"type":"Point","coordinates":[38.12129,45.25145]}},{"type":"Feature","properties":{"country_code":"DEU","city":"Dessau","geoname_id":"2937959","h3_hexagon":590518626939830271,"h3_resolution":3,"downloaders":{"size":5514,"mobile":79,"satellite":0,"tor":127,"tor_exit_nodes":127,"vpn":1638,"relay":1,"proxy":0,"hosting":1695,"service":1625},"uploaders":{"size":86,"mobile":0,"satellite":0,"tor":4,"tor_exit_nodes":4,"vpn":74,"relay":0,"proxy":0,"hosting":73,"service":73}},"geometry":{"type":"Point","coordinates":[12.24555,51.83864]}},{"type":"Feature","properties":{"country_code":"PRI","city":"Carolina","geoname_id":"4563243","h3_hexagon":591324981279850495,"h3_resolution":3,"downloaders":{"size":5481,"mobile":3144,"satellite":10,"tor":0,"tor_exit_nodes":0,"vpn":68,"relay":0,"proxy":0,"hosting":41,"service":40},"uploaders":{"size":488,"mobile":436,"satellite":1,"tor":0,"tor_exit_nodes":0,"vpn":14,"relay":0,"proxy":0,"hosting":8,"service":8}},"geometry":{"type":"Point","coordinates":[-65.95739,18.38078]}},{"type":"Feature","properties":{"country_code":"ESP","city":"Úbeda","geoname_id":"2510116","h3_hexagon":590975061704310783,"h3_resolution":3,"downloaders":{"size":5474,"mobile":2492,"satellite":0,"tor":0,"tor_exit_nodes":0,"vpn":4,"relay":0,"proxy":0,"hosting":0,"service":0},"uploaders":{"size":32,"mobile":19,"satellite":0,"tor":0,"tor_exit_nodes":0,"vpn":0,"relay":0,"proxy":0,"hosting":0,"service":0}},"geometry":{"type":"Point","coordinates":[-3.3705,38.01328]}},{"type":"Feature","properties":{"country_code":"USA","city":"Albuquerque","geoname_id":"5454711","h3_hexagon":591253100707184639,"h3_resolution":3,"downloaders":{"size":5467,"mobile":129,"satellite":0,"tor":0,"tor_exit_nodes":0,"vpn":320,"relay":1,"proxy":0,"hosting":323,"service":123},"uploaders":{"size":71,"mobile":10,"satellite":0,"tor":0,"tor_exit_nodes":0,"vpn":3,"relay":0,"proxy":0,"hosting":8,"service":2}},"geometry":{"type":"Point","coordinates":[-106.65114,35.08449]}},{"type":"Feature","properties":{"country_code":"BRB","city":"Bridgetown","geoname_id":"3374036","h3_hexagon":591632981974581247,"h3_resolution":3,"downloaders":{"size":5458,"mobile":0,"satellite":0,"tor":0,"tor_exit_nodes":0,"vpn":12,"relay":0,"proxy":0,"hosting":1,"service":0},"uploaders":{"size":149,"mobile":0,"satellite":0,"tor":0,"tor_exit_nodes":0,"vpn":4,"relay":0,"proxy":0,"hosting":0,"service":0}},"geometry":{"type":"Point","coordinates":[-59.62021,13.10732]}},{"type":"Feature","properties":{"country_code":"ITA","city":"Montesilvano Marina","geoname_id":"3172729","h3_hexagon":590508250298843135,"h3_resolution":3,"downloaders":{"size":5458,"mobile":1737,"satellite":0,"tor":0,"tor_exit_nodes":0,"vpn":23,"relay":0,"proxy":0,"hosting":1,"service":0},"uploaders":{"size":15,"mobile":1,"satellite":0,"tor":0,"tor_exit_nodes":0,"vpn":0,"relay":0,"proxy":0,"hosting":0,"service":0}},"geometry":{"type":"Point","coordinates":[14.14507,42.5114]}},{"type":"Feature","properties":{"country_code":"ARG","city":"Mendoza","geoname_id":"3844421","h3_hexagon":593119384256380927,"h3_resolution":3,"downloaders":{"size":5449,"mobile":2556,"satellite":0,"tor":0,"tor_exit_nodes":0,"vpn":17,"relay":0,"proxy":0,"hosting":0,"service":3},"uploaders":{"size":43,"mobile":12,"satellite":0,"tor":0,"tor_exit_nodes":0,"vpn":0,"relay":0,"proxy":0,"hosting":0,"service":0}},"geometry":{"type":"Point","coordinates":[-68.84582,-32.88946]}},{"type":"Feature","properties":{"country_code":"RUS","city":"Komsomolsk-on-Amur","geoname_id":"2021851","h3_hexagon":590338100874444799,"h3_resolution":3,"downloaders":{"size":5439,"mobile":1586,"satellite":0,"tor":0,"tor_exit_nodes":0,"vpn":4,"relay":0,"proxy":0,"hosting":0,"service":1},"uploaders":{"size":13,"mobile":0,"satellite":0,"tor":0,"tor_exit_nodes":0,"vpn":0,"relay":0,"proxy":0,"hosting":0,"service":0}},"geometry":{"type":"Point","coordinates":[137.00995,50.55034]}},{"type":"Feature","properties":{"country_code":"AUT","city":"Traun","geoname_id":"2763423","h3_hexagon":590500759875878911,"h3_resolution":3,"downloaders":{"size":5432,"mobile":46,"satellite":0,"tor":0,"tor_exit_nodes":0,"vpn":120,"relay":0,"proxy":0,"hosting":6,"service":0},"uploaders":{"size":7,"mobile":0,"satellite":0,"tor":0,"tor_exit_nodes":0,"vpn":0,"relay":0,"proxy":0,"hosting":0,"service":0}},"geometry":{"type":"Point","coordinates":[14.23833,48.22086]}},{"type":"Feature","properties":{"country_code":"USA","city":"Cutlerville","geoname_id":"4990242","h3_hexagon":590662662963068927,"h3_resolution":3,"downloaders":{"size":5419,"mobile":27,"satellite":1,"tor":0,"tor_exit_nodes":0,"vpn":101,"relay":5,"proxy":0,"hosting":126,"service":6},"uploaders":{"size":23,"mobile":0,"satellite":0,"tor":0,"tor_exit_nodes":0,"vpn":0,"relay":0,"proxy":0,"hosting":7,"service":0}},"geometry":{"type":"Point","coordinates":[-85.66364,42.84086]}},{"type":"Feature","properties":{"country_code":"USA","city":"Modesto","geoname_id":"5373900","h3_hexagon":590679018198532095,"h3_resolution":3,"downloaders":{"size":5416,"mobile":62,"satellite":0,"tor":0,"tor_exit_nodes":0,"vpn":19,"relay":1,"proxy":0,"hosting":52,"service":1},"uploaders":{"size":57,"mobile":0,"satellite":0,"tor":0,"tor_exit_nodes":0,"vpn":0,"relay":0,"proxy":0,"hosting":0,"service":0}},"geometry":{"type":"Point","coordinates":[-120.99688,37.6391]}},{"type":"Feature","properties":{"country_code":"BRA","city":"Martinópolis","geoname_id":"3457595","h3_hexagon":592928069233147903,"h3_resolution":3,"downloaders":{"size":5403,"mobile":0,"satellite":0,"tor":0,"tor_exit_nodes":0,"vpn":2,"relay":0,"proxy":0,"hosting":53,"service":0},"uploaders":{"size":8,"mobile":0,"satellite":0,"tor":0,"tor_exit_nodes":0,"vpn":0,"relay":0,"proxy":0,"hosting":0,"service":0}},"geometry":{"type":"Point","coordinates":[-51.17083,-22.14583]}},{"type":"Feature","properties":{"country_code":"THA","city":"Chiang Mai","geoname_id":"1153671","h3_hexagon":591739772041428991,"h3_resolution":3,"downloaders":{"size":5402,"mobile":2011,"satellite":0,"tor":0,"tor_exit_nodes":0,"vpn":119,"relay":0,"proxy":0,"hosting":3,"service":78},"uploaders":{"size":220,"mobile":140,"satellite":0,"tor":0,"tor_exit_nodes":0,"vpn":0,"relay":0,"proxy":0,"hosting":0,"service":0}},"geometry":{"type":"Point","coordinates":[98.98468,18.79038]}},{"type":"Feature","properties":{"country_code":"FRA","city":"Biarritz","geoname_id":"3032797","h3_hexagon":590398848891879423,"h3_resolution":3,"downloaders":{"size":5387,"mobile":2132,"satellite":0,"tor":0,"tor_exit_nodes":0,"vpn":17,"relay":0,"proxy":0,"hosting":38,"service":0},"uploaders":{"size":12,"mobile":2,"satellite":0,"tor":0,"tor_exit_nodes":0,"vpn":0,"relay":0,"proxy":0,"hosting":1,"service":0}},"geometry":{"type":"Point","coordinates":[-1.55684,43.48055]}},{"type":"Feature","properties":{"country_code":"POL","city":"Nysa","geoname_id":"3090436","h3_hexagon":590501721948553215,"h3_resolution":3,"downloaders":{"size":5379,"mobile":188,"satellite":0,"tor":0,"tor_exit_nodes":0,"vpn":63,"relay":0,"proxy":0,"hosting":91,"service":0},"uploaders":{"size":5,"mobile":1,"satellite":0,"tor":0,"tor_exit_nodes":0,"vpn":0,"relay":0,"proxy":0,"hosting":0,"service":0}},"geometry":{"type":"Point","coordinates":[17.33437,50.47379]}},{"type":"Feature","properties":{"country_code":"COL","city":"Cartagena","geoname_id":"3687238","h3_hexagon":591769390135902207,"h3_resolution":3,"downloaders":{"size":5378,"mobile":3510,"satellite":0,"tor":0,"tor_exit_nodes":0,"vpn":4,"relay":0,"proxy":0,"hosting":48,"service":0},"uploaders":{"size":8,"mobile":5,"satellite":0,"tor":0,"tor_exit_nodes":0,"vpn":0,"relay":0,"proxy":0,"hosting":0,"service":0}},"geometry":{"type":"Point","coordinates":[-75.49328,10.39817]}},{"type":"Feature","properties":{"country_code":"MEX","city":"Mazatlán","geoname_id":"3996322","h3_hexagon":591241761993523199,"h3_resolution":3,"downloaders":{"size":5353,"mobile":23,"satellite":0,"tor":0,"tor_exit_nodes":0,"vpn":15,"relay":0,"proxy":0,"hosting":0,"service":0},"uploaders":{"size":12,"mobile":0,"satellite":0,"tor":0,"tor_exit_nodes":0,"vpn":0,"relay":0,"proxy":0,"hosting":0,"service":0}},"geometry":{"type":"Point","coordinates":[-106.41885,23.22163]}},{"type":"Feature","properties":{"country_code":"DEU","city":"Erfurt","geoname_id":"2929670","h3_hexagon":590528866141863935,"h3_resolution":3,"downloaders":{"size":5333,"mobile":277,"satellite":0,"tor":0,"tor_exit_nodes":0,"vpn":54,"relay":7,"proxy":0,"hosting":150,"service":7},"uploaders":{"size":3,"mobile":0,"satellite":0,"tor":0,"tor_exit_nodes":0,"vpn":0,"relay":0,"proxy":0,"hosting":0,"service":0}},"geometry":{"type":"Point","coordinates":[11.03283,50.9787]}},{"type":"Feature","properties":{"country_code":"USA","city":"Boise","geoname_id":"5586437","h3_hexagon":590684378317717503,"h3_resolution":3,"downloaders":{"size":5317,"mobile":120,"satellite":0,"tor":0,"tor_exit_nodes":0,"vpn":259,"relay":1,"proxy":0,"hosting":227,"service":205},"uploaders":{"size":42,"mobile":20,"satellite":0,"tor":0,"tor_exit_nodes":0,"vpn":1,"relay":0,"proxy":0,"hosting":1,"service":1}},"geometry":{"type":"Point","coordinates":[-116.2951,43.633]}},{"type":"Feature","properties":{"country_code":"IND","city":"Dhanbad","geoname_id":"1272979","h3_hexagon":591038764659245055,"h3_resolution":3,"downloaders":{"size":5308,"mobile":238,"satellite":0,"tor":0,"tor_exit_nodes":0,"vpn":1,"relay":0,"proxy":0,"hosting":3,"service":0},"uploaders":{"size":3,"mobile":2,"satellite":0,"tor":0,"tor_exit_nodes":0,"vpn":0,"relay":0,"proxy":0,"hosting":1,"service":0}},"geometry":{"type":"Point","coordinates":[86.42992,23.79759]}},{"type":"Feature","properties":{"country_code":"JPN","city":"Hiroshima","geoname_id":"1862415","h3_hexagon":590788076008112127,"h3_resolution":3,"downloaders":{"size":5302,"mobile":507,"satellite":0,"tor":0,"tor_exit_nodes":0,"vpn":48,"relay":0,"proxy":0,"hosting":43,"service":10},"uploaders":{"size":7,"mobile":0,"satellite":0,"tor":0,"tor_exit_nodes":0,"vpn":0,"relay":0,"proxy":0,"hosting":0,"service":0}},"geometry":{"type":"Point","coordinates":[132.45,34.4]}},{"type":"Feature","properties":{"country_code":"PHL","city":"Angeles City","geoname_id":"1730737","h3_hexagon":591823266205663231,"h3_resolution":3,"downloaders":{"size":5240,"mobile":2245,"satellite":0,"tor":0,"tor_exit_nodes":0,"vpn":19,"relay":0,"proxy":0,"hosting":19,"service":1},"uploaders":{"size":101,"mobile":13,"satellite":0,"tor":0,"tor_exit_nodes":0,"vpn":0,"relay":0,"proxy":0,"hosting":0,"service":0}},"geometry":{"type":"Point","coordinates":[120.58333,15.15]}},{"type":"Feature","properties":{"country_code":"UKR","city":"Dolyna","geoname_id":"709755","h3_hexagon":590500278839541759,"h3_resolution":3,"downloaders":{"size":5238,"mobile":0,"satellite":0,"tor":0,"tor_exit_nodes":0,"vpn":59,"relay":0,"proxy":0,"hosting":118,"service":0},"uploaders":{"size":8,"mobile":0,"satellite":0,"tor":0,"tor_exit_nodes":0,"vpn":0,"relay":0,"proxy":0,"hosting":0,"service":0}},"geometry":{"type":"Point","coordinates":[23.96558,48.97158]}},{"type":"Feature","properties":{"country_code":"COL","city":"Santa Marta","geoname_id":"3668605","h3_hexagon":591768359343751167,"h3_resolution":3,"downloaders":{"size":5232,"mobile":1883,"satellite":0,"tor":0,"tor_exit_nodes":0,"vpn":23,"relay":0,"proxy":0,"hosting":170,"service":0},"uploaders":{"size":19,"mobile":5,"satellite":0,"tor":0,"tor_exit_nodes":0,"vpn":0,"relay":0,"proxy":0,"hosting":0,"service":0}},"geometry":{"type":"Point","coordinates":[-74.19427,11.23855]}},{"type":"Feature","properties":{"country_code":"BRA","city":"Formiga","geoname_id":"3463174","h3_hexagon":592938858190995455,"h3_resolution":3,"downloaders":{"size":5225,"mobile":76,"satellite":0,"tor":0,"tor_exit_nodes":0,"vpn":4,"relay":0,"proxy":0,"hosting":8,"service":0},"uploaders":{"size":11,"mobile":0,"satellite":0,"tor":0,"tor_exit_nodes":0,"vpn":0,"relay":0,"proxy":0,"hosting":0,"service":0}},"geometry":{"type":"Point","coordinates":[-45.42639,-20.46444]}},{"type":"Feature","properties":{"country_code":"MEX","city":"Tampico","geoname_id":"3516355","h3_hexagon":591192971165040639,"h3_resolution":3,"downloaders":{"size":5183,"mobile":0,"satellite":0,"tor":0,"tor_exit_nodes":0,"vpn":0,"relay":0,"proxy":0,"hosting":0,"service":0},"uploaders":{"size":9,"mobile":0,"satellite":0,"tor":0,"tor_exit_nodes":0,"vpn":0,"relay":0,"proxy":0,"hosting":0,"service":0}},"geometry":{"type":"Point","coordinates":[-97.87777,22.28519]}},{"type":"Feature","properties":{"country_code":"ITA","city":"Bagnara Calabra","geoname_id":"2525616","h3_hexagon":591082538965925887,"h3_resolution":3,"downloaders":{"size":5170,"mobile":1298,"satellite":0,"tor":0,"tor_exit_nodes":0,"vpn":9,"relay":0,"proxy":0,"hosting":0,"service":0},"uploaders":{"size":12,"mobile":6,"satellite":0,"tor":0,"tor_exit_nodes":0,"vpn":0,"relay":0,"proxy":0,"hosting":0,"service":0}},"geometry":{"type":"Point","coordinates":[15.80591,38.28778]}},{"type":"Feature","properties":{"country_code":"MEX","city":"Hermosillo","geoname_id":"4004898","h3_hexagon":591244167175208959,"h3_resolution":3,"downloaders":{"size":5169,"mobile":0,"satellite":0,"tor":0,"tor_exit_nodes":0,"vpn":3,"relay":0,"proxy":0,"hosting":1,"service":0},"uploaders":{"size":37,"mobile":0,"satellite":0,"tor":0,"tor_exit_nodes":0,"vpn":0,"relay":0,"proxy":0,"hosting":0,"service":0}},"geometry":{"type":"Point","coordinates":[-110.96677,29.08874]}},{"type":"Feature","properties":{"country_code":"ESP","city":"Salamanca","geoname_id":"3111108","h3_hexagon":590974718106927103,"h3_resolution":3,"downloaders":{"size":5163,"mobile":2089,"satellite":0,"tor":0,"tor_exit_nodes":0,"vpn":6,"relay":0,"proxy":0,"hosting":0,"service":0},"uploaders":{"size":20,"mobile":2,"satellite":0,"tor":0,"tor_exit_nodes":0,"vpn":0,"relay":0,"proxy":0,"hosting":0,"service":0}},"geometry":{"type":"Point","coordinates":[-5.66388,40.96882]}},{"type":"Feature","properties":{"country_code":"USA","city":"Reserve","geoname_id":"4338615","h3_hexagon":591172698919403519,"h3_resolution":3,"downloaders":{"size":5135,"mobile":63,"satellite":0,"tor":0,"tor_exit_nodes":0,"vpn":497,"relay":1,"proxy":0,"hosting":256,"service":401},"uploaders":{"size":38,"mobile":4,"satellite":0,"tor":0,"tor_exit_nodes":0,"vpn":18,"relay":0,"proxy":0,"hosting":3,"service":18}},"geometry":{"type":"Point","coordinates":[-90.55175,30.05381]}},{"type":"Feature","properties":{"country_code":"MEX","city":"San Luis Potosí","geoname_id":"3985606","h3_hexagon":591266638444101631,"h3_resolution":3,"downloaders":{"size":5133,"mobile":0,"satellite":0,"tor":0,"tor_exit_nodes":0,"vpn":11,"relay":0,"proxy":0,"hosting":2,"service":0},"uploaders":{"size":21,"mobile":0,"satellite":0,"tor":0,"tor_exit_nodes":0,"vpn":0,"relay":0,"proxy":0,"hosting":0,"service":0}},"geometry":{"type":"Point","coordinates":[-100.97135,22.15234]}},{"type":"Feature","properties":{"country_code":"MEX","city":"Poza Rica de Hidalgo","geoname_id":"3521168","h3_hexagon":591265745090904063,"h3_resolution":3,"downloaders":{"size":5130,"mobile":0,"satellite":0,"tor":0,"tor_exit_nodes":0,"vpn":6,"relay":0,"proxy":0,"hosting":0,"service":0},"uploaders":{"size":11,"mobile":0,"satellite":0,"tor":0,"tor_exit_nodes":0,"vpn":0,"relay":0,"proxy":0,"hosting":0,"service":0}},"geometry":{"type":"Point","coordinates":[-97.45946,20.53315]}},{"type":"Feature","properties":{"country_code":"UKR","city":"Kropyvnytskyy","geoname_id":"705812","h3_hexagon":590503852252332031,"h3_resolution":3,"downloaders":{"size":5127,"mobile":1,"satellite":0,"tor":0,"tor_exit_nodes":0,"vpn":13,"relay":0,"proxy":0,"hosting":19,"service":1},"uploaders":{"size":5,"mobile":0,"satellite":0,"tor":0,"tor_exit_nodes":0,"vpn":0,"relay":0,"proxy":0,"hosting":0,"service":0}},"geometry":{"type":"Point","coordinates":[32.26618,48.50834]}},{"type":"Feature","properties":{"country_code":"MTQ","city":"Fort-de-France","geoname_id":"3570675","h3_hexagon":591630095756558335,"h3_resolution":3,"downloaders":{"size":5125,"mobile":4,"satellite":44,"tor":0,"tor_exit_nodes":0,"vpn":13,"relay":0,"proxy":4,"hosting":37,"service":0},"uploaders":{"size":45,"mobile":0,"satellite":2,"tor":0,"tor_exit_nodes":0,"vpn":0,"relay":0,"proxy":0,"hosting":0,"service":0}},"geometry":{"type":"Point","coordinates":[-61.07418,14.60365]}},{"type":"Feature","properties":{"country_code":"ROU","city":"Slobozia","geoname_id":"8581467","h3_hexagon":590515672002330623,"h3_resolution":3,"downloaders":{"size":5125,"mobile":1281,"satellite":0,"tor":0,"tor_exit_nodes":0,"vpn":6,"relay":0,"proxy":0,"hosting":0,"service":0},"uploaders":{"size":28,"mobile":0,"satellite":0,"tor":0,"tor_exit_nodes":0,"vpn":0,"relay":0,"proxy":0,"hosting":0,"service":0}},"geometry":{"type":"Point","coordinates":[27.3633,44.5647]}},{"type":"Feature","properties":{"country_code":"BRA","city":"Nossa Senhora do Socorro","geoname_id":"3456223","h3_hexagon":592252075740495871,"h3_resolution":3,"downloaders":{"size":5092,"mobile":7,"satellite":0,"tor":0,"tor_exit_nodes":0,"vpn":54,"relay":0,"proxy":0,"hosting":1,"service":0},"uploaders":{"size":58,"mobile":0,"satellite":0,"tor":0,"tor_exit_nodes":0,"vpn":0,"relay":0,"proxy":0,"hosting":0,"service":0}},"geometry":{"type":"Point","coordinates":[-37.12611,-10.855]}},{"type":"Feature","properties":{"country_code":"USA","city":"Louisville","geoname_id":"4299276","h3_hexagon":590647613397663743,"h3_resolution":3,"downloaders":{"size":5085,"mobile":7,"satellite":0,"tor":0,"tor_exit_nodes":0,"vpn":88,"relay":0,"proxy":0,"hosting":8,"service":5},"uploaders":{"size":47,"mobile":0,"satellite":0,"tor":0,"tor_exit_nodes":0,"vpn":2,"relay":0,"proxy":0,"hosting":0,"service":0}},"geometry":{"type":"Point","coordinates":[-85.5815,38.3045]}},{"type":"Feature","properties":{"country_code":"USA","city":"Cape Coral","geoname_id":"4149962","h3_hexagon":591169194226089983,"h3_resolution":3,"downloaders":{"size":5056,"mobile":46,"satellite":0,"tor":0,"tor_exit_nodes":0,"vpn":104,"relay":0,"proxy":0,"hosting":5,"service":0},"uploaders":{"size":29,"mobile":2,"satellite":0,"tor":0,"tor_exit_nodes":0,"vpn":7,"relay":0,"proxy":0,"hosting":0,"service":0}},"geometry":{"type":"Point","coordinates":[-81.94953,26.56285]}},{"type":"Feature","properties":{"country_code":"JPN","city":"Nagano","geoname_id":"1856215","h3_hexagon":590788900641832959,"h3_resolution":3,"downloaders":{"size":5042,"mobile":443,"satellite":0,"tor":0,"tor_exit_nodes":0,"vpn":119,"relay":0,"proxy":0,"hosting":1,"service":44},"uploaders":{"size":7,"mobile":1,"satellite":0,"tor":0,"tor_exit_nodes":0,"vpn":1,"relay":0,"proxy":0,"hosting":0,"service":0}},"geometry":{"type":"Point","coordinates":[138.18333,36.65]}},{"type":"Feature","properties":{"country_code":"BRA","city":"Três Pontas","geoname_id":"3446077","h3_hexagon":592938652032565247,"h3_resolution":3,"downloaders":{"size":5028,"mobile":27,"satellite":0,"tor":0,"tor_exit_nodes":0,"vpn":4,"relay":0,"proxy":0,"hosting":0,"service":0},"uploaders":{"size":20,"mobile":0,"satellite":0,"tor":0,"tor_exit_nodes":0,"vpn":0,"relay":0,"proxy":0,"hosting":0,"service":0}},"geometry":{"type":"Point","coordinates":[-45.5125,-21.36667]}},{"type":"Feature","properties":{"country_code":"POL","city":"Radom","geoname_id":"760778","h3_hexagon":590502409143320575,"h3_resolution":3,"downloaders":{"size":5027,"mobile":449,"satellite":0,"tor":0,"tor_exit_nodes":0,"vpn":83,"relay":0,"proxy":0,"hosting":51,"service":0},"uploaders":{"size":3,"mobile":0,"satellite":0,"tor":0,"tor_exit_nodes":0,"vpn":0,"relay":0,"proxy":0,"hosting":0,"service":0}},"geometry":{"type":"Point","coordinates":[21.14714,51.40253]}},{"type":"Feature","properties":{"country_code":"CHN","city":"Jinan","geoname_id":"1805753","h3_hexagon":590844151101128703,"h3_resolution":3,"downloaders":{"size":5006,"mobile":0,"satellite":0,"tor":0,"tor_exit_nodes":0,"vpn":144,"relay":0,"proxy":0,"hosting":0,"service":0},"uploaders":{"size":21,"mobile":0,"satellite":0,"tor":0,"tor_exit_nodes":0,"vpn":0,"relay":0,"proxy":0,"hosting":0,"service":0}},"geometry":{"type":"Point","coordinates":[116.99722,36.66833]}},{"type":"Feature","properties":{"country_code":"FRA","city":"Thiviers","geoname_id":"2972792","h3_hexagon":590401047915134975,"h3_resolution":3,"downloaders":{"size":5005,"mobile":1315,"satellite":0,"tor":0,"tor_exit_nodes":0,"vpn":8,"relay":0,"proxy":0,"hosting":0,"service":0},"uploaders":{"size":7,"mobile":3,"satellite":0,"tor":0,"tor_exit_nodes":0,"vpn":0,"relay":0,"proxy":0,"hosting":0,"service":0}},"geometry":{"type":"Point","coordinates":[0.92143,45.41763]}},{"type":"Feature","properties":{"country_code":"FRA","city":"Douzy","geoname_id":"3020871","h3_hexagon":590528110227619839,"h3_resolution":3,"downloaders":{"size":4992,"mobile":1170,"satellite":0,"tor":0,"tor_exit_nodes":0,"vpn":5,"relay":0,"proxy":0,"hosting":18,"service":0},"uploaders":{"size":3,"mobile":1,"satellite":0,"tor":0,"tor_exit_nodes":0,"vpn":0,"relay":0,"proxy":0,"hosting":0,"service":0}},"geometry":{"type":"Point","coordinates":[5.04156,49.6708]}},{"type":"Feature","properties":{"country_code":"IND","city":"Malappuram","geoname_id":"1264154","h3_hexagon":591660882082136063,"h3_resolution":3,"downloaders":{"size":4981,"mobile":296,"satellite":0,"tor":0,"tor_exit_nodes":0,"vpn":6,"relay":0,"proxy":0,"hosting":0,"service":0},"uploaders":{"size":7,"mobile":3,"satellite":0,"tor":0,"tor_exit_nodes":0,"vpn":0,"relay":0,"proxy":0,"hosting":0,"service":0}},"geometry":{"type":"Point","coordinates":[76.08154,11.04199]}},{"type":"Feature","properties":{"country_code":"ITA","city":"Crotone","geoname_id":"2524881","h3_hexagon":591082401526972415,"h3_resolution":3,"downloaders":{"size":4962,"mobile":103,"satellite":0,"tor":0,"tor_exit_nodes":0,"vpn":156,"relay":0,"proxy":0,"hosting":155,"service":152},"uploaders":{"size":27,"mobile":0,"satellite":0,"tor":0,"tor_exit_nodes":0,"vpn":16,"relay":0,"proxy":0,"hosting":16,"service":16}},"geometry":{"type":"Point","coordinates":[17.12764,39.08077]}},{"type":"Feature","properties":{"country_code":"POL","city":"Piła","geoname_id":"3089033","h3_hexagon":590517733586632703,"h3_resolution":3,"downloaders":{"size":4954,"mobile":299,"satellite":0,"tor":0,"tor_exit_nodes":0,"vpn":58,"relay":0,"proxy":0,"hosting":2,"service":1},"uploaders":{"size":9,"mobile":5,"satellite":0,"tor":0,"tor_exit_nodes":0,"vpn":0,"relay":0,"proxy":0,"hosting":0,"service":0}},"geometry":{"type":"Point","coordinates":[16.73782,53.15145]}},{"type":"Feature","properties":{"country_code":"DNK","city":"Sønderborg","geoname_id":"2613102","h3_hexagon":590520344926748671,"h3_resolution":3,"downloaders":{"size":4949,"mobile":106,"satellite":0,"tor":0,"tor_exit_nodes":0,"vpn":162,"relay":0,"proxy":0,"hosting":52,"service":0},"uploaders":{"size":16,"mobile":0,"satellite":0,"tor":0,"tor_exit_nodes":0,"vpn":0,"relay":0,"proxy":0,"hosting":0,"service":0}},"geometry":{"type":"Point","coordinates":[9.78917,54.90896]}},{"type":"Feature","properties":{"country_code":"FRA","city":"Béziers","geoname_id":"3032833","h3_hexagon":590981040298786815,"h3_resolution":3,"downloaders":{"size":4910,"mobile":1364,"satellite":0,"tor":0,"tor_exit_nodes":0,"vpn":35,"relay":0,"proxy":0,"hosting":0,"service":0},"uploaders":{"size":14,"mobile":2,"satellite":0,"tor":0,"tor_exit_nodes":0,"vpn":0,"relay":0,"proxy":0,"hosting":0,"service":0}},"geometry":{"type":"Point","coordinates":[3.21402,43.34122]}},{"type":"Feature","properties":{"country_code":"QAT","city":"Ar Rayyān","geoname_id":"289888","h3_hexagon":591439124330708991,"h3_resolution":3,"downloaders":{"size":4908,"mobile":619,"satellite":17,"tor":0,"tor_exit_nodes":0,"vpn":60,"relay":0,"proxy":0,"hosting":32,"service":32},"uploaders":{"size":60,"mobile":23,"satellite":0,"tor":0,"tor_exit_nodes":0,"vpn":6,"relay":0,"proxy":0,"hosting":6,"service":6}},"geometry":{"type":"Point","coordinates":[51.42444,25.29194]}},{"type":"Feature","properties":{"country_code":"JPN","city":"Shimada","geoname_id":"1852472","h3_hexagon":590804568682528767,"h3_resolution":3,"downloaders":{"size":4892,"mobile":180,"satellite":0,"tor":0,"tor_exit_nodes":0,"vpn":96,"relay":0,"proxy":0,"hosting":0,"service":56},"uploaders":{"size":7,"mobile":1,"satellite":0,"tor":0,"tor_exit_nodes":0,"vpn":0,"relay":0,"proxy":0,"hosting":0,"service":0}},"geometry":{"type":"Point","coordinates":[138.18333,34.81667]}},{"type":"Feature","properties":{"country_code":"BRA","city":"Eldorado do Sul","geoname_id":"6317055","h3_hexagon":592945523980238847,"h3_resolution":3,"downloaders":{"size":4879,"mobile":37,"satellite":0,"tor":0,"tor_exit_nodes":0,"vpn":10,"relay":0,"proxy":0,"hosting":0,"service":0},"uploaders":{"size":35,"mobile":1,"satellite":0,"tor":0,"tor_exit_nodes":0,"vpn":0,"relay":0,"proxy":0,"hosting":0,"service":0}},"geometry":{"type":"Point","coordinates":[-51.61611,-30.08389]}},{"type":"Feature","properties":{"country_code":"FRA","city":"Naintré","geoname_id":"2991036","h3_hexagon":590400979195658239,"h3_resolution":3,"downloaders":{"size":4852,"mobile":1520,"satellite":0,"tor":0,"tor_exit_nodes":0,"vpn":14,"relay":0,"proxy":0,"hosting":1,"service":0},"uploaders":{"size":11,"mobile":0,"satellite":0,"tor":0,"tor_exit_nodes":0,"vpn":0,"relay":0,"proxy":0,"hosting":0,"service":0}},"geometry":{"type":"Point","coordinates":[0.48303,46.76285]}},{"type":"Feature","properties":{"country_code":"MEX","city":"Ciudad Guzmán","geoname_id":"4013714","h3_hexagon":591267531797299199,"h3_resolution":3,"downloaders":{"size":4851,"mobile":1,"satellite":0,"tor":0,"tor_exit_nodes":0,"vpn":17,"relay":0,"proxy":0,"hosting":0,"service":0},"uploaders":{"size":88,"mobile":0,"satellite":0,"tor":0,"tor_exit_nodes":0,"vpn":0,"relay":0,"proxy":0,"hosting":0,"service":0}},"geometry":{"type":"Point","coordinates":[-103.46383,19.70413]}},{"type":"Feature","properties":{"country_code":"TUR","city":"Altınkum","geoname_id":"411563","h3_hexagon":591086662134530047,"h3_resolution":3,"downloaders":{"size":4842,"mobile":2290,"satellite":0,"tor":0,"tor_exit_nodes":0,"vpn":8,"relay":0,"proxy":0,"hosting":0,"service":0},"uploaders":{"size":4,"mobile":2,"satellite":0,"tor":0,"tor_exit_nodes":0,"vpn":0,"relay":0,"proxy":0,"hosting":0,"service":0}},"geometry":{"type":"Point","coordinates":[27.28786,37.35765]}},{"type":"Feature","properties":{"country_code":"BRA","city":"Imperatriz","geoname_id":"3398269","h3_hexagon":592247196657647615,"h3_resolution":3,"downloaders":{"size":4830,"mobile":0,"satellite":0,"tor":0,"tor_exit_nodes":0,"vpn":3,"relay":0,"proxy":0,"hosting":0,"service":0},"uploaders":{"size":7,"mobile":0,"satellite":0,"tor":0,"tor_exit_nodes":0,"vpn":0,"relay":0,"proxy":0,"hosting":0,"service":0}},"geometry":{"type":"Point","coordinates":[-47.49167,-5.52639]}},{"type":"Feature","properties":{"country_code":"HND","city":"Tegucigalpa","geoname_id":"3600949","h3_hexagon":591896040131526655,"h3_resolution":3,"downloaders":{"size":4791,"mobile":48,"satellite":48,"tor":0,"tor_exit_nodes":0,"vpn":55,"relay":0,"proxy":0,"hosting":208,"service":0},"uploaders":{"size":8,"mobile":0,"satellite":0,"tor":0,"tor_exit_nodes":0,"vpn":0,"relay":0,"proxy":0,"hosting":0,"service":0}},"geometry":{"type":"Point","coordinates":[-87.20681,14.0818]}},{"type":"Feature","properties":{"country_code":"ITA","city":"Cagliari","geoname_id":"2525473","h3_hexagon":590509418529947647,"h3_resolution":3,"downloaders":{"size":4765,"mobile":917,"satellite":0,"tor":0,"tor_exit_nodes":0,"vpn":10,"relay":0,"proxy":0,"hosting":0,"service":0},"uploaders":{"size":37,"mobile":0,"satellite":0,"tor":0,"tor_exit_nodes":0,"vpn":0,"relay":0,"proxy":0,"hosting":0,"service":0}},"geometry":{"type":"Point","coordinates":[9.11917,39.23054]}},{"type":"Feature","properties":{"country_code":"USA","city":"Brenham","geoname_id":"4676206","h3_hexagon":591175378978996223,"h3_resolution":3,"downloaders":{"size":4754,"mobile":65,"satellite":0,"tor":0,"tor_exit_nodes":0,"vpn":82,"relay":2,"proxy":0,"hosting":1206,"service":6},"uploaders":{"size":27,"mobile":0,"satellite":0,"tor":0,"tor_exit_nodes":0,"vpn":1,"relay":0,"proxy":0,"hosting":16,"service":0}},"geometry":{"type":"Point","coordinates":[-96.39774,30.16688]}},{"type":"Feature","properties":{"country_code":"USA","city":"Springfield","geoname_id":"4525353","h3_hexagon":590720387323527167,"h3_resolution":3,"downloaders":{"size":4750,"mobile":21,"satellite":0,"tor":0,"tor_exit_nodes":0,"vpn":33,"relay":1,"proxy":0,"hosting":1,"service":1},"uploaders":{"size":16,"mobile":0,"satellite":0,"tor":0,"tor_exit_nodes":0,"vpn":0,"relay":0,"proxy":0,"hosting":0,"service":0}},"geometry":{"type":"Point","coordinates":[-83.8343,39.9408]}},{"type":"Feature","properties":{"country_code":"GBR","city":"Morecambe","geoname_id":"2642214","h3_hexagon":590417265711644671,"h3_resolution":3,"downloaders":{"size":4740,"mobile":89,"satellite":0,"tor":0,"tor_exit_nodes":0,"vpn":25,"relay":0,"proxy":0,"hosting":0,"service":0},"uploaders":{"size":44,"mobile":0,"satellite":0,"tor":0,"tor_exit_nodes":0,"vpn":0,"relay":0,"proxy":0,"hosting":0,"service":0}},"geometry":{"type":"Point","coordinates":[-2.86108,54.06835]}},{"type":"Feature","properties":{"country_code":"USA","city":"Charlotte","geoname_id":"4460243","h3_hexagon":591182869401960447,"h3_resolution":3,"downloaders":{"size":4722,"mobile":0,"satellite":0,"tor":0,"tor_exit_nodes":0,"vpn":88,"relay":0,"proxy":0,"hosting":0,"service":0},"uploaders":{"size":22,"mobile":0,"satellite":0,"tor":0,"tor_exit_nodes":0,"vpn":0,"relay":0,"proxy":0,"hosting":0,"service":0}},"geometry":{"type":"Point","coordinates":[-80.8209,35.2886]}},{"type":"Feature","properties":{"country_code":"CHN","city":"Hohhot","geoname_id":"2036892","h3_hexagon":590846006527000575,"h3_resolution":3,"downloaders":{"size":4711,"mobile":0,"satellite":0,"tor":0,"tor_exit_nodes":0,"vpn":96,"relay":0,"proxy":0,"hosting":95,"service":0},"uploaders":{"size":7,"mobile":0,"satellite":0,"tor":0,"tor_exit_nodes":0,"vpn":0,"relay":0,"proxy":0,"hosting":4,"service":0}},"geometry":{"type":"Point","coordinates":[111.65222,40.81056]}},{"type":"Feature","properties":{"country_code":"USA","city":"Myers Corner","geoname_id":"5128238","h3_hexagon":590712003547365375,"h3_resolution":3,"downloaders":{"size":4706,"mobile":12,"satellite":0,"tor":0,"tor_exit_nodes":0,"vpn":19,"relay":0,"proxy":0,"hosting":1,"service":0},"uploaders":{"size":18,"mobile":3,"satellite":0,"tor":0,"tor_exit_nodes":0,"vpn":0,"relay":0,"proxy":0,"hosting":0,"service":0}},"geometry":{"type":"Point","coordinates":[-73.87291,41.6062]}},{"type":"Feature","properties":{"country_code":"BRA","city":"São Luís","geoname_id":"3388368","h3_hexagon":592223969474510847,"h3_resolution":3,"downloaders":{"size":4705,"mobile":83,"satellite":0,"tor":0,"tor_exit_nodes":0,"vpn":41,"relay":0,"proxy":0,"hosting":0,"service":0},"uploaders":{"size":14,"mobile":1,"satellite":0,"tor":0,"tor_exit_nodes":0,"vpn":0,"relay":0,"proxy":0,"hosting":0,"service":0}},"geometry":{"type":"Point","coordinates":[-44.30278,-2.52972]}},{"type":"Feature","properties":{"country_code":"SWE","city":"Växjö","geoname_id":"2663536","h3_hexagon":590520001329364991,"h3_resolution":3,"downloaders":{"size":4698,"mobile":38,"satellite":0,"tor":7,"tor_exit_nodes":0,"vpn":24,"relay":0,"proxy":0,"hosting":10,"service":0},"uploaders":{"size":24,"mobile":0,"satellite":0,"tor":0,"tor_exit_nodes":0,"vpn":0,"relay":0,"proxy":0,"hosting":0,"service":0}},"geometry":{"type":"Point","coordinates":[14.80906,56.87767]}},{"type":"Feature","properties":{"country_code":"SWE","city":"Gävle","geoname_id":"2712414","h3_hexagon":590121497083772927,"h3_resolution":3,"downloaders":{"size":4671,"mobile":48,"satellite":0,"tor":0,"tor_exit_nodes":0,"vpn":145,"relay":0,"proxy":0,"hosting":303,"service":0},"uploaders":{"size":33,"mobile":0,"satellite":0,"tor":0,"tor_exit_nodes":0,"vpn":0,"relay":0,"proxy":0,"hosting":19,"service":0}},"geometry":{"type":"Point","coordinates":[17.14174,60.67452]}},{"type":"Feature","properties":{"country_code":"BRA","city":"São João do Sul","geoname_id":"3454860","h3_hexagon":592946692211343359,"h3_resolution":3,"downloaders":{"size":4651,"mobile":6,"satellite":0,"tor":0,"tor_exit_nodes":0,"vpn":14,"relay":0,"proxy":0,"hosting":0,"service":0},"uploaders":{"size":8,"mobile":0,"satellite":0,"tor":0,"tor_exit_nodes":0,"vpn":0,"relay":0,"proxy":0,"hosting":0,"service":0}},"geometry":{"type":"Point","coordinates":[-49.81,-29.22333]}},{"type":"Feature","properties":{"country_code":"USA","city":"Findlay","geoname_id":"5153924","h3_hexagon":590720662201434111,"h3_resolution":3,"downloaders":{"size":4644,"mobile":424,"satellite":0,"tor":0,"tor_exit_nodes":0,"vpn":537,"relay":0,"proxy":0,"hosting":523,"service":516},"uploaders":{"size":99,"mobile":2,"satellite":0,"tor":0,"tor_exit_nodes":0,"vpn":39,"relay":0,"proxy":0,"hosting":43,"service":39}},"geometry":{"type":"Point","coordinates":[-83.6457,41.0449]}},{"type":"Feature","properties":{"country_code":"CAN","city":"Belleville","geoname_id":"5897884","h3_hexagon":590738872862769151,"h3_resolution":3,"downloaders":{"size":4635,"mobile":357,"satellite":0,"tor":0,"tor_exit_nodes":0,"vpn":23,"relay":0,"proxy":0,"hosting":3,"service":0},"uploaders":{"size":78,"mobile":9,"satellite":0,"tor":0,"tor_exit_nodes":0,"vpn":0,"relay":0,"proxy":0,"hosting":0,"service":0}},"geometry":{"type":"Point","coordinates":[-77.38277,44.16682]}},{"type":"Feature","properties":{"country_code":"POL","city":"Rumia","geoname_id":"3086706","h3_hexagon":590524811692736511,"h3_resolution":3,"downloaders":{"size":4616,"mobile":218,"satellite":0,"tor":0,"tor_exit_nodes":0,"vpn":203,"relay":0,"proxy":0,"hosting":7,"service":0},"uploaders":{"size":20,"mobile":1,"satellite":0,"tor":0,"tor_exit_nodes":0,"vpn":0,"relay":0,"proxy":0,"hosting":0,"service":0}},"geometry":{"type":"Point","coordinates":[18.38802,54.57092]}},{"type":"Feature","properties":{"country_code":"BRA","city":"Rio Grande","geoname_id":"3451138","h3_hexagon":592947860442447871,"h3_resolution":3,"downloaders":{"size":4614,"mobile":2,"satellite":0,"tor":0,"tor_exit_nodes":0,"vpn":11,"relay":0,"proxy":0,"hosting":0,"service":0},"uploaders":{"size":24,"mobile":0,"satellite":0,"tor":0,"tor_exit_nodes":0,"vpn":0,"relay":0,"proxy":0,"hosting":0,"service":0}},"geometry":{"type":"Point","coordinates":[-52.09861,-32.035]}},{"type":"Feature","properties":{"country_code":"CAN","city":"Dartmouth","geoname_id":"5935277","h3_hexagon":590728152624398335,"h3_resolution":3,"downloaders":{"size":4613,"mobile":454,"satellite":0,"tor":0,"tor_exit_nodes":0,"vpn":13,"relay":1,"proxy":0,"hosting":51,"service":12},"uploaders":{"size":53,"mobile":1,"satellite":0,"tor":0,"tor_exit_nodes":0,"vpn":0,"relay":0,"proxy":0,"hosting":1,"service":0}},"geometry":{"type":"Point","coordinates":[-63.57719,44.67134]}},{"type":"Feature","properties":{"country_code":"ITA","city":"Perugia","geoname_id":"3171180","h3_hexagon":590508456457273343,"h3_resolution":3,"downloaders":{"size":4592,"mobile":96,"satellite":0,"tor":0,"tor_exit_nodes":0,"vpn":263,"relay":0,"proxy":0,"hosting":687,"service":153},"uploaders":{"size":32,"mobile":7,"satellite":0,"tor":0,"tor_exit_nodes":0,"vpn":9,"relay":0,"proxy":0,"hosting":8,"service":8}},"geometry":{"type":"Point","coordinates":[12.38878,43.1122]}},{"type":"Feature","properties":{"country_code":"USA","city":"Spokane Valley","geoname_id":"5811729","h3_hexagon":590303328819216383,"h3_resolution":3,"downloaders":{"size":4588,"mobile":6,"satellite":0,"tor":4,"tor_exit_nodes":0,"vpn":77,"relay":0,"proxy":0,"hosting":1032,"service":25},"uploaders":{"size":107,"mobile":0,"satellite":0,"tor":0,"tor_exit_nodes":0,"vpn":0,"relay":0,"proxy":0,"hosting":58,"service":0}},"geometry":{"type":"Point","coordinates":[-117.23937,47.67323]}},{"type":"Feature","properties":{"country_code":"ROU","city":"Târgu Jiu","geoname_id":"665010","h3_hexagon":590514778649133055,"h3_resolution":3,"downloaders":{"size":4562,"mobile":2165,"satellite":0,"tor":0,"tor_exit_nodes":0,"vpn":7,"relay":0,"proxy":0,"hosting":7,"service":0},"uploaders":{"size":4,"mobile":3,"satellite":0,"tor":0,"tor_exit_nodes":0,"vpn":0,"relay":0,"proxy":0,"hosting":0,"service":0}},"geometry":{"type":"Point","coordinates":[23.28333,45.05]}},{"type":"Feature","properties":{"country_code":"SWE","city":"Trollhättan","geoname_id":"2667303","h3_hexagon":590124726899179519,"h3_resolution":3,"downloaders":{"size":4561,"mobile":617,"satellite":0,"tor":0,"tor_exit_nodes":0,"vpn":294,"relay":0,"proxy":0,"hosting":24,"service":111},"uploaders":{"size":35,"mobile":24,"satellite":0,"tor":0,"tor_exit_nodes":0,"vpn":9,"relay":0,"proxy":0,"hosting":0,"service":2}},"geometry":{"type":"Point","coordinates":[12.28864,58.28365]}},{"type":"Feature","properties":{"country_code":"USA","city":"Annville","geoname_id":"5178351","h3_hexagon":590721555554631679,"h3_resolution":3,"downloaders":{"size":4525,"mobile":0,"satellite":0,"tor":0,"tor_exit_nodes":0,"vpn":10,"relay":0,"proxy":0,"hosting":22,"service":0},"uploaders":{"size":34,"mobile":0,"satellite":0,"tor":0,"tor_exit_nodes":0,"vpn":0,"relay":0,"proxy":0,"hosting":0,"service":0}},"geometry":{"type":"Point","coordinates":[-76.51524,40.32954]}},{"type":"Feature","properties":{"country_code":"AUT","city":"Zwettl Stadt","geoname_id":"2760416","h3_hexagon":590502890179657727,"h3_resolution":3,"downloaders":{"size":4521,"mobile":27,"satellite":0,"tor":0,"tor_exit_nodes":0,"vpn":213,"relay":0,"proxy":0,"hosting":825,"service":0},"uploaders":{"size":16,"mobile":0,"satellite":0,"tor":0,"tor_exit_nodes":0,"vpn":0,"relay":0,"proxy":0,"hosting":3,"service":0}},"geometry":{"type":"Point","coordinates":[15.16714,48.60726]}},{"type":"Feature","properties":{"country_code":"USA","city":"Signal Mountain","geoname_id":"4657633","h3_hexagon":591181976048762879,"h3_resolution":3,"downloaders":{"size":4521,"mobile":0,"satellite":0,"tor":0,"tor_exit_nodes":0,"vpn":94,"relay":0,"proxy":0,"hosting":72,"service":0},"uploaders":{"size":65,"mobile":0,"satellite":0,"tor":0,"tor_exit_nodes":0,"vpn":0,"relay":0,"proxy":0,"hosting":0,"service":0}},"geometry":{"type":"Point","coordinates":[-85.34385,35.12257]}},{"type":"Feature","properties":{"country_code":"CAN","city":"Regina","geoname_id":"6119109","h3_hexagon":590668710277021695,"h3_resolution":3,"downloaders":{"size":4515,"mobile":2051,"satellite":125,"tor":0,"tor_exit_nodes":0,"vpn":14,"relay":0,"proxy":0,"hosting":0,"service":0},"uploaders":{"size":29,"mobile":16,"satellite":0,"tor":0,"tor_exit_nodes":0,"vpn":0,"relay":0,"proxy":0,"hosting":0,"service":0}},"geometry":{"type":"Point","coordinates":[-104.6178,50.45008]}},{"type":"Feature","properties":{"country_code":"DEU","city":"Rosenheim","geoname_id":"2844988","h3_hexagon":590526392240701439,"h3_resolution":3,"downloaders":{"size":4514,"mobile":192,"satellite":0,"tor":0,"tor_exit_nodes":0,"vpn":195,"relay":0,"proxy":0,"hosting":115,"service":0},"uploaders":{"size":44,"mobile":3,"satellite":0,"tor":0,"tor_exit_nodes":0,"vpn":21,"relay":0,"proxy":0,"hosting":14,"service":0}},"geometry":{"type":"Point","coordinates":[12.12247,47.85637]}},{"type":"Feature","properties":{"country_code":"AUT","city":"Innsbruck","geoname_id":"2775220","h3_hexagon":590526323521224703,"h3_resolution":3,"downloaders":{"size":4513,"mobile":156,"satellite":0,"tor":0,"tor_exit_nodes":0,"vpn":112,"relay":0,"proxy":0,"hosting":28,"service":0},"uploaders":{"size":12,"mobile":4,"satellite":0,"tor":0,"tor_exit_nodes":0,"vpn":0,"relay":0,"proxy":0,"hosting":0,"service":0}},"geometry":{"type":"Point","coordinates":[11.39454,47.26266]}},{"type":"Feature","properties":{"country_code":"USA","city":"Wichita","geoname_id":"4281730","h3_hexagon":590655722295918591,"h3_resolution":3,"downloaders":{"size":4505,"mobile":37,"satellite":0,"tor":0,"tor_exit_nodes":0,"vpn":146,"relay":2,"proxy":0,"hosting":127,"service":67},"uploaders":{"size":63,"mobile":1,"satellite":0,"tor":0,"tor_exit_nodes":0,"vpn":11,"relay":1,"proxy":0,"hosting":12,"service":8}},"geometry":{"type":"Point","coordinates":[-97.33754,37.69224]}},{"type":"Feature","properties":{"country_code":"RUS","city":"Norilsk","geoname_id":"1497337","h3_hexagon":590155513224757247,"h3_resolution":3,"downloaders":{"size":4499,"mobile":23,"satellite":0,"tor":0,"tor_exit_nodes":0,"vpn":2,"relay":0,"proxy":0,"hosting":0,"service":0},"uploaders":{"size":7,"mobile":0,"satellite":0,"tor":0,"tor_exit_nodes":0,"vpn":0,"relay":0,"proxy":0,"hosting":0,"service":0}},"geometry":{"type":"Point","coordinates":[88.2027,69.3535]}},{"type":"Feature","properties":{"country_code":"MEX","city":"Zacatecas","geoname_id":"3979844","h3_hexagon":591265195335090175,"h3_resolution":3,"downloaders":{"size":4498,"mobile":0,"satellite":0,"tor":0,"tor_exit_nodes":0,"vpn":11,"relay":0,"proxy":0,"hosting":31,"service":0},"uploaders":{"size":9,"mobile":0,"satellite":0,"tor":0,"tor_exit_nodes":0,"vpn":0,"relay":0,"proxy":0,"hosting":3,"service":0}},"geometry":{"type":"Point","coordinates":[-102.58141,22.76843]}},{"type":"Feature","properties":{"country_code":"USA","city":"Marysville","geoname_id":"5802570","h3_hexagon":590689600997949439,"h3_resolution":3,"downloaders":{"size":4477,"mobile":1,"satellite":0,"tor":0,"tor_exit_nodes":0,"vpn":433,"relay":1,"proxy":0,"hosting":391,"service":391},"uploaders":{"size":77,"mobile":0,"satellite":0,"tor":0,"tor_exit_nodes":0,"vpn":6,"relay":0,"proxy":0,"hosting":6,"service":6}},"geometry":{"type":"Point","coordinates":[-122.17708,48.05176]}},{"type":"Feature","properties":{"country_code":"DZA","city":"M'Sila","geoname_id":"2486690","h3_hexagon":590964478904893439,"h3_resolution":3,"downloaders":{"size":4476,"mobile":2,"satellite":0,"tor":0,"tor_exit_nodes":0,"vpn":1,"relay":0,"proxy":0,"hosting":0,"service":0},"uploaders":{"size":82,"mobile":0,"satellite":0,"tor":0,"tor_exit_nodes":0,"vpn":0,"relay":0,"proxy":0,"hosting":0,"service":0}},"geometry":{"type":"Point","coordinates":[4.53722,35.70889]}},{"type":"Feature","properties":{"country_code":"MEX","city":"Saltillo","geoname_id":"3988086","h3_hexagon":591249252416487423,"h3_resolution":3,"downloaders":{"size":4469,"mobile":3,"satellite":0,"tor":0,"tor_exit_nodes":0,"vpn":7,"relay":0,"proxy":0,"hosting":0,"service":0},"uploaders":{"size":11,"mobile":0,"satellite":0,"tor":0,"tor_exit_nodes":0,"vpn":0,"relay":0,"proxy":0,"hosting":0,"service":0}},"geometry":{"type":"Point","coordinates":[-100.97963,25.42595]}},{"type":"Feature","properties":{"country_code":"BRA","city":"Araguari","geoname_id":"3471830","h3_hexagon":592943668554366975,"h3_resolution":3,"downloaders":{"size":4445,"mobile":115,"satellite":0,"tor":0,"tor_exit_nodes":0,"vpn":3,"relay":0,"proxy":0,"hosting":0,"service":0},"uploaders":{"size":3,"mobile":0,"satellite":0,"tor":0,"tor_exit_nodes":0,"vpn":0,"relay":0,"proxy":0,"hosting":0,"service":0}},"geometry":{"type":"Point","coordinates":[-48.18722,-18.64722]}},{"type":"Feature","properties":{"country_code":"NOR","city":"Skien","geoname_id":"3139075","h3_hexagon":590140394939875327,"h3_resolution":3,"downloaders":{"size":4422,"mobile":7,"satellite":0,"tor":0,"tor_exit_nodes":0,"vpn":113,"relay":0,"proxy":0,"hosting":0,"service":0},"uploaders":{"size":9,"mobile":0,"satellite":0,"tor":0,"tor_exit_nodes":0,"vpn":0,"relay":0,"proxy":0,"hosting":0,"service":0}},"geometry":{"type":"Point","coordinates":[9.60897,59.20962]}},{"type":"Feature","properties":{"country_code":"BRA","city":"Rondonópolis","geoname_id":"3450909","h3_hexagon":592933291913379839,"h3_resolution":3,"downloaders":{"size":4414,"mobile":167,"satellite":0,"tor":0,"tor_exit_nodes":0,"vpn":6,"relay":0,"proxy":0,"hosting":0,"service":0},"uploaders":{"size":7,"mobile":0,"satellite":0,"tor":0,"tor_exit_nodes":0,"vpn":0,"relay":0,"proxy":0,"hosting":0,"service":0}},"geometry":{"type":"Point","coordinates":[-54.63556,-16.47083]}},{"type":"Feature","properties":{"country_code":"ESP","city":"Valdepeñas","geoname_id":"2509982","h3_hexagon":590974924265357311,"h3_resolution":3,"downloaders":{"size":4413,"mobile":1644,"satellite":0,"tor":0,"tor_exit_nodes":0,"vpn":11,"relay":0,"proxy":0,"hosting":0,"service":0},"uploaders":{"size":14,"mobile":8,"satellite":0,"tor":0,"tor_exit_nodes":0,"vpn":0,"relay":0,"proxy":0,"hosting":0,"service":0}},"geometry":{"type":"Point","coordinates":[-3.38483,38.76211]}},{"type":"Feature","properties":{"country_code":"FRA","city":"Agen","geoname_id":"3038634","h3_hexagon":590981246457217023,"h3_resolution":3,"downloaders":{"size":4407,"mobile":1478,"satellite":0,"tor":0,"tor_exit_nodes":0,"vpn":0,"relay":0,"proxy":0,"hosting":0,"service":0},"uploaders":{"size":3,"mobile":2,"satellite":0,"tor":0,"tor_exit_nodes":0,"vpn":0,"relay":0,"proxy":0,"hosting":0,"service":0}},"geometry":{"type":"Point","coordinates":[0.62055,44.20199]}},{"type":"Feature","properties":{"country_code":"BRA","city":"Ananindeua","geoname_id":"3407669","h3_hexagon":592228230082068479,"h3_resolution":3,"downloaders":{"size":4399,"mobile":9,"satellite":0,"tor":0,"tor_exit_nodes":0,"vpn":26,"relay":0,"proxy":0,"hosting":0,"service":0},"uploaders":{"size":6,"mobile":0,"satellite":0,"tor":0,"tor_exit_nodes":0,"vpn":0,"relay":0,"proxy":0,"hosting":0,"service":0}},"geometry":{"type":"Point","coordinates":[-48.37222,-1.36556]}},{"type":"Feature","properties":{"country_code":"USA","city":"Des Moines","geoname_id":"4853828","h3_hexagon":590641016327897087,"h3_resolution":3,"downloaders":{"size":4381,"mobile":1,"satellite":0,"tor":0,"tor_exit_nodes":0,"vpn":1143,"relay":0,"proxy":0,"hosting":1050,"service":1033},"uploaders":{"size":59,"mobile":0,"satellite":0,"tor":0,"tor_exit_nodes":0,"vpn":52,"relay":0,"proxy":0,"hosting":54,"service":52}},"geometry":{"type":"Point","coordinates":[-93.60911,41.60054]}},{"type":"Feature","properties":{"country_code":"RUS","city":"Glazov","geoname_id":"561347","h3_hexagon":590254950307594239,"h3_resolution":3,"downloaders":{"size":4363,"mobile":0,"satellite":0,"tor":0,"tor_exit_nodes":0,"vpn":5,"relay":0,"proxy":0,"hosting":0,"service":0},"uploaders":{"size":129,"mobile":0,"satellite":0,"tor":0,"tor_exit_nodes":0,"vpn":0,"relay":0,"proxy":0,"hosting":0,"service":0}},"geometry":{"type":"Point","coordinates":[52.65619,58.14]}},{"type":"Feature","properties":{"country_code":"CHN","city":"Haikou","geoname_id":"1809078","h3_hexagon":591122946018246655,"h3_resolution":3,"downloaders":{"size":4352,"mobile":0,"satellite":0,"tor":0,"tor_exit_nodes":0,"vpn":63,"relay":0,"proxy":0,"hosting":0,"service":0},"uploaders":{"size":178,"mobile":0,"satellite":0,"tor":0,"tor_exit_nodes":0,"vpn":0,"relay":0,"proxy":0,"hosting":0,"service":0}},"geometry":{"type":"Point","coordinates":[110.34651,20.03421]}},{"type":"Feature","properties":{"country_code":"BRA","city":"Passo Fundo","geoname_id":"3454857","h3_hexagon":592945455260762111,"h3_resolution":3,"downloaders":{"size":4351,"mobile":16,"satellite":0,"tor":0,"tor_exit_nodes":0,"vpn":16,"relay":0,"proxy":0,"hosting":0,"service":0},"uploaders":{"size":28,"mobile":0,"satellite":0,"tor":0,"tor_exit_nodes":0,"vpn":0,"relay":0,"proxy":0,"hosting":0,"service":0}},"geometry":{"type":"Point","coordinates":[-52.40667,-28.26278]}},{"type":"Feature","properties":{"country_code":"ROU","city":"Hunedoara","geoname_id":"675918","h3_hexagon":590515053527039999,"h3_resolution":3,"downloaders":{"size":4348,"mobile":973,"satellite":0,"tor":0,"tor_exit_nodes":0,"vpn":41,"relay":0,"proxy":0,"hosting":0,"service":0},"uploaders":{"size":65,"mobile":20,"satellite":0,"tor":0,"tor_exit_nodes":0,"vpn":0,"relay":0,"proxy":0,"hosting":0,"service":0}},"geometry":{"type":"Point","coordinates":[22.9,45.75]}},{"type":"Feature","properties":{"country_code":"THA","city":"Bang Lamung","geoname_id":"1619423","h3_hexagon":591757913983287295,"h3_resolution":3,"downloaders":{"size":4344,"mobile":1242,"satellite":0,"tor":0,"tor_exit_nodes":0,"vpn":96,"relay":0,"proxy":0,"hosting":21,"service":29},"uploaders":{"size":44,"mobile":3,"satellite":0,"tor":0,"tor_exit_nodes":0,"vpn":0,"relay":0,"proxy":0,"hosting":0,"service":0}},"geometry":{"type":"Point","coordinates":[100.92891,13.04704]}},{"type":"Feature","properties":{"country_code":"USA","city":"New Albany","geoname_id":"4262045","h3_hexagon":590647269800280063,"h3_resolution":3,"downloaders":{"size":4335,"mobile":142,"satellite":0,"tor":0,"tor_exit_nodes":0,"vpn":270,"relay":2,"proxy":0,"hosting":236,"service":196},"uploaders":{"size":74,"mobile":4,"satellite":0,"tor":0,"tor_exit_nodes":0,"vpn":9,"relay":0,"proxy":0,"hosting":9,"service":9}},"geometry":{"type":"Point","coordinates":[-85.8221,38.3089]}},{"type":"Feature","properties":{"country_code":"UKR","city":"Beregovoye","geoname_id":"712427","h3_hexagon":590766085775556607,"h3_resolution":3,"downloaders":{"size":4328,"mobile":0,"satellite":0,"tor":0,"tor_exit_nodes":0,"vpn":425,"relay":0,"proxy":0,"hosting":116,"service":405},"uploaders":{"size":4,"mobile":0,"satellite":0,"tor":0,"tor_exit_nodes":0,"vpn":0,"relay":0,"proxy":0,"hosting":0,"service":0}},"geometry":{"type":"Point","coordinates":[35.43385,45.0947]}},{"type":"Feature","properties":{"country_code":"DZA","city":"’Aïn Benian","geoname_id":"2508275","h3_hexagon":590980559262449663,"h3_resolution":3,"downloaders":{"size":4312,"mobile":105,"satellite":0,"tor":0,"tor_exit_nodes":0,"vpn":31,"relay":0,"proxy":0,"hosting":31,"service":31},"uploaders":{"size":49,"mobile":1,"satellite":0,"tor":0,"tor_exit_nodes":0,"vpn":8,"relay":0,"proxy":0,"hosting":8,"service":8}},"geometry":{"type":"Point","coordinates":[2.92185,36.80277]}},{"type":"Feature","properties":{"country_code":"FIN","city":"Tampere","geoname_id":"634963","h3_hexagon":590273160968929279,"h3_resolution":3,"downloaders":{"size":4306,"mobile":309,"satellite":0,"tor":0,"tor_exit_nodes":0,"vpn":34,"relay":0,"proxy":0,"hosting":0,"service":0},"uploaders":{"size":38,"mobile":20,"satellite":0,"tor":0,"tor_exit_nodes":0,"vpn":0,"relay":0,"proxy":0,"hosting":0,"service":0}},"geometry":{"type":"Point","coordinates":[23.78712,61.49911]}},{"type":"Feature","properties":{"country_code":"CHL","city":"Quilpué","geoname_id":"3874096","h3_hexagon":593116498038358015,"h3_resolution":3,"downloaders":{"size":4300,"mobile":997,"satellite":0,"tor":0,"tor_exit_nodes":0,"vpn":23,"relay":0,"proxy":0,"hosting":189,"service":20},"uploaders":{"size":117,"mobile":36,"satellite":0,"tor":0,"tor_exit_nodes":0,"vpn":0,"relay":0,"proxy":0,"hosting":0,"service":0}},"geometry":{"type":"Point","coordinates":[-71.44249,-33.04752]}},{"type":"Feature","properties":{"country_code":"USA","city":"Loveland","geoname_id":"5579368","h3_hexagon":590651805285744639,"h3_resolution":3,"downloaders":{"size":4300,"mobile":0,"satellite":0,"tor":0,"tor_exit_nodes":0,"vpn":51,"relay":16,"proxy":0,"hosting":26,"service":30},"uploaders":{"size":27,"mobile":0,"satellite":0,"tor":0,"tor_exit_nodes":0,"vpn":0,"relay":1,"proxy":0,"hosting":1,"service":1}},"geometry":{"type":"Point","coordinates":[-105.07498,40.39776]}},{"type":"Feature","properties":{"country_code":"UKR","city":"Brovary","geoname_id":"711390","h3_hexagon":590506051275587583,"h3_resolution":3,"downloaders":{"size":4292,"mobile":1,"satellite":0,"tor":0,"tor_exit_nodes":0,"vpn":103,"relay":0,"proxy":0,"hosting":271,"service":0},"uploaders":{"size":13,"mobile":0,"satellite":0,"tor":0,"tor_exit_nodes":0,"vpn":1,"relay":0,"proxy":0,"hosting":0,"service":0}},"geometry":{"type":"Point","coordinates":[30.80671,50.51809]}},{"type":"Feature","properties":{"country_code":"ESP","city":"Santa Cruz de Tenerife","geoname_id":"2511174","h3_hexagon":590891636259553279,"h3_resolution":3,"downloaders":{"size":4272,"mobile":942,"satellite":0,"tor":0,"tor_exit_nodes":0,"vpn":16,"relay":0,"proxy":0,"hosting":1,"service":0},"uploaders":{"size":49,"mobile":9,"satellite":0,"tor":0,"tor_exit_nodes":0,"vpn":0,"relay":0,"proxy":0,"hosting":0,"service":0}},"geometry":{"type":"Point","coordinates":[-16.25462,28.46824]}},{"type":"Feature","properties":{"country_code":"DEU","city":"Neumünster","geoname_id":"2864475","h3_hexagon":590517389989249023,"h3_resolution":3,"downloaders":{"size":4268,"mobile":131,"satellite":0,"tor":0,"tor_exit_nodes":0,"vpn":38,"relay":2,"proxy":0,"hosting":10,"service":2},"uploaders":{"size":22,"mobile":0,"satellite":0,"tor":0,"tor_exit_nodes":0,"vpn":0,"relay":0,"proxy":0,"hosting":0,"service":0}},"geometry":{"type":"Point","coordinates":[9.98456,54.07399]}},{"type":"Feature","properties":{"country_code":"CAN","city":"Moncton","geoname_id":"6076211","h3_hexagon":590728083904921599,"h3_resolution":3,"downloaders":{"size":4258,"mobile":249,"satellite":0,"tor":0,"tor_exit_nodes":0,"vpn":12,"relay":0,"proxy":0,"hosting":0,"service":0},"uploaders":{"size":48,"mobile":6,"satellite":0,"tor":0,"tor_exit_nodes":0,"vpn":0,"relay":0,"proxy":0,"hosting":0,"service":0}},"geometry":{"type":"Point","coordinates":[-64.7965,46.09454]}},{"type":"Feature","properties":{"country_code":"RUS","city":"Kachkanar","geoname_id":"554599","h3_hexagon":590266632618639359,"h3_resolution":3,"downloaders":{"size":4235,"mobile":3644,"satellite":0,"tor":0,"tor_exit_nodes":0,"vpn":192,"relay":0,"proxy":0,"hosting":0,"service":3},"uploaders":{"size":12,"mobile":12,"satellite":0,"tor":0,"tor_exit_nodes":0,"vpn":0,"relay":0,"proxy":0,"hosting":0,"service":0}},"geometry":{"type":"Point","coordinates":[59.4839,58.7002]}},{"type":"Feature","properties":{"country_code":"FRA","city":"Morlaix","geoname_id":"2991772","h3_hexagon":590401597670948863,"h3_resolution":3,"downloaders":{"size":4228,"mobile":1251,"satellite":0,"tor":0,"tor_exit_nodes":0,"vpn":7,"relay":0,"proxy":0,"hosting":1,"service":0},"uploaders":{"size":18,"mobile":12,"satellite":0,"tor":0,"tor_exit_nodes":0,"vpn":0,"relay":0,"proxy":0,"hosting":0,"service":0}},"geometry":{"type":"Point","coordinates":[-3.82792,48.57784]}},{"type":"Feature","properties":{"country_code":"USA","city":"Thornton","geoname_id":"5441492","h3_hexagon":590648987787198463,"h3_resolution":3,"downloaders":{"size":4212,"mobile":0,"satellite":0,"tor":0,"tor_exit_nodes":0,"vpn":128,"relay":1,"proxy":0,"hosting":91,"service":82},"uploaders":{"size":35,"mobile":0,"satellite":0,"tor":0,"tor_exit_nodes":0,"vpn":7,"relay":0,"proxy":0,"hosting":7,"service":7}},"geometry":{"type":"Point","coordinates":[-104.97192,39.86804]}},{"type":"Feature","properties":{"country_code":"USA","city":"Fort Wayne","geoname_id":"4920423","h3_hexagon":590720799640387583,"h3_resolution":3,"downloaders":{"size":4208,"mobile":0,"satellite":0,"tor":0,"tor_exit_nodes":0,"vpn":69,"relay":0,"proxy":0,"hosting":42,"service":10},"uploaders":{"size":71,"mobile":0,"satellite":0,"tor":0,"tor_exit_nodes":0,"vpn":11,"relay":0,"proxy":0,"hosting":4,"service":0}},"geometry":{"type":"Point","coordinates":[-85.12886,41.1306]}},{"type":"Feature","properties":{"country_code":"BOL","city":"La Paz","geoname_id":"3911925","h3_hexagon":593122888949694463,"h3_resolution":3,"downloaders":{"size":4185,"mobile":1865,"satellite":0,"tor":0,"tor_exit_nodes":0,"vpn":31,"relay":0,"proxy":0,"hosting":27,"service":27},"uploaders":{"size":288,"mobile":210,"satellite":0,"tor":0,"tor_exit_nodes":0,"vpn":4,"relay":0,"proxy":0,"hosting":4,"service":4}},"geometry":{"type":"Point","coordinates":[-68.15,-16.5]}},{"type":"Feature","properties":{"country_code":"SWE","city":"Åkersberga","geoname_id":"2727234","h3_hexagon":590121290925342719,"h3_resolution":3,"downloaders":{"size":4181,"mobile":131,"satellite":0,"tor":0,"tor_exit_nodes":0,"vpn":1517,"relay":0,"proxy":0,"hosting":1478,"service":1476},"uploaders":{"size":115,"mobile":0,"satellite":0,"tor":0,"tor_exit_nodes":0,"vpn":107,"relay":0,"proxy":0,"hosting":106,"service":107}},"geometry":{"type":"Point","coordinates":[18.29967,59.47944]}},{"type":"Feature","properties":{"country_code":"ITA","city":"Avellino","geoname_id":"3182650","h3_hexagon":590509143652040703,"h3_resolution":3,"downloaders":{"size":4177,"mobile":371,"satellite":0,"tor":0,"tor_exit_nodes":0,"vpn":25,"relay":1,"proxy":0,"hosting":3,"service":3},"uploaders":{"size":16,"mobile":2,"satellite":0,"tor":0,"tor_exit_nodes":0,"vpn":0,"relay":0,"proxy":0,"hosting":0,"service":0}},"geometry":{"type":"Point","coordinates":[14.79103,40.91494]}},{"type":"Feature","properties":{"country_code":"UKR","city":"Kobelyaky","geoname_id":"705544","h3_hexagon":590506738470354943,"h3_resolution":3,"downloaders":{"size":4167,"mobile":0,"satellite":0,"tor":0,"tor_exit_nodes":0,"vpn":71,"relay":0,"proxy":0,"hosting":0,"service":0},"uploaders":{"size":67,"mobile":0,"satellite":0,"tor":0,"tor_exit_nodes":0,"vpn":1,"relay":0,"proxy":0,"hosting":0,"service":0}},"geometry":{"type":"Point","coordinates":[34.20193,49.14936]}},{"type":"Feature","properties":{"country_code":"BRA","city":"Pedregulho","geoname_id":"3454408","h3_hexagon":592943874712797183,"h3_resolution":3,"downloaders":{"size":4162,"mobile":3,"satellite":0,"tor":0,"tor_exit_nodes":0,"vpn":4,"relay":0,"proxy":0,"hosting":0,"service":0},"uploaders":{"size":8,"mobile":0,"satellite":0,"tor":0,"tor_exit_nodes":0,"vpn":0,"relay":0,"proxy":0,"hosting":0,"service":0}},"geometry":{"type":"Point","coordinates":[-47.47667,-20.25694]}},{"type":"Feature","properties":{"country_code":"BRA","city":"Registro","geoname_id":"3451704","h3_hexagon":592928550269485055,"h3_resolution":3,"downloaders":{"size":4153,"mobile":0,"satellite":0,"tor":0,"tor_exit_nodes":0,"vpn":72,"relay":0,"proxy":0,"hosting":0,"service":0},"uploaders":{"size":12,"mobile":0,"satellite":0,"tor":0,"tor_exit_nodes":0,"vpn":1,"relay":0,"proxy":0,"hosting":0,"service":0}},"geometry":{"type":"Point","coordinates":[-47.84361,-24.4875]}},{"type":"Feature","properties":{"country_code":"EGY","city":"Al Maḩallah al Kubrá","geoname_id":"360829","h3_hexagon":591069344826392575,"h3_resolution":3,"downloaders":{"size":4143,"mobile":39,"satellite":0,"tor":0,"tor_exit_nodes":0,"vpn":1,"relay":0,"proxy":0,"hosting":0,"service":0},"uploaders":{"size":6,"mobile":0,"satellite":0,"tor":0,"tor_exit_nodes":0,"vpn":0,"relay":0,"proxy":0,"hosting":0,"service":0}},"geometry":{"type":"Point","coordinates":[31.1669,30.97063]}},{"type":"Feature","properties":{"country_code":"RUS","city":"Syzran","geoname_id":"484972","h3_hexagon":590261890974744575,"h3_resolution":3,"downloaders":{"size":4135,"mobile":39,"satellite":0,"tor":0,"tor_exit_nodes":0,"vpn":29,"relay":0,"proxy":0,"hosting":0,"service":0},"uploaders":{"size":10,"mobile":0,"satellite":0,"tor":0,"tor_exit_nodes":0,"vpn":0,"relay":0,"proxy":0,"hosting":0,"service":0}},"geometry":{"type":"Point","coordinates":[48.4681,53.1585]}},{"type":"Feature","properties":{"country_code":"ITA","city":"Teramo","geoname_id":"3165803","h3_hexagon":590508525176750079,"h3_resolution":3,"downloaders":{"size":4134,"mobile":379,"satellite":0,"tor":0,"tor_exit_nodes":0,"vpn":22,"relay":0,"proxy":0,"hosting":6,"service":0},"uploaders":{"size":63,"mobile":4,"satellite":0,"tor":0,"tor_exit_nodes":0,"vpn":0,"relay":0,"proxy":0,"hosting":0,"service":0}},"geometry":{"type":"Point","coordinates":[13.69901,42.66123]}},{"type":"Feature","properties":{"country_code":"ROU","city":"Baia Mare","geoname_id":"685826","h3_hexagon":590500003961634815,"h3_resolution":3,"downloaders":{"size":4125,"mobile":694,"satellite":0,"tor":0,"tor_exit_nodes":0,"vpn":7,"relay":0,"proxy":0,"hosting":0,"service":0},"uploaders":{"size":7,"mobile":0,"satellite":0,"tor":0,"tor_exit_nodes":0,"vpn":0,"relay":0,"proxy":0,"hosting":0,"service":0}},"geometry":{"type":"Point","coordinates":[23.56808,47.65729]}},{"type":"Feature","properties":{"country_code":"BRA","city":"Igarapé","geoname_id":"3461498","h3_hexagon":592938789471518719,"h3_resolution":3,"downloaders":{"size":4121,"mobile":1,"satellite":0,"tor":0,"tor_exit_nodes":0,"vpn":7,"relay":0,"proxy":0,"hosting":3,"service":0},"uploaders":{"size":3,"mobile":0,"satellite":0,"tor":0,"tor_exit_nodes":0,"vpn":0,"relay":0,"proxy":0,"hosting":0,"service":0}},"geometry":{"type":"Point","coordinates":[-44.30167,-20.07028]}},{"type":"Feature","properties":{"country_code":"SWE","city":"Karlstad","geoname_id":"2701680","h3_hexagon":590124795618656255,"h3_resolution":3,"downloaders":{"size":4118,"mobile":48,"satellite":0,"tor":0,"tor_exit_nodes":0,"vpn":222,"relay":0,"proxy":0,"hosting":0,"service":210},"uploaders":{"size":31,"mobile":0,"satellite":0,"tor":0,"tor_exit_nodes":0,"vpn":13,"relay":0,"proxy":0,"hosting":0,"service":13}},"geometry":{"type":"Point","coordinates":[13.50357,59.3793]}},{"type":"Feature","properties":{"country_code":"FRA","city":"Pau","geoname_id":"2988358","h3_hexagon":590981383896170495,"h3_resolution":3,"downloaders":{"size":4060,"mobile":1088,"satellite":0,"tor":0,"tor_exit_nodes":0,"vpn":10,"relay":0,"proxy":0,"hosting":9,"service":0},"uploaders":{"size":24,"mobile":7,"satellite":0,"tor":0,"tor_exit_nodes":0,"vpn":1,"relay":0,"proxy":0,"hosting":0,"service":0}},"geometry":{"type":"Point","coordinates":[-0.35583,43.31117]}},{"type":"Feature","properties":{"country_code":"MDA","city":"Comrat","geoname_id":"618405","h3_hexagon":590504951763959807,"h3_resolution":3,"downloaders":{"size":4057,"mobile":775,"satellite":0,"tor":0,"tor_exit_nodes":0,"vpn":7,"relay":0,"proxy":0,"hosting":0,"service":0},"uploaders":{"size":12,"mobile":12,"satellite":0,"tor":0,"tor_exit_nodes":0,"vpn":0,"relay":0,"proxy":0,"hosting":0,"service":0}},"geometry":{"type":"Point","coordinates":[28.6565,46.29456]}},{"type":"Feature","properties":{"country_code":"USA","city":"Fresno","geoname_id":"5350937","h3_hexagon":590704650563354623,"h3_resolution":3,"downloaders":{"size":4047,"mobile":61,"satellite":0,"tor":0,"tor_exit_nodes":0,"vpn":25,"relay":0,"proxy":0,"hosting":5,"service":1},"uploaders":{"size":36,"mobile":3,"satellite":0,"tor":0,"tor_exit_nodes":0,"vpn":0,"relay":0,"proxy":0,"hosting":0,"service":0}},"geometry":{"type":"Point","coordinates":[-119.77237,36.74773]}},{"type":"Feature","properties":{"country_code":"CAN","city":"Abbotsford","geoname_id":"5881791","h3_hexagon":590689807156379647,"h3_resolution":3,"downloaders":{"size":4046,"mobile":1133,"satellite":0,"tor":0,"tor_exit_nodes":0,"vpn":74,"relay":0,"proxy":0,"hosting":0,"service":35},"uploaders":{"size":49,"mobile":3,"satellite":0,"tor":0,"tor_exit_nodes":0,"vpn":0,"relay":0,"proxy":0,"hosting":0,"service":0}},"geometry":{"type":"Point","coordinates":[-122.25257,49.05798]}},{"type":"Feature","properties":{"country_code":"MAR","city":"Salé","geoname_id":"2537763","h3_hexagon":590985919381635071,"h3_resolution":3,"downloaders":{"size":3996,"mobile":874,"satellite":0,"tor":0,"tor_exit_nodes":0,"vpn":0,"relay":0,"proxy":0,"hosting":1,"service":0},"uploaders":{"size":4,"mobile":1,"satellite":0,"tor":0,"tor_exit_nodes":0,"vpn":0,"relay":0,"proxy":0,"hosting":0,"service":0}},"geometry":{"type":"Point","coordinates":[-6.79846,34.0531]}},{"type":"Feature","properties":{"country_code":"USA","city":"Dallas","geoname_id":"5186266","h3_hexagon":590721830432538623,"h3_resolution":3,"downloaders":{"size":3967,"mobile":0,"satellite":0,"tor":0,"tor_exit_nodes":0,"vpn":94,"relay":3,"proxy":0,"hosting":67,"service":50},"uploaders":{"size":29,"mobile":0,"satellite":0,"tor":0,"tor_exit_nodes":0,"vpn":6,"relay":0,"proxy":0,"hosting":9,"service":6}},"geometry":{"type":"Point","coordinates":[-75.96325,41.33619]}},{"type":"Feature","properties":{"country_code":"PRT","city":"Bragança","geoname_id":"2742027","h3_hexagon":590976779691229183,"h3_resolution":3,"downloaders":{"size":3966,"mobile":31,"satellite":0,"tor":0,"tor_exit_nodes":0,"vpn":9,"relay":0,"proxy":0,"hosting":0,"service":0},"uploaders":{"size":34,"mobile":0,"satellite":0,"tor":0,"tor_exit_nodes":0,"vpn":0,"relay":0,"proxy":0,"hosting":0,"service":0}},"geometry":{"type":"Point","coordinates":[-6.75719,41.80582]}},{"type":"Feature","properties":{"country_code":"USA","city":"Madison","geoname_id":"4074267","h3_hexagon":590645139496501247,"h3_resolution":3,"downloaders":{"size":3961,"mobile":46,"satellite":0,"tor":0,"tor_exit_nodes":0,"vpn":51,"relay":2,"proxy":0,"hosting":2,"service":2},"uploaders":{"size":43,"mobile":12,"satellite":0,"tor":0,"tor_exit_nodes":0,"vpn":0,"relay":0,"proxy":0,"hosting":0,"service":0}},"geometry":{"type":"Point","coordinates":[-86.74833,34.69926]}},{"type":"Feature","properties":{"country_code":"BRA","city":"Frutal","geoname_id":"3462916","h3_hexagon":592928962586345471,"h3_resolution":3,"downloaders":{"size":3946,"mobile":7,"satellite":0,"tor":0,"tor_exit_nodes":0,"vpn":73,"relay":0,"proxy":0,"hosting":0,"service":0},"uploaders":{"size":32,"mobile":0,"satellite":0,"tor":0,"tor_exit_nodes":0,"vpn":0,"relay":0,"proxy":0,"hosting":0,"service":0}},"geometry":{"type":"Point","coordinates":[-48.94056,-20.02472]}},{"type":"Feature","properties":{"country_code":"DZA","city":"Constantine","geoname_id":"2501152","h3_hexagon":590963516832219135,"h3_resolution":3,"downloaders":{"size":3923,"mobile":25,"satellite":0,"tor":0,"tor_exit_nodes":0,"vpn":0,"relay":0,"proxy":0,"hosting":0,"service":0},"uploaders":{"size":4,"mobile":0,"satellite":0,"tor":0,"tor_exit_nodes":0,"vpn":0,"relay":0,"proxy":0,"hosting":0,"service":0}},"geometry":{"type":"Point","coordinates":[6.61472,36.365]}},{"type":"Feature","properties":{"country_code":"MEX","city":"Nogales","geoname_id":"4004886","h3_hexagon":591254475096719359,"h3_resolution":3,"downloaders":{"size":3919,"mobile":0,"satellite":0,"tor":0,"tor_exit_nodes":0,"vpn":1,"relay":0,"proxy":0,"hosting":8,"service":0},"uploaders":{"size":8,"mobile":0,"satellite":0,"tor":0,"tor_exit_nodes":0,"vpn":0,"relay":0,"proxy":0,"hosting":0,"service":0}},"geometry":{"type":"Point","coordinates":[-110.94217,31.30862]}},{"type":"Feature","properties":{"country_code":"USA","city":"West Vero Corridor","geoname_id":"4177950","h3_hexagon":591179433428123647,"h3_resolution":3,"downloaders":{"size":3917,"mobile":32,"satellite":0,"tor":0,"tor_exit_nodes":0,"vpn":45,"relay":5,"proxy":0,"hosting":5,"service":5},"uploaders":{"size":48,"mobile":0,"satellite":0,"tor":0,"tor_exit_nodes":0,"vpn":1,"relay":0,"proxy":0,"hosting":0,"service":0}},"geometry":{"type":"Point","coordinates":[-80.48576,27.63775]}},{"type":"Feature","properties":{"country_code":"UKR","city":"Chernihiv","geoname_id":"710735","h3_hexagon":590506326153494527,"h3_resolution":3,"downloaders":{"size":3915,"mobile":2,"satellite":0,"tor":0,"tor_exit_nodes":0,"vpn":76,"relay":0,"proxy":0,"hosting":0,"service":0},"uploaders":{"size":3,"mobile":0,"satellite":0,"tor":0,"tor_exit_nodes":0,"vpn":0,"relay":0,"proxy":0,"hosting":0,"service":0}},"geometry":{"type":"Point","coordinates":[31.28656,51.50541]}},{"type":"Feature","properties":{"country_code":"CAN","city":"Greater Sudbury","geoname_id":"5964700","h3_hexagon":590738185668001791,"h3_resolution":3,"downloaders":{"size":3887,"mobile":206,"satellite":0,"tor":0,"tor_exit_nodes":0,"vpn":18,"relay":0,"proxy":0,"hosting":0,"service":0},"uploaders":{"size":33,"mobile":0,"satellite":0,"tor":0,"tor_exit_nodes":0,"vpn":0,"relay":0,"proxy":0,"hosting":0,"service":0}},"geometry":{"type":"Point","coordinates":[-80.99001,46.49]}},{"type":"Feature","properties":{"country_code":"ESP","city":"Pego","geoname_id":"6559502","h3_hexagon":590979872067682303,"h3_resolution":3,"downloaders":{"size":3874,"mobile":1477,"satellite":0,"tor":0,"tor_exit_nodes":0,"vpn":0,"relay":0,"proxy":0,"hosting":2,"service":0},"uploaders":{"size":18,"mobile":14,"satellite":0,"tor":0,"tor_exit_nodes":0,"vpn":0,"relay":0,"proxy":0,"hosting":0,"service":0}},"geometry":{"type":"Point","coordinates":[-0.11707,38.84305]}},{"type":"Feature","properties":{"country_code":"CZE","city":"Pilsen","geoname_id":"3068160","h3_hexagon":590502684021227519,"h3_resolution":3,"downloaders":{"size":3850,"mobile":13,"satellite":0,"tor":0,"tor_exit_nodes":0,"vpn":106,"relay":0,"proxy":0,"hosting":221,"service":0},"uploaders":{"size":16,"mobile":0,"satellite":0,"tor":0,"tor_exit_nodes":0,"vpn":9,"relay":0,"proxy":0,"hosting":0,"service":0}},"geometry":{"type":"Point","coordinates":[13.37759,49.74747]}},{"type":"Feature","properties":{"country_code":"BRA","city":"Itaperuna","geoname_id":"3460733","h3_hexagon":592936315570356223,"h3_resolution":3,"downloaders":{"size":3847,"mobile":8,"satellite":0,"tor":0,"tor_exit_nodes":0,"vpn":54,"relay":0,"proxy":0,"hosting":0,"service":0},"uploaders":{"size":5,"mobile":0,"satellite":0,"tor":0,"tor_exit_nodes":0,"vpn":0,"relay":0,"proxy":0,"hosting":0,"service":0}},"geometry":{"type":"Point","coordinates":[-41.88778,-21.205]}},{"type":"Feature","properties":{"country_code":"USA","city":"Leesburg","geoname_id":"4161771","h3_hexagon":591184656108355583,"h3_resolution":3,"downloaders":{"size":3845,"mobile":102,"satellite":0,"tor":0,"tor_exit_nodes":0,"vpn":36,"relay":1,"proxy":0,"hosting":16,"service":1},"uploaders":{"size":41,"mobile":1,"satellite":0,"tor":0,"tor_exit_nodes":0,"vpn":0,"relay":0,"proxy":0,"hosting":0,"service":0}},"geometry":{"type":"Point","coordinates":[-81.87786,28.81082]}},{"type":"Feature","properties":{"country_code":"BRA","city":"Várzea Grande","geoname_id":"3445451","h3_hexagon":592428341198323711,"h3_resolution":3,"downloaders":{"size":3817,"mobile":52,"satellite":0,"tor":0,"tor_exit_nodes":0,"vpn":44,"relay":0,"proxy":0,"hosting":0,"service":0},"uploaders":{"size":12,"mobile":0,"satellite":0,"tor":0,"tor_exit_nodes":0,"vpn":0,"relay":0,"proxy":0,"hosting":0,"service":0}},"geometry":{"type":"Point","coordinates":[-56.1325,-15.64667]}},{"type":"Feature","properties":{"country_code":"USA","city":"Hendersonville","geoname_id":"4470592","h3_hexagon":591183075560390655,"h3_resolution":3,"downloaders":{"size":3814,"mobile":1,"satellite":0,"tor":0,"tor_exit_nodes":0,"vpn":52,"relay":1,"proxy":0,"hosting":1,"service":1},"uploaders":{"size":4,"mobile":0,"satellite":0,"tor":0,"tor_exit_nodes":0,"vpn":0,"relay":0,"proxy":0,"hosting":0,"service":0}},"geometry":{"type":"Point","coordinates":[-82.46095,35.31873]}},{"type":"Feature","properties":{"country_code":"MEX","city":"Los Mochis","geoname_id":"3997479","h3_hexagon":591239219372883967,"h3_resolution":3,"downloaders":{"size":3804,"mobile":0,"satellite":0,"tor":0,"tor_exit_nodes":0,"vpn":6,"relay":0,"proxy":0,"hosting":0,"service":0},"uploaders":{"size":3,"mobile":0,"satellite":0,"tor":0,"tor_exit_nodes":0,"vpn":0,"relay":0,"proxy":0,"hosting":0,"service":0}},"geometry":{"type":"Point","coordinates":[-108.99825,25.79097]}},{"type":"Feature","properties":{"country_code":"BRA","city":"Marabá","geoname_id":"3395503","h3_hexagon":592247127938170879,"h3_resolution":3,"downloaders":{"size":3778,"mobile":0,"satellite":0,"tor":0,"tor_exit_nodes":0,"vpn":2,"relay":0,"proxy":0,"hosting":0,"service":0},"uploaders":{"size":3,"mobile":0,"satellite":0,"tor":0,"tor_exit_nodes":0,"vpn":0,"relay":0,"proxy":0,"hosting":0,"service":0}},"geometry":{"type":"Point","coordinates":[-49.13232,-5.38146]}},{"type":"Feature","properties":{"country_code":"PAK","city":"Pir Jo Goth","geoname_id":"1161991","h3_hexagon":591138476619988991,"h3_resolution":3,"downloaders":{"size":3768,"mobile":14,"satellite":0,"tor":0,"tor_exit_nodes":0,"vpn":2,"relay":0,"proxy":0,"hosting":205,"service":0},"uploaders":{"size":3,"mobile":1,"satellite":0,"tor":0,"tor_exit_nodes":0,"vpn":0,"relay":0,"proxy":0,"hosting":0,"service":0}},"geometry":{"type":"Point","coordinates":[68.7165,27.6469]}},{"type":"Feature","properties":{"country_code":"MKD","city":"Ohrid","geoname_id":"787487","h3_hexagon":590514022734888959,"h3_resolution":3,"downloaders":{"size":3765,"mobile":431,"satellite":0,"tor":0,"tor_exit_nodes":0,"vpn":27,"relay":0,"proxy":0,"hosting":3,"service":0},"uploaders":{"size":33,"mobile":1,"satellite":0,"tor":0,"tor_exit_nodes":0,"vpn":0,"relay":0,"proxy":0,"hosting":0,"service":0}},"geometry":{"type":"Point","coordinates":[20.80194,41.11722]}},{"type":"Feature","properties":{"country_code":"FRA","city":"Dieppe","geoname_id":"3021411","h3_hexagon":590416578516877311,"h3_resolution":3,"downloaders":{"size":3760,"mobile":822,"satellite":0,"tor":0,"tor_exit_nodes":0,"vpn":0,"relay":0,"proxy":0,"hosting":0,"service":0},"uploaders":{"size":3,"mobile":0,"satellite":0,"tor":0,"tor_exit_nodes":0,"vpn":0,"relay":0,"proxy":0,"hosting":0,"service":0}},"geometry":{"type":"Point","coordinates":[1.07772,49.9216]}},{"type":"Feature","properties":{"country_code":"MEX","city":"Nuevo Laredo","geoname_id":"3522551","h3_hexagon":591247053393231871,"h3_resolution":3,"downloaders":{"size":3760,"mobile":0,"satellite":0,"tor":0,"tor_exit_nodes":0,"vpn":9,"relay":0,"proxy":0,"hosting":1,"service":5},"uploaders":{"size":54,"mobile":0,"satellite":0,"tor":0,"tor_exit_nodes":0,"vpn":0,"relay":0,"proxy":0,"hosting":0,"service":0}},"geometry":{"type":"Point","coordinates":[-99.51639,27.47629]}},{"type":"Feature","properties":{"country_code":"USA","city":"Knoxville","geoname_id":"4634946","h3_hexagon":591181769890332671,"h3_resolution":3,"downloaders":{"size":3758,"mobile":3,"satellite":0,"tor":0,"tor_exit_nodes":0,"vpn":58,"relay":0,"proxy":0,"hosting":0,"service":0},"uploaders":{"size":28,"mobile":0,"satellite":0,"tor":0,"tor_exit_nodes":0,"vpn":0,"relay":0,"proxy":0,"hosting":0,"service":0}},"geometry":{"type":"Point","coordinates":[-84.0015,35.9244]}},{"type":"Feature","properties":{"country_code":"USA","city":"Birmingham","geoname_id":"4049979","h3_hexagon":591183831474634751,"h3_resolution":3,"downloaders":{"size":3757,"mobile":275,"satellite":0,"tor":0,"tor_exit_nodes":0,"vpn":397,"relay":2,"proxy":0,"hosting":321,"service":302},"uploaders":{"size":34,"mobile":14,"satellite":0,"tor":0,"tor_exit_nodes":0,"vpn":8,"relay":0,"proxy":0,"hosting":8,"service":8}},"geometry":{"type":"Point","coordinates":[-86.80249,33.52066]}},{"type":"Feature","properties":{"country_code":"KAZ","city":"Shymkent","geoname_id":"1518980","h3_hexagon":590535806809014271,"h3_resolution":3,"downloaders":{"size":3740,"mobile":798,"satellite":0,"tor":0,"tor_exit_nodes":0,"vpn":12,"relay":0,"proxy":0,"hosting":31,"service":0},"uploaders":{"size":15,"mobile":0,"satellite":0,"tor":0,"tor_exit_nodes":0,"vpn":0,"relay":0,"proxy":0,"hosting":0,"service":0}},"geometry":{"type":"Point","coordinates":[69.60042,42.30988]}},{"type":"Feature","properties":{"country_code":"IRN","city":"Tehran","geoname_id":"112931","h3_hexagon":590762374923812863,"h3_resolution":3,"downloaders":{"size":3718,"mobile":297,"satellite":0,"tor":0,"tor_exit_nodes":0,"vpn":54,"relay":0,"proxy":0,"hosting":550,"service":24},"uploaders":{"size":60,"mobile":9,"satellite":0,"tor":0,"tor_exit_nodes":0,"vpn":7,"relay":0,"proxy":0,"hosting":6,"service":6}},"geometry":{"type":"Point","coordinates":[51.42151,35.69439]}},{"type":"Feature","properties":{"country_code":"REU","city":"Saint-Denis","geoname_id":"935264","h3_hexagon":592827395199729663,"h3_resolution":3,"downloaders":{"size":3696,"mobile":17,"satellite":5,"tor":0,"tor_exit_nodes":0,"vpn":29,"relay":0,"proxy":0,"hosting":1,"service":0},"uploaders":{"size":22,"mobile":0,"satellite":0,"tor":0,"tor_exit_nodes":0,"vpn":0,"relay":0,"proxy":0,"hosting":0,"service":0}},"geometry":{"type":"Point","coordinates":[55.4504,-20.88231]}},{"type":"Feature","properties":{"country_code":"USA","city":"Edwardsburg","geoname_id":"4991879","h3_hexagon":590662869121499135,"h3_resolution":3,"downloaders":{"size":3692,"mobile":0,"satellite":0,"tor":0,"tor_exit_nodes":0,"vpn":34,"relay":0,"proxy":0,"hosting":35,"service":25},"uploaders":{"size":14,"mobile":0,"satellite":0,"tor":0,"tor_exit_nodes":0,"vpn":2,"relay":0,"proxy":0,"hosting":2,"service":2}},"geometry":{"type":"Point","coordinates":[-86.08084,41.7956]}},{"type":"Feature","properties":{"country_code":"JPN","city":"Namerikawa","geoname_id":"1855694","h3_hexagon":590788625763926015,"h3_resolution":3,"downloaders":{"size":3684,"mobile":240,"satellite":0,"tor":0,"tor_exit_nodes":0,"vpn":41,"relay":0,"proxy":0,"hosting":4,"service":14},"uploaders":{"size":4,"mobile":0,"satellite":0,"tor":0,"tor_exit_nodes":0,"vpn":0,"relay":0,"proxy":0,"hosting":0,"service":0}},"geometry":{"type":"Point","coordinates":[137.36215,36.75965]}},{"type":"Feature","properties":{"country_code":"ESP","city":"Las Palmas de Gran Canaria","geoname_id":"2515270","h3_hexagon":590893766563332095,"h3_resolution":3,"downloaders":{"size":3681,"mobile":1100,"satellite":0,"tor":0,"tor_exit_nodes":0,"vpn":7,"relay":0,"proxy":0,"hosting":4,"service":4},"uploaders":{"size":69,"mobile":3,"satellite":0,"tor":0,"tor_exit_nodes":0,"vpn":0,"relay":0,"proxy":0,"hosting":0,"service":0}},"geometry":{"type":"Point","coordinates":[-15.41343,28.09973]}},{"type":"Feature","properties":{"country_code":"NOR","city":"Kopervik","geoname_id":"3149512","h3_hexagon":590138745672433663,"h3_resolution":3,"downloaders":{"size":3655,"mobile":9,"satellite":0,"tor":0,"tor_exit_nodes":0,"vpn":252,"relay":0,"proxy":0,"hosting":19,"service":19},"uploaders":{"size":10,"mobile":2,"satellite":0,"tor":0,"tor_exit_nodes":0,"vpn":2,"relay":0,"proxy":0,"hosting":2,"service":2}},"geometry":{"type":"Point","coordinates":[5.30669,59.28354]}},{"type":"Feature","properties":{"country_code":"BRA","city":"Itaporanga","geoname_id":"3460666","h3_hexagon":592927107160473599,"h3_resolution":3,"downloaders":{"size":3651,"mobile":0,"satellite":0,"tor":0,"tor_exit_nodes":0,"vpn":1,"relay":0,"proxy":0,"hosting":0,"service":0},"uploaders":{"size":12,"mobile":0,"satellite":0,"tor":0,"tor_exit_nodes":0,"vpn":0,"relay":0,"proxy":0,"hosting":0,"service":0}},"geometry":{"type":"Point","coordinates":[-49.48972,-23.70778]}},{"type":"Feature","properties":{"country_code":"USA","city":"Noyack","geoname_id":"5129395","h3_hexagon":590711934827888639,"h3_resolution":3,"downloaders":{"size":3644,"mobile":0,"satellite":0,"tor":0,"tor_exit_nodes":0,"vpn":47,"relay":1,"proxy":0,"hosting":1,"service":1},"uploaders":{"size":36,"mobile":0,"satellite":0,"tor":0,"tor_exit_nodes":0,"vpn":0,"relay":0,"proxy":0,"hosting":0,"service":0}},"geometry":{"type":"Point","coordinates":[-72.34119,40.99566]}},{"type":"Feature","properties":{"country_code":"USA","city":"Decatur","geoname_id":"4236895","h3_hexagon":590646857483419647,"h3_resolution":3,"downloaders":{"size":3620,"mobile":0,"satellite":0,"tor":0,"tor_exit_nodes":0,"vpn":46,"relay":0,"proxy":0,"hosting":2,"service":0},"uploaders":{"size":63,"mobile":0,"satellite":0,"tor":0,"tor_exit_nodes":0,"vpn":3,"relay":0,"proxy":0,"hosting":0,"service":0}},"geometry":{"type":"Point","coordinates":[-88.9861,39.8432]}},{"type":"Feature","properties":{"country_code":"BRA","city":"Acaraú","geoname_id":"3408368","h3_hexagon":592224587949801471,"h3_resolution":3,"downloaders":{"size":3610,"mobile":0,"satellite":0,"tor":0,"tor_exit_nodes":0,"vpn":10,"relay":0,"proxy":0,"hosting":17,"service":0},"uploaders":{"size":4,"mobile":0,"satellite":0,"tor":0,"tor_exit_nodes":0,"vpn":0,"relay":0,"proxy":0,"hosting":0,"service":0}},"geometry":{"type":"Point","coordinates":[-40.12,-2.88556]}},{"type":"Feature","properties":{"country_code":"USA","city":"Townsend","geoname_id":"4953221","h3_hexagon":590713927692713983,"h3_resolution":3,"downloaders":{"size":3601,"mobile":18,"satellite":0,"tor":0,"tor_exit_nodes":0,"vpn":115,"relay":4,"proxy":0,"hosting":4,"service":4},"uploaders":{"size":9,"mobile":0,"satellite":0,"tor":0,"tor_exit_nodes":0,"vpn":0,"relay":0,"proxy":0,"hosting":0,"service":0}},"geometry":{"type":"Point","coordinates":[-71.70507,42.66676]}},{"type":"Feature","properties":{"country_code":"UKR","city":"Poltava","geoname_id":"696643","h3_hexagon":590506601031401471,"h3_resolution":3,"downloaders":{"size":3585,"mobile":262,"satellite":0,"tor":0,"tor_exit_nodes":0,"vpn":136,"relay":0,"proxy":0,"hosting":1194,"service":45},"uploaders":{"size":9,"mobile":2,"satellite":0,"tor":0,"tor_exit_nodes":0,"vpn":0,"relay":0,"proxy":0,"hosting":6,"service":0}},"geometry":{"type":"Point","coordinates":[34.55367,49.58925]}},{"type":"Feature","properties":{"country_code":"POL","city":"Słupsk","geoname_id":"3085450","h3_hexagon":590517871025586175,"h3_resolution":3,"downloaders":{"size":3581,"mobile":39,"satellite":0,"tor":0,"tor_exit_nodes":0,"vpn":39,"relay":0,"proxy":0,"hosting":0,"service":0},"uploaders":{"size":33,"mobile":1,"satellite":0,"tor":0,"tor_exit_nodes":0,"vpn":0,"relay":0,"proxy":0,"hosting":0,"service":0}},"geometry":{"type":"Point","coordinates":[17.02872,54.46405]}},{"type":"Feature","properties":{"country_code":"ESP","city":"Mérida","geoname_id":"2513917","h3_hexagon":590974580667973631,"h3_resolution":3,"downloaders":{"size":3579,"mobile":1513,"satellite":0,"tor":0,"tor_exit_nodes":0,"vpn":33,"relay":0,"proxy":0,"hosting":0,"service":0},"uploaders":{"size":22,"mobile":0,"satellite":0,"tor":0,"tor_exit_nodes":0,"vpn":0,"relay":0,"proxy":0,"hosting":0,"service":0}},"geometry":{"type":"Point","coordinates":[-6.34366,38.91611]}},{"type":"Feature","properties":{"country_code":"SRB","city":"Vršac","geoname_id":"784136","h3_hexagon":590515190965993471,"h3_resolution":3,"downloaders":{"size":3578,"mobile":623,"satellite":0,"tor":0,"tor_exit_nodes":0,"vpn":16,"relay":0,"proxy":0,"hosting":268,"service":0},"uploaders":{"size":14,"mobile":2,"satellite":0,"tor":0,"tor_exit_nodes":0,"vpn":0,"relay":0,"proxy":0,"hosting":0,"service":0}},"geometry":{"type":"Point","coordinates":[21.30361,45.11667]}},{"type":"Feature","properties":{"country_code":"USA","city":"Tulsa","geoname_id":"4553433","h3_hexagon":590656478210162687,"h3_resolution":3,"downloaders":{"size":3570,"mobile":12,"satellite":0,"tor":0,"tor_exit_nodes":0,"vpn":22,"relay":2,"proxy":0,"hosting":4,"service":2},"uploaders":{"size":21,"mobile":1,"satellite":0,"tor":0,"tor_exit_nodes":0,"vpn":0,"relay":0,"proxy":0,"hosting":0,"service":0}},"geometry":{"type":"Point","coordinates":[-95.99277,36.15398]}},{"type":"Feature","properties":{"country_code":"ZAF","city":"Durban","geoname_id":"1007311","h3_hexagon":593280806307233791,"h3_resolution":3,"downloaders":{"size":3551,"mobile":887,"satellite":0,"tor":0,"tor_exit_nodes":0,"vpn":29,"relay":0,"proxy":0,"hosting":868,"service":0},"uploaders":{"size":356,"mobile":207,"satellite":0,"tor":0,"tor_exit_nodes":0,"vpn":0,"relay":0,"proxy":0,"hosting":33,"service":0}},"geometry":{"type":"Point","coordinates":[31.0292,-29.8579]}},{"type":"Feature","properties":{"country_code":"SWE","city":"Sundsvall","geoname_id":"2670781","h3_hexagon":590123902265458687,"h3_resolution":3,"downloaders":{"size":3532,"mobile":299,"satellite":0,"tor":0,"tor_exit_nodes":0,"vpn":151,"relay":0,"proxy":0,"hosting":10,"service":0},"uploaders":{"size":6,"mobile":1,"satellite":0,"tor":0,"tor_exit_nodes":0,"vpn":0,"relay":0,"proxy":0,"hosting":0,"service":0}},"geometry":{"type":"Point","coordinates":[17.3063,62.39129]}},{"type":"Feature","properties":{"country_code":"AUS","city":"Gold Coast","geoname_id":"2165087","h3_hexagon":593325886283972607,"h3_resolution":3,"downloaders":{"size":3515,"mobile":314,"satellite":2,"tor":0,"tor_exit_nodes":0,"vpn":67,"relay":0,"proxy":0,"hosting":244,"service":0},"uploaders":{"size":60,"mobile":0,"satellite":0,"tor":0,"tor_exit_nodes":0,"vpn":0,"relay":0,"proxy":0,"hosting":6,"service":0}},"geometry":{"type":"Point","coordinates":[153.43088,-28.00029]}},{"type":"Feature","properties":{"country_code":"ESP","city":"Santa María del Páramo","geoname_id":"3109778","h3_hexagon":590977398166519807,"h3_resolution":3,"downloaders":{"size":3511,"mobile":1490,"satellite":0,"tor":0,"tor_exit_nodes":0,"vpn":5,"relay":0,"proxy":0,"hosting":0,"service":0},"uploaders":{"size":23,"mobile":1,"satellite":0,"tor":0,"tor_exit_nodes":0,"vpn":0,"relay":0,"proxy":0,"hosting":0,"service":0}},"geometry":{"type":"Point","coordinates":[-5.75151,42.35512]}},{"type":"Feature","properties":{"country_code":"NGA","city":"Lagos","geoname_id":"2332459","h3_hexagon":591530452515291135,"h3_resolution":3,"downloaders":{"size":3509,"mobile":714,"satellite":355,"tor":0,"tor_exit_nodes":0,"vpn":405,"relay":0,"proxy":1,"hosting":765,"service":298},"uploaders":{"size":477,"mobile":140,"satellite":19,"tor":0,"tor_exit_nodes":0,"vpn":32,"relay":0,"proxy":0,"hosting":40,"service":26}},"geometry":{"type":"Point","coordinates":[3.39467,6.45407]}},{"type":"Feature","properties":{"country_code":"IRL","city":"Cork","geoname_id":"2965140","h3_hexagon":590396718588100607,"h3_resolution":3,"downloaders":{"size":3465,"mobile":61,"satellite":0,"tor":0,"tor_exit_nodes":0,"vpn":98,"relay":1,"proxy":0,"hosting":425,"service":1},"uploaders":{"size":65,"mobile":7,"satellite":0,"tor":0,"tor_exit_nodes":0,"vpn":0,"relay":0,"proxy":0,"hosting":7,"service":0}},"geometry":{"type":"Point","coordinates":[-8.47061,51.89797]}},{"type":"Feature","properties":{"country_code":"BRA","city":"Dourados","geoname_id":"3464460","h3_hexagon":592934803741868031,"h3_resolution":3,"downloaders":{"size":3459,"mobile":7,"satellite":0,"tor":0,"tor_exit_nodes":0,"vpn":4,"relay":0,"proxy":0,"hosting":0,"service":0},"uploaders":{"size":3,"mobile":0,"satellite":0,"tor":0,"tor_exit_nodes":0,"vpn":0,"relay":0,"proxy":0,"hosting":0,"service":0}},"geometry":{"type":"Point","coordinates":[-54.80556,-22.22111]}},{"type":"Feature","properties":{"country_code":"CAN","city":"Bay Roberts","geoname_id":"5895424","h3_hexagon":590440011858444287,"h3_resolution":3,"downloaders":{"size":3454,"mobile":490,"satellite":11,"tor":0,"tor_exit_nodes":0,"vpn":3,"relay":2,"proxy":0,"hosting":2,"service":2},"uploaders":{"size":66,"mobile":4,"satellite":0,"tor":0,"tor_exit_nodes":0,"vpn":0,"relay":0,"proxy":0,"hosting":0,"service":0}},"geometry":{"type":"Point","coordinates":[-53.26478,47.59989]}},{"type":"Feature","properties":{"country_code":"USA","city":"Rome","geoname_id":"8503114","h3_hexagon":590664037352603647,"h3_resolution":3,"downloaders":{"size":3439,"mobile":0,"satellite":0,"tor":0,"tor_exit_nodes":0,"vpn":148,"relay":1,"proxy":0,"hosting":39,"service":1},"uploaders":{"size":14,"mobile":0,"satellite":0,"tor":0,"tor_exit_nodes":0,"vpn":0,"relay":0,"proxy":0,"hosting":7,"service":0}},"geometry":{"type":"Point","coordinates":[-89.80843,44.2206]}},{"type":"Feature","properties":{"country_code":"MEX","city":"Morelia","geoname_id":"3995402","h3_hexagon":591264645579276287,"h3_resolution":3,"downloaders":{"size":3428,"mobile":0,"satellite":0,"tor":0,"tor_exit_nodes":0,"vpn":69,"relay":0,"proxy":0,"hosting":0,"service":0},"uploaders":{"size":14,"mobile":0,"satellite":0,"tor":0,"tor_exit_nodes":0,"vpn":0,"relay":0,"proxy":0,"hosting":0,"service":0}},"geometry":{"type":"Point","coordinates":[-101.18443,19.70078]}},{"type":"Feature","properties":{"country_code":"UKR","city":"Sumy","geoname_id":"692194","h3_hexagon":590506875909308415,"h3_resolution":3,"downloaders":{"size":3428,"mobile":1,"satellite":1,"tor":0,"tor_exit_nodes":0,"vpn":47,"relay":0,"proxy":0,"hosting":127,"service":0},"uploaders":{"size":5,"mobile":0,"satellite":0,"tor":0,"tor_exit_nodes":0,"vpn":0,"relay":0,"proxy":0,"hosting":0,"service":0}},"geometry":{"type":"Point","coordinates":[34.79906,50.91741]}},{"type":"Feature","properties":{"country_code":"BLR","city":"Lida","geoname_id":"626081","h3_hexagon":590521581877329919,"h3_resolution":3,"downloaders":{"size":3426,"mobile":25,"satellite":0,"tor":0,"tor_exit_nodes":0,"vpn":77,"relay":0,"proxy":0,"hosting":0,"service":0},"uploaders":{"size":21,"mobile":0,"satellite":0,"tor":0,"tor_exit_nodes":0,"vpn":0,"relay":0,"proxy":0,"hosting":0,"service":0}},"geometry":{"type":"Point","coordinates":[25.29972,53.88333]}},{"type":"Feature","properties":{"country_code":"FIN","city":"Oulu","geoname_id":"643492","h3_hexagon":590126719764004863,"h3_resolution":3,"downloaders":{"size":3421,"mobile":147,"satellite":0,"tor":0,"tor_exit_nodes":0,"vpn":127,"relay":0,"proxy":0,"hosting":129,"service":65},"uploaders":{"size":20,"mobile":3,"satellite":0,"tor":0,"tor_exit_nodes":0,"vpn":0,"relay":0,"proxy":0,"hosting":0,"service":0}},"geometry":{"type":"Point","coordinates":[25.46816,65.01236]}},{"type":"Feature","properties":{"country_code":"IND","city":"Guwahati","geoname_id":"1271476","h3_hexagon":591042612949942271,"h3_resolution":3,"downloaders":{"size":3420,"mobile":574,"satellite":0,"tor":0,"tor_exit_nodes":0,"vpn":0,"relay":0,"proxy":0,"hosting":2,"service":0},"uploaders":{"size":10,"mobile":8,"satellite":0,"tor":0,"tor_exit_nodes":0,"vpn":0,"relay":0,"proxy":0,"hosting":1,"service":0}},"geometry":{"type":"Point","coordinates":[91.7458,26.1844]}},{"type":"Feature","properties":{"country_code":"USA","city":"Palm Beach Gardens","geoname_id":"4167519","h3_hexagon":591179845744984063,"h3_resolution":3,"downloaders":{"size":3419,"mobile":19,"satellite":0,"tor":0,"tor_exit_nodes":0,"vpn":47,"relay":1,"proxy":0,"hosting":15,"service":1},"uploaders":{"size":20,"mobile":0,"satellite":0,"tor":0,"tor_exit_nodes":0,"vpn":2,"relay":0,"proxy":0,"hosting":0,"service":0}},"geometry":{"type":"Point","coordinates":[-80.13865,26.82339]}},{"type":"Feature","properties":{"country_code":"USA","city":"Austin","geoname_id":"4671654","h3_hexagon":591248702660673535,"h3_resolution":3,"downloaders":{"size":3416,"mobile":0,"satellite":0,"tor":0,"tor_exit_nodes":0,"vpn":106,"relay":0,"proxy":0,"hosting":0,"service":3},"uploaders":{"size":42,"mobile":0,"satellite":0,"tor":0,"tor_exit_nodes":0,"vpn":0,"relay":0,"proxy":0,"hosting":0,"service":0}},"geometry":{"type":"Point","coordinates":[-97.7688,30.4521]}},{"type":"Feature","properties":{"country_code":"DNK","city":"Aalborg","geoname_id":"2624886","h3_hexagon":590519451573551103,"h3_resolution":3,"downloaders":{"size":3415,"mobile":52,"satellite":0,"tor":0,"tor_exit_nodes":0,"vpn":112,"relay":0,"proxy":0,"hosting":192,"service":0},"uploaders":{"size":16,"mobile":0,"satellite":0,"tor":0,"tor_exit_nodes":0,"vpn":0,"relay":0,"proxy":0,"hosting":2,"service":0}},"geometry":{"type":"Point","coordinates":[9.9187,57.048]}},{"type":"Feature","properties":{"country_code":"USA","city":"Sarasota","geoname_id":"4172131","h3_hexagon":591169950140334079,"h3_resolution":3,"downloaders":{"size":3411,"mobile":0,"satellite":0,"tor":0,"tor_exit_nodes":0,"vpn":126,"relay":1,"proxy":0,"hosting":3,"service":3},"uploaders":{"size":30,"mobile":0,"satellite":0,"tor":0,"tor_exit_nodes":0,"vpn":9,"relay":0,"proxy":0,"hosting":0,"service":0}},"geometry":{"type":"Point","coordinates":[-82.477,27.2866]}},{"type":"Feature","properties":{"country_code":"KAZ","city":"Oral","geoname_id":"608668","h3_hexagon":590263815120093183,"h3_resolution":3,"downloaders":{"size":3408,"mobile":857,"satellite":0,"tor":0,"tor_exit_nodes":0,"vpn":10,"relay":0,"proxy":0,"hosting":100,"service":0},"uploaders":{"size":13,"mobile":4,"satellite":0,"tor":0,"tor_exit_nodes":0,"vpn":0,"relay":0,"proxy":0,"hosting":0,"service":0}},"geometry":{"type":"Point","coordinates":[51.42558,51.24601]}},{"type":"Feature","properties":{"country_code":"USA","city":"Canton","geoname_id":"4186213","h3_hexagon":591181907329286143,"h3_resolution":3,"downloaders":{"size":3407,"mobile":0,"satellite":0,"tor":0,"tor_exit_nodes":0,"vpn":138,"relay":1,"proxy":0,"hosting":11,"service":1},"uploaders":{"size":19,"mobile":0,"satellite":0,"tor":0,"tor_exit_nodes":0,"vpn":0,"relay":0,"proxy":0,"hosting":0,"service":0}},"geometry":{"type":"Point","coordinates":[-84.49076,34.23676]}},{"type":"Feature","properties":{"country_code":"OMN","city":"Muscat","geoname_id":"287286","h3_hexagon":591159917096730623,"h3_resolution":3,"downloaders":{"size":3389,"mobile":210,"satellite":2,"tor":0,"tor_exit_nodes":0,"vpn":61,"relay":0,"proxy":0,"hosting":42,"service":41},"uploaders":{"size":49,"mobile":0,"satellite":0,"tor":0,"tor_exit_nodes":0,"vpn":6,"relay":0,"proxy":0,"hosting":6,"service":6}},"geometry":{"type":"Point","coordinates":[58.40778,23.58413]}},{"type":"Feature","properties":{"country_code":"UKR","city":"Chuhuiv","geoname_id":"710374","h3_hexagon":590770208944160767,"h3_resolution":3,"downloaders":{"size":3387,"mobile":0,"satellite":0,"tor":0,"tor_exit_nodes":0,"vpn":39,"relay":0,"proxy":0,"hosting":1542,"service":2},"uploaders":{"size":12,"mobile":0,"satellite":0,"tor":0,"tor_exit_nodes":0,"vpn":0,"relay":0,"proxy":0,"hosting":7,"service":0}},"geometry":{"type":"Point","coordinates":[36.6865,49.83538]}},{"type":"Feature","properties":{"country_code":"USA","city":"Spanish Fork","geoname_id":"5781860","h3_hexagon":590650018579349503,"h3_resolution":3,"downloaders":{"size":3382,"mobile":0,"satellite":0,"tor":0,"tor_exit_nodes":0,"vpn":9,"relay":0,"proxy":0,"hosting":2158,"service":0},"uploaders":{"size":87,"mobile":0,"satellite":0,"tor":0,"tor_exit_nodes":0,"vpn":0,"relay":0,"proxy":0,"hosting":48,"service":0}},"geometry":{"type":"Point","coordinates":[-111.65492,40.11496]}},{"type":"Feature","properties":{"country_code":"MEX","city":"Ciudad Obregón","geoname_id":"4013704","h3_hexagon":591238807056023551,"h3_resolution":3,"downloaders":{"size":3374,"mobile":0,"satellite":0,"tor":0,"tor_exit_nodes":0,"vpn":2,"relay":0,"proxy":0,"hosting":0,"service":0},"uploaders":{"size":4,"mobile":0,"satellite":0,"tor":0,"tor_exit_nodes":0,"vpn":0,"relay":0,"proxy":0,"hosting":0,"service":0}},"geometry":{"type":"Point","coordinates":[-109.94079,27.48642]}},{"type":"Feature","properties":{"country_code":"CAN","city":"Nanaimo","geoname_id":"6085772","h3_hexagon":590690425631670271,"h3_resolution":3,"downloaders":{"size":3370,"mobile":105,"satellite":0,"tor":0,"tor_exit_nodes":0,"vpn":38,"relay":0,"proxy":0,"hosting":17,"service":0},"uploaders":{"size":48,"mobile":1,"satellite":0,"tor":0,"tor_exit_nodes":0,"vpn":0,"relay":0,"proxy":0,"hosting":0,"service":0}},"geometry":{"type":"Point","coordinates":[-123.94003,49.16638]}},{"type":"Feature","properties":{"country_code":"BRA","city":"Palmas","geoname_id":"3474574","h3_hexagon":592248777205612543,"h3_resolution":3,"downloaders":{"size":3353,"mobile":6,"satellite":0,"tor":0,"tor_exit_nodes":0,"vpn":5,"relay":0,"proxy":0,"hosting":0,"service":0},"uploaders":{"size":28,"mobile":0,"satellite":0,"tor":0,"tor_exit_nodes":0,"vpn":0,"relay":0,"proxy":0,"hosting":0,"service":0}},"geometry":{"type":"Point","coordinates":[-48.32766,-10.16745]}},{"type":"Feature","properties":{"country_code":"MEX","city":"Uruapan","geoname_id":"3980760","h3_hexagon":591264989176659967,"h3_resolution":3,"downloaders":{"size":3318,"mobile":0,"satellite":0,"tor":0,"tor_exit_nodes":0,"vpn":19,"relay":0,"proxy":0,"hosting":0,"service":0},"uploaders":{"size":6,"mobile":0,"satellite":0,"tor":0,"tor_exit_nodes":0,"vpn":0,"relay":0,"proxy":0,"hosting":0,"service":0}},"geometry":{"type":"Point","coordinates":[-102.05644,19.41116]}},{"type":"Feature","properties":{"country_code":"PRT","city":"Elvas","geoname_id":"2268615","h3_hexagon":590974511948496895,"h3_resolution":3,"downloaders":{"size":3307,"mobile":571,"satellite":0,"tor":0,"tor_exit_nodes":0,"vpn":0,"relay":0,"proxy":0,"hosting":0,"service":0},"uploaders":{"size":25,"mobile":1,"satellite":0,"tor":0,"tor_exit_nodes":0,"vpn":0,"relay":0,"proxy":0,"hosting":0,"service":0}},"geometry":{"type":"Point","coordinates":[-7.16282,38.8815]}},{"type":"Feature","properties":{"country_code":"BRA","city":"Frederico Westphalen","geoname_id":"3462956","h3_hexagon":592950609221517311,"h3_resolution":3,"downloaders":{"size":3302,"mobile":10,"satellite":0,"tor":0,"tor_exit_nodes":0,"vpn":10,"relay":0,"proxy":0,"hosting":0,"service":0},"uploaders":{"size":3,"mobile":0,"satellite":0,"tor":0,"tor_exit_nodes":0,"vpn":0,"relay":0,"proxy":0,"hosting":0,"service":0}},"geometry":{"type":"Point","coordinates":[-53.39444,-27.35917]}},{"type":"Feature","properties":{"country_code":"ESP","city":"Ciudad Real","geoname_id":"2519402","h3_hexagon":590975336582217727,"h3_resolution":3,"downloaders":{"size":3288,"mobile":528,"satellite":0,"tor":0,"tor_exit_nodes":0,"vpn":49,"relay":0,"proxy":0,"hosting":0,"service":0},"uploaders":{"size":29,"mobile":0,"satellite":0,"tor":0,"tor_exit_nodes":0,"vpn":0,"relay":0,"proxy":0,"hosting":0,"service":0}},"geometry":{"type":"Point","coordinates":[-3.92907,38.98626]}},{"type":"Feature","properties":{"country_code":"BRA","city":"Petrolina","geoname_id":"3392242","h3_hexagon":592242798611136511,"h3_resolution":3,"downloaders":{"size":3279,"mobile":9,"satellite":0,"tor":0,"tor_exit_nodes":0,"vpn":16,"relay":0,"proxy":0,"hosting":1,"service":0},"uploaders":{"size":4,"mobile":0,"satellite":0,"tor":0,"tor_exit_nodes":0,"vpn":0,"relay":0,"proxy":0,"hosting":0,"service":0}},"geometry":{"type":"Point","coordinates":[-40.50083,-9.39861]}},{"type":"Feature","properties":{"country_code":"TZA","city":"Dar es Salaam","geoname_id":"160263","h3_hexagon":592140681468706815,"h3_resolution":3,"downloaders":{"size":3267,"mobile":1058,"satellite":0,"tor":0,"tor_exit_nodes":0,"vpn":114,"relay":0,"proxy":0,"hosting":60,"service":2},"uploaders":{"size":100,"mobile":59,"satellite":0,"tor":0,"tor_exit_nodes":0,"vpn":2,"relay":0,"proxy":0,"hosting":0,"service":0}},"geometry":{"type":"Point","coordinates":[39.26951,-6.82349]}},{"type":"Feature","properties":{"country_code":"POL","city":"Drawsko Pomorskie","geoname_id":"3100139","h3_hexagon":590517527428202495,"h3_resolution":3,"downloaders":{"size":3242,"mobile":56,"satellite":0,"tor":0,"tor_exit_nodes":0,"vpn":1,"relay":0,"proxy":0,"hosting":0,"service":0},"uploaders":{"size":4,"mobile":0,"satellite":0,"tor":0,"tor_exit_nodes":0,"vpn":0,"relay":0,"proxy":0,"hosting":0,"service":0}},"geometry":{"type":"Point","coordinates":[15.80967,53.53056]}},{"type":"Feature","properties":{"country_code":"USA","city":"Portland","geoname_id":"4975802","h3_hexagon":590714065131667455,"h3_resolution":3,"downloaders":{"size":3241,"mobile":0,"satellite":0,"tor":0,"tor_exit_nodes":0,"vpn":591,"relay":0,"proxy":0,"hosting":555,"service":542},"uploaders":{"size":49,"mobile":0,"satellite":0,"tor":0,"tor_exit_nodes":0,"vpn":36,"relay":0,"proxy":0,"hosting":40,"service":36}},"geometry":{"type":"Point","coordinates":[-70.2553,43.6615]}},{"type":"Feature","properties":{"country_code":"SWE","city":"Skövde","geoname_id":"2677234","h3_hexagon":590124452021272575,"h3_resolution":3,"downloaders":{"size":3235,"mobile":250,"satellite":0,"tor":0,"tor_exit_nodes":0,"vpn":33,"relay":0,"proxy":0,"hosting":27,"service":0},"uploaders":{"size":9,"mobile":8,"satellite":0,"tor":0,"tor_exit_nodes":0,"vpn":0,"relay":0,"proxy":0,"hosting":0,"service":0}},"geometry":{"type":"Point","coordinates":[13.84506,58.39118]}},{"type":"Feature","properties":{"country_code":"IND","city":"Tambaram","geoname_id":"1255062","h3_hexagon":591687682678063103,"h3_resolution":3,"downloaders":{"size":3214,"mobile":133,"satellite":0,"tor":0,"tor_exit_nodes":0,"vpn":181,"relay":0,"proxy":0,"hosting":95,"service":173},"uploaders":{"size":33,"mobile":0,"satellite":0,"tor":0,"tor_exit_nodes":0,"vpn":8,"relay":0,"proxy":0,"hosting":1,"service":8}},"geometry":{"type":"Point","coordinates":[80.12707,12.9246]}},{"type":"Feature","properties":{"country_code":"RUS","city":"Shadrinsk","geoname_id":"1492517","h3_hexagon":590267938288697343,"h3_resolution":3,"downloaders":{"size":3203,"mobile":0,"satellite":0,"tor":0,"tor_exit_nodes":0,"vpn":0,"relay":0,"proxy":0,"hosting":0,"service":0},"uploaders":{"size":18,"mobile":0,"satellite":0,"tor":0,"tor_exit_nodes":0,"vpn":0,"relay":0,"proxy":0,"hosting":0,"service":0}},"geometry":{"type":"Point","coordinates":[63.63816,56.08616]}},{"type":"Feature","properties":{"country_code":"SWE","city":"Skellefteå","geoname_id":"602913","h3_hexagon":590128850067783679,"h3_resolution":3,"downloaders":{"size":3185,"mobile":1,"satellite":0,"tor":0,"tor_exit_nodes":0,"vpn":24,"relay":0,"proxy":0,"hosting":0,"service":0},"uploaders":{"size":19,"mobile":0,"satellite":0,"tor":0,"tor_exit_nodes":0,"vpn":0,"relay":0,"proxy":0,"hosting":0,"service":0}},"geometry":{"type":"Point","coordinates":[20.95279,64.75067]}},{"type":"Feature","properties":{"country_code":"SWE","city":"Falun","geoname_id":"2715459","h3_hexagon":590123558668075007,"h3_resolution":3,"downloaders":{"size":3181,"mobile":114,"satellite":0,"tor":1,"tor_exit_nodes":0,"vpn":196,"relay":0,"proxy":0,"hosting":45,"service":48},"uploaders":{"size":22,"mobile":0,"satellite":0,"tor":0,"tor_exit_nodes":0,"vpn":0,"relay":0,"proxy":0,"hosting":1,"service":0}},"geometry":{"type":"Point","coordinates":[15.62597,60.60357]}},{"type":"Feature","properties":{"country_code":"CRI","city":"Cartago","geoname_id":"3624370","h3_hexagon":591778392387354623,"h3_resolution":3,"downloaders":{"size":3155,"mobile":616,"satellite":0,"tor":0,"tor_exit_nodes":0,"vpn":3,"relay":0,"proxy":0,"hosting":2,"service":2},"uploaders":{"size":8,"mobile":4,"satellite":0,"tor":0,"tor_exit_nodes":0,"vpn":0,"relay":0,"proxy":0,"hosting":0,"service":0}},"geometry":{"type":"Point","coordinates":[-83.9195,9.86371]}},{"type":"Feature","properties":{"country_code":"BRA","city":"Cordeiro","geoname_id":"3465527","h3_hexagon":592936178131402751,"h3_resolution":3,"downloaders":{"size":3155,"mobile":89,"satellite":0,"tor":0,"tor_exit_nodes":0,"vpn":10,"relay":0,"proxy":0,"hosting":5,"service":0},"uploaders":{"size":14,"mobile":0,"satellite":0,"tor":0,"tor_exit_nodes":0,"vpn":0,"relay":0,"proxy":0,"hosting":0,"service":0}},"geometry":{"type":"Point","coordinates":[-42.36083,-22.02861]}},{"type":"Feature","properties":{"country_code":"BRA","city":"Santa Teresa","geoname_id":"3449782","h3_hexagon":592937071484600319,"h3_resolution":3,"downloaders":{"size":3149,"mobile":0,"satellite":0,"tor":0,"tor_exit_nodes":0,"vpn":8,"relay":0,"proxy":0,"hosting":0,"service":0},"uploaders":{"size":4,"mobile":0,"satellite":0,"tor":0,"tor_exit_nodes":0,"vpn":0,"relay":0,"proxy":0,"hosting":0,"service":0}},"geometry":{"type":"Point","coordinates":[-40.60028,-19.93556]}},{"type":"Feature","properties":{"country_code":"USA","city":"Savannah","geoname_id":"4221552","h3_hexagon":591182525804576767,"h3_resolution":3,"downloaders":{"size":3142,"mobile":0,"satellite":0,"tor":0,"tor_exit_nodes":0,"vpn":187,"relay":0,"proxy":0,"hosting":243,"service":0},"uploaders":{"size":34,"mobile":0,"satellite":0,"tor":0,"tor_exit_nodes":0,"vpn":21,"relay":0,"proxy":0,"hosting":0,"service":0}},"geometry":{"type":"Point","coordinates":[-81.09983,32.08354]}},{"type":"Feature","properties":{"country_code":"JPN","city":"Kumamoto","geoname_id":"1858421","h3_hexagon":591298043244969983,"h3_resolution":3,"downloaders":{"size":3121,"mobile":260,"satellite":0,"tor":0,"tor_exit_nodes":0,"vpn":84,"relay":1,"proxy":0,"hosting":4,"service":6},"uploaders":{"size":5,"mobile":0,"satellite":0,"tor":0,"tor_exit_nodes":0,"vpn":0,"relay":0,"proxy":0,"hosting":0,"service":0}},"geometry":{"type":"Point","coordinates":[130.69181,32.80589]}},{"type":"Feature","properties":{"country_code":"POL","city":"Ełk","geoname_id":"772621","h3_hexagon":590522818827911167,"h3_resolution":3,"downloaders":{"size":3116,"mobile":190,"satellite":0,"tor":0,"tor_exit_nodes":0,"vpn":27,"relay":0,"proxy":0,"hosting":2,"service":0},"uploaders":{"size":9,"mobile":0,"satellite":0,"tor":0,"tor_exit_nodes":0,"vpn":0,"relay":0,"proxy":0,"hosting":0,"service":0}},"geometry":{"type":"Point","coordinates":[22.36469,53.82824]}},{"type":"Feature","properties":{"country_code":"USA","city":"Syracuse","geoname_id":"5140405","h3_hexagon":590737567192711167,"h3_resolution":3,"downloaders":{"size":3096,"mobile":56,"satellite":0,"tor":0,"tor_exit_nodes":0,"vpn":11,"relay":1,"proxy":0,"hosting":1,"service":1},"uploaders":{"size":13,"mobile":2,"satellite":0,"tor":0,"tor_exit_nodes":0,"vpn":0,"relay":0,"proxy":0,"hosting":0,"service":0}},"geometry":{"type":"Point","coordinates":[-76.14742,43.04812]}},{"type":"Feature","properties":{"country_code":"AUS","city":"Hobart","geoname_id":"2163355","h3_hexagon":593336950119727103,"h3_resolution":3,"downloaders":{"size":3094,"mobile":632,"satellite":103,"tor":0,"tor_exit_nodes":0,"vpn":67,"relay":0,"proxy":0,"hosting":0,"service":0},"uploaders":{"size":71,"mobile":3,"satellite":1,"tor":0,"tor_exit_nodes":0,"vpn":0,"relay":0,"proxy":0,"hosting":0,"service":0}},"geometry":{"type":"Point","coordinates":[147.32941,-42.87936]}},{"type":"Feature","properties":{"country_code":"AUS","city":"Wollongong","geoname_id":"2171507","h3_hexagon":593314685009264639,"h3_resolution":3,"downloaders":{"size":3092,"mobile":15,"satellite":0,"tor":0,"tor_exit_nodes":0,"vpn":15,"relay":0,"proxy":0,"hosting":1481,"service":2},"uploaders":{"size":63,"mobile":0,"satellite":0,"tor":0,"tor_exit_nodes":0,"vpn":0,"relay":0,"proxy":0,"hosting":2,"service":0}},"geometry":{"type":"Point","coordinates":[150.89345,-34.424]}},{"type":"Feature","properties":{"country_code":"BRA","city":"Tramandaí","geoname_id":"3446232","h3_hexagon":592944905504948223,"h3_resolution":3,"downloaders":{"size":3090,"mobile":92,"satellite":0,"tor":0,"tor_exit_nodes":0,"vpn":3,"relay":0,"proxy":0,"hosting":0,"service":0},"uploaders":{"size":19,"mobile":0,"satellite":0,"tor":0,"tor_exit_nodes":0,"vpn":0,"relay":0,"proxy":0,"hosting":0,"service":0}},"geometry":{"type":"Point","coordinates":[-50.13361,-29.98472]}},{"type":"Feature","properties":{"country_code":"GRC","city":"Véroia","geoname_id":"733905","h3_hexagon":590513747856982015,"h3_resolution":3,"downloaders":{"size":3066,"mobile":0,"satellite":0,"tor":0,"tor_exit_nodes":0,"vpn":1,"relay":0,"proxy":0,"hosting":0,"service":0},"uploaders":{"size":23,"mobile":0,"satellite":0,"tor":0,"tor_exit_nodes":0,"vpn":0,"relay":0,"proxy":0,"hosting":0,"service":0}},"geometry":{"type":"Point","coordinates":[22.20242,40.52437]}},{"type":"Feature","properties":{"country_code":"CAN","city":"Sarnia","geoname_id":"6141190","h3_hexagon":590722998663643135,"h3_resolution":3,"downloaders":{"size":3064,"mobile":359,"satellite":0,"tor":0,"tor_exit_nodes":0,"vpn":13,"relay":0,"proxy":0,"hosting":0,"service":0},"uploaders":{"size":40,"mobile":27,"satellite":0,"tor":0,"tor_exit_nodes":0,"vpn":0,"relay":0,"proxy":0,"hosting":0,"service":0}},"geometry":{"type":"Point","coordinates":[-82.40407,42.97866]}},{"type":"Feature","properties":{"country_code":"USA","city":"Graham","geoname_id":"5795906","h3_hexagon":590689875875856383,"h3_resolution":3,"downloaders":{"size":3047,"mobile":0,"satellite":0,"tor":0,"tor_exit_nodes":0,"vpn":42,"relay":0,"proxy":0,"hosting":99,"service":0},"uploaders":{"size":34,"mobile":0,"satellite":0,"tor":0,"tor_exit_nodes":0,"vpn":0,"relay":0,"proxy":0,"hosting":8,"service":0}},"geometry":{"type":"Point","coordinates":[-122.29428,47.05288]}},{"type":"Feature","properties":{"country_code":"PRT","city":"Funchal","geoname_id":"2267827","h3_hexagon":590893422965948415,"h3_resolution":3,"downloaders":{"size":3045,"mobile":1,"satellite":0,"tor":0,"tor_exit_nodes":0,"vpn":13,"relay":0,"proxy":0,"hosting":0,"service":0},"uploaders":{"size":44,"mobile":0,"satellite":0,"tor":0,"tor_exit_nodes":0,"vpn":0,"relay":0,"proxy":0,"hosting":0,"service":0}},"geometry":{"type":"Point","coordinates":[-16.92547,32.66568]}},{"type":"Feature","properties":{"country_code":"USA","city":"Memphis","geoname_id":"4641239","h3_hexagon":590646239008129023,"h3_resolution":3,"downloaders":{"size":3023,"mobile":144,"satellite":0,"tor":0,"tor_exit_nodes":0,"vpn":58,"relay":0,"proxy":0,"hosting":0,"service":0},"uploaders":{"size":13,"mobile":7,"satellite":0,"tor":0,"tor_exit_nodes":0,"vpn":0,"relay":0,"proxy":0,"hosting":0,"service":0}},"geometry":{"type":"Point","coordinates":[-90.04898,35.14953]}},{"type":"Feature","properties":{"country_code":"VEN","city":"Punto Fijo","geoname_id":"3629576","h3_hexagon":591789456223109119,"h3_resolution":3,"downloaders":{"size":3023,"mobile":0,"satellite":0,"tor":0,"tor_exit_nodes":0,"vpn":59,"relay":0,"proxy":0,"hosting":833,"service":24},"uploaders":{"size":23,"mobile":0,"satellite":0,"tor":0,"tor_exit_nodes":0,"vpn":0,"relay":0,"proxy":0,"hosting":0,"service":0}},"geometry":{"type":"Point","coordinates":[-70.19918,11.69152]}},{"type":"Feature","properties":{"country_code":"USA","city":"Cross Lanes","geoname_id":"4803372","h3_hexagon":590721211957247999,"h3_resolution":3,"downloaders":{"size":3019,"mobile":0,"satellite":0,"tor":0,"tor_exit_nodes":0,"vpn":424,"relay":1,"proxy":0,"hosting":422,"service":422},"uploaders":{"size":7,"mobile":0,"satellite":0,"tor":0,"tor_exit_nodes":0,"vpn":2,"relay":0,"proxy":0,"hosting":2,"service":2}},"geometry":{"type":"Point","coordinates":[-81.79068,38.42037]}},{"type":"Feature","properties":{"country_code":"KAZ","city":"Taraz","geoname_id":"1516905","h3_hexagon":590535875528491007,"h3_resolution":3,"downloaders":{"size":3015,"mobile":605,"satellite":0,"tor":0,"tor_exit_nodes":0,"vpn":7,"relay":0,"proxy":0,"hosting":0,"service":0},"uploaders":{"size":5,"mobile":1,"satellite":0,"tor":0,"tor_exit_nodes":0,"vpn":0,"relay":0,"proxy":0,"hosting":0,"service":0}},"geometry":{"type":"Point","coordinates":[71.37334,42.89799]}},{"type":"Feature","properties":{"country_code":"USA","city":"Greenfield","geoname_id":"4258285","h3_hexagon":590720524762480639,"h3_resolution":3,"downloaders":{"size":3013,"mobile":0,"satellite":0,"tor":0,"tor_exit_nodes":0,"vpn":99,"relay":1,"proxy":0,"hosting":1,"service":1},"uploaders":{"size":40,"mobile":0,"satellite":0,"tor":0,"tor_exit_nodes":0,"vpn":0,"relay":0,"proxy":0,"hosting":0,"service":0}},"geometry":{"type":"Point","coordinates":[-85.76942,39.78504]}},{"type":"Feature","properties":{"country_code":"USA","city":"Ann Arbor","geoname_id":"4984247","h3_hexagon":590662731682545663,"h3_resolution":3,"downloaders":{"size":3003,"mobile":9,"satellite":0,"tor":0,"tor_exit_nodes":0,"vpn":19,"relay":2,"proxy":0,"hosting":4,"service":3},"uploaders":{"size":20,"mobile":0,"satellite":0,"tor":0,"tor_exit_nodes":0,"vpn":0,"relay":0,"proxy":0,"hosting":0,"service":0}},"geometry":{"type":"Point","coordinates":[-83.74088,42.27756]}},{"type":"Feature","properties":{"country_code":"USA","city":"Johnson","geoname_id":"4116660","h3_hexagon":590656409490685951,"h3_resolution":3,"downloaders":{"size":2992,"mobile":0,"satellite":0,"tor":0,"tor_exit_nodes":0,"vpn":3,"relay":0,"proxy":0,"hosting":0,"service":0},"uploaders":{"size":6,"mobile":0,"satellite":0,"tor":0,"tor_exit_nodes":0,"vpn":0,"relay":0,"proxy":0,"hosting":0,"service":0}},"geometry":{"type":"Point","coordinates":[-94.16548,36.13286]}},{"type":"Feature","properties":{"country_code":"BOL","city":"Santa Cruz de la Sierra","geoname_id":"3904906","h3_hexagon":592419270227394559,"h3_resolution":3,"downloaders":{"size":2989,"mobile":2069,"satellite":0,"tor":0,"tor_exit_nodes":0,"vpn":3,"relay":0,"proxy":0,"hosting":4,"service":0},"uploaders":{"size":22,"mobile":20,"satellite":0,"tor":0,"tor_exit_nodes":0,"vpn":0,"relay":0,"proxy":0,"hosting":0,"service":0}},"geometry":{"type":"Point","coordinates":[-63.18117,-17.78629]}},{"type":"Feature","properties":{"country_code":"BRA","city":"Vitória da Conquista","geoname_id":"3444914","h3_hexagon":592244379159101439,"h3_resolution":3,"downloaders":{"size":2987,"mobile":1,"satellite":0,"tor":0,"tor_exit_nodes":0,"vpn":24,"relay":0,"proxy":0,"hosting":0,"service":0},"uploaders":{"size":5,"mobile":0,"satellite":0,"tor":0,"tor_exit_nodes":0,"vpn":0,"relay":0,"proxy":0,"hosting":0,"service":0}},"geometry":{"type":"Point","coordinates":[-40.83944,-14.86611]}},{"type":"Feature","properties":{"country_code":"POL","city":"Mława","geoname_id":"764634","h3_hexagon":590522475230527487,"h3_resolution":3,"downloaders":{"size":2970,"mobile":143,"satellite":0,"tor":0,"tor_exit_nodes":0,"vpn":60,"relay":0,"proxy":0,"hosting":0,"service":0},"uploaders":{"size":3,"mobile":0,"satellite":0,"tor":0,"tor_exit_nodes":0,"vpn":0,"relay":0,"proxy":0,"hosting":0,"service":0}},"geometry":{"type":"Point","coordinates":[20.3841,53.11278]}},{"type":"Feature","properties":{"country_code":"COL","city":"Bucaramanga","geoname_id":"3688465","h3_hexagon":591766572637356031,"h3_resolution":3,"downloaders":{"size":2966,"mobile":927,"satellite":0,"tor":0,"tor_exit_nodes":0,"vpn":35,"relay":0,"proxy":0,"hosting":47,"service":0},"uploaders":{"size":35,"mobile":7,"satellite":0,"tor":0,"tor_exit_nodes":0,"vpn":0,"relay":0,"proxy":0,"hosting":0,"service":0}},"geometry":{"type":"Point","coordinates":[-73.11895,7.125]}},{"type":"Feature","properties":{"country_code":"USA","city":"Oswego","geoname_id":"4904996","h3_hexagon":590647132361326591,"h3_resolution":3,"downloaders":{"size":2963,"mobile":0,"satellite":0,"tor":0,"tor_exit_nodes":0,"vpn":94,"relay":1,"proxy":0,"hosting":1,"service":1},"uploaders":{"size":12,"mobile":0,"satellite":0,"tor":0,"tor_exit_nodes":0,"vpn":0,"relay":0,"proxy":0,"hosting":0,"service":0}},"geometry":{"type":"Point","coordinates":[-88.35146,41.68281]}},{"type":"Feature","properties":{"country_code":"IND","city":"Bāshettihalli","geoname_id":"10854217","h3_hexagon":591661981593763839,"h3_resolution":3,"downloaders":{"size":2961,"mobile":4,"satellite":0,"tor":0,"tor_exit_nodes":0,"vpn":86,"relay":0,"proxy":0,"hosting":736,"service":82},"uploaders":{"size":6,"mobile":0,"satellite":0,"tor":0,"tor_exit_nodes":0,"vpn":0,"relay":0,"proxy":0,"hosting":5,"service":0}},"geometry":{"type":"Point","coordinates":[77.575,13.2257]}},{"type":"Feature","properties":{"country_code":"NZL","city":"Tauranga","geoname_id":"2208032","h3_hexagon":593267268570316799,"h3_resolution":3,"downloaders":{"size":2960,"mobile":1302,"satellite":0,"tor":0,"tor_exit_nodes":0,"vpn":9,"relay":0,"proxy":0,"hosting":0,"service":0},"uploaders":{"size":126,"mobile":48,"satellite":0,"tor":0,"tor_exit_nodes":0,"vpn":9,"relay":0,"proxy":0,"hosting":0,"service":0}},"geometry":{"type":"Point","coordinates":[176.16667,-37.68611]}},{"type":"Feature","properties":{"country_code":"IDN","city":"Kuta","geoname_id":"1639002","h3_hexagon":592604125619814399,"h3_resolution":3,"downloaders":{"size":2959,"mobile":99,"satellite":0,"tor":0,"tor_exit_nodes":0,"vpn":15,"relay":0,"proxy":0,"hosting":259,"service":1},"uploaders":{"size":286,"mobile":2,"satellite":0,"tor":0,"tor_exit_nodes":0,"vpn":0,"relay":0,"proxy":0,"hosting":9,"service":0}},"geometry":{"type":"Point","coordinates":[115.17234,-8.72332]}},{"type":"Feature","properties":{"country_code":"USA","city":"North Little Rock","geoname_id":"4124112","h3_hexagon":590646376447082495,"h3_resolution":3,"downloaders":{"size":2928,"mobile":55,"satellite":1,"tor":0,"tor_exit_nodes":0,"vpn":8,"relay":0,"proxy":0,"hosting":216,"service":0},"uploaders":{"size":30,"mobile":1,"satellite":0,"tor":0,"tor_exit_nodes":0,"vpn":0,"relay":0,"proxy":0,"hosting":15,"service":0}},"geometry":{"type":"Point","coordinates":[-92.3289,34.8337]}},{"type":"Feature","properties":{"country_code":"BRA","city":"Avaré","geoname_id":"3471291","h3_hexagon":592927244599427071,"h3_resolution":3,"downloaders":{"size":2909,"mobile":1,"satellite":0,"tor":0,"tor_exit_nodes":0,"vpn":1,"relay":0,"proxy":0,"hosting":0,"service":0},"uploaders":{"size":5,"mobile":0,"satellite":0,"tor":0,"tor_exit_nodes":0,"vpn":0,"relay":0,"proxy":0,"hosting":0,"service":0}},"geometry":{"type":"Point","coordinates":[-48.92583,-23.09861]}},{"type":"Feature","properties":{"country_code":"USA","city":"Lincoln","geoname_id":"5072006","h3_hexagon":590640810169466879,"h3_resolution":3,"downloaders":{"size":2889,"mobile":7,"satellite":0,"tor":0,"tor_exit_nodes":0,"vpn":28,"relay":1,"proxy":0,"hosting":1,"service":1},"uploaders":{"size":10,"mobile":0,"satellite":0,"tor":0,"tor_exit_nodes":0,"vpn":0,"relay":0,"proxy":0,"hosting":0,"service":0}},"geometry":{"type":"Point","coordinates":[-96.66696,40.8]}},{"type":"Feature","properties":{"country_code":"BRA","city":"Afonso Cláudio","geoname_id":"3473129","h3_hexagon":592936040692449279,"h3_resolution":3,"downloaders":{"size":2884,"mobile":0,"satellite":0,"tor":0,"tor_exit_nodes":0,"vpn":8,"relay":0,"proxy":0,"hosting":0,"service":0},"uploaders":{"size":3,"mobile":0,"satellite":0,"tor":0,"tor_exit_nodes":0,"vpn":0,"relay":0,"proxy":0,"hosting":0,"service":0}},"geometry":{"type":"Point","coordinates":[-41.12389,-20.07417]}},{"type":"Feature","properties":{"country_code":"CHL","city":"Concepción","geoname_id":"3893894","h3_hexagon":593117872427892735,"h3_resolution":3,"downloaders":{"size":2883,"mobile":709,"satellite":0,"tor":0,"tor_exit_nodes":0,"vpn":0,"relay":0,"proxy":0,"hosting":123,"service":0},"uploaders":{"size":83,"mobile":44,"satellite":0,"tor":0,"tor_exit_nodes":0,"vpn":0,"relay":0,"proxy":0,"hosting":0,"service":0}},"geometry":{"type":"Point","coordinates":[-73.04977,-36.82699]}},{"type":"Feature","properties":{"country_code":"PHL","city":"Davao","geoname_id":"1715348","h3_hexagon":591807254567583743,"h3_resolution":3,"downloaders":{"size":2873,"mobile":1179,"satellite":0,"tor":0,"tor_exit_nodes":0,"vpn":11,"relay":0,"proxy":0,"hosting":2,"service":0},"uploaders":{"size":94,"mobile":47,"satellite":0,"tor":0,"tor_exit_nodes":0,"vpn":0,"relay":0,"proxy":0,"hosting":0,"service":0}},"geometry":{"type":"Point","coordinates":[125.61278,7.07306]}},{"type":"Feature","properties":{"country_code":"IND","city":"Kanayannur","geoname_id":"12501153","h3_hexagon":591660744643182591,"h3_resolution":3,"downloaders":{"size":2873,"mobile":916,"satellite":0,"tor":0,"tor_exit_nodes":0,"vpn":0,"relay":0,"proxy":0,"hosting":0,"service":0},"uploaders":{"size":115,"mobile":106,"satellite":0,"tor":0,"tor_exit_nodes":0,"vpn":0,"relay":0,"proxy":0,"hosting":0,"service":0}},"geometry":{"type":"Point","coordinates":[76.26667,9.96667]}},{"type":"Feature","properties":{"country_code":"TWN","city":"Yilan","geoname_id":"1674199","h3_hexagon":591302097694097407,"h3_resolution":3,"downloaders":{"size":2869,"mobile":3,"satellite":0,"tor":0,"tor_exit_nodes":0,"vpn":89,"relay":0,"proxy":0,"hosting":0,"service":8},"uploaders":{"size":4,"mobile":0,"satellite":0,"tor":0,"tor_exit_nodes":0,"vpn":0,"relay":0,"proxy":0,"hosting":0,"service":0}},"geometry":{"type":"Point","coordinates":[121.753,24.757]}},{"type":"Feature","properties":{"country_code":"MAR","city":"Marrakesh","geoname_id":"2542997","h3_hexagon":590983239322042367,"h3_resolution":3,"downloaders":{"size":2863,"mobile":923,"satellite":0,"tor":0,"tor_exit_nodes":0,"vpn":1,"relay":0,"proxy":0,"hosting":2,"service":0},"uploaders":{"size":3,"mobile":2,"satellite":0,"tor":0,"tor_exit_nodes":0,"vpn":0,"relay":0,"proxy":0,"hosting":0,"service":0}},"geometry":{"type":"Point","coordinates":[-7.99994,31.63416]}},{"type":"Feature","properties":{"country_code":"GRC","city":"Lárisa","geoname_id":"258576","h3_hexagon":590514641210179583,"h3_resolution":3,"downloaders":{"size":2838,"mobile":8,"satellite":0,"tor":0,"tor_exit_nodes":0,"vpn":4,"relay":0,"proxy":0,"hosting":1,"service":0},"uploaders":{"size":47,"mobile":0,"satellite":0,"tor":0,"tor_exit_nodes":0,"vpn":0,"relay":0,"proxy":0,"hosting":0,"service":0}},"geometry":{"type":"Point","coordinates":[22.41761,39.63689]}},{"type":"Feature","properties":{"country_code":"THA","city":"Nakhon Ratchasima","geoname_id":"1608529","h3_hexagon":591759082214391807,"h3_resolution":3,"downloaders":{"size":2834,"mobile":847,"satellite":0,"tor":0,"tor_exit_nodes":0,"vpn":19,"relay":0,"proxy":0,"hosting":0,"service":14},"uploaders":{"size":14,"mobile":2,"satellite":0,"tor":0,"tor_exit_nodes":0,"vpn":0,"relay":0,"proxy":0,"hosting":0,"service":0}},"geometry":{"type":"Point","coordinates":[102.10196,14.97066]}},{"type":"Feature","properties":{"country_code":"USA","city":"Bend","geoname_id":"5713587","h3_hexagon":590686920938356735,"h3_resolution":3,"downloaders":{"size":2820,"mobile":9,"satellite":0,"tor":0,"tor_exit_nodes":0,"vpn":747,"relay":0,"proxy":0,"hosting":934,"service":740},"uploaders":{"size":614,"mobile":0,"satellite":0,"tor":0,"tor_exit_nodes":0,"vpn":176,"relay":0,"proxy":0,"hosting":219,"service":176}},"geometry":{"type":"Point","coordinates":[-121.31531,44.05817]}},{"type":"Feature","properties":{"country_code":"USA","city":"Davenport","geoname_id":"4853423","h3_hexagon":590648163153477631,"h3_resolution":3,"downloaders":{"size":2819,"mobile":2,"satellite":0,"tor":0,"tor_exit_nodes":0,"vpn":23,"relay":0,"proxy":0,"hosting":45,"service":0},"uploaders":{"size":33,"mobile":0,"satellite":0,"tor":0,"tor_exit_nodes":0,"vpn":0,"relay":0,"proxy":0,"hosting":0,"service":0}},"geometry":{"type":"Point","coordinates":[-90.57764,41.52364]}},{"type":"Feature","properties":{"country_code":"IND","city":"Ahmedabad","geoname_id":"1279233","h3_hexagon":591146860396150783,"h3_resolution":3,"downloaders":{"size":2810,"mobile":983,"satellite":0,"tor":0,"tor_exit_nodes":0,"vpn":47,"relay":0,"proxy":0,"hosting":43,"service":0},"uploaders":{"size":16,"mobile":3,"satellite":0,"tor":0,"tor_exit_nodes":0,"vpn":4,"relay":0,"proxy":0,"hosting":4,"service":0}},"geometry":{"type":"Point","coordinates":[72.58727,23.02579]}},{"type":"Feature","properties":{"country_code":"THA","city":"Cha-am","geoname_id":"1153807","h3_hexagon":591757982702764031,"h3_resolution":3,"downloaders":{"size":2793,"mobile":464,"satellite":0,"tor":0,"tor_exit_nodes":0,"vpn":37,"relay":0,"proxy":0,"hosting":1,"service":5},"uploaders":{"size":19,"mobile":1,"satellite":0,"tor":0,"tor_exit_nodes":0,"vpn":0,"relay":0,"proxy":0,"hosting":0,"service":0}},"geometry":{"type":"Point","coordinates":[99.96667,12.8]}},{"type":"Feature","properties":{"country_code":"JPN","city":"Fukuyama","geoname_id":"1863917","h3_hexagon":590788350886019071,"h3_resolution":3,"downloaders":{"size":2785,"mobile":95,"satellite":0,"tor":0,"tor_exit_nodes":0,"vpn":89,"relay":0,"proxy":0,"hosting":44,"service":83},"uploaders":{"size":3,"mobile":0,"satellite":0,"tor":0,"tor_exit_nodes":0,"vpn":0,"relay":0,"proxy":0,"hosting":0,"service":0}},"geometry":{"type":"Point","coordinates":[133.36667,34.48333]}},{"type":"Feature","properties":{"country_code":"USA","city":"Saint Louis Park","geoname_id":"5045021","h3_hexagon":590643146631675903,"h3_resolution":3,"downloaders":{"size":2767,"mobile":1,"satellite":0,"tor":0,"tor_exit_nodes":0,"vpn":51,"relay":0,"proxy":0,"hosting":60,"service":1},"uploaders":{"size":17,"mobile":0,"satellite":0,"tor":0,"tor_exit_nodes":0,"vpn":5,"relay":0,"proxy":0,"hosting":0,"service":0}},"geometry":{"type":"Point","coordinates":[-93.34801,44.9483]}},{"type":"Feature","properties":{"country_code":"USA","city":"Columbia","geoname_id":"4575352","h3_hexagon":591183144279867391,"h3_resolution":3,"downloaders":{"size":2757,"mobile":0,"satellite":0,"tor":0,"tor_exit_nodes":0,"vpn":430,"relay":0,"proxy":0,"hosting":297,"service":297},"uploaders":{"size":28,"mobile":0,"satellite":0,"tor":0,"tor_exit_nodes":0,"vpn":7,"relay":0,"proxy":0,"hosting":4,"service":4}},"geometry":{"type":"Point","coordinates":[-81.03481,34.00071]}},{"type":"Feature","properties":{"country_code":"NZL","city":"Hamilton","geoname_id":"2190324","h3_hexagon":593267131131363327,"h3_resolution":3,"downloaders":{"size":2749,"mobile":637,"satellite":0,"tor":0,"tor_exit_nodes":0,"vpn":22,"relay":0,"proxy":0,"hosting":47,"service":0},"uploaders":{"size":115,"mobile":9,"satellite":0,"tor":0,"tor_exit_nodes":0,"vpn":0,"relay":0,"proxy":0,"hosting":0,"service":0}},"geometry":{"type":"Point","coordinates":[175.2167,-37.75]}},{"type":"Feature","properties":{"country_code":"MUS","city":"Moka","geoname_id":"934277","h3_hexagon":592826089529671679,"h3_resolution":3,"downloaders":{"size":2746,"mobile":61,"satellite":0,"tor":0,"tor_exit_nodes":0,"vpn":2,"relay":0,"proxy":0,"hosting":643,"service":0},"uploaders":{"size":108,"mobile":1,"satellite":0,"tor":0,"tor_exit_nodes":0,"vpn":1,"relay":0,"proxy":0,"hosting":25,"service":0}},"geometry":{"type":"Point","coordinates":[57.51083,-20.21904]}},{"type":"Feature","properties":{"country_code":"RUS","city":"Dimitrovgrad","geoname_id":"566199","h3_hexagon":590264777192767487,"h3_resolution":3,"downloaders":{"size":2745,"mobile":0,"satellite":0,"tor":0,"tor_exit_nodes":0,"vpn":10,"relay":0,"proxy":0,"hosting":0,"service":0},"uploaders":{"size":4,"mobile":0,"satellite":0,"tor":0,"tor_exit_nodes":0,"vpn":0,"relay":0,"proxy":0,"hosting":0,"service":0}},"geometry":{"type":"Point","coordinates":[49.61838,54.21386]}},{"type":"Feature","properties":{"country_code":"USA","city":"Weirton Heights","geoname_id":"5280822","h3_hexagon":590719700128759807,"h3_resolution":3,"downloaders":{"size":2738,"mobile":9,"satellite":0,"tor":0,"tor_exit_nodes":0,"vpn":94,"relay":0,"proxy":0,"hosting":0,"service":0},"uploaders":{"size":16,"mobile":0,"satellite":0,"tor":0,"tor_exit_nodes":0,"vpn":0,"relay":0,"proxy":0,"hosting":0,"service":0}},"geometry":{"type":"Point","coordinates":[-80.53924,40.4084]}},{"type":"Feature","properties":{"country_code":"USA","city":"Weaverville","geoname_id":"4497912","h3_hexagon":591182800682483711,"h3_resolution":3,"downloaders":{"size":2736,"mobile":0,"satellite":0,"tor":0,"tor_exit_nodes":0,"vpn":22,"relay":0,"proxy":0,"hosting":345,"service":0},"uploaders":{"size":79,"mobile":0,"satellite":0,"tor":0,"tor_exit_nodes":0,"vpn":17,"relay":0,"proxy":0,"hosting":57,"service":0}},"geometry":{"type":"Point","coordinates":[-82.56069,35.69705]}},{"type":"Feature","properties":{"country_code":"KHM","city":"Phnom Penh","geoname_id":"1821306","h3_hexagon":591757501666426879,"h3_resolution":3,"downloaders":{"size":2713,"mobile":939,"satellite":0,"tor":0,"tor_exit_nodes":0,"vpn":115,"relay":0,"proxy":0,"hosting":683,"service":30},"uploaders":{"size":51,"mobile":20,"satellite":0,"tor":0,"tor_exit_nodes":0,"vpn":6,"relay":0,"proxy":0,"hosting":12,"service":3}},"geometry":{"type":"Point","coordinates":[104.91601,11.56245]}},{"type":"Feature","properties":{"country_code":"USA","city":"Fort Worth","geoname_id":"4691930","h3_hexagon":590654004309000191,"h3_resolution":3,"downloaders":{"size":2703,"mobile":0,"satellite":0,"tor":0,"tor_exit_nodes":0,"vpn":42,"relay":0,"proxy":0,"hosting":0,"service":0},"uploaders":{"size":17,"mobile":0,"satellite":0,"tor":0,"tor_exit_nodes":0,"vpn":0,"relay":0,"proxy":0,"hosting":0,"service":0}},"geometry":{"type":"Point","coordinates":[-97.356,32.7968]}},{"type":"Feature","properties":{"country_code":"ARG","city":"Resistencia","geoname_id":"3429577","h3_hexagon":592952258488958975,"h3_resolution":3,"downloaders":{"size":2693,"mobile":939,"satellite":0,"tor":0,"tor_exit_nodes":0,"vpn":8,"relay":0,"proxy":1,"hosting":3,"service":2},"uploaders":{"size":16,"mobile":0,"satellite":0,"tor":0,"tor_exit_nodes":0,"vpn":0,"relay":0,"proxy":0,"hosting":0,"service":0}},"geometry":{"type":"Point","coordinates":[-58.98665,-27.46363]}},{"type":"Feature","properties":{"country_code":"USA","city":"Bunker Hill","geoname_id":"4918529","h3_hexagon":590647063641849855,"h3_resolution":3,"downloaders":{"size":2691,"mobile":0,"satellite":0,"tor":0,"tor_exit_nodes":0,"vpn":60,"relay":0,"proxy":0,"hosting":0,"service":0},"uploaders":{"size":7,"mobile":0,"satellite":0,"tor":0,"tor_exit_nodes":0,"vpn":0,"relay":0,"proxy":0,"hosting":0,"service":0}},"geometry":{"type":"Point","coordinates":[-86.10277,40.66032]}},{"type":"Feature","properties":{"country_code":"MEX","city":"Minatitlán","geoname_id":"3523183","h3_hexagon":591892810316120063,"h3_resolution":3,"downloaders":{"size":2687,"mobile":0,"satellite":0,"tor":0,"tor_exit_nodes":0,"vpn":3,"relay":0,"proxy":0,"hosting":0,"service":0},"uploaders":{"size":9,"mobile":0,"satellite":0,"tor":0,"tor_exit_nodes":0,"vpn":0,"relay":0,"proxy":0,"hosting":0,"service":0}},"geometry":{"type":"Point","coordinates":[-94.5569,18.00011]}},{"type":"Feature","properties":{"country_code":"FRA","city":"Manosque","geoname_id":"2996180","h3_hexagon":590981864932507647,"h3_resolution":3,"downloaders":{"size":2685,"mobile":461,"satellite":0,"tor":0,"tor_exit_nodes":0,"vpn":0,"relay":0,"proxy":0,"hosting":62,"service":0},"uploaders":{"size":8,"mobile":0,"satellite":0,"tor":0,"tor_exit_nodes":0,"vpn":0,"relay":0,"proxy":0,"hosting":0,"service":0}},"geometry":{"type":"Point","coordinates":[5.78688,43.82883]}},{"type":"Feature","properties":{"country_code":"DOM","city":"Santiago de los Caballeros","geoname_id":"3492914","h3_hexagon":591318040612700159,"h3_resolution":3,"downloaders":{"size":2681,"mobile":467,"satellite":0,"tor":0,"tor_exit_nodes":0,"vpn":76,"relay":0,"proxy":2,"hosting":19,"service":0},"uploaders":{"size":202,"mobile":61,"satellite":0,"tor":0,"tor_exit_nodes":0,"vpn":0,"relay":0,"proxy":0,"hosting":0,"service":0}},"geometry":{"type":"Point","coordinates":[-70.69085,19.45036]}},{"type":"Feature","properties":{"country_code":"ETH","city":"Addis Ababa","geoname_id":"344979","h3_hexagon":591424830679547903,"h3_resolution":3,"downloaders":{"size":2681,"mobile":685,"satellite":0,"tor":0,"tor_exit_nodes":0,"vpn":7,"relay":0,"proxy":0,"hosting":0,"service":0},"uploaders":{"size":42,"mobile":24,"satellite":0,"tor":0,"tor_exit_nodes":0,"vpn":0,"relay":0,"proxy":0,"hosting":0,"service":0}},"geometry":{"type":"Point","coordinates":[38.74689,9.02497]}},{"type":"Feature","properties":{"country_code":"ARG","city":"Santa Fe","geoname_id":"3836277","h3_hexagon":593108320420626431,"h3_resolution":3,"downloaders":{"size":2676,"mobile":544,"satellite":0,"tor":0,"tor_exit_nodes":0,"vpn":7,"relay":0,"proxy":0,"hosting":3,"service":1},"uploaders":{"size":20,"mobile":8,"satellite":0,"tor":0,"tor_exit_nodes":0,"vpn":0,"relay":0,"proxy":0,"hosting":0,"service":0}},"geometry":{"type":"Point","coordinates":[-60.70868,-31.64881]}},{"type":"Feature","properties":{"country_code":"USA","city":"Honolulu","geoname_id":"5856195","h3_hexagon":591208226888876031,"h3_resolution":3,"downloaders":{"size":2673,"mobile":191,"satellite":0,"tor":0,"tor_exit_nodes":0,"vpn":452,"relay":0,"proxy":0,"hosting":454,"service":443},"uploaders":{"size":75,"mobile":1,"satellite":0,"tor":0,"tor_exit_nodes":0,"vpn":42,"relay":0,"proxy":0,"hosting":50,"service":42}},"geometry":{"type":"Point","coordinates":[-157.85833,21.30694]}},{"type":"Feature","properties":{"country_code":"MEX","city":"Ensenada","geoname_id":"4006702","h3_hexagon":591243342541488127,"h3_resolution":3,"downloaders":{"size":2659,"mobile":0,"satellite":0,"tor":0,"tor_exit_nodes":0,"vpn":8,"relay":0,"proxy":0,"hosting":0,"service":0},"uploaders":{"size":7,"mobile":0,"satellite":0,"tor":0,"tor_exit_nodes":0,"vpn":0,"relay":0,"proxy":0,"hosting":0,"service":0}},"geometry":{"type":"Point","coordinates":[-116.60071,31.87149]}},{"type":"Feature","properties":{"country_code":"USA","city":"Dover","geoname_id":"4142290","h3_hexagon":590722380188352511,"h3_resolution":3,"downloaders":{"size":2658,"mobile":1,"satellite":0,"tor":0,"tor_exit_nodes":0,"vpn":16,"relay":0,"proxy":0,"hosting":1,"service":1},"uploaders":{"size":36,"mobile":0,"satellite":0,"tor":0,"tor_exit_nodes":0,"vpn":0,"relay":0,"proxy":0,"hosting":0,"service":0}},"geometry":{"type":"Point","coordinates":[-75.52437,39.15817]}},{"type":"Feature","properties":{"country_code":"JAM","city":"Montego Bay","geoname_id":"3489460","h3_hexagon":591197712808935423,"h3_resolution":3,"downloaders":{"size":2655,"mobile":20,"satellite":0,"tor":0,"tor_exit_nodes":0,"vpn":0,"relay":0,"proxy":0,"hosting":18,"service":0},"uploaders":{"size":3,"mobile":0,"satellite":0,"tor":0,"tor_exit_nodes":0,"vpn":0,"relay":0,"proxy":0,"hosting":0,"service":0}},"geometry":{"type":"Point","coordinates":[-77.91883,18.47116]}},{"type":"Feature","properties":{"country_code":"ARG","city":"Neuquén","geoname_id":"3843123","h3_hexagon":593605711993241599,"h3_resolution":3,"downloaders":{"size":2652,"mobile":31,"satellite":0,"tor":0,"tor_exit_nodes":0,"vpn":8,"relay":0,"proxy":0,"hosting":0,"service":0},"uploaders":{"size":13,"mobile":0,"satellite":0,"tor":0,"tor_exit_nodes":0,"vpn":0,"relay":0,"proxy":0,"hosting":0,"service":0}},"geometry":{"type":"Point","coordinates":[-68.0592,-38.95078]}},{"type":"Feature","properties":{"country_code":"DEU","city":"Kröpelin","geoname_id":"2883602","h3_hexagon":590516977672388607,"h3_resolution":3,"downloaders":{"size":2648,"mobile":133,"satellite":0,"tor":0,"tor_exit_nodes":0,"vpn":16,"relay":0,"proxy":0,"hosting":5,"service":3},"uploaders":{"size":7,"mobile":0,"satellite":0,"tor":0,"tor_exit_nodes":0,"vpn":0,"relay":0,"proxy":0,"hosting":0,"service":0}},"geometry":{"type":"Point","coordinates":[11.79501,54.07123]}},{"type":"Feature","properties":{"country_code":"CUW","city":"Willemstad","geoname_id":"3513090","h3_hexagon":591788425430958079,"h3_resolution":3,"downloaders":{"size":2648,"mobile":0,"satellite":0,"tor":0,"tor_exit_nodes":0,"vpn":10,"relay":0,"proxy":0,"hosting":65,"service":0},"uploaders":{"size":92,"mobile":0,"satellite":0,"tor":0,"tor_exit_nodes":0,"vpn":0,"relay":0,"proxy":0,"hosting":0,"service":0}},"geometry":{"type":"Point","coordinates":[-68.88641,12.12246]}},{"type":"Feature","properties":{"country_code":"GHA","city":"Accra","geoname_id":"2306104","h3_hexagon":592038014570463231,"h3_resolution":3,"downloaders":{"size":2637,"mobile":1805,"satellite":224,"tor":0,"tor_exit_nodes":0,"vpn":18,"relay":0,"proxy":0,"hosting":82,"service":0},"uploaders":{"size":131,"mobile":102,"satellite":1,"tor":0,"tor_exit_nodes":0,"vpn":0,"relay":0,"proxy":0,"hosting":7,"service":0}},"geometry":{"type":"Point","coordinates":[-0.1969,5.55602]}},{"type":"Feature","properties":{"country_code":"USA","city":"Cedar Rapids","geoname_id":"4850751","h3_hexagon":590648094434000895,"h3_resolution":3,"downloaders":{"size":2615,"mobile":0,"satellite":0,"tor":0,"tor_exit_nodes":0,"vpn":14,"relay":0,"proxy":0,"hosting":1,"service":1},"uploaders":{"size":26,"mobile":0,"satellite":0,"tor":0,"tor_exit_nodes":0,"vpn":0,"relay":0,"proxy":0,"hosting":0,"service":0}},"geometry":{"type":"Point","coordinates":[-91.64407,42.00833]}},{"type":"Feature","properties":{"country_code":"ESP","city":"Lleida","geoname_id":"3118514","h3_hexagon":590982139810414591,"h3_resolution":3,"downloaders":{"size":2615,"mobile":472,"satellite":0,"tor":0,"tor_exit_nodes":0,"vpn":1,"relay":0,"proxy":0,"hosting":0,"service":0},"uploaders":{"size":27,"mobile":3,"satellite":0,"tor":0,"tor_exit_nodes":0,"vpn":0,"relay":0,"proxy":0,"hosting":0,"service":0}},"geometry":{"type":"Point","coordinates":[0.62218,41.61674]}},{"type":"Feature","properties":{"country_code":"ARE","city":"Al Ain City","geoname_id":"292913","h3_hexagon":591162253558939647,"h3_resolution":3,"downloaders":{"size":2612,"mobile":643,"satellite":0,"tor":0,"tor_exit_nodes":0,"vpn":9,"relay":0,"proxy":0,"hosting":0,"service":0},"uploaders":{"size":25,"mobile":0,"satellite":0,"tor":0,"tor_exit_nodes":0,"vpn":0,"relay":0,"proxy":0,"hosting":0,"service":0}},"geometry":{"type":"Point","coordinates":[55.76056,24.19167]}},{"type":"Feature","properties":{"country_code":"IDN","city":"Yogyakarta","geoname_id":"1621177","h3_hexagon":592461738864017407,"h3_resolution":3,"downloaders":{"size":2607,"mobile":735,"satellite":0,"tor":0,"tor_exit_nodes":0,"vpn":81,"relay":0,"proxy":0,"hosting":124,"service":8},"uploaders":{"size":93,"mobile":36,"satellite":0,"tor":0,"tor_exit_nodes":0,"vpn":2,"relay":0,"proxy":0,"hosting":3,"service":2}},"geometry":{"type":"Point","coordinates":[110.36472,-7.80139]}},{"type":"Feature","properties":{"country_code":"MEX","city":"Colima","geoname_id":"4013516","h3_hexagon":591267394358345727,"h3_resolution":3,"downloaders":{"size":2604,"mobile":0,"satellite":0,"tor":0,"tor_exit_nodes":0,"vpn":0,"relay":0,"proxy":0,"hosting":0,"service":0},"uploaders":{"size":6,"mobile":0,"satellite":0,"tor":0,"tor_exit_nodes":0,"vpn":0,"relay":0,"proxy":0,"hosting":0,"service":0}},"geometry":{"type":"Point","coordinates":[-103.7127,19.24473]}},{"type":"Feature","properties":{"country_code":"LKA","city":"Maharagama","geoname_id":"1236854","h3_hexagon":591679986096668671,"h3_resolution":3,"downloaders":{"size":2588,"mobile":829,"satellite":11,"tor":0,"tor_exit_nodes":0,"vpn":41,"relay":0,"proxy":0,"hosting":11,"service":11},"uploaders":{"size":168,"mobile":86,"satellite":0,"tor":0,"tor_exit_nodes":0,"vpn":1,"relay":0,"proxy":0,"hosting":1,"service":1}},"geometry":{"type":"Point","coordinates":[79.9265,6.848]}},{"type":"Feature","properties":{"country_code":"TUR","city":"Artvin","geoname_id":"751817","h3_hexagon":590748081272651775,"h3_resolution":3,"downloaders":{"size":2575,"mobile":39,"satellite":0,"tor":0,"tor_exit_nodes":0,"vpn":0,"relay":0,"proxy":0,"hosting":0,"service":0},"uploaders":{"size":6,"mobile":0,"satellite":0,"tor":0,"tor_exit_nodes":0,"vpn":0,"relay":0,"proxy":0,"hosting":0,"service":0}},"geometry":{"type":"Point","coordinates":[41.82172,41.18161]}},{"type":"Feature","properties":{"country_code":"USA","city":"Ithaca","geoname_id":"5122432","h3_hexagon":590721761713061887,"h3_resolution":3,"downloaders":{"size":2550,"mobile":0,"satellite":0,"tor":0,"tor_exit_nodes":0,"vpn":19,"relay":0,"proxy":0,"hosting":0,"service":0},"uploaders":{"size":35,"mobile":0,"satellite":0,"tor":0,"tor_exit_nodes":0,"vpn":4,"relay":0,"proxy":0,"hosting":0,"service":0}},"geometry":{"type":"Point","coordinates":[-76.49661,42.44063]}},{"type":"Feature","properties":{"country_code":"CIV","city":"Abidjan","geoname_id":"2293538","h3_hexagon":592031623659126783,"h3_resolution":3,"downloaders":{"size":2549,"mobile":246,"satellite":10,"tor":0,"tor_exit_nodes":0,"vpn":46,"relay":0,"proxy":0,"hosting":35,"service":35},"uploaders":{"size":26,"mobile":0,"satellite":0,"tor":0,"tor_exit_nodes":0,"vpn":2,"relay":0,"proxy":0,"hosting":2,"service":2}},"geometry":{"type":"Point","coordinates":[-4.00167,5.35444]}},{"type":"Feature","properties":{"country_code":"TUR","city":"Keşan","geoname_id":"743439","h3_hexagon":590513541698551807,"h3_resolution":3,"downloaders":{"size":2534,"mobile":8,"satellite":0,"tor":0,"tor_exit_nodes":0,"vpn":0,"relay":0,"proxy":0,"hosting":0,"service":0},"uploaders":{"size":19,"mobile":0,"satellite":0,"tor":0,"tor_exit_nodes":0,"vpn":0,"relay":0,"proxy":0,"hosting":0,"service":0}},"geometry":{"type":"Point","coordinates":[26.63266,40.85525]}},{"type":"Feature","properties":{"country_code":"FRA","city":"Châteauroux","geoname_id":"3026204","h3_hexagon":590401322793041919,"h3_resolution":3,"downloaders":{"size":2531,"mobile":853,"satellite":0,"tor":0,"tor_exit_nodes":0,"vpn":1,"relay":0,"proxy":0,"hosting":0,"service":0},"uploaders":{"size":22,"mobile":0,"satellite":0,"tor":0,"tor_exit_nodes":0,"vpn":0,"relay":0,"proxy":0,"hosting":0,"service":0}},"geometry":{"type":"Point","coordinates":[1.69362,46.81248]}},{"type":"Feature","properties":{"country_code":"BRA","city":"Três Lagoas","geoname_id":"3446098","h3_hexagon":592927863074717695,"h3_resolution":3,"downloaders":{"size":2520,"mobile":0,"satellite":0,"tor":0,"tor_exit_nodes":0,"vpn":2,"relay":0,"proxy":0,"hosting":0,"service":0},"uploaders":{"size":22,"mobile":0,"satellite":0,"tor":0,"tor_exit_nodes":0,"vpn":0,"relay":0,"proxy":0,"hosting":0,"service":0}},"geometry":{"type":"Point","coordinates":[-51.70338,-20.78765]}},{"type":"Feature","properties":{"country_code":"VCT","city":"Kingstown","geoname_id":"3577887","h3_hexagon":591633050694057983,"h3_resolution":3,"downloaders":{"size":2510,"mobile":0,"satellite":0,"tor":0,"tor_exit_nodes":0,"vpn":0,"relay":0,"proxy":0,"hosting":0,"service":0},"uploaders":{"size":5,"mobile":0,"satellite":0,"tor":0,"tor_exit_nodes":0,"vpn":0,"relay":0,"proxy":0,"hosting":0,"service":0}},"geometry":{"type":"Point","coordinates":[-61.22742,13.15527]}},{"type":"Feature","properties":{"country_code":"DNK","city":"Esbjerg","geoname_id":"2622447","h3_hexagon":590520619804655615,"h3_resolution":3,"downloaders":{"size":2482,"mobile":0,"satellite":0,"tor":0,"tor_exit_nodes":0,"vpn":202,"relay":0,"proxy":0,"hosting":4,"service":0},"uploaders":{"size":46,"mobile":0,"satellite":0,"tor":0,"tor_exit_nodes":0,"vpn":15,"relay":0,"proxy":0,"hosting":0,"service":0}},"geometry":{"type":"Point","coordinates":[8.45187,55.47028]}},{"type":"Feature","properties":{"country_code":"FRA","city":"Poussan","geoname_id":"2985738","h3_hexagon":590981933651984383,"h3_resolution":3,"downloaders":{"size":2478,"mobile":674,"satellite":0,"tor":0,"tor_exit_nodes":0,"vpn":28,"relay":0,"proxy":0,"hosting":2,"service":0},"uploaders":{"size":4,"mobile":4,"satellite":0,"tor":0,"tor_exit_nodes":0,"vpn":0,"relay":0,"proxy":0,"hosting":0,"service":0}},"geometry":{"type":"Point","coordinates":[3.67083,43.48944]}},{"type":"Feature","properties":{"country_code":"FIN","city":"Turku","geoname_id":"633679","h3_hexagon":590123146351214591,"h3_resolution":3,"downloaders":{"size":2477,"mobile":51,"satellite":0,"tor":0,"tor_exit_nodes":0,"vpn":17,"relay":0,"proxy":0,"hosting":1,"service":0},"uploaders":{"size":15,"mobile":0,"satellite":0,"tor":0,"tor_exit_nodes":0,"vpn":0,"relay":0,"proxy":0,"hosting":0,"service":0}},"geometry":{"type":"Point","coordinates":[22.26869,60.45148]}},{"type":"Feature","properties":{"country_code":"USA","city":"Goose Creek","geoname_id":"4580098","h3_hexagon":591182182207193087,"h3_resolution":3,"downloaders":{"size":2475,"mobile":4,"satellite":0,"tor":0,"tor_exit_nodes":0,"vpn":90,"relay":0,"proxy":0,"hosting":290,"service":0},"uploaders":{"size":42,"mobile":0,"satellite":0,"tor":0,"tor_exit_nodes":0,"vpn":0,"relay":0,"proxy":0,"hosting":9,"service":0}},"geometry":{"type":"Point","coordinates":[-80.03259,32.98101]}},{"type":"Feature","properties":{"country_code":"CHN","city":"Yinchuan","geoname_id":"1786657","h3_hexagon":590618132742143999,"h3_resolution":3,"downloaders":{"size":2460,"mobile":0,"satellite":0,"tor":0,"tor_exit_nodes":0,"vpn":18,"relay":0,"proxy":0,"hosting":1,"service":0},"uploaders":{"size":14,"mobile":0,"satellite":0,"tor":0,"tor_exit_nodes":0,"vpn":0,"relay":0,"proxy":0,"hosting":0,"service":0}},"geometry":{"type":"Point","coordinates":[106.27306,38.46806]}},{"type":"Feature","properties":{"country_code":"BRA","city":"Parnaíba","geoname_id":"3393001","h3_hexagon":592223625877127167,"h3_resolution":3,"downloaders":{"size":2452,"mobile":0,"satellite":0,"tor":0,"tor_exit_nodes":0,"vpn":9,"relay":0,"proxy":0,"hosting":0,"service":0},"uploaders":{"size":8,"mobile":0,"satellite":0,"tor":0,"tor_exit_nodes":0,"vpn":0,"relay":0,"proxy":0,"hosting":0,"service":0}},"geometry":{"type":"Point","coordinates":[-41.77667,-2.90472]}},{"type":"Feature","properties":{"country_code":"GEO","city":"Zugdidi","geoname_id":"610824","h3_hexagon":590747943833698303,"h3_resolution":3,"downloaders":{"size":2444,"mobile":561,"satellite":0,"tor":0,"tor_exit_nodes":0,"vpn":15,"relay":0,"proxy":0,"hosting":8,"service":0},"uploaders":{"size":15,"mobile":0,"satellite":0,"tor":0,"tor_exit_nodes":0,"vpn":0,"relay":0,"proxy":0,"hosting":0,"service":0}},"geometry":{"type":"Point","coordinates":[41.86796,42.5084]}},{"type":"Feature","properties":{"country_code":"BHS","city":"Nassau","geoname_id":"3571824","h3_hexagon":591180326781321215,"h3_resolution":3,"downloaders":{"size":2444,"mobile":314,"satellite":53,"tor":0,"tor_exit_nodes":0,"vpn":6,"relay":0,"proxy":0,"hosting":1,"service":0},"uploaders":{"size":29,"mobile":8,"satellite":0,"tor":0,"tor_exit_nodes":0,"vpn":0,"relay":0,"proxy":0,"hosting":0,"service":0}},"geometry":{"type":"Point","coordinates":[-77.34306,25.05823]}},{"type":"Feature","properties":{"country_code":"USA","city":"Baton Rouge","geoname_id":"4315588","h3_hexagon":591172286602543103,"h3_resolution":3,"downloaders":{"size":2443,"mobile":2,"satellite":0,"tor":0,"tor_exit_nodes":0,"vpn":20,"relay":2,"proxy":0,"hosting":2,"service":2},"uploaders":{"size":15,"mobile":0,"satellite":0,"tor":0,"tor_exit_nodes":0,"vpn":0,"relay":0,"proxy":0,"hosting":0,"service":0}},"geometry":{"type":"Point","coordinates":[-91.1775,30.4438]}},{"type":"Feature","properties":{"country_code":"IND","city":"Bhopal","geoname_id":"1275841","h3_hexagon":591054707577847807,"h3_resolution":3,"downloaders":{"size":2424,"mobile":473,"satellite":0,"tor":0,"tor_exit_nodes":0,"vpn":1,"relay":0,"proxy":0,"hosting":1,"service":0},"uploaders":{"size":7,"mobile":6,"satellite":0,"tor":0,"tor_exit_nodes":0,"vpn":0,"relay":0,"proxy":0,"hosting":0,"service":0}},"geometry":{"type":"Point","coordinates":[77.40289,23.25469]}},{"type":"Feature","properties":{"country_code":"ESP","city":"Arévalo","geoname_id":"3129644","h3_hexagon":590977260727566335,"h3_resolution":3,"downloaders":{"size":2423,"mobile":705,"satellite":0,"tor":0,"tor_exit_nodes":0,"vpn":19,"relay":0,"proxy":0,"hosting":603,"service":0},"uploaders":{"size":36,"mobile":3,"satellite":0,"tor":0,"tor_exit_nodes":0,"vpn":0,"relay":0,"proxy":0,"hosting":32,"service":0}},"geometry":{"type":"Point","coordinates":[-4.72042,41.06255]}},{"type":"Feature","properties":{"country_code":"USA","city":"Mooresville","geoname_id":"4480125","h3_hexagon":591182938121437183,"h3_resolution":3,"downloaders":{"size":2421,"mobile":0,"satellite":0,"tor":0,"tor_exit_nodes":0,"vpn":146,"relay":0,"proxy":47,"hosting":0,"service":0},"uploaders":{"size":9,"mobile":0,"satellite":0,"tor":0,"tor_exit_nodes":0,"vpn":0,"relay":0,"proxy":0,"hosting":0,"service":0}},"geometry":{"type":"Point","coordinates":[-80.81007,35.58486]}},{"type":"Feature","properties":{"country_code":"ESP","city":"Benicarló","geoname_id":"3128273","h3_hexagon":590982277249368063,"h3_resolution":3,"downloaders":{"size":2406,"mobile":747,"satellite":0,"tor":0,"tor_exit_nodes":0,"vpn":21,"relay":0,"proxy":0,"hosting":0,"service":0},"uploaders":{"size":12,"mobile":6,"satellite":0,"tor":0,"tor_exit_nodes":0,"vpn":1,"relay":0,"proxy":0,"hosting":0,"service":0}},"geometry":{"type":"Point","coordinates":[0.42709,40.4165]}},{"type":"Feature","properties":{"country_code":"USA","city":"Anchorage","geoname_id":"5879400","h3_hexagon":590190628877369343,"h3_resolution":3,"downloaders":{"size":2394,"mobile":17,"satellite":0,"tor":0,"tor_exit_nodes":0,"vpn":386,"relay":0,"proxy":0,"hosting":359,"service":359},"uploaders":{"size":36,"mobile":0,"satellite":0,"tor":0,"tor_exit_nodes":0,"vpn":12,"relay":0,"proxy":0,"hosting":12,"service":12}},"geometry":{"type":"Point","coordinates":[-149.90028,61.21806]}},{"type":"Feature","properties":{"country_code":"RUS","city":"Gubakha","geoname_id":"558209","h3_hexagon":590266563899162623,"h3_resolution":3,"downloaders":{"size":2388,"mobile":3,"satellite":0,"tor":0,"tor_exit_nodes":0,"vpn":9,"relay":0,"proxy":0,"hosting":0,"service":0},"uploaders":{"size":6,"mobile":0,"satellite":0,"tor":0,"tor_exit_nodes":0,"vpn":0,"relay":0,"proxy":0,"hosting":0,"service":0}},"geometry":{"type":"Point","coordinates":[57.55325,58.83862]}},{"type":"Feature","properties":{"country_code":"RUS","city":"Tuymazy","geoname_id":"480089","h3_hexagon":590262440730558463,"h3_resolution":3,"downloaders":{"size":2383,"mobile":0,"satellite":0,"tor":0,"tor_exit_nodes":0,"vpn":31,"relay":0,"proxy":0,"hosting":0,"service":0},"uploaders":{"size":3,"mobile":0,"satellite":0,"tor":0,"tor_exit_nodes":0,"vpn":0,"relay":0,"proxy":0,"hosting":0,"service":0}},"geometry":{"type":"Point","coordinates":[53.71179,54.60638]}},{"type":"Feature","properties":{"country_code":"USA","city":"Concord","geoname_id":"5084868","h3_hexagon":590714202570620927,"h3_resolution":3,"downloaders":{"size":2380,"mobile":0,"satellite":0,"tor":0,"tor_exit_nodes":0,"vpn":642,"relay":0,"proxy":0,"hosting":767,"service":228},"uploaders":{"size":42,"mobile":0,"satellite":0,"tor":0,"tor_exit_nodes":0,"vpn":37,"relay":0,"proxy":0,"hosting":37,"service":13}},"geometry":{"type":"Point","coordinates":[-71.53757,43.20814]}},{"type":"Feature","properties":{"country_code":"USA","city":"South Lake Tahoe","geoname_id":"5397664","h3_hexagon":590702314101145599,"h3_resolution":3,"downloaders":{"size":2373,"mobile":35,"satellite":0,"tor":0,"tor_exit_nodes":0,"vpn":31,"relay":0,"proxy":0,"hosting":0,"service":0},"uploaders":{"size":14,"mobile":9,"satellite":0,"tor":0,"tor_exit_nodes":0,"vpn":0,"relay":0,"proxy":0,"hosting":0,"service":0}},"geometry":{"type":"Point","coordinates":[-119.9865,38.917]}},{"type":"Feature","properties":{"country_code":"GRC","city":"Árgos","geoname_id":"264670","h3_hexagon":591082745124356095,"h3_resolution":3,"downloaders":{"size":2354,"mobile":13,"satellite":0,"tor":0,"tor_exit_nodes":0,"vpn":4,"relay":0,"proxy":0,"hosting":0,"service":0},"uploaders":{"size":12,"mobile":5,"satellite":0,"tor":0,"tor_exit_nodes":0,"vpn":0,"relay":0,"proxy":0,"hosting":0,"service":0}},"geometry":{"type":"Point","coordinates":[22.73333,37.63333]}},{"type":"Feature","properties":{"country_code":"COL","city":"Soacha","geoname_id":"3667905","h3_hexagon":591781416044331007,"h3_resolution":3,"downloaders":{"size":2347,"mobile":1644,"satellite":0,"tor":0,"tor_exit_nodes":0,"vpn":6,"relay":0,"proxy":0,"hosting":11,"service":0},"uploaders":{"size":19,"mobile":3,"satellite":0,"tor":0,"tor_exit_nodes":0,"vpn":0,"relay":0,"proxy":0,"hosting":0,"service":0}},"geometry":{"type":"Point","coordinates":[-74.21682,4.57937]}},{"type":"Feature","properties":{"country_code":"JPN","city":"Ōita","geoname_id":"1854487","h3_hexagon":591297630928109567,"h3_resolution":3,"downloaders":{"size":2342,"mobile":209,"satellite":0,"tor":0,"tor_exit_nodes":0,"vpn":59,"relay":0,"proxy":0,"hosting":0,"service":19},"uploaders":{"size":14,"mobile":1,"satellite":0,"tor":0,"tor_exit_nodes":0,"vpn":0,"relay":0,"proxy":0,"hosting":0,"service":0}},"geometry":{"type":"Point","coordinates":[131.6,33.23333]}},{"type":"Feature","properties":{"country_code":"POL","city":"Kalisz","geoname_id":"3096880","h3_hexagon":590501928106983423,"h3_resolution":3,"downloaders":{"size":2332,"mobile":324,"satellite":0,"tor":0,"tor_exit_nodes":0,"vpn":10,"relay":0,"proxy":0,"hosting":0,"service":0},"uploaders":{"size":17,"mobile":1,"satellite":0,"tor":0,"tor_exit_nodes":0,"vpn":0,"relay":0,"proxy":0,"hosting":0,"service":0}},"geometry":{"type":"Point","coordinates":[18.09102,51.76109]}},{"type":"Feature","properties":{"country_code":"SVN","city":"Kostel","geoname_id":"8358613","h3_hexagon":590511205236342783,"h3_resolution":3,"downloaders":{"size":2330,"mobile":8,"satellite":0,"tor":0,"tor_exit_nodes":0,"vpn":24,"relay":0,"proxy":0,"hosting":0,"service":0},"uploaders":{"size":11,"mobile":0,"satellite":0,"tor":0,"tor_exit_nodes":0,"vpn":7,"relay":0,"proxy":0,"hosting":0,"service":0}},"geometry":{"type":"Point","coordinates":[14.91005,45.50842]}},{"type":"Feature","properties":{"country_code":"USA","city":"Brownsville","geoname_id":"4676740","h3_hexagon":591250489367068671,"h3_resolution":3,"downloaders":{"size":2324,"mobile":0,"satellite":0,"tor":0,"tor_exit_nodes":0,"vpn":1,"relay":2,"proxy":0,"hosting":2,"service":2},"uploaders":{"size":45,"mobile":0,"satellite":0,"tor":0,"tor_exit_nodes":0,"vpn":0,"relay":0,"proxy":0,"hosting":0,"service":0}},"geometry":{"type":"Point","coordinates":[-97.4612,25.9221]}},{"type":"Feature","properties":{"country_code":"USA","city":"Washington","geoname_id":"5218069","h3_hexagon":590719287811899391,"h3_resolution":3,"downloaders":{"size":2308,"mobile":0,"satellite":0,"tor":0,"tor_exit_nodes":0,"vpn":3,"relay":0,"proxy":0,"hosting":0,"service":0},"uploaders":{"size":12,"mobile":0,"satellite":0,"tor":0,"tor_exit_nodes":0,"vpn":0,"relay":0,"proxy":0,"hosting":0,"service":0}},"geometry":{"type":"Point","coordinates":[-80.24617,40.17396]}},{"type":"Feature","properties":{"country_code":"JPN","city":"Kagoshima","geoname_id":"1860827","h3_hexagon":591299074037121023,"h3_resolution":3,"downloaders":{"size":2304,"mobile":243,"satellite":0,"tor":0,"tor_exit_nodes":0,"vpn":23,"relay":0,"proxy":0,"hosting":41,"service":2},"uploaders":{"size":11,"mobile":1,"satellite":0,"tor":0,"tor_exit_nodes":0,"vpn":0,"relay":0,"proxy":0,"hosting":0,"service":0}},"geometry":{"type":"Point","coordinates":[130.55,31.56667]}},{"type":"Feature","properties":{"country_code":"USA","city":"Hermon","geoname_id":"4966992","h3_hexagon":590729870611316735,"h3_resolution":3,"downloaders":{"size":2295,"mobile":3,"satellite":0,"tor":0,"tor_exit_nodes":0,"vpn":0,"relay":0,"proxy":0,"hosting":0,"service":0},"uploaders":{"size":12,"mobile":0,"satellite":0,"tor":0,"tor_exit_nodes":0,"vpn":0,"relay":0,"proxy":0,"hosting":0,"service":0}},"geometry":{"type":"Point","coordinates":[-68.91337,44.81007]}},{"type":"Feature","properties":{"country_code":"USA","city":"Mexico","geoname_id":"4398103","h3_hexagon":590645964130222079,"h3_resolution":3,"downloaders":{"size":2295,"mobile":0,"satellite":0,"tor":0,"tor_exit_nodes":0,"vpn":2,"relay":0,"proxy":0,"hosting":118,"service":0},"uploaders":{"size":6,"mobile":0,"satellite":0,"tor":0,"tor_exit_nodes":0,"vpn":0,"relay":0,"proxy":0,"hosting":0,"service":0}},"geometry":{"type":"Point","coordinates":[-91.88295,39.16976]}},{"type":"Feature","properties":{"country_code":"CHN","city":"Luancheng","geoname_id":"1802204","h3_hexagon":590844357259558911,"h3_resolution":3,"downloaders":{"size":2292,"mobile":0,"satellite":0,"tor":0,"tor_exit_nodes":0,"vpn":70,"relay":0,"proxy":0,"hosting":0,"service":0},"uploaders":{"size":7,"mobile":0,"satellite":0,"tor":0,"tor_exit_nodes":0,"vpn":0,"relay":0,"proxy":0,"hosting":0,"service":0}},"geometry":{"type":"Point","coordinates":[114.64629,37.88452]}},{"type":"Feature","properties":{"country_code":"RUS","city":"Neryungri","geoname_id":"2019309","h3_hexagon":590325868807585791,"h3_resolution":3,"downloaders":{"size":2287,"mobile":0,"satellite":0,"tor":0,"tor_exit_nodes":0,"vpn":8,"relay":0,"proxy":0,"hosting":0,"service":3},"uploaders":{"size":11,"mobile":0,"satellite":0,"tor":0,"tor_exit_nodes":0,"vpn":0,"relay":0,"proxy":0,"hosting":0,"service":0}},"geometry":{"type":"Point","coordinates":[124.72499,56.65836]}},{"type":"Feature","properties":{"country_code":"CAN","city":"Port Hawkesbury","geoname_id":"6111867","h3_hexagon":590731245000851455,"h3_resolution":3,"downloaders":{"size":2277,"mobile":600,"satellite":0,"tor":0,"tor_exit_nodes":0,"vpn":0,"relay":0,"proxy":0,"hosting":2,"service":0},"uploaders":{"size":26,"mobile":2,"satellite":0,"tor":0,"tor_exit_nodes":0,"vpn":0,"relay":0,"proxy":0,"hosting":0,"service":0}},"geometry":{"type":"Point","coordinates":[-61.35636,45.61652]}},{"type":"Feature","properties":{"country_code":"CAN","city":"Mont-Tremblant","geoname_id":"6077445","h3_hexagon":590737223595327487,"h3_resolution":3,"downloaders":{"size":2275,"mobile":100,"satellite":0,"tor":0,"tor_exit_nodes":0,"vpn":2,"relay":0,"proxy":0,"hosting":0,"service":0},"uploaders":{"size":10,"mobile":0,"satellite":0,"tor":0,"tor_exit_nodes":0,"vpn":0,"relay":0,"proxy":0,"hosting":0,"service":0}},"geometry":{"type":"Point","coordinates":[-74.58438,46.21274]}},{"type":"Feature","properties":{"country_code":"NOR","city":"Ålesund","geoname_id":"3163392","h3_hexagon":590116068245110783,"h3_resolution":3,"downloaders":{"size":2271,"mobile":13,"satellite":0,"tor":0,"tor_exit_nodes":0,"vpn":81,"relay":0,"proxy":0,"hosting":73,"service":73},"uploaders":{"size":11,"mobile":0,"satellite":0,"tor":0,"tor_exit_nodes":0,"vpn":2,"relay":0,"proxy":0,"hosting":2,"service":2}},"geometry":{"type":"Point","coordinates":[6.15492,62.47225]}},{"type":"Feature","properties":{"country_code":"ARG","city":"Salta","geoname_id":"3838233","h3_hexagon":593127080837775359,"h3_resolution":3,"downloaders":{"size":2263,"mobile":1468,"satellite":0,"tor":0,"tor_exit_nodes":0,"vpn":20,"relay":0,"proxy":0,"hosting":1,"service":17},"uploaders":{"size":6,"mobile":3,"satellite":0,"tor":0,"tor_exit_nodes":0,"vpn":0,"relay":0,"proxy":0,"hosting":0,"service":0}},"geometry":{"type":"Point","coordinates":[-65.41942,-24.68059]}},{"type":"Feature","properties":{"country_code":"IRL","city":"Castlepollard","geoname_id":"2965573","h3_hexagon":590396100112809983,"h3_resolution":3,"downloaders":{"size":2256,"mobile":34,"satellite":0,"tor":0,"tor_exit_nodes":0,"vpn":4,"relay":0,"proxy":0,"hosting":0,"service":0},"uploaders":{"size":20,"mobile":5,"satellite":0,"tor":0,"tor_exit_nodes":0,"vpn":0,"relay":0,"proxy":0,"hosting":0,"service":0}},"geometry":{"type":"Point","coordinates":[-7.29736,53.67935]}},{"type":"Feature","properties":{"country_code":"HRV","city":"Makarska","geoname_id":"3195890","h3_hexagon":590511136516866047,"h3_resolution":3,"downloaders":{"size":2248,"mobile":30,"satellite":0,"tor":0,"tor_exit_nodes":0,"vpn":3,"relay":0,"proxy":0,"hosting":0,"service":0},"uploaders":{"size":21,"mobile":0,"satellite":0,"tor":0,"tor_exit_nodes":0,"vpn":0,"relay":0,"proxy":0,"hosting":0,"service":0}},"geometry":{"type":"Point","coordinates":[17.01778,43.29694]}},{"type":"Feature","properties":{"country_code":"JPN","city":"Nagaoka","geoname_id":"1856199","h3_hexagon":590788557044449279,"h3_resolution":3,"downloaders":{"size":2247,"mobile":184,"satellite":0,"tor":0,"tor_exit_nodes":0,"vpn":42,"relay":0,"proxy":0,"hosting":1,"service":8},"uploaders":{"size":3,"mobile":0,"satellite":0,"tor":0,"tor_exit_nodes":0,"vpn":0,"relay":0,"proxy":0,"hosting":0,"service":0}},"geometry":{"type":"Point","coordinates":[138.85,37.45]}},{"type":"Feature","properties":{"country_code":"ESP","city":"Iniesta","geoname_id":"2516440","h3_hexagon":590974992984834047,"h3_resolution":3,"downloaders":{"size":2245,"mobile":619,"satellite":0,"tor":0,"tor_exit_nodes":0,"vpn":1,"relay":0,"proxy":0,"hosting":0,"service":0},"uploaders":{"size":13,"mobile":8,"satellite":0,"tor":0,"tor_exit_nodes":0,"vpn":0,"relay":0,"proxy":0,"hosting":0,"service":0}},"geometry":{"type":"Point","coordinates":[-1.75,39.43333]}},{"type":"Feature","properties":{"country_code":"THA","city":"Nakhon Pathom","geoname_id":"1608534","h3_hexagon":591742177223114751,"h3_resolution":3,"downloaders":{"size":2232,"mobile":525,"satellite":0,"tor":0,"tor_exit_nodes":0,"vpn":48,"relay":0,"proxy":0,"hosting":0,"service":14},"uploaders":{"size":18,"mobile":1,"satellite":0,"tor":0,"tor_exit_nodes":0,"vpn":0,"relay":0,"proxy":0,"hosting":0,"service":0}},"geometry":{"type":"Point","coordinates":[100.04427,13.8196]}},{"type":"Feature","properties":{"country_code":"USA","city":"Columbus","geoname_id":"4256038","h3_hexagon":590647544678187007,"h3_resolution":3,"downloaders":{"size":2221,"mobile":13,"satellite":0,"tor":0,"tor_exit_nodes":0,"vpn":162,"relay":0,"proxy":0,"hosting":0,"service":0},"uploaders":{"size":12,"mobile":0,"satellite":0,"tor":0,"tor_exit_nodes":0,"vpn":0,"relay":0,"proxy":0,"hosting":0,"service":0}},"geometry":{"type":"Point","coordinates":[-85.92138,39.20144]}},{"type":"Feature","properties":{"country_code":"BRA","city":"Santa Maria","geoname_id":"3450083","h3_hexagon":592952808244772863,"h3_resolution":3,"downloaders":{"size":2211,"mobile":3,"satellite":0,"tor":0,"tor_exit_nodes":0,"vpn":1,"relay":0,"proxy":0,"hosting":0,"service":0},"uploaders":{"size":35,"mobile":0,"satellite":0,"tor":0,"tor_exit_nodes":0,"vpn":0,"relay":0,"proxy":0,"hosting":0,"service":0}},"geometry":{"type":"Point","coordinates":[-53.80694,-29.68417]}},{"type":"Feature","properties":{"country_code":"USA","city":"Sioux Falls","geoname_id":"5231851","h3_hexagon":590640466572083199,"h3_resolution":3,"downloaders":{"size":2209,"mobile":1,"satellite":0,"tor":0,"tor_exit_nodes":0,"vpn":139,"relay":1,"proxy":0,"hosting":92,"service":56},"uploaders":{"size":11,"mobile":0,"satellite":0,"tor":0,"tor_exit_nodes":0,"vpn":7,"relay":0,"proxy":0,"hosting":7,"service":7}},"geometry":{"type":"Point","coordinates":[-96.70033,43.54997]}},{"type":"Feature","properties":{"country_code":"SWE","city":"Sjöbo","geoname_id":"2678913","h3_hexagon":590519863890411519,"h3_resolution":3,"downloaders":{"size":2207,"mobile":93,"satellite":0,"tor":0,"tor_exit_nodes":0,"vpn":105,"relay":0,"proxy":0,"hosting":53,"service":0},"uploaders":{"size":11,"mobile":0,"satellite":0,"tor":0,"tor_exit_nodes":0,"vpn":0,"relay":0,"proxy":0,"hosting":0,"service":0}},"geometry":{"type":"Point","coordinates":[13.70622,55.63135]}},{"type":"Feature","properties":{"country_code":"BRA","city":"Governador Valadares","geoname_id":"3462315","h3_hexagon":592937896118321151,"h3_resolution":3,"downloaders":{"size":2203,"mobile":4,"satellite":0,"tor":0,"tor_exit_nodes":0,"vpn":4,"relay":0,"proxy":0,"hosting":0,"service":0},"uploaders":{"size":5,"mobile":0,"satellite":0,"tor":0,"tor_exit_nodes":0,"vpn":0,"relay":0,"proxy":0,"hosting":0,"service":0}},"geometry":{"type":"Point","coordinates":[-41.94944,-18.85111]}},{"type":"Feature","properties":{"country_code":"ESP","city":"Ponferrada","geoname_id":"3113236","h3_hexagon":590976642252275711,"h3_resolution":3,"downloaders":{"size":2194,"mobile":1161,"satellite":0,"tor":0,"tor_exit_nodes":0,"vpn":0,"relay":0,"proxy":0,"hosting":13,"service":0},"uploaders":{"size":16,"mobile":14,"satellite":0,"tor":0,"tor_exit_nodes":0,"vpn":0,"relay":0,"proxy":0,"hosting":0,"service":0}},"geometry":{"type":"Point","coordinates":[-6.59619,42.54664]}},{"type":"Feature","properties":{"country_code":"ESP","city":"Cáceres","geoname_id":"2520611","h3_hexagon":590974374509543423,"h3_resolution":3,"downloaders":{"size":2194,"mobile":642,"satellite":0,"tor":0,"tor_exit_nodes":0,"vpn":3,"relay":0,"proxy":0,"hosting":0,"service":0},"uploaders":{"size":27,"mobile":1,"satellite":0,"tor":0,"tor_exit_nodes":0,"vpn":0,"relay":0,"proxy":0,"hosting":0,"service":0}},"geometry":{"type":"Point","coordinates":[-6.37224,39.47649]}},{"type":"Feature","properties":{"country_code":"IND","city":"Dausa","geoname_id":"1273369","h3_hexagon":591055875808952319,"h3_resolution":3,"downloaders":{"size":2189,"mobile":1143,"satellite":0,"tor":0,"tor_exit_nodes":0,"vpn":0,"relay":0,"proxy":0,"hosting":10,"service":0},"uploaders":{"size":17,"mobile":7,"satellite":0,"tor":0,"tor_exit_nodes":0,"vpn":0,"relay":0,"proxy":0,"hosting":0,"service":0}},"geometry":{"type":"Point","coordinates":[76.33584,26.89]}},{"type":"Feature","properties":{"country_code":"USA","city":"Plattsburgh","geoname_id":"5131692","h3_hexagon":590737704631664639,"h3_resolution":3,"downloaders":{"size":2158,"mobile":0,"satellite":0,"tor":0,"tor_exit_nodes":0,"vpn":247,"relay":1,"proxy":0,"hosting":249,"service":113},"uploaders":{"size":20,"mobile":0,"satellite":0,"tor":0,"tor_exit_nodes":0,"vpn":15,"relay":0,"proxy":0,"hosting":15,"service":4}},"geometry":{"type":"Point","coordinates":[-73.45291,44.69949]}},{"type":"Feature","properties":{"country_code":"USA","city":"Fergus Falls","geoname_id":"5026416","h3_hexagon":590642734314815487,"h3_resolution":3,"downloaders":{"size":2148,"mobile":2,"satellite":0,"tor":0,"tor_exit_nodes":0,"vpn":193,"relay":0,"proxy":0,"hosting":238,"service":185},"uploaders":{"size":57,"mobile":0,"satellite":0,"tor":0,"tor_exit_nodes":0,"vpn":23,"relay":0,"proxy":0,"hosting":23,"service":23}},"geometry":{"type":"Point","coordinates":[-96.07756,46.28302]}},{"type":"Feature","properties":{"country_code":"LTU","city":"Marijampolė","geoname_id":"597231","h3_hexagon":590521788035760127,"h3_resolution":3,"downloaders":{"size":2142,"mobile":0,"satellite":0,"tor":0,"tor_exit_nodes":0,"vpn":4,"relay":0,"proxy":0,"hosting":0,"service":0},"uploaders":{"size":5,"mobile":0,"satellite":0,"tor":0,"tor_exit_nodes":0,"vpn":0,"relay":0,"proxy":0,"hosting":0,"service":0}},"geometry":{"type":"Point","coordinates":[23.35412,54.55991]}},{"type":"Feature","properties":{"country_code":"RUS","city":"Sarov","geoname_id":"498525","h3_hexagon":590264364875907071,"h3_resolution":3,"downloaders":{"size":2141,"mobile":0,"satellite":0,"tor":0,"tor_exit_nodes":0,"vpn":11,"relay":0,"proxy":0,"hosting":57,"service":0},"uploaders":{"size":4,"mobile":0,"satellite":0,"tor":0,"tor_exit_nodes":0,"vpn":0,"relay":0,"proxy":0,"hosting":0,"service":0}},"geometry":{"type":"Point","coordinates":[43.31521,54.94802]}},{"type":"Feature","properties":{"country_code":"USA","city":"Crozet","geoname_id":"4754901","h3_hexagon":590720112445620223,"h3_resolution":3,"downloaders":{"size":2135,"mobile":4,"satellite":0,"tor":0,"tor_exit_nodes":0,"vpn":9,"relay":0,"proxy":0,"hosting":0,"service":0},"uploaders":{"size":9,"mobile":0,"satellite":0,"tor":0,"tor_exit_nodes":0,"vpn":0,"relay":0,"proxy":0,"hosting":0,"service":0}},"geometry":{"type":"Point","coordinates":[-78.70058,38.06958]}},{"type":"Feature","properties":{"country_code":"BRA","city":"Canguaretama","geoname_id":"3403362","h3_hexagon":592251800862588927,"h3_resolution":3,"downloaders":{"size":2131,"mobile":0,"satellite":0,"tor":0,"tor_exit_nodes":0,"vpn":11,"relay":0,"proxy":0,"hosting":6,"service":0},"uploaders":{"size":9,"mobile":0,"satellite":0,"tor":0,"tor_exit_nodes":0,"vpn":0,"relay":0,"proxy":0,"hosting":0,"service":0}},"geometry":{"type":"Point","coordinates":[-35.12889,-6.38]}},{"type":"Feature","properties":{"country_code":"CHN","city":"Quzhou","geoname_id":"1797264","h3_hexagon":591125351199932415,"h3_resolution":3,"downloaders":{"size":2124,"mobile":0,"satellite":0,"tor":0,"tor_exit_nodes":0,"vpn":41,"relay":0,"proxy":0,"hosting":0,"service":0},"uploaders":{"size":15,"mobile":0,"satellite":0,"tor":0,"tor_exit_nodes":0,"vpn":0,"relay":0,"proxy":0,"hosting":0,"service":0}},"geometry":{"type":"Point","coordinates":[118.86861,28.95944]}},{"type":"Feature","properties":{"country_code":"THA","city":"Phuket","geoname_id":"1151254","h3_hexagon":591733449849569279,"h3_resolution":3,"downloaders":{"size":2115,"mobile":770,"satellite":0,"tor":0,"tor_exit_nodes":0,"vpn":21,"relay":0,"proxy":0,"hosting":2,"service":15},"uploaders":{"size":27,"mobile":13,"satellite":0,"tor":0,"tor_exit_nodes":0,"vpn":1,"relay":0,"proxy":0,"hosting":0,"service":1}},"geometry":{"type":"Point","coordinates":[98.3981,7.89059]}},{"type":"Feature","properties":{"country_code":"IDN","city":"Bandung","geoname_id":"1650357","h3_hexagon":592435900340764671,"h3_resolution":3,"downloaders":{"size":2108,"mobile":462,"satellite":0,"tor":0,"tor_exit_nodes":0,"vpn":30,"relay":0,"proxy":0,"hosting":245,"service":0},"uploaders":{"size":62,"mobile":39,"satellite":0,"tor":0,"tor_exit_nodes":0,"vpn":0,"relay":0,"proxy":0,"hosting":5,"service":0}},"geometry":{"type":"Point","coordinates":[107.60694,-6.92222]}},{"type":"Feature","properties":{"country_code":"RUS","city":"Muravlenko","geoname_id":"1540711","h3_hexagon":590166096024174591,"h3_resolution":3,"downloaders":{"size":2096,"mobile":0,"satellite":0,"tor":0,"tor_exit_nodes":0,"vpn":0,"relay":0,"proxy":0,"hosting":14,"service":0},"uploaders":{"size":8,"mobile":0,"satellite":0,"tor":0,"tor_exit_nodes":0,"vpn":0,"relay":0,"proxy":0,"hosting":0,"service":0}},"geometry":{"type":"Point","coordinates":[74.52301,63.78977]}},{"type":"Feature","properties":{"country_code":"EST","city":"Jõhvi","geoname_id":"591893","h3_hexagon":590274329200033791,"h3_resolution":3,"downloaders":{"size":2094,"mobile":0,"satellite":0,"tor":0,"tor_exit_nodes":0,"vpn":4,"relay":0,"proxy":0,"hosting":104,"service":0},"uploaders":{"size":7,"mobile":0,"satellite":0,"tor":0,"tor_exit_nodes":0,"vpn":0,"relay":0,"proxy":0,"hosting":5,"service":0}},"geometry":{"type":"Point","coordinates":[27.3985,59.3598]}},{"type":"Feature","properties":{"country_code":"MOZ","city":"Maputo","geoname_id":"1040652","h3_hexagon":593288365449674751,"h3_resolution":3,"downloaders":{"size":2093,"mobile":578,"satellite":250,"tor":0,"tor_exit_nodes":0,"vpn":44,"relay":0,"proxy":0,"hosting":43,"service":0},"uploaders":{"size":86,"mobile":55,"satellite":6,"tor":0,"tor_exit_nodes":0,"vpn":1,"relay":0,"proxy":0,"hosting":0,"service":0}},"geometry":{"type":"Point","coordinates":[32.58322,-25.96553]}},{"type":"Feature","properties":{"country_code":"BRA","city":"Porto Velho","geoname_id":"3662762","h3_hexagon":592401746760826879,"h3_resolution":3,"downloaders":{"size":2092,"mobile":4,"satellite":0,"tor":0,"tor_exit_nodes":0,"vpn":1,"relay":0,"proxy":0,"hosting":0,"service":0},"uploaders":{"size":6,"mobile":0,"satellite":0,"tor":0,"tor_exit_nodes":0,"vpn":0,"relay":0,"proxy":0,"hosting":0,"service":0}},"geometry":{"type":"Point","coordinates":[-63.90389,-8.76194]}},{"type":"Feature","properties":{"country_code":"GRC","city":"Káto Goúves","geoname_id":"7303252","h3_hexagon":591087830365634559,"h3_resolution":3,"downloaders":{"size":2089,"mobile":0,"satellite":0,"tor":0,"tor_exit_nodes":0,"vpn":23,"relay":0,"proxy":0,"hosting":0,"service":0},"uploaders":{"size":27,"mobile":0,"satellite":0,"tor":0,"tor_exit_nodes":0,"vpn":0,"relay":0,"proxy":0,"hosting":0,"service":0}},"geometry":{"type":"Point","coordinates":[25.31353,35.32934]}},{"type":"Feature","properties":{"country_code":"BRA","city":"Piancó","geoname_id":"3392225","h3_hexagon":592250701350961151,"h3_resolution":3,"downloaders":{"size":2086,"mobile":0,"satellite":0,"tor":0,"tor_exit_nodes":0,"vpn":1,"relay":0,"proxy":0,"hosting":0,"service":0},"uploaders":{"size":5,"mobile":0,"satellite":0,"tor":0,"tor_exit_nodes":0,"vpn":0,"relay":0,"proxy":0,"hosting":0,"service":0}},"geometry":{"type":"Point","coordinates":[-37.92917,-7.19806]}},{"type":"Feature","properties":{"country_code":"GRC","city":"Rethymno","geoname_id":"254352","h3_hexagon":591087761646157823,"h3_resolution":3,"downloaders":{"size":2084,"mobile":1,"satellite":0,"tor":0,"tor_exit_nodes":0,"vpn":6,"relay":0,"proxy":0,"hosting":0,"service":0},"uploaders":{"size":15,"mobile":0,"satellite":0,"tor":0,"tor_exit_nodes":0,"vpn":1,"relay":0,"proxy":0,"hosting":0,"service":0}},"geometry":{"type":"Point","coordinates":[24.48232,35.36555]}},{"type":"Feature","properties":{"country_code":"ESP","city":"Benavente","geoname_id":"3128291","h3_hexagon":590977535605473279,"h3_resolution":3,"downloaders":{"size":2079,"mobile":627,"satellite":0,"tor":0,"tor_exit_nodes":0,"vpn":13,"relay":0,"proxy":0,"hosting":0,"service":0},"uploaders":{"size":11,"mobile":2,"satellite":0,"tor":0,"tor_exit_nodes":0,"vpn":0,"relay":0,"proxy":0,"hosting":0,"service":0}},"geometry":{"type":"Point","coordinates":[-5.67826,42.00249]}},{"type":"Feature","properties":{"country_code":"SWE","city":"Östersund","geoname_id":"2685750","h3_hexagon":590113663063425023,"h3_resolution":3,"downloaders":{"size":2078,"mobile":122,"satellite":0,"tor":0,"tor_exit_nodes":0,"vpn":96,"relay":0,"proxy":0,"hosting":0,"service":0},"uploaders":{"size":11,"mobile":0,"satellite":0,"tor":0,"tor_exit_nodes":0,"vpn":9,"relay":0,"proxy":0,"hosting":0,"service":0}},"geometry":{"type":"Point","coordinates":[14.63566,63.1792]}},{"type":"Feature","properties":{"country_code":"BRA","city":"Itabuna","geoname_id":"3460949","h3_hexagon":592244447878578175,"h3_resolution":3,"downloaders":{"size":2077,"mobile":13,"satellite":0,"tor":0,"tor_exit_nodes":0,"vpn":5,"relay":0,"proxy":0,"hosting":0,"service":0},"uploaders":{"size":5,"mobile":0,"satellite":0,"tor":0,"tor_exit_nodes":0,"vpn":1,"relay":0,"proxy":0,"hosting":0,"service":0}},"geometry":{"type":"Point","coordinates":[-39.28028,-14.78556]}},{"type":"Feature","properties":{"country_code":"USA","city":"Saint Augustine","geoname_id":"4170894","h3_hexagon":591184793547309055,"h3_resolution":3,"downloaders":{"size":2075,"mobile":3,"satellite":0,"tor":0,"tor_exit_nodes":0,"vpn":29,"relay":0,"proxy":0,"hosting":0,"service":0},"uploaders":{"size":10,"mobile":0,"satellite":0,"tor":0,"tor_exit_nodes":0,"vpn":0,"relay":0,"proxy":0,"hosting":0,"service":0}},"geometry":{"type":"Point","coordinates":[-81.3237,29.8285]}},{"type":"Feature","properties":{"country_code":"ESP","city":"Caravaca","geoname_id":"2520171","h3_hexagon":590975130423787519,"h3_resolution":3,"downloaders":{"size":2071,"mobile":75,"satellite":0,"tor":0,"tor_exit_nodes":0,"vpn":10,"relay":0,"proxy":0,"hosting":0,"service":0},"uploaders":{"size":3,"mobile":0,"satellite":0,"tor":0,"tor_exit_nodes":0,"vpn":0,"relay":0,"proxy":0,"hosting":0,"service":0}},"geometry":{"type":"Point","coordinates":[-1.86343,38.10558]}},{"type":"Feature","properties":{"country_code":"IRL","city":"Sixmilebridge","geoname_id":"2961470","h3_hexagon":590396993466007551,"h3_resolution":3,"downloaders":{"size":2061,"mobile":67,"satellite":0,"tor":0,"tor_exit_nodes":0,"vpn":42,"relay":0,"proxy":0,"hosting":0,"service":0},"uploaders":{"size":31,"mobile":2,"satellite":0,"tor":0,"tor_exit_nodes":0,"vpn":0,"relay":0,"proxy":0,"hosting":0,"service":0}},"geometry":{"type":"Point","coordinates":[-8.77417,52.74139]}},{"type":"Feature","properties":{"country_code":"IDN","city":"Surabaya","geoname_id":"1625822","h3_hexagon":592460914230296575,"h3_resolution":3,"downloaders":{"size":2061,"mobile":453,"satellite":144,"tor":0,"tor_exit_nodes":0,"vpn":79,"relay":0,"proxy":0,"hosting":445,"service":27},"uploaders":{"size":50,"mobile":6,"satellite":1,"tor":0,"tor_exit_nodes":0,"vpn":9,"relay":0,"proxy":0,"hosting":28,"service":9}},"geometry":{"type":"Point","coordinates":[112.75083,-7.24917]}},{"type":"Feature","properties":{"country_code":"USA","city":"Rochester","geoname_id":"5808524","h3_hexagon":590692006179635199,"h3_resolution":3,"downloaders":{"size":2050,"mobile":0,"satellite":3,"tor":0,"tor_exit_nodes":0,"vpn":214,"relay":0,"proxy":0,"hosting":0,"service":0},"uploaders":{"size":33,"mobile":0,"satellite":0,"tor":0,"tor_exit_nodes":0,"vpn":0,"relay":0,"proxy":0,"hosting":0,"service":0}},"geometry":{"type":"Point","coordinates":[-123.09625,46.82177]}},{"type":"Feature","properties":{"country_code":"PRT","city":"Ponta Delgada","geoname_id":"6941014","h3_hexagon":590889024919437311,"h3_resolution":3,"downloaders":{"size":2044,"mobile":0,"satellite":0,"tor":0,"tor_exit_nodes":0,"vpn":39,"relay":0,"proxy":0,"hosting":0,"service":0},"uploaders":{"size":6,"mobile":0,"satellite":0,"tor":0,"tor_exit_nodes":0,"vpn":0,"relay":0,"proxy":0,"hosting":0,"service":0}},"geometry":{"type":"Point","coordinates":[-25.66874,37.73952]}},{"type":"Feature","properties":{"country_code":"HRV","city":"Pula","geoname_id":"3192224","h3_hexagon":590510449322098687,"h3_resolution":3,"downloaders":{"size":2042,"mobile":44,"satellite":0,"tor":0,"tor_exit_nodes":0,"vpn":49,"relay":0,"proxy":0,"hosting":9,"service":0},"uploaders":{"size":165,"mobile":2,"satellite":0,"tor":0,"tor_exit_nodes":0,"vpn":8,"relay":0,"proxy":0,"hosting":0,"service":0}},"geometry":{"type":"Point","coordinates":[13.84806,44.86833]}},{"type":"Feature","properties":{"country_code":"ESP","city":"Cuenca","geoname_id":"3124132","h3_hexagon":590975267862740991,"h3_resolution":3,"downloaders":{"size":2033,"mobile":123,"satellite":0,"tor":0,"tor_exit_nodes":0,"vpn":0,"relay":0,"proxy":0,"hosting":6,"service":0},"uploaders":{"size":5,"mobile":0,"satellite":0,"tor":0,"tor_exit_nodes":0,"vpn":0,"relay":0,"proxy":0,"hosting":0,"service":0}},"geometry":{"type":"Point","coordinates":[-2.13333,40.06667]}},{"type":"Feature","properties":{"country_code":"ZAF","city":"Benoni","geoname_id":"1020098","h3_hexagon":593292282459848703,"h3_resolution":3,"downloaders":{"size":2032,"mobile":322,"satellite":2,"tor":0,"tor_exit_nodes":0,"vpn":19,"relay":0,"proxy":0,"hosting":74,"service":0},"uploaders":{"size":86,"mobile":23,"satellite":0,"tor":0,"tor_exit_nodes":0,"vpn":3,"relay":0,"proxy":0,"hosting":20,"service":0}},"geometry":{"type":"Point","coordinates":[28.32078,-26.18848]}},{"type":"Feature","properties":{"country_code":"SWE","city":"Kalmar","geoname_id":"2702261","h3_hexagon":590520070048841727,"h3_resolution":3,"downloaders":{"size":2030,"mobile":13,"satellite":0,"tor":0,"tor_exit_nodes":0,"vpn":191,"relay":0,"proxy":0,"hosting":0,"service":143},"uploaders":{"size":17,"mobile":0,"satellite":0,"tor":0,"tor_exit_nodes":0,"vpn":13,"relay":0,"proxy":0,"hosting":0,"service":6}},"geometry":{"type":"Point","coordinates":[16.36163,56.66157]}},{"type":"Feature","properties":{"country_code":"USA","city":"Evans","geoname_id":"4193699","h3_hexagon":591181220134518783,"h3_resolution":3,"downloaders":{"size":2022,"mobile":0,"satellite":0,"tor":0,"tor_exit_nodes":0,"vpn":0,"relay":0,"proxy":0,"hosting":15,"service":0},"uploaders":{"size":14,"mobile":0,"satellite":0,"tor":0,"tor_exit_nodes":0,"vpn":0,"relay":0,"proxy":0,"hosting":0,"service":0}},"geometry":{"type":"Point","coordinates":[-82.13067,33.53375]}},{"type":"Feature","properties":{"country_code":"USA","city":"Lindale","geoname_id":"4706386","h3_hexagon":590653935589523455,"h3_resolution":3,"downloaders":{"size":2020,"mobile":2,"satellite":0,"tor":0,"tor_exit_nodes":0,"vpn":6,"relay":0,"proxy":0,"hosting":9,"service":0},"uploaders":{"size":15,"mobile":0,"satellite":0,"tor":0,"tor_exit_nodes":0,"vpn":0,"relay":0,"proxy":0,"hosting":0,"service":0}},"geometry":{"type":"Point","coordinates":[-95.4094,32.5157]}},{"type":"Feature","properties":{"country_code":"CAN","city":"Red Deer","geoname_id":"6118158","h3_hexagon":590304634489274367,"h3_resolution":3,"downloaders":{"size":2019,"mobile":424,"satellite":0,"tor":0,"tor_exit_nodes":0,"vpn":22,"relay":0,"proxy":0,"hosting":3,"service":0},"uploaders":{"size":34,"mobile":1,"satellite":0,"tor":0,"tor_exit_nodes":0,"vpn":0,"relay":0,"proxy":0,"hosting":0,"service":0}},"geometry":{"type":"Point","coordinates":[-113.802,52.26682]}},{"type":"Feature","properties":{"country_code":"IND","city":"Hamīrpur","geoname_id":"1270454","h3_hexagon":591046117643255807,"h3_resolution":3,"downloaders":{"size":2009,"mobile":472,"satellite":0,"tor":0,"tor_exit_nodes":0,"vpn":2,"relay":0,"proxy":0,"hosting":25,"service":0},"uploaders":{"size":23,"mobile":20,"satellite":0,"tor":0,"tor_exit_nodes":0,"vpn":0,"relay":0,"proxy":0,"hosting":0,"service":0}},"geometry":{"type":"Point","coordinates":[76.52506,31.68411]}},{"type":"Feature","properties":{"country_code":"USA","city":"Springfield","geoname_id":"4409896","h3_hexagon":590645826691268607,"h3_resolution":3,"downloaders":{"size":1995,"mobile":37,"satellite":0,"tor":0,"tor_exit_nodes":0,"vpn":22,"relay":0,"proxy":0,"hosting":3,"service":0},"uploaders":{"size":45,"mobile":11,"satellite":0,"tor":0,"tor_exit_nodes":0,"vpn":0,"relay":0,"proxy":0,"hosting":0,"service":0}},"geometry":{"type":"Point","coordinates":[-93.29824,37.21533]}},{"type":"Feature","properties":{"country_code":"IMN","city":"Douglas","geoname_id":"3042237","h3_hexagon":590416922114260991,"h3_resolution":3,"downloaders":{"size":1995,"mobile":18,"satellite":0,"tor":0,"tor_exit_nodes":0,"vpn":12,"relay":0,"proxy":0,"hosting":2,"service":0},"uploaders":{"size":23,"mobile":0,"satellite":0,"tor":0,"tor_exit_nodes":0,"vpn":2,"relay":0,"proxy":0,"hosting":0,"service":0}},"geometry":{"type":"Point","coordinates":[-4.48333,54.15]}},{"type":"Feature","properties":{"country_code":"USA","city":"Macon","geoname_id":"4207400","h3_hexagon":591181082695565311,"h3_resolution":3,"downloaders":{"size":1994,"mobile":0,"satellite":0,"tor":0,"tor_exit_nodes":0,"vpn":4,"relay":0,"proxy":0,"hosting":0,"service":0},"uploaders":{"size":24,"mobile":0,"satellite":0,"tor":0,"tor_exit_nodes":0,"vpn":0,"relay":0,"proxy":0,"hosting":0,"service":0}},"geometry":{"type":"Point","coordinates":[-83.6324,32.84069]}},{"type":"Feature","properties":{"country_code":"GRC","city":"Kardítsa","geoname_id":"260989","h3_hexagon":590513885295935487,"h3_resolution":3,"downloaders":{"size":1978,"mobile":0,"satellite":0,"tor":0,"tor_exit_nodes":0,"vpn":2,"relay":0,"proxy":0,"hosting":0,"service":0},"uploaders":{"size":7,"mobile":0,"satellite":0,"tor":0,"tor_exit_nodes":0,"vpn":0,"relay":0,"proxy":0,"hosting":0,"service":0}},"geometry":{"type":"Point","coordinates":[21.92191,39.36485]}},{"type":"Feature","properties":{"country_code":"POL","city":"Trzcianka","geoname_id":"3083185","h3_hexagon":590517664867155967,"h3_resolution":3,"downloaders":{"size":1977,"mobile":115,"satellite":0,"tor":0,"tor_exit_nodes":0,"vpn":9,"relay":0,"proxy":0,"hosting":0,"service":0},"uploaders":{"size":5,"mobile":0,"satellite":0,"tor":0,"tor_exit_nodes":0,"vpn":0,"relay":0,"proxy":0,"hosting":0,"service":0}},"geometry":{"type":"Point","coordinates":[16.45629,53.04063]}},{"type":"Feature","properties":{"country_code":"BRA","city":"Plano Piloto","geoname_id":"13512576","h3_hexagon":592941469531111423,"h3_resolution":3,"downloaders":{"size":1967,"mobile":155,"satellite":0,"tor":0,"tor_exit_nodes":0,"vpn":3,"relay":0,"proxy":0,"hosting":180,"service":0},"uploaders":{"size":3,"mobile":0,"satellite":0,"tor":0,"tor_exit_nodes":0,"vpn":0,"relay":0,"proxy":0,"hosting":0,"service":0}},"geometry":{"type":"Point","coordinates":[-47.8825,-15.79411]}},{"type":"Feature","properties":{"country_code":"ESP","city":"Melilla","geoname_id":"2513947","h3_hexagon":590960424455766015,"h3_resolution":3,"downloaders":{"size":1960,"mobile":71,"satellite":0,"tor":0,"tor_exit_nodes":0,"vpn":1,"relay":0,"proxy":0,"hosting":0,"service":0},"uploaders":{"size":21,"mobile":0,"satellite":0,"tor":0,"tor_exit_nodes":0,"vpn":0,"relay":0,"proxy":0,"hosting":0,"service":0}},"geometry":{"type":"Point","coordinates":[-2.93833,35.29369]}},{"type":"Feature","properties":{"country_code":"USA","city":"Mobile","geoname_id":"4076598","h3_hexagon":591173386114170879,"h3_resolution":3,"downloaders":{"size":1958,"mobile":264,"satellite":0,"tor":0,"tor_exit_nodes":0,"vpn":90,"relay":0,"proxy":0,"hosting":5,"service":0},"uploaders":{"size":36,"mobile":7,"satellite":0,"tor":0,"tor_exit_nodes":0,"vpn":9,"relay":0,"proxy":0,"hosting":0,"service":0}},"geometry":{"type":"Point","coordinates":[-88.04305,30.69436]}},{"type":"Feature","properties":{"country_code":"CAN","city":"Kamloops","geoname_id":"5989045","h3_hexagon":590302572904972287,"h3_resolution":3,"downloaders":{"size":1954,"mobile":933,"satellite":0,"tor":0,"tor_exit_nodes":0,"vpn":1,"relay":0,"proxy":0,"hosting":110,"service":0},"uploaders":{"size":11,"mobile":4,"satellite":0,"tor":0,"tor_exit_nodes":0,"vpn":0,"relay":0,"proxy":0,"hosting":0,"service":0}},"geometry":{"type":"Point","coordinates":[-120.3192,50.66648]}},{"type":"Feature","properties":{"country_code":"CHN","city":"Dalianwan","geoname_id":"1921372","h3_hexagon":590816457152004095,"h3_resolution":3,"downloaders":{"size":1946,"mobile":0,"satellite":0,"tor":0,"tor_exit_nodes":0,"vpn":80,"relay":0,"proxy":0,"hosting":1,"service":0},"uploaders":{"size":8,"mobile":0,"satellite":0,"tor":0,"tor_exit_nodes":0,"vpn":0,"relay":0,"proxy":0,"hosting":0,"service":0}},"geometry":{"type":"Point","coordinates":[121.695,39.02861]}},{"type":"Feature","properties":{"country_code":"USA","city":"Walla Walla","geoname_id":"5814916","h3_hexagon":590684653195624447,"h3_resolution":3,"downloaders":{"size":1941,"mobile":2,"satellite":0,"tor":0,"tor_exit_nodes":0,"vpn":27,"relay":0,"proxy":0,"hosting":18,"service":0},"uploaders":{"size":29,"mobile":1,"satellite":0,"tor":0,"tor_exit_nodes":0,"vpn":0,"relay":0,"proxy":0,"hosting":18,"service":0}},"geometry":{"type":"Point","coordinates":[-118.34302,46.06458]}},{"type":"Feature","properties":{"country_code":"CAN","city":"Charlottetown","geoname_id":"5920288","h3_hexagon":590728427502305279,"h3_resolution":3,"downloaders":{"size":1930,"mobile":82,"satellite":0,"tor":0,"tor_exit_nodes":0,"vpn":1,"relay":0,"proxy":0,"hosting":4,"service":0},"uploaders":{"size":7,"mobile":0,"satellite":0,"tor":0,"tor_exit_nodes":0,"vpn":0,"relay":0,"proxy":0,"hosting":0,"service":0}},"geometry":{"type":"Point","coordinates":[-63.1256,46.23459]}},{"type":"Feature","properties":{"country_code":"HRV","city":"Zadar","geoname_id":"3186952","h3_hexagon":590510930358435839,"h3_resolution":3,"downloaders":{"size":1928,"mobile":12,"satellite":0,"tor":0,"tor_exit_nodes":0,"vpn":6,"relay":0,"proxy":0,"hosting":0,"service":0},"uploaders":{"size":17,"mobile":0,"satellite":0,"tor":0,"tor_exit_nodes":0,"vpn":0,"relay":0,"proxy":0,"hosting":0,"service":0}},"geometry":{"type":"Point","coordinates":[15.22514,44.11578]}},{"type":"Feature","properties":{"country_code":"MEX","city":"Oaxaca","geoname_id":"3522507","h3_hexagon":591892604157689855,"h3_resolution":3,"downloaders":{"size":1922,"mobile":0,"satellite":0,"tor":0,"tor_exit_nodes":0,"vpn":8,"relay":0,"proxy":0,"hosting":0,"service":0},"uploaders":{"size":7,"mobile":0,"satellite":0,"tor":0,"tor_exit_nodes":0,"vpn":0,"relay":0,"proxy":0,"hosting":0,"service":0}},"geometry":{"type":"Point","coordinates":[-96.72544,17.06025]}},{"type":"Feature","properties":{"country_code":"BRA","city":"Barreiros","geoname_id":"3406160","h3_hexagon":592249807997763583,"h3_resolution":3,"downloaders":{"size":1897,"mobile":2,"satellite":0,"tor":0,"tor_exit_nodes":0,"vpn":25,"relay":0,"proxy":0,"hosting":10,"service":0},"uploaders":{"size":23,"mobile":0,"satellite":0,"tor":0,"tor_exit_nodes":0,"vpn":1,"relay":0,"proxy":0,"hosting":0,"service":0}},"geometry":{"type":"Point","coordinates":[-35.18639,-8.81833]}},{"type":"Feature","properties":{"country_code":"USA","city":"Ojai","geoname_id":"5378880","h3_hexagon":590694136483414015,"h3_resolution":3,"downloaders":{"size":1883,"mobile":2,"satellite":0,"tor":0,"tor_exit_nodes":0,"vpn":113,"relay":0,"proxy":0,"hosting":0,"service":0},"uploaders":{"size":14,"mobile":1,"satellite":0,"tor":0,"tor_exit_nodes":0,"vpn":0,"relay":0,"proxy":0,"hosting":0,"service":0}},"geometry":{"type":"Point","coordinates":[-119.2565,34.4451]}},{"type":"Feature","properties":{"country_code":"BRA","city":"Ijuí","geoname_id":"3461444","h3_hexagon":592952533366865919,"h3_resolution":3,"downloaders":{"size":1879,"mobile":188,"satellite":0,"tor":0,"tor_exit_nodes":0,"vpn":0,"relay":0,"proxy":0,"hosting":0,"service":0},"uploaders":{"size":12,"mobile":0,"satellite":0,"tor":0,"tor_exit_nodes":0,"vpn":0,"relay":0,"proxy":0,"hosting":0,"service":0}},"geometry":{"type":"Point","coordinates":[-53.91472,-28.38778]}},{"type":"Feature","properties":{"country_code":"HND","city":"San Pedro Sula","geoname_id":"3601782","h3_hexagon":591187679765331967,"h3_resolution":3,"downloaders":{"size":1875,"mobile":137,"satellite":0,"tor":0,"tor_exit_nodes":0,"vpn":37,"relay":0,"proxy":0,"hosting":44,"service":0},"uploaders":{"size":12,"mobile":0,"satellite":0,"tor":0,"tor_exit_nodes":0,"vpn":2,"relay":0,"proxy":0,"hosting":0,"service":0}},"geometry":{"type":"Point","coordinates":[-88.02588,15.50585]}},{"type":"Feature","properties":{"country_code":"URY","city":"Maldonado","geoname_id":"3441894","h3_hexagon":593401134110998527,"h3_resolution":3,"downloaders":{"size":1865,"mobile":6,"satellite":0,"tor":0,"tor_exit_nodes":0,"vpn":3,"relay":0,"proxy":0,"hosting":0,"service":0},"uploaders":{"size":14,"mobile":0,"satellite":0,"tor":0,"tor_exit_nodes":0,"vpn":0,"relay":0,"proxy":0,"hosting":0,"service":0}},"geometry":{"type":"Point","coordinates":[-54.95021,-34.89791]}},{"type":"Feature","properties":{"country_code":"ARG","city":"Posadas","geoname_id":"3429886","h3_hexagon":592949509709889535,"h3_resolution":3,"downloaders":{"size":1864,"mobile":1228,"satellite":0,"tor":0,"tor_exit_nodes":0,"vpn":3,"relay":0,"proxy":0,"hosting":8,"service":0},"uploaders":{"size":18,"mobile":12,"satellite":0,"tor":0,"tor_exit_nodes":0,"vpn":0,"relay":0,"proxy":0,"hosting":0,"service":0}},"geometry":{"type":"Point","coordinates":[-55.92379,-27.39184]}},{"type":"Feature","properties":{"country_code":"ARE","city":"Bani Yas City","geoname_id":"12042052","h3_hexagon":591161497644695551,"h3_resolution":3,"downloaders":{"size":1863,"mobile":173,"satellite":0,"tor":0,"tor_exit_nodes":0,"vpn":0,"relay":0,"proxy":0,"hosting":0,"service":0},"uploaders":{"size":37,"mobile":2,"satellite":0,"tor":0,"tor_exit_nodes":0,"vpn":0,"relay":0,"proxy":0,"hosting":0,"service":0}},"geometry":{"type":"Point","coordinates":[54.62944,24.30978]}},{"type":"Feature","properties":{"country_code":"CHL","city":"Rancagua","geoname_id":"3873775","h3_hexagon":593116291879927807,"h3_resolution":3,"downloaders":{"size":1862,"mobile":244,"satellite":0,"tor":0,"tor_exit_nodes":0,"vpn":0,"relay":0,"proxy":0,"hosting":148,"service":0},"uploaders":{"size":14,"mobile":0,"satellite":0,"tor":0,"tor_exit_nodes":0,"vpn":0,"relay":0,"proxy":0,"hosting":9,"service":0}},"geometry":{"type":"Point","coordinates":[-70.74053,-34.1691]}},{"type":"Feature","properties":{"country_code":"BLR","city":"Maladziečna","geoname_id":"625625","h3_hexagon":590521444438376447,"h3_resolution":3,"downloaders":{"size":1861,"mobile":3,"satellite":0,"tor":0,"tor_exit_nodes":0,"vpn":1,"relay":0,"proxy":0,"hosting":0,"service":0},"uploaders":{"size":34,"mobile":0,"satellite":0,"tor":0,"tor_exit_nodes":0,"vpn":0,"relay":0,"proxy":0,"hosting":0,"service":0}},"geometry":{"type":"Point","coordinates":[26.854,54.3167]}},{"type":"Feature","properties":{"country_code":"USA","city":"Cookeville","geoname_id":"4615145","h3_hexagon":591181701170855935,"h3_resolution":3,"downloaders":{"size":1853,"mobile":1,"satellite":0,"tor":0,"tor_exit_nodes":0,"vpn":8,"relay":0,"proxy":0,"hosting":0,"service":0},"uploaders":{"size":9,"mobile":0,"satellite":0,"tor":0,"tor_exit_nodes":0,"vpn":0,"relay":0,"proxy":0,"hosting":0,"service":0}},"geometry":{"type":"Point","coordinates":[-85.50164,36.16284]}},{"type":"Feature","properties":{"country_code":"ARG","city":"Bahía Blanca","geoname_id":"3865086","h3_hexagon":593407593741811711,"h3_resolution":3,"downloaders":{"size":1840,"mobile":71,"satellite":0,"tor":0,"tor_exit_nodes":0,"vpn":4,"relay":0,"proxy":0,"hosting":0,"service":0},"uploaders":{"size":12,"mobile":0,"satellite":0,"tor":0,"tor_exit_nodes":0,"vpn":0,"relay":0,"proxy":0,"hosting":0,"service":0}},"geometry":{"type":"Point","coordinates":[-62.26545,-38.7176]}},{"type":"Feature","properties":{"country_code":"RUS","city":"Buzuluk","geoname_id":"570427","h3_hexagon":590262853047418879,"h3_resolution":3,"downloaders":{"size":1840,"mobile":7,"satellite":0,"tor":0,"tor_exit_nodes":0,"vpn":16,"relay":0,"proxy":0,"hosting":0,"service":0},"uploaders":{"size":4,"mobile":0,"satellite":0,"tor":0,"tor_exit_nodes":0,"vpn":0,"relay":0,"proxy":0,"hosting":0,"service":0}},"geometry":{"type":"Point","coordinates":[52.25854,52.77825]}},{"type":"Feature","properties":{"country_code":"SWE","city":"Haninge","geoname_id":"2707953","h3_hexagon":590122596595400703,"h3_resolution":3,"downloaders":{"size":1833,"mobile":26,"satellite":0,"tor":0,"tor_exit_nodes":0,"vpn":56,"relay":0,"proxy":0,"hosting":0,"service":0},"uploaders":{"size":7,"mobile":0,"satellite":0,"tor":0,"tor_exit_nodes":0,"vpn":0,"relay":0,"proxy":0,"hosting":0,"service":0}},"geometry":{"type":"Point","coordinates":[18.14478,59.16775]}},{"type":"Feature","properties":{"country_code":"CAN","city":"Thunder Bay","geoname_id":"6166142","h3_hexagon":590665411742138367,"h3_resolution":3,"downloaders":{"size":1821,"mobile":70,"satellite":0,"tor":0,"tor_exit_nodes":0,"vpn":31,"relay":0,"proxy":0,"hosting":0,"service":0},"uploaders":{"size":9,"mobile":0,"satellite":0,"tor":0,"tor_exit_nodes":0,"vpn":3,"relay":0,"proxy":0,"hosting":0,"service":0}},"geometry":{"type":"Point","coordinates":[-89.25018,48.38202]}},{"type":"Feature","properties":{"country_code":"MDV","city":"Male","geoname_id":"1282027","h3_hexagon":591682597436784639,"h3_resolution":3,"downloaders":{"size":1819,"mobile":119,"satellite":0,"tor":0,"tor_exit_nodes":0,"vpn":7,"relay":0,"proxy":0,"hosting":0,"service":0},"uploaders":{"size":38,"mobile":8,"satellite":0,"tor":0,"tor_exit_nodes":0,"vpn":0,"relay":0,"proxy":0,"hosting":0,"service":0}},"geometry":{"type":"Point","coordinates":[73.50916,4.17521]}},{"type":"Feature","properties":{"country_code":"USA","city":"Lafayette","geoname_id":"4330145","h3_hexagon":591172630199926783,"h3_resolution":3,"downloaders":{"size":1816,"mobile":0,"satellite":0,"tor":0,"tor_exit_nodes":0,"vpn":25,"relay":0,"proxy":0,"hosting":0,"service":0},"uploaders":{"size":7,"mobile":0,"satellite":0,"tor":0,"tor_exit_nodes":0,"vpn":0,"relay":0,"proxy":0,"hosting":0,"service":0}},"geometry":{"type":"Point","coordinates":[-92.01984,30.22409]}},{"type":"Feature","properties":{"country_code":"USA","city":"Clayton","geoname_id":"5112870","h3_hexagon":590737842070618111,"h3_resolution":3,"downloaders":{"size":1804,"mobile":189,"satellite":0,"tor":0,"tor_exit_nodes":0,"vpn":3,"relay":0,"proxy":0,"hosting":11,"service":0},"uploaders":{"size":30,"mobile":1,"satellite":0,"tor":0,"tor_exit_nodes":0,"vpn":0,"relay":0,"proxy":0,"hosting":0,"service":0}},"geometry":{"type":"Point","coordinates":[-76.08578,44.23949]}},{"type":"Feature","properties":{"country_code":"THA","city":"Udon Thani","geoname_id":"1605239","h3_hexagon":591743345454219263,"h3_resolution":3,"downloaders":{"size":1801,"mobile":741,"satellite":0,"tor":0,"tor_exit_nodes":0,"vpn":44,"relay":0,"proxy":0,"hosting":3,"service":5},"uploaders":{"size":9,"mobile":6,"satellite":0,"tor":0,"tor_exit_nodes":0,"vpn":0,"relay":0,"proxy":0,"hosting":0,"service":0}},"geometry":{"type":"Point","coordinates":[102.78589,17.41567]}},{"type":"Feature","properties":{"country_code":"CAN","city":"Roberval","geoname_id":"6125653","h3_hexagon":590739079021199359,"h3_resolution":3,"downloaders":{"size":1793,"mobile":163,"satellite":0,"tor":0,"tor_exit_nodes":0,"vpn":0,"relay":0,"proxy":0,"hosting":0,"service":0},"uploaders":{"size":10,"mobile":4,"satellite":0,"tor":0,"tor_exit_nodes":0,"vpn":0,"relay":0,"proxy":0,"hosting":0,"service":0}},"geometry":{"type":"Point","coordinates":[-72.23244,48.5168]}},{"type":"Feature","properties":{"country_code":"USA","city":"Pensacola","geoname_id":"4168228","h3_hexagon":591173798431031295,"h3_resolution":3,"downloaders":{"size":1792,"mobile":8,"satellite":0,"tor":0,"tor_exit_nodes":0,"vpn":36,"relay":0,"proxy":0,"hosting":9,"service":0},"uploaders":{"size":11,"mobile":0,"satellite":0,"tor":0,"tor_exit_nodes":0,"vpn":0,"relay":0,"proxy":0,"hosting":0,"service":0}},"geometry":{"type":"Point","coordinates":[-87.21691,30.42131]}},{"type":"Feature","properties":{"country_code":"JPN","city":"Ginowan","geoname_id":"1863627","h3_hexagon":591276053012414463,"h3_resolution":3,"downloaders":{"size":1785,"mobile":151,"satellite":0,"tor":0,"tor_exit_nodes":0,"vpn":28,"relay":0,"proxy":0,"hosting":1,"service":5},"uploaders":{"size":16,"mobile":5,"satellite":0,"tor":0,"tor_exit_nodes":0,"vpn":0,"relay":0,"proxy":0,"hosting":0,"service":0}},"geometry":{"type":"Point","coordinates":[127.76147,26.26265]}},{"type":"Feature","properties":{"country_code":"MEX","city":"Puerto Vallarta","geoname_id":"3991328","h3_hexagon":591267463077822463,"h3_resolution":3,"downloaders":{"size":1780,"mobile":0,"satellite":0,"tor":0,"tor_exit_nodes":0,"vpn":1,"relay":0,"proxy":0,"hosting":0,"service":0},"uploaders":{"size":35,"mobile":0,"satellite":0,"tor":0,"tor_exit_nodes":0,"vpn":0,"relay":0,"proxy":0,"hosting":0,"service":0}},"geometry":{"type":"Point","coordinates":[-105.23018,20.617]}},{"type":"Feature","properties":{"country_code":"SWE","city":"Edsbyn","geoname_id":"2716863","h3_hexagon":590124314582319103,"h3_resolution":3,"downloaders":{"size":1780,"mobile":28,"satellite":0,"tor":0,"tor_exit_nodes":0,"vpn":180,"relay":0,"proxy":0,"hosting":73,"service":5},"uploaders":{"size":27,"mobile":0,"satellite":0,"tor":0,"tor_exit_nodes":0,"vpn":10,"relay":0,"proxy":0,"hosting":10,"service":0}},"geometry":{"type":"Point","coordinates":[15.81747,61.37692]}},{"type":"Feature","properties":{"country_code":"ESP","city":"Huesca","geoname_id":"3120514","h3_hexagon":590982414688321535,"h3_resolution":3,"downloaders":{"size":1780,"mobile":669,"satellite":0,"tor":0,"tor_exit_nodes":0,"vpn":0,"relay":0,"proxy":0,"hosting":0,"service":0},"uploaders":{"size":20,"mobile":5,"satellite":0,"tor":0,"tor_exit_nodes":0,"vpn":0,"relay":0,"proxy":0,"hosting":0,"service":0}},"geometry":{"type":"Point","coordinates":[-0.4087,42.13615]}},{"type":"Feature","properties":{"country_code":"ARG","city":"General Alvear","geoname_id":"3855138","h3_hexagon":593400240757800959,"h3_resolution":3,"downloaders":{"size":1778,"mobile":268,"satellite":0,"tor":0,"tor_exit_nodes":0,"vpn":3,"relay":0,"proxy":0,"hosting":0,"service":0},"uploaders":{"size":42,"mobile":8,"satellite":0,"tor":0,"tor_exit_nodes":0,"vpn":0,"relay":0,"proxy":0,"hosting":0,"service":0}},"geometry":{"type":"Point","coordinates":[-60.0145,-36.02174]}},{"type":"Feature","properties":{"country_code":"PAN","city":"David","geoname_id":"3711668","h3_hexagon":591778461106831359,"h3_resolution":3,"downloaders":{"size":1773,"mobile":0,"satellite":0,"tor":0,"tor_exit_nodes":0,"vpn":11,"relay":0,"proxy":0,"hosting":0,"service":0},"uploaders":{"size":6,"mobile":0,"satellite":0,"tor":0,"tor_exit_nodes":0,"vpn":0,"relay":0,"proxy":0,"hosting":0,"service":0}},"geometry":{"type":"Point","coordinates":[-82.43085,8.42729]}},{"type":"Feature","properties":{"country_code":"IND","city":"Lucknow","geoname_id":"1264733","h3_hexagon":591054432699940863,"h3_resolution":3,"downloaders":{"size":1768,"mobile":958,"satellite":0,"tor":0,"tor_exit_nodes":0,"vpn":1,"relay":0,"proxy":0,"hosting":15,"service":0},"uploaders":{"size":8,"mobile":0,"satellite":0,"tor":0,"tor_exit_nodes":0,"vpn":0,"relay":0,"proxy":0,"hosting":0,"service":0}},"geometry":{"type":"Point","coordinates":[80.92313,26.83928]}},{"type":"Feature","properties":{"country_code":"NOR","city":"Fredrikstad","geoname_id":"3156529","h3_hexagon":590140601098305535,"h3_resolution":3,"downloaders":{"size":1765,"mobile":58,"satellite":0,"tor":0,"tor_exit_nodes":0,"vpn":25,"relay":0,"proxy":0,"hosting":0,"service":0},"uploaders":{"size":10,"mobile":0,"satellite":0,"tor":0,"tor_exit_nodes":0,"vpn":0,"relay":0,"proxy":0,"hosting":0,"service":0}},"geometry":{"type":"Point","coordinates":[10.9298,59.2181]}},{"type":"Feature","properties":{"country_code":"MEX","city":"La Paz","geoname_id":"4000900","h3_hexagon":591241143518232575,"h3_resolution":3,"downloaders":{"size":1761,"mobile":0,"satellite":0,"tor":0,"tor_exit_nodes":0,"vpn":0,"relay":0,"proxy":0,"hosting":0,"service":0},"uploaders":{"size":23,"mobile":0,"satellite":0,"tor":0,"tor_exit_nodes":0,"vpn":0,"relay":0,"proxy":0,"hosting":0,"service":0}},"geometry":{"type":"Point","coordinates":[-110.31316,24.14231]}},{"type":"Feature","properties":{"country_code":"USA","city":"Westpoint","geoname_id":"4928137","h3_hexagon":590646720044466175,"h3_resolution":3,"downloaders":{"size":1752,"mobile":0,"satellite":0,"tor":0,"tor_exit_nodes":0,"vpn":0,"relay":0,"proxy":0,"hosting":0,"service":0},"uploaders":{"size":197,"mobile":0,"satellite":0,"tor":0,"tor_exit_nodes":0,"vpn":0,"relay":0,"proxy":0,"hosting":0,"service":0}},"geometry":{"type":"Point","coordinates":[-87.04307,40.34504]}},{"type":"Feature","properties":{"country_code":"SUR","city":"Paramaribo","geoname_id":"3383330","h3_hexagon":591644801724579839,"h3_resolution":3,"downloaders":{"size":1750,"mobile":368,"satellite":3,"tor":0,"tor_exit_nodes":0,"vpn":2,"relay":0,"proxy":0,"hosting":0,"service":0},"uploaders":{"size":39,"mobile":6,"satellite":2,"tor":0,"tor_exit_nodes":0,"vpn":0,"relay":0,"proxy":0,"hosting":0,"service":0}},"geometry":{"type":"Point","coordinates":[-55.16682,5.86638]}},{"type":"Feature","properties":{"country_code":"IND","city":"Rājkot","geoname_id":"1258847","h3_hexagon":591146104481906687,"h3_resolution":3,"downloaders":{"size":1730,"mobile":22,"satellite":0,"tor":0,"tor_exit_nodes":0,"vpn":1,"relay":0,"proxy":0,"hosting":0,"service":0},"uploaders":{"size":3,"mobile":2,"satellite":0,"tor":0,"tor_exit_nodes":0,"vpn":0,"relay":0,"proxy":0,"hosting":0,"service":0}},"geometry":{"type":"Point","coordinates":[70.79322,22.29161]}},{"type":"Feature","properties":{"country_code":"THA","city":"Phitsanulok","geoname_id":"1607708","h3_hexagon":591743001856835583,"h3_resolution":3,"downloaders":{"size":1728,"mobile":474,"satellite":0,"tor":0,"tor_exit_nodes":0,"vpn":21,"relay":0,"proxy":0,"hosting":0,"service":6},"uploaders":{"size":9,"mobile":0,"satellite":0,"tor":0,"tor_exit_nodes":0,"vpn":0,"relay":0,"proxy":0,"hosting":0,"service":0}},"geometry":{"type":"Point","coordinates":[100.25858,16.82481]}},{"type":"Feature","properties":{"country_code":"BRA","city":"Montes Claros","geoname_id":"3456814","h3_hexagon":592243485805903871,"h3_resolution":3,"downloaders":{"size":1724,"mobile":8,"satellite":0,"tor":0,"tor_exit_nodes":0,"vpn":8,"relay":0,"proxy":0,"hosting":0,"service":0},"uploaders":{"size":12,"mobile":0,"satellite":0,"tor":0,"tor_exit_nodes":0,"vpn":0,"relay":0,"proxy":0,"hosting":0,"service":0}},"geometry":{"type":"Point","coordinates":[-43.86167,-16.735]}},{"type":"Feature","properties":{"country_code":"TWN","city":"Hualien City","geoname_id":"1674504","h3_hexagon":591302235133050879,"h3_resolution":3,"downloaders":{"size":1716,"mobile":1,"satellite":0,"tor":0,"tor_exit_nodes":0,"vpn":53,"relay":0,"proxy":0,"hosting":0,"service":0},"uploaders":{"size":10,"mobile":0,"satellite":0,"tor":0,"tor_exit_nodes":0,"vpn":1,"relay":0,"proxy":0,"hosting":0,"service":0}},"geometry":{"type":"Point","coordinates":[121.60444,23.97694]}},{"type":"Feature","properties":{"country_code":"RUS","city":"Malysheva","geoname_id":"1499668","h3_hexagon":590266495179685887,"h3_resolution":3,"downloaders":{"size":1715,"mobile":27,"satellite":0,"tor":0,"tor_exit_nodes":0,"vpn":46,"relay":0,"proxy":0,"hosting":0,"service":0},"uploaders":{"size":6,"mobile":0,"satellite":0,"tor":0,"tor_exit_nodes":0,"vpn":0,"relay":0,"proxy":0,"hosting":0,"service":0}},"geometry":{"type":"Point","coordinates":[61.40345,57.11851]}},{"type":"Feature","properties":{"country_code":"KAZ","city":"Kyzylorda","geoname_id":"1519922","h3_hexagon":590538280710176767,"h3_resolution":3,"downloaders":{"size":1702,"mobile":547,"satellite":0,"tor":0,"tor_exit_nodes":0,"vpn":4,"relay":0,"proxy":0,"hosting":0,"service":0},"uploaders":{"size":3,"mobile":0,"satellite":0,"tor":0,"tor_exit_nodes":0,"vpn":0,"relay":0,"proxy":0,"hosting":0,"service":0}},"geometry":{"type":"Point","coordinates":[65.50917,44.85278]}},{"type":"Feature","properties":{"country_code":"EGY","city":"Abū Kabīr","geoname_id":"362485","h3_hexagon":591068932509532159,"h3_resolution":3,"downloaders":{"size":1702,"mobile":9,"satellite":0,"tor":0,"tor_exit_nodes":0,"vpn":1,"relay":0,"proxy":0,"hosting":0,"service":0},"uploaders":{"size":5,"mobile":0,"satellite":0,"tor":0,"tor_exit_nodes":0,"vpn":0,"relay":0,"proxy":0,"hosting":0,"service":0}},"geometry":{"type":"Point","coordinates":[31.67148,30.72508]}},{"type":"Feature","properties":{"country_code":"USA","city":"Tulare","geoname_id":"5403783","h3_hexagon":590704444404924415,"h3_resolution":3,"downloaders":{"size":1701,"mobile":0,"satellite":0,"tor":0,"tor_exit_nodes":0,"vpn":0,"relay":0,"proxy":0,"hosting":1,"service":0},"uploaders":{"size":8,"mobile":0,"satellite":0,"tor":0,"tor_exit_nodes":0,"vpn":0,"relay":0,"proxy":0,"hosting":0,"service":0}},"geometry":{"type":"Point","coordinates":[-119.34734,36.20773]}},{"type":"Feature","properties":{"country_code":"NPL","city":"Kathmandu","geoname_id":"1283240","h3_hexagon":591027288506630143,"h3_resolution":3,"downloaders":{"size":1689,"mobile":86,"satellite":0,"tor":0,"tor_exit_nodes":0,"vpn":185,"relay":0,"proxy":0,"hosting":267,"service":151},"uploaders":{"size":62,"mobile":14,"satellite":0,"tor":0,"tor_exit_nodes":0,"vpn":6,"relay":0,"proxy":0,"hosting":9,"service":6}},"geometry":{"type":"Point","coordinates":[85.3206,27.70169]}},{"type":"Feature","properties":{"country_code":"BRA","city":"Teófilo Otoni","geoname_id":"3446621","h3_hexagon":592937552520937471,"h3_resolution":3,"downloaders":{"size":1680,"mobile":0,"satellite":0,"tor":0,"tor_exit_nodes":0,"vpn":0,"relay":0,"proxy":0,"hosting":0,"service":0},"uploaders":{"size":3,"mobile":0,"satellite":0,"tor":0,"tor_exit_nodes":0,"vpn":0,"relay":0,"proxy":0,"hosting":0,"service":0}},"geometry":{"type":"Point","coordinates":[-41.50528,-17.8575]}},{"type":"Feature","properties":{"country_code":"AUT","city":"Feldkirchen in Kärnten","geoname_id":"2779669","h3_hexagon":590500897314832383,"h3_resolution":3,"downloaders":{"size":1678,"mobile":27,"satellite":0,"tor":0,"tor_exit_nodes":0,"vpn":16,"relay":0,"proxy":0,"hosting":14,"service":1},"uploaders":{"size":12,"mobile":0,"satellite":0,"tor":0,"tor_exit_nodes":0,"vpn":0,"relay":0,"proxy":0,"hosting":0,"service":0}},"geometry":{"type":"Point","coordinates":[14.0958,46.72368]}},{"type":"Feature","properties":{"country_code":"CAN","city":"Westlock","geoname_id":"6179138","h3_hexagon":590303741136076799,"h3_resolution":3,"downloaders":{"size":1674,"mobile":122,"satellite":0,"tor":0,"tor_exit_nodes":0,"vpn":9,"relay":0,"proxy":0,"hosting":11,"service":0},"uploaders":{"size":28,"mobile":1,"satellite":0,"tor":0,"tor_exit_nodes":0,"vpn":0,"relay":0,"proxy":0,"hosting":0,"service":0}},"geometry":{"type":"Point","coordinates":[-113.86876,54.15016]}},{"type":"Feature","properties":{"country_code":"USA","city":"Slidell","geoname_id":"4341727","h3_hexagon":591173729711554559,"h3_resolution":3,"downloaders":{"size":1672,"mobile":0,"satellite":0,"tor":0,"tor_exit_nodes":0,"vpn":27,"relay":0,"proxy":0,"hosting":1,"service":0},"uploaders":{"size":22,"mobile":0,"satellite":0,"tor":0,"tor_exit_nodes":0,"vpn":0,"relay":0,"proxy":0,"hosting":0,"service":0}},"geometry":{"type":"Point","coordinates":[-89.8129,30.2916]}},{"type":"Feature","properties":{"country_code":"ZAF","city":"Klerksdorp","geoname_id":"989921","h3_hexagon":593292213740371967,"h3_resolution":3,"downloaders":{"size":1666,"mobile":2,"satellite":0,"tor":0,"tor_exit_nodes":0,"vpn":5,"relay":0,"proxy":0,"hosting":0,"service":0},"uploaders":{"size":447,"mobile":0,"satellite":0,"tor":0,"tor_exit_nodes":0,"vpn":0,"relay":0,"proxy":0,"hosting":0,"service":0}},"geometry":{"type":"Point","coordinates":[26.66672,-26.85213]}},{"type":"Feature","properties":{"country_code":"CAN","city":"Port Stanley","geoname_id":"6112027","h3_hexagon":590722586346782719,"h3_resolution":3,"downloaders":{"size":1659,"mobile":16,"satellite":0,"tor":0,"tor_exit_nodes":0,"vpn":31,"relay":0,"proxy":0,"hosting":14,"service":0},"uploaders":{"size":26,"mobile":0,"satellite":0,"tor":0,"tor_exit_nodes":0,"vpn":0,"relay":0,"proxy":0,"hosting":0,"service":0}},"geometry":{"type":"Point","coordinates":[-81.21644,42.66679]}},{"type":"Feature","properties":{"country_code":"ITA","city":"Centallo","geoname_id":"3179167","h3_hexagon":590527560471805951,"h3_resolution":3,"downloaders":{"size":1658,"mobile":191,"satellite":0,"tor":0,"tor_exit_nodes":0,"vpn":60,"relay":0,"proxy":0,"hosting":45,"service":0},"uploaders":{"size":7,"mobile":2,"satellite":0,"tor":0,"tor_exit_nodes":0,"vpn":0,"relay":0,"proxy":0,"hosting":0,"service":0}},"geometry":{"type":"Point","coordinates":[7.58783,44.50153]}},{"type":"Feature","properties":{"country_code":"CAN","city":"Courtenay","geoname_id":"5930890","h3_hexagon":590690150753763327,"h3_resolution":3,"downloaders":{"size":1650,"mobile":66,"satellite":0,"tor":0,"tor_exit_nodes":0,"vpn":1,"relay":0,"proxy":0,"hosting":432,"service":0},"uploaders":{"size":34,"mobile":4,"satellite":0,"tor":0,"tor_exit_nodes":0,"vpn":0,"relay":0,"proxy":0,"hosting":22,"service":0}},"geometry":{"type":"Point","coordinates":[-124.9936,49.68657]}},{"type":"Feature","properties":{"country_code":"IND","city":"Thoubāl","geoname_id":"1254570","h3_hexagon":591043231425232895,"h3_resolution":3,"downloaders":{"size":1650,"mobile":179,"satellite":0,"tor":0,"tor_exit_nodes":0,"vpn":8,"relay":0,"proxy":0,"hosting":0,"service":0},"uploaders":{"size":23,"mobile":19,"satellite":0,"tor":0,"tor_exit_nodes":0,"vpn":0,"relay":0,"proxy":0,"hosting":0,"service":0}},"geometry":{"type":"Point","coordinates":[93.99639,24.63881]}},{"type":"Feature","properties":{"country_code":"USA","city":"Murray","geoname_id":"4302035","h3_hexagon":590645345654931455,"h3_resolution":3,"downloaders":{"size":1643,"mobile":0,"satellite":0,"tor":0,"tor_exit_nodes":0,"vpn":23,"relay":1,"proxy":0,"hosting":23,"service":1},"uploaders":{"size":3,"mobile":0,"satellite":0,"tor":0,"tor_exit_nodes":0,"vpn":0,"relay":0,"proxy":0,"hosting":0,"service":0}},"geometry":{"type":"Point","coordinates":[-88.31476,36.61033]}},{"type":"Feature","properties":{"country_code":"USA","city":"Catalina Foothills","geoname_id":"5288786","h3_hexagon":591254200218812415,"h3_resolution":3,"downloaders":{"size":1635,"mobile":35,"satellite":0,"tor":0,"tor_exit_nodes":0,"vpn":7,"relay":0,"proxy":0,"hosting":5,"service":0},"uploaders":{"size":8,"mobile":0,"satellite":0,"tor":0,"tor_exit_nodes":0,"vpn":0,"relay":0,"proxy":0,"hosting":0,"service":0}},"geometry":{"type":"Point","coordinates":[-110.9187,32.29785]}},{"type":"Feature","properties":{"country_code":"USA","city":"Green Bay","geoname_id":"5254962","h3_hexagon":590662319365685247,"h3_resolution":3,"downloaders":{"size":1614,"mobile":1,"satellite":0,"tor":0,"tor_exit_nodes":0,"vpn":7,"relay":1,"proxy":0,"hosting":1,"service":1},"uploaders":{"size":7,"mobile":0,"satellite":0,"tor":0,"tor_exit_nodes":0,"vpn":0,"relay":0,"proxy":0,"hosting":0,"service":0}},"geometry":{"type":"Point","coordinates":[-87.9771,44.5025]}},{"type":"Feature","properties":{"country_code":"IND","city":"Jamshedpur","geoname_id":"1269300","h3_hexagon":591038902098198527,"h3_resolution":3,"downloaders":{"size":1614,"mobile":58,"satellite":0,"tor":0,"tor_exit_nodes":0,"vpn":0,"relay":0,"proxy":0,"hosting":0,"service":0},"uploaders":{"size":4,"mobile":2,"satellite":0,"tor":0,"tor_exit_nodes":0,"vpn":0,"relay":0,"proxy":0,"hosting":0,"service":0}},"geometry":{"type":"Point","coordinates":[86.18545,22.80278]}},{"type":"Feature","properties":{"country_code":"CMR","city":"Yaoundé","geoname_id":"2220957","h3_hexagon":592268156098052095,"h3_resolution":3,"downloaders":{"size":1607,"mobile":80,"satellite":617,"tor":0,"tor_exit_nodes":0,"vpn":6,"relay":0,"proxy":0,"hosting":0,"service":0},"uploaders":{"size":74,"mobile":7,"satellite":62,"tor":0,"tor_exit_nodes":0,"vpn":0,"relay":0,"proxy":0,"hosting":0,"service":0}},"geometry":{"type":"Point","coordinates":[11.51667,3.86667]}},{"type":"Feature","properties":{"country_code":"TGO","city":"Lomé","geoname_id":"2365267","h3_hexagon":591530040198430719,"h3_resolution":3,"downloaders":{"size":1605,"mobile":57,"satellite":0,"tor":0,"tor_exit_nodes":0,"vpn":3,"relay":0,"proxy":0,"hosting":0,"service":0},"uploaders":{"size":5,"mobile":0,"satellite":0,"tor":0,"tor_exit_nodes":0,"vpn":0,"relay":0,"proxy":0,"hosting":0,"service":0}},"geometry":{"type":"Point","coordinates":[1.22154,6.12874]}},{"type":"Feature","properties":{"country_code":"ARG","city":"Paraná","geoname_id":"3841956","h3_hexagon":593398591490359295,"h3_resolution":3,"downloaders":{"size":1595,"mobile":60,"satellite":0,"tor":0,"tor_exit_nodes":0,"vpn":2,"relay":0,"proxy":0,"hosting":0,"service":0},"uploaders":{"size":11,"mobile":0,"satellite":0,"tor":0,"tor_exit_nodes":0,"vpn":0,"relay":0,"proxy":0,"hosting":0,"service":0}},"geometry":{"type":"Point","coordinates":[-60.52897,-31.73271]}},{"type":"Feature","properties":{"country_code":"CHL","city":"Antofagasta","geoname_id":"3899539","h3_hexagon":593105640361033727,"h3_resolution":3,"downloaders":{"size":1594,"mobile":554,"satellite":0,"tor":0,"tor_exit_nodes":0,"vpn":0,"relay":0,"proxy":0,"hosting":18,"service":0},"uploaders":{"size":8,"mobile":2,"satellite":0,"tor":0,"tor_exit_nodes":0,"vpn":0,"relay":0,"proxy":0,"hosting":0,"service":0}},"geometry":{"type":"Point","coordinates":[-70.39752,-23.65094]}},{"type":"Feature","properties":{"country_code":"GRC","city":"Pátra","geoname_id":"255683","h3_hexagon":591083020002263039,"h3_resolution":3,"downloaders":{"size":1592,"mobile":37,"satellite":0,"tor":0,"tor_exit_nodes":0,"vpn":1,"relay":0,"proxy":0,"hosting":0,"service":0},"uploaders":{"size":27,"mobile":0,"satellite":0,"tor":0,"tor_exit_nodes":0,"vpn":0,"relay":0,"proxy":0,"hosting":0,"service":0}},"geometry":{"type":"Point","coordinates":[21.73444,38.24444]}},{"type":"Feature","properties":{"country_code":"MNE","city":"Bijelo Polje","geoname_id":"3204176","h3_hexagon":590515878160760831,"h3_resolution":3,"downloaders":{"size":1586,"mobile":34,"satellite":0,"tor":0,"tor_exit_nodes":0,"vpn":1,"relay":0,"proxy":0,"hosting":1,"service":0},"uploaders":{"size":23,"mobile":0,"satellite":0,"tor":0,"tor_exit_nodes":0,"vpn":0,"relay":0,"proxy":0,"hosting":0,"service":0}},"geometry":{"type":"Point","coordinates":[19.74758,43.03834]}},{"type":"Feature","properties":{"country_code":"USA","city":"Jackson","geoname_id":"4431410","h3_hexagon":591174210747891711,"h3_resolution":3,"downloaders":{"size":1580,"mobile":9,"satellite":0,"tor":0,"tor_exit_nodes":0,"vpn":272,"relay":0,"proxy":0,"hosting":158,"service":109},"uploaders":{"size":31,"mobile":0,"satellite":0,"tor":0,"tor_exit_nodes":0,"vpn":27,"relay":0,"proxy":0,"hosting":5,"service":2}},"geometry":{"type":"Point","coordinates":[-90.18481,32.29876]}},{"type":"Feature","properties":{"country_code":"AUS","city":"Townsville","geoname_id":"2146142","h3_hexagon":592734349028229119,"h3_resolution":3,"downloaders":{"size":1577,"mobile":1,"satellite":9,"tor":0,"tor_exit_nodes":0,"vpn":1,"relay":0,"proxy":0,"hosting":0,"service":0},"uploaders":{"size":26,"mobile":0,"satellite":0,"tor":0,"tor_exit_nodes":0,"vpn":0,"relay":0,"proxy":0,"hosting":0,"service":0}},"geometry":{"type":"Point","coordinates":[146.80569,-19.26639]}},{"type":"Feature","properties":{"country_code":"SWE","city":"Vetlanda","geoname_id":"2663293","h3_hexagon":590124589460226047,"h3_resolution":3,"downloaders":{"size":1569,"mobile":6,"satellite":0,"tor":0,"tor_exit_nodes":0,"vpn":6,"relay":0,"proxy":0,"hosting":193,"service":0},"uploaders":{"size":15,"mobile":0,"satellite":0,"tor":0,"tor_exit_nodes":0,"vpn":0,"relay":0,"proxy":0,"hosting":0,"service":0}},"geometry":{"type":"Point","coordinates":[15.07762,57.42887]}},{"type":"Feature","properties":{"country_code":"NCL","city":"Nouméa","geoname_id":"2139521","h3_hexagon":592774618641596415,"h3_resolution":3,"downloaders":{"size":1568,"mobile":17,"satellite":0,"tor":0,"tor_exit_nodes":0,"vpn":33,"relay":0,"proxy":0,"hosting":0,"service":0},"uploaders":{"size":4,"mobile":0,"satellite":0,"tor":0,"tor_exit_nodes":0,"vpn":0,"relay":0,"proxy":0,"hosting":0,"service":0}},"geometry":{"type":"Point","coordinates":[166.44884,-22.27407]}},{"type":"Feature","properties":{"country_code":"GBR","city":"Ballymena","geoname_id":"2656490","h3_hexagon":590396374990716927,"h3_resolution":3,"downloaders":{"size":1551,"mobile":30,"satellite":0,"tor":0,"tor_exit_nodes":0,"vpn":2,"relay":1,"proxy":0,"hosting":19,"service":1},"uploaders":{"size":16,"mobile":1,"satellite":0,"tor":0,"tor_exit_nodes":0,"vpn":0,"relay":0,"proxy":0,"hosting":4,"service":0}},"geometry":{"type":"Point","coordinates":[-6.27628,54.86357]}},{"type":"Feature","properties":{"country_code":"PRI","city":"Arecibo","geoname_id":"4562635","h3_hexagon":591322163781304319,"h3_resolution":3,"downloaders":{"size":1525,"mobile":865,"satellite":0,"tor":0,"tor_exit_nodes":0,"vpn":6,"relay":0,"proxy":0,"hosting":0,"service":0},"uploaders":{"size":22,"mobile":17,"satellite":0,"tor":0,"tor_exit_nodes":0,"vpn":1,"relay":0,"proxy":0,"hosting":0,"service":0}},"geometry":{"type":"Point","coordinates":[-66.71573,18.47245]}},{"type":"Feature","properties":{"country_code":"MEX","city":"El Salto","geoname_id":"4007684","h3_hexagon":591267600516775935,"h3_resolution":3,"downloaders":{"size":1525,"mobile":0,"satellite":0,"tor":0,"tor_exit_nodes":0,"vpn":5,"relay":0,"proxy":0,"hosting":0,"service":0},"uploaders":{"size":15,"mobile":0,"satellite":0,"tor":0,"tor_exit_nodes":0,"vpn":0,"relay":0,"proxy":0,"hosting":0,"service":0}},"geometry":{"type":"Point","coordinates":[-104.5,20.33333]}},{"type":"Feature","properties":{"country_code":"USA","city":"Herrin","geoname_id":"4240540","h3_hexagon":590644589740687359,"h3_resolution":3,"downloaders":{"size":1521,"mobile":0,"satellite":0,"tor":0,"tor_exit_nodes":0,"vpn":20,"relay":0,"proxy":0,"hosting":0,"service":0},"uploaders":{"size":10,"mobile":0,"satellite":0,"tor":0,"tor_exit_nodes":0,"vpn":0,"relay":0,"proxy":0,"hosting":0,"service":0}},"geometry":{"type":"Point","coordinates":[-89.02757,37.80311]}},{"type":"Feature","properties":{"country_code":"PHL","city":"Cagayan de Oro","geoname_id":"1721080","h3_hexagon":591805742739095551,"h3_resolution":3,"downloaders":{"size":1518,"mobile":191,"satellite":0,"tor":0,"tor_exit_nodes":0,"vpn":5,"relay":0,"proxy":0,"hosting":162,"service":0},"uploaders":{"size":58,"mobile":5,"satellite":0,"tor":0,"tor_exit_nodes":0,"vpn":0,"relay":0,"proxy":0,"hosting":2,"service":0}},"geometry":{"type":"Point","coordinates":[124.64722,8.48222]}},{"type":"Feature","properties":{"country_code":"VEN","city":"Valencia","geoname_id":"3625549","h3_hexagon":591788219272527871,"h3_resolution":3,"downloaders":{"size":1517,"mobile":32,"satellite":0,"tor":0,"tor_exit_nodes":0,"vpn":6,"relay":0,"proxy":0,"hosting":0,"service":1},"uploaders":{"size":44,"mobile":7,"satellite":0,"tor":0,"tor_exit_nodes":0,"vpn":0,"relay":0,"proxy":0,"hosting":0,"service":0}},"geometry":{"type":"Point","coordinates":[-68.00044,10.16153]}},{"type":"Feature","properties":{"country_code":"CHL","city":"Arica","geoname_id":"3899361","h3_hexagon":593120896084869119,"h3_resolution":3,"downloaders":{"size":1512,"mobile":30,"satellite":0,"tor":0,"tor_exit_nodes":0,"vpn":2,"relay":0,"proxy":0,"hosting":33,"service":0},"uploaders":{"size":11,"mobile":0,"satellite":0,"tor":0,"tor_exit_nodes":0,"vpn":0,"relay":0,"proxy":0,"hosting":0,"service":0}},"geometry":{"type":"Point","coordinates":[-70.30058,-18.47552]}},{"type":"Feature","properties":{"country_code":"SWE","city":"Piteå","geoname_id":"603570","h3_hexagon":590128918787260415,"h3_resolution":3,"downloaders":{"size":1509,"mobile":2,"satellite":0,"tor":0,"tor_exit_nodes":0,"vpn":7,"relay":0,"proxy":0,"hosting":0,"service":0},"uploaders":{"size":4,"mobile":0,"satellite":0,"tor":0,"tor_exit_nodes":0,"vpn":0,"relay":0,"proxy":0,"hosting":0,"service":0}},"geometry":{"type":"Point","coordinates":[21.47944,65.31717]}},{"type":"Feature","properties":{"country_code":"BRA","city":"Luziânia","geoname_id":"3458329","h3_hexagon":592941744409018367,"h3_resolution":3,"downloaders":{"size":1508,"mobile":0,"satellite":0,"tor":0,"tor_exit_nodes":0,"vpn":1,"relay":0,"proxy":0,"hosting":0,"service":0},"uploaders":{"size":7,"mobile":0,"satellite":0,"tor":0,"tor_exit_nodes":0,"vpn":0,"relay":0,"proxy":0,"hosting":0,"service":0}},"geometry":{"type":"Point","coordinates":[-47.95028,-16.2525]}},{"type":"Feature","properties":{"country_code":"BRA","city":"Ibirubá","geoname_id":"3461559","h3_hexagon":592945317821808639,"h3_resolution":3,"downloaders":{"size":1505,"mobile":1,"satellite":0,"tor":0,"tor_exit_nodes":0,"vpn":2,"relay":0,"proxy":0,"hosting":0,"service":0},"uploaders":{"size":14,"mobile":0,"satellite":0,"tor":0,"tor_exit_nodes":0,"vpn":0,"relay":0,"proxy":0,"hosting":0,"service":0}},"geometry":{"type":"Point","coordinates":[-53.08972,-28.6275]}},{"type":"Feature","properties":{"country_code":"BRA","city":"Jaguaquara","geoname_id":"3460242","h3_hexagon":592244516598054911,"h3_resolution":3,"downloaders":{"size":1487,"mobile":50,"satellite":0,"tor":0,"tor_exit_nodes":0,"vpn":10,"relay":0,"proxy":0,"hosting":0,"service":0},"uploaders":{"size":13,"mobile":0,"satellite":0,"tor":0,"tor_exit_nodes":0,"vpn":0,"relay":0,"proxy":0,"hosting":0,"service":0}},"geometry":{"type":"Point","coordinates":[-39.97083,-13.53056]}},{"type":"Feature","properties":{"country_code":"IND","city":"Salem","geoname_id":"1257629","h3_hexagon":591663905739112447,"h3_resolution":3,"downloaders":{"size":1476,"mobile":27,"satellite":0,"tor":0,"tor_exit_nodes":0,"vpn":4,"relay":0,"proxy":0,"hosting":40,"service":4},"uploaders":{"size":3,"mobile":0,"satellite":0,"tor":0,"tor_exit_nodes":0,"vpn":3,"relay":0,"proxy":0,"hosting":3,"service":3}},"geometry":{"type":"Point","coordinates":[78.15538,11.65376]}},{"type":"Feature","properties":{"country_code":"USA","city":"Gainesville","geoname_id":"4196586","h3_hexagon":591182044768239615,"h3_resolution":3,"downloaders":{"size":1475,"mobile":0,"satellite":0,"tor":0,"tor_exit_nodes":0,"vpn":1,"relay":0,"proxy":0,"hosting":0,"service":0},"uploaders":{"size":11,"mobile":0,"satellite":0,"tor":0,"tor_exit_nodes":0,"vpn":0,"relay":0,"proxy":0,"hosting":0,"service":0}},"geometry":{"type":"Point","coordinates":[-83.82407,34.29788]}},{"type":"Feature","properties":{"country_code":"FIN","city":"Jyväskylä","geoname_id":"655194","h3_hexagon":590273229688406015,"h3_resolution":3,"downloaders":{"size":1469,"mobile":57,"satellite":0,"tor":0,"tor_exit_nodes":0,"vpn":9,"relay":0,"proxy":0,"hosting":0,"service":0},"uploaders":{"size":10,"mobile":0,"satellite":0,"tor":0,"tor_exit_nodes":0,"vpn":0,"relay":0,"proxy":0,"hosting":0,"service":0}},"geometry":{"type":"Point","coordinates":[25.72088,62.24147]}},{"type":"Feature","properties":{"country_code":"VNM","city":"Thái Nguyên","geoname_id":"1566319","h3_hexagon":591121434189758463,"h3_resolution":3,"downloaders":{"size":1466,"mobile":153,"satellite":0,"tor":0,"tor_exit_nodes":0,"vpn":38,"relay":0,"proxy":0,"hosting":9,"service":12},"uploaders":{"size":28,"mobile":0,"satellite":0,"tor":0,"tor_exit_nodes":0,"vpn":3,"relay":0,"proxy":0,"hosting":0,"service":3}},"geometry":{"type":"Point","coordinates":[105.84817,21.59422]}},{"type":"Feature","properties":{"country_code":"FRA","city":"Bastia","geoname_id":"3034640","h3_hexagon":590511480114249727,"h3_resolution":3,"downloaders":{"size":1457,"mobile":179,"satellite":0,"tor":0,"tor_exit_nodes":0,"vpn":8,"relay":0,"proxy":0,"hosting":0,"service":0},"uploaders":{"size":4,"mobile":1,"satellite":0,"tor":0,"tor_exit_nodes":0,"vpn":0,"relay":0,"proxy":0,"hosting":0,"service":0}},"geometry":{"type":"Point","coordinates":[9.45123,42.70219]}},{"type":"Feature","properties":{"country_code":"MEX","city":"Tula de Allende","geoname_id":"3515064","h3_hexagon":591264783018229759,"h3_resolution":3,"downloaders":{"size":1451,"mobile":0,"satellite":0,"tor":0,"tor_exit_nodes":0,"vpn":84,"relay":0,"proxy":0,"hosting":177,"service":20},"uploaders":{"size":5,"mobile":0,"satellite":0,"tor":0,"tor_exit_nodes":0,"vpn":2,"relay":0,"proxy":0,"hosting":2,"service":0}},"geometry":{"type":"Point","coordinates":[-99.34397,20.05161]}},{"type":"Feature","properties":{"country_code":"JPN","city":"Tateyama","geoname_id":"1850523","h3_hexagon":590804499963052031,"h3_resolution":3,"downloaders":{"size":1448,"mobile":185,"satellite":0,"tor":0,"tor_exit_nodes":0,"vpn":66,"relay":0,"proxy":0,"hosting":15,"service":10},"uploaders":{"size":7,"mobile":0,"satellite":0,"tor":0,"tor_exit_nodes":0,"vpn":1,"relay":0,"proxy":0,"hosting":0,"service":1}},"geometry":{"type":"Point","coordinates":[139.86667,34.98333]}},{"type":"Feature","properties":{"country_code":"VEN","city":"El Vigía","geoname_id":"3641099","h3_hexagon":591768771660611583,"h3_resolution":3,"downloaders":{"size":1443,"mobile":0,"satellite":0,"tor":0,"tor_exit_nodes":0,"vpn":38,"relay":0,"proxy":2,"hosting":0,"service":0},"uploaders":{"size":9,"mobile":0,"satellite":0,"tor":0,"tor_exit_nodes":0,"vpn":0,"relay":0,"proxy":0,"hosting":0,"service":0}},"geometry":{"type":"Point","coordinates":[-71.65702,8.6135]}},{"type":"Feature","properties":{"country_code":"ARG","city":"Santiago del Estero","geoname_id":"3835869","h3_hexagon":593111069199695871,"h3_resolution":3,"downloaders":{"size":1439,"mobile":813,"satellite":0,"tor":0,"tor_exit_nodes":0,"vpn":4,"relay":0,"proxy":0,"hosting":0,"service":3},"uploaders":{"size":16,"mobile":6,"satellite":0,"tor":0,"tor_exit_nodes":0,"vpn":0,"relay":0,"proxy":0,"hosting":0,"service":0}},"geometry":{"type":"Point","coordinates":[-64.26285,-27.80047]}},{"type":"Feature","properties":{"country_code":"ZWE","city":"Harare","geoname_id":"890299","h3_hexagon":592629757984636927,"h3_resolution":3,"downloaders":{"size":1436,"mobile":18,"satellite":390,"tor":0,"tor_exit_nodes":0,"vpn":45,"relay":0,"proxy":0,"hosting":21,"service":2},"uploaders":{"size":72,"mobile":1,"satellite":18,"tor":0,"tor_exit_nodes":0,"vpn":0,"relay":0,"proxy":0,"hosting":0,"service":0}},"geometry":{"type":"Point","coordinates":[31.05337,-17.82772]}},{"type":"Feature","properties":{"country_code":"CHN","city":"Ningde","geoname_id":"1806097","h3_hexagon":591127275345281023,"h3_resolution":3,"downloaders":{"size":1430,"mobile":0,"satellite":0,"tor":0,"tor_exit_nodes":0,"vpn":24,"relay":0,"proxy":0,"hosting":0,"service":0},"uploaders":{"size":11,"mobile":0,"satellite":0,"tor":0,"tor_exit_nodes":0,"vpn":0,"relay":0,"proxy":0,"hosting":0,"service":0}},"geometry":{"type":"Point","coordinates":[119.52278,26.66167]}},{"type":"Feature","properties":{"country_code":"CHN","city":"Lanzhou","geoname_id":"1804430","h3_hexagon":590619369692725247,"h3_resolution":3,"downloaders":{"size":1428,"mobile":0,"satellite":0,"tor":0,"tor_exit_nodes":0,"vpn":47,"relay":0,"proxy":0,"hosting":0,"service":0},"uploaders":{"size":4,"mobile":0,"satellite":0,"tor":0,"tor_exit_nodes":0,"vpn":0,"relay":0,"proxy":0,"hosting":0,"service":0}},"geometry":{"type":"Point","coordinates":[103.83987,36.05701]}},{"type":"Feature","properties":{"country_code":"CHN","city":"Ürümqi","geoname_id":"1529102","h3_hexagon":590634625416560639,"h3_resolution":3,"downloaders":{"size":1425,"mobile":0,"satellite":0,"tor":0,"tor_exit_nodes":0,"vpn":20,"relay":0,"proxy":0,"hosting":70,"service":0},"uploaders":{"size":9,"mobile":0,"satellite":0,"tor":0,"tor_exit_nodes":0,"vpn":0,"relay":0,"proxy":0,"hosting":0,"service":0}},"geometry":{"type":"Point","coordinates":[87.60046,43.80096]}},{"type":"Feature","properties":{"country_code":"DZA","city":"Béchar","geoname_id":"2505530","h3_hexagon":590957881835126783,"h3_resolution":3,"downloaders":{"size":1419,"mobile":4,"satellite":0,"tor":0,"tor_exit_nodes":0,"vpn":0,"relay":0,"proxy":0,"hosting":0,"service":0},"uploaders":{"size":3,"mobile":0,"satellite":0,"tor":0,"tor_exit_nodes":0,"vpn":0,"relay":0,"proxy":0,"hosting":0,"service":0}},"geometry":{"type":"Point","coordinates":[-2.21667,31.61667]}},{"type":"Feature","properties":{"country_code":"BRA","city":"Jacobina","geoname_id":"3460344","h3_hexagon":592242180135845887,"h3_resolution":3,"downloaders":{"size":1413,"mobile":0,"satellite":0,"tor":0,"tor_exit_nodes":0,"vpn":4,"relay":0,"proxy":0,"hosting":0,"service":0},"uploaders":{"size":5,"mobile":0,"satellite":0,"tor":0,"tor_exit_nodes":0,"vpn":0,"relay":0,"proxy":0,"hosting":0,"service":0}},"geometry":{"type":"Point","coordinates":[-40.51372,-11.18143]}},{"type":"Feature","properties":{"country_code":"PHL","city":"Baguio","geoname_id":"1728930","h3_hexagon":591826083704209407,"h3_resolution":3,"downloaders":{"size":1412,"mobile":65,"satellite":0,"tor":0,"tor_exit_nodes":0,"vpn":0,"relay":0,"proxy":0,"hosting":1,"service":0},"uploaders":{"size":66,"mobile":3,"satellite":0,"tor":0,"tor_exit_nodes":0,"vpn":0,"relay":0,"proxy":0,"hosting":0,"service":0}},"geometry":{"type":"Point","coordinates":[120.59306,16.41639]}},{"type":"Feature","properties":{"country_code":"NOR","city":"Bodø","geoname_id":"3160881","h3_hexagon":590115174891913215,"h3_resolution":3,"downloaders":{"size":1393,"mobile":1,"satellite":0,"tor":0,"tor_exit_nodes":0,"vpn":30,"relay":0,"proxy":0,"hosting":0,"service":0},"uploaders":{"size":23,"mobile":0,"satellite":0,"tor":0,"tor_exit_nodes":0,"vpn":0,"relay":0,"proxy":0,"hosting":0,"service":0}},"geometry":{"type":"Point","coordinates":[14.37513,67.28267]}},{"type":"Feature","properties":{"country_code":"ZMB","city":"Lusaka","geoname_id":"909137","h3_hexagon":592613608907603967,"h3_resolution":3,"downloaders":{"size":1388,"mobile":781,"satellite":158,"tor":0,"tor_exit_nodes":0,"vpn":299,"relay":0,"proxy":0,"hosting":43,"service":0},"uploaders":{"size":119,"mobile":54,"satellite":11,"tor":0,"tor_exit_nodes":0,"vpn":28,"relay":0,"proxy":0,"hosting":8,"service":0}},"geometry":{"type":"Point","coordinates":[28.28713,-15.40669]}},{"type":"Feature","properties":{"country_code":"USA","city":"Norton Shores","geoname_id":"5004005","h3_hexagon":590663075279929343,"h3_resolution":3,"downloaders":{"size":1387,"mobile":0,"satellite":0,"tor":0,"tor_exit_nodes":0,"vpn":4,"relay":0,"proxy":0,"hosting":0,"service":0},"uploaders":{"size":37,"mobile":0,"satellite":0,"tor":0,"tor_exit_nodes":0,"vpn":0,"relay":0,"proxy":0,"hosting":0,"service":0}},"geometry":{"type":"Point","coordinates":[-86.26395,43.1689]}},{"type":"Feature","properties":{"country_code":"BMU","city":"Warwick Parish","geoname_id":"13353869","h3_hexagon":590715714399109119,"h3_resolution":3,"downloaders":{"size":1383,"mobile":0,"satellite":0,"tor":0,"tor_exit_nodes":0,"vpn":6,"relay":0,"proxy":0,"hosting":0,"service":0},"uploaders":{"size":3,"mobile":0,"satellite":0,"tor":0,"tor_exit_nodes":0,"vpn":0,"relay":0,"proxy":0,"hosting":0,"service":0}},"geometry":{"type":"Point","coordinates":[-64.80922,32.26574]}},{"type":"Feature","properties":{"country_code":"USA","city":"Morehead","geoname_id":"4301317","h3_hexagon":590647475958710271,"h3_resolution":3,"downloaders":{"size":1381,"mobile":0,"satellite":0,"tor":0,"tor_exit_nodes":0,"vpn":25,"relay":0,"proxy":0,"hosting":0,"service":0},"uploaders":{"size":5,"mobile":0,"satellite":0,"tor":0,"tor_exit_nodes":0,"vpn":0,"relay":0,"proxy":0,"hosting":0,"service":0}},"geometry":{"type":"Point","coordinates":[-87.17638,37.27115]}},{"type":"Feature","properties":{"country_code":"CHL","city":"Angol","geoname_id":"3899629","h3_hexagon":593118078586322943,"h3_resolution":3,"downloaders":{"size":1371,"mobile":86,"satellite":0,"tor":0,"tor_exit_nodes":0,"vpn":4,"relay":0,"proxy":0,"hosting":6,"service":0},"uploaders":{"size":16,"mobile":0,"satellite":0,"tor":0,"tor_exit_nodes":0,"vpn":0,"relay":0,"proxy":0,"hosting":0,"service":0}},"geometry":{"type":"Point","coordinates":[-72.71636,-37.79519]}},{"type":"Feature","properties":{"country_code":"IND","city":"Krishnagiri","geoname_id":"1265863","h3_hexagon":591687476519632895,"h3_resolution":3,"downloaders":{"size":1370,"mobile":9,"satellite":0,"tor":0,"tor_exit_nodes":0,"vpn":9,"relay":0,"proxy":0,"hosting":0,"service":0},"uploaders":{"size":6,"mobile":0,"satellite":0,"tor":0,"tor_exit_nodes":0,"vpn":0,"relay":0,"proxy":0,"hosting":0,"service":0}},"geometry":{"type":"Point","coordinates":[78.21382,12.51921]}},{"type":"Feature","properties":{"country_code":"BWA","city":"Gaborone","geoname_id":"933773","h3_hexagon":593292832215662591,"h3_resolution":3,"downloaders":{"size":1363,"mobile":729,"satellite":58,"tor":0,"tor_exit_nodes":0,"vpn":8,"relay":0,"proxy":0,"hosting":5,"service":1},"uploaders":{"size":100,"mobile":63,"satellite":11,"tor":0,"tor_exit_nodes":0,"vpn":0,"relay":0,"proxy":0,"hosting":0,"service":0}},"geometry":{"type":"Point","coordinates":[25.90859,-24.65451]}},{"type":"Feature","properties":{"country_code":"USA","city":"Leland","geoname_id":"4475622","h3_hexagon":590724785370038271,"h3_resolution":3,"downloaders":{"size":1360,"mobile":0,"satellite":0,"tor":0,"tor_exit_nodes":0,"vpn":13,"relay":0,"proxy":0,"hosting":0,"service":0},"uploaders":{"size":3,"mobile":0,"satellite":0,"tor":0,"tor_exit_nodes":0,"vpn":0,"relay":0,"proxy":0,"hosting":0,"service":0}},"geometry":{"type":"Point","coordinates":[-78.04471,34.25628]}},{"type":"Feature","properties":{"country_code":"CHL","city":"La Serena","geoname_id":"3884373","h3_hexagon":593104747007836159,"h3_resolution":3,"downloaders":{"size":1355,"mobile":337,"satellite":0,"tor":0,"tor_exit_nodes":0,"vpn":1,"relay":0,"proxy":0,"hosting":0,"service":0},"uploaders":{"size":18,"mobile":5,"satellite":0,"tor":0,"tor_exit_nodes":0,"vpn":0,"relay":0,"proxy":0,"hosting":0,"service":0}},"geometry":{"type":"Point","coordinates":[-71.25014,-29.90591]}},{"type":"Feature","properties":{"country_code":"CHN","city":"Liaoyang","geoname_id":"2036113","h3_hexagon":590818243858399231,"h3_resolution":3,"downloaders":{"size":1350,"mobile":0,"satellite":0,"tor":0,"tor_exit_nodes":0,"vpn":88,"relay":0,"proxy":0,"hosting":0,"service":0},"uploaders":{"size":8,"mobile":0,"satellite":0,"tor":0,"tor_exit_nodes":0,"vpn":0,"relay":0,"proxy":0,"hosting":0,"service":0}},"geometry":{"type":"Point","coordinates":[123.17306,41.27194]}},{"type":"Feature","properties":{"country_code":"USA","city":"Erie","geoname_id":"5188843","h3_hexagon":590722929944166399,"h3_resolution":3,"downloaders":{"size":1348,"mobile":0,"satellite":0,"tor":0,"tor_exit_nodes":0,"vpn":0,"relay":0,"proxy":0,"hosting":193,"service":0},"uploaders":{"size":7,"mobile":0,"satellite":0,"tor":0,"tor_exit_nodes":0,"vpn":0,"relay":0,"proxy":0,"hosting":3,"service":0}},"geometry":{"type":"Point","coordinates":[-79.9535,42.1087]}},{"type":"Feature","properties":{"country_code":"USA","city":"Logan","geoname_id":"4516989","h3_hexagon":590720456043003903,"h3_resolution":3,"downloaders":{"size":1348,"mobile":0,"satellite":0,"tor":0,"tor_exit_nodes":0,"vpn":29,"relay":0,"proxy":0,"hosting":0,"service":0},"uploaders":{"size":6,"mobile":0,"satellite":0,"tor":0,"tor_exit_nodes":0,"vpn":0,"relay":0,"proxy":0,"hosting":0,"service":0}},"geometry":{"type":"Point","coordinates":[-82.4071,39.54007]}},{"type":"Feature","properties":{"country_code":"AUS","city":"Mandurah","geoname_id":"2067119","h3_hexagon":593517751063019519,"h3_resolution":3,"downloaders":{"size":1341,"mobile":999,"satellite":0,"tor":0,"tor_exit_nodes":0,"vpn":9,"relay":0,"proxy":0,"hosting":0,"service":0},"uploaders":{"size":18,"mobile":13,"satellite":0,"tor":0,"tor_exit_nodes":0,"vpn":0,"relay":0,"proxy":0,"hosting":0,"service":0}},"geometry":{"type":"Point","coordinates":[115.7217,-32.5269]}},{"type":"Feature","properties":{"country_code":"USA","city":"Rutland","geoname_id":"5240509","h3_hexagon":590737773351141375,"h3_resolution":3,"downloaders":{"size":1335,"mobile":0,"satellite":0,"tor":0,"tor_exit_nodes":0,"vpn":4,"relay":0,"proxy":0,"hosting":0,"service":0},"uploaders":{"size":6,"mobile":0,"satellite":0,"tor":0,"tor_exit_nodes":0,"vpn":0,"relay":0,"proxy":0,"hosting":0,"service":0}},"geometry":{"type":"Point","coordinates":[-72.97261,43.61062]}},{"type":"Feature","properties":{"country_code":"CAN","city":"North Bay","geoname_id":"6089426","h3_hexagon":590738048229048319,"h3_resolution":3,"downloaders":{"size":1332,"mobile":74,"satellite":0,"tor":0,"tor_exit_nodes":0,"vpn":46,"relay":0,"proxy":0,"hosting":0,"service":0},"uploaders":{"size":11,"mobile":0,"satellite":0,"tor":0,"tor_exit_nodes":0,"vpn":0,"relay":0,"proxy":0,"hosting":0,"service":0}},"geometry":{"type":"Point","coordinates":[-79.46633,46.3168]}},{"type":"Feature","properties":{"country_code":"GAB","city":"Libreville","geoname_id":"2399697","h3_hexagon":592275096765202431,"h3_resolution":3,"downloaders":{"size":1313,"mobile":32,"satellite":0,"tor":0,"tor_exit_nodes":0,"vpn":1,"relay":0,"proxy":0,"hosting":0,"service":0},"uploaders":{"size":3,"mobile":1,"satellite":0,"tor":0,"tor_exit_nodes":0,"vpn":0,"relay":0,"proxy":0,"hosting":0,"service":0}},"geometry":{"type":"Point","coordinates":[9.45356,0.39241]}},{"type":"Feature","properties":{"country_code":"RUS","city":"Bezhetsk","geoname_id":"576566","h3_hexagon":590282300659335167,"h3_resolution":3,"downloaders":{"size":1308,"mobile":16,"satellite":0,"tor":0,"tor_exit_nodes":0,"vpn":26,"relay":0,"proxy":0,"hosting":0,"service":0},"uploaders":{"size":5,"mobile":0,"satellite":0,"tor":0,"tor_exit_nodes":0,"vpn":0,"relay":0,"proxy":0,"hosting":0,"service":0}},"geometry":{"type":"Point","coordinates":[36.70082,57.78422]}},{"type":"Feature","properties":{"country_code":"NOR","city":"Kongsvinger","geoname_id":"3149533","h3_hexagon":590123764826505215,"h3_resolution":3,"downloaders":{"size":1306,"mobile":10,"satellite":0,"tor":0,"tor_exit_nodes":0,"vpn":9,"relay":0,"proxy":0,"hosting":0,"service":0},"uploaders":{"size":11,"mobile":0,"satellite":0,"tor":0,"tor_exit_nodes":0,"vpn":0,"relay":0,"proxy":0,"hosting":0,"service":0}},"geometry":{"type":"Point","coordinates":[11.99772,60.19049]}},{"type":"Feature","properties":{"country_code":"COG","city":"Brazzaville","geoname_id":"2260535","h3_hexagon":592285954442526719,"h3_resolution":3,"downloaders":{"size":1304,"mobile":110,"satellite":158,"tor":0,"tor_exit_nodes":0,"vpn":17,"relay":0,"proxy":0,"hosting":28,"service":0},"uploaders":{"size":72,"mobile":0,"satellite":0,"tor":0,"tor_exit_nodes":0,"vpn":0,"relay":0,"proxy":0,"hosting":0,"service":0}},"geometry":{"type":"Point","coordinates":[15.28318,-4.26613]}},{"type":"Feature","properties":{"country_code":"ESP","city":"Pollença","geoname_id":"2512432","h3_hexagon":590978978714484735,"h3_resolution":3,"downloaders":{"size":1300,"mobile":143,"satellite":0,"tor":0,"tor_exit_nodes":0,"vpn":14,"relay":0,"proxy":0,"hosting":7,"service":0},"uploaders":{"size":26,"mobile":2,"satellite":0,"tor":0,"tor_exit_nodes":0,"vpn":0,"relay":0,"proxy":0,"hosting":0,"service":0}},"geometry":{"type":"Point","coordinates":[3.01626,39.87678]}},{"type":"Feature","properties":{"country_code":"USA","city":"Silverton","geoname_id":"5752024","h3_hexagon":590692074899111935,"h3_resolution":3,"downloaders":{"size":1292,"mobile":0,"satellite":0,"tor":0,"tor_exit_nodes":0,"vpn":10,"relay":1,"proxy":0,"hosting":1,"service":1},"uploaders":{"size":8,"mobile":0,"satellite":0,"tor":0,"tor_exit_nodes":0,"vpn":0,"relay":0,"proxy":0,"hosting":0,"service":0}},"geometry":{"type":"Point","coordinates":[-122.78315,45.00512]}},{"type":"Feature","properties":{"country_code":"USA","city":"Blountville","geoname_id":"4607201","h3_hexagon":590721005798817791,"h3_resolution":3,"downloaders":{"size":1290,"mobile":1,"satellite":0,"tor":0,"tor_exit_nodes":0,"vpn":19,"relay":2,"proxy":0,"hosting":2,"service":2},"uploaders":{"size":8,"mobile":0,"satellite":0,"tor":0,"tor_exit_nodes":0,"vpn":0,"relay":0,"proxy":0,"hosting":0,"service":0}},"geometry":{"type":"Point","coordinates":[-82.32681,36.53316]}},{"type":"Feature","properties":{"country_code":"PAK","city":"Faisalabad","geoname_id":"1179400","h3_hexagon":591137926864175103,"h3_resolution":3,"downloaders":{"size":1289,"mobile":70,"satellite":0,"tor":0,"tor_exit_nodes":0,"vpn":6,"relay":0,"proxy":0,"hosting":279,"service":0},"uploaders":{"size":6,"mobile":1,"satellite":0,"tor":0,"tor_exit_nodes":0,"vpn":0,"relay":0,"proxy":0,"hosting":4,"service":0}},"geometry":{"type":"Point","coordinates":[73.08969,31.41554]}},{"type":"Feature","properties":{"country_code":"CAN","city":"Midland","geoname_id":"6073363","h3_hexagon":590738941582245887,"h3_resolution":3,"downloaders":{"size":1285,"mobile":124,"satellite":0,"tor":0,"tor_exit_nodes":0,"vpn":4,"relay":0,"proxy":0,"hosting":0,"service":0},"uploaders":{"size":44,"mobile":8,"satellite":0,"tor":0,"tor_exit_nodes":0,"vpn":0,"relay":0,"proxy":0,"hosting":0,"service":0}},"geometry":{"type":"Point","coordinates":[-79.88296,44.7501]}},{"type":"Feature","properties":{"country_code":"NAM","city":"Windhoek","geoname_id":"3352136","h3_hexagon":593008883337789439,"h3_resolution":3,"downloaders":{"size":1284,"mobile":331,"satellite":0,"tor":0,"tor_exit_nodes":0,"vpn":27,"relay":0,"proxy":0,"hosting":272,"service":5},"uploaders":{"size":45,"mobile":11,"satellite":0,"tor":0,"tor_exit_nodes":0,"vpn":3,"relay":0,"proxy":0,"hosting":6,"service":3}},"geometry":{"type":"Point","coordinates":[17.08323,-22.55941]}},{"type":"Feature","properties":{"country_code":"HRV","city":"Dubrovnik","geoname_id":"3201047","h3_hexagon":590509074932563967,"h3_resolution":3,"downloaders":{"size":1281,"mobile":14,"satellite":0,"tor":0,"tor_exit_nodes":0,"vpn":23,"relay":0,"proxy":0,"hosting":0,"service":0},"uploaders":{"size":5,"mobile":0,"satellite":0,"tor":0,"tor_exit_nodes":0,"vpn":0,"relay":0,"proxy":0,"hosting":0,"service":0}},"geometry":{"type":"Point","coordinates":[18.10909,42.64125]}},{"type":"Feature","properties":{"country_code":"THA","city":"Surat Thani","geoname_id":"1150515","h3_hexagon":591734137044336639,"h3_resolution":3,"downloaders":{"size":1278,"mobile":387,"satellite":0,"tor":0,"tor_exit_nodes":0,"vpn":10,"relay":0,"proxy":0,"hosting":0,"service":0},"uploaders":{"size":9,"mobile":1,"satellite":0,"tor":0,"tor_exit_nodes":0,"vpn":0,"relay":0,"proxy":0,"hosting":0,"service":0}},"geometry":{"type":"Point","coordinates":[99.33311,9.14011]}},{"type":"Feature","properties":{"country_code":"USA","city":"Zanesville","geoname_id":"4528923","h3_hexagon":590719425250852863,"h3_resolution":3,"downloaders":{"size":1278,"mobile":0,"satellite":0,"tor":0,"tor_exit_nodes":0,"vpn":6,"relay":0,"proxy":0,"hosting":0,"service":0},"uploaders":{"size":12,"mobile":0,"satellite":0,"tor":0,"tor_exit_nodes":0,"vpn":0,"relay":0,"proxy":0,"hosting":0,"service":0}},"geometry":{"type":"Point","coordinates":[-82.0041,39.9274]}},{"type":"Feature","properties":{"country_code":"PHL","city":"Batangas","geoname_id":"1726280","h3_hexagon":591825190351011839,"h3_resolution":3,"downloaders":{"size":1271,"mobile":413,"satellite":0,"tor":0,"tor_exit_nodes":0,"vpn":2,"relay":0,"proxy":0,"hosting":0,"service":0},"uploaders":{"size":19,"mobile":2,"satellite":0,"tor":0,"tor_exit_nodes":0,"vpn":0,"relay":0,"proxy":0,"hosting":0,"service":0}},"geometry":{"type":"Point","coordinates":[121.0584,13.7567]}},{"type":"Feature","properties":{"country_code":"USA","city":"Columbus","geoname_id":"4188985","h3_hexagon":591184243791495167,"h3_resolution":3,"downloaders":{"size":1271,"mobile":0,"satellite":0,"tor":0,"tor_exit_nodes":0,"vpn":31,"relay":0,"proxy":0,"hosting":1,"service":0},"uploaders":{"size":29,"mobile":0,"satellite":0,"tor":0,"tor_exit_nodes":0,"vpn":0,"relay":0,"proxy":0,"hosting":0,"service":0}},"geometry":{"type":"Point","coordinates":[-84.9795,32.473]}},{"type":"Feature","properties":{"country_code":"USA","city":"Springfield","geoname_id":"4250542","h3_hexagon":590644795899117567,"h3_resolution":3,"downloaders":{"size":1269,"mobile":8,"satellite":0,"tor":0,"tor_exit_nodes":0,"vpn":2,"relay":0,"proxy":0,"hosting":4,"service":0},"uploaders":{"size":21,"mobile":3,"satellite":0,"tor":0,"tor_exit_nodes":0,"vpn":0,"relay":0,"proxy":0,"hosting":0,"service":0}},"geometry":{"type":"Point","coordinates":[-89.64371,39.80172]}},{"type":"Feature","properties":{"country_code":"USA","city":"Kingsport","geoname_id":"4634662","h3_hexagon":590721143237771263,"h3_resolution":3,"downloaders":{"size":1265,"mobile":0,"satellite":0,"tor":0,"tor_exit_nodes":0,"vpn":4,"relay":0,"proxy":0,"hosting":0,"service":0},"uploaders":{"size":20,"mobile":0,"satellite":0,"tor":0,"tor_exit_nodes":0,"vpn":0,"relay":0,"proxy":0,"hosting":0,"service":0}},"geometry":{"type":"Point","coordinates":[-82.56182,36.54843]}},{"type":"Feature","properties":{"country_code":"NZL","city":"Paraparaumu","geoname_id":"2184904","h3_hexagon":593264313632817151,"h3_resolution":3,"downloaders":{"size":1262,"mobile":498,"satellite":0,"tor":0,"tor_exit_nodes":0,"vpn":32,"relay":0,"proxy":0,"hosting":0,"service":0},"uploaders":{"size":22,"mobile":1,"satellite":0,"tor":0,"tor_exit_nodes":0,"vpn":0,"relay":0,"proxy":0,"hosting":0,"service":0}},"geometry":{"type":"Point","coordinates":[175.01667,-40.91667]}},{"type":"Feature","properties":{"country_code":"BRA","city":"Urubici","geoname_id":"3445709","h3_hexagon":592946417333436415,"h3_resolution":3,"downloaders":{"size":1262,"mobile":24,"satellite":0,"tor":0,"tor_exit_nodes":0,"vpn":0,"relay":0,"proxy":0,"hosting":0,"service":0},"uploaders":{"size":4,"mobile":0,"satellite":0,"tor":0,"tor_exit_nodes":0,"vpn":0,"relay":0,"proxy":0,"hosting":0,"service":0}},"geometry":{"type":"Point","coordinates":[-49.59167,-28.015]}},{"type":"Feature","properties":{"country_code":"USA","city":"Panama City","geoname_id":"4167694","h3_hexagon":591183625316204543,"h3_resolution":3,"downloaders":{"size":1261,"mobile":8,"satellite":0,"tor":0,"tor_exit_nodes":0,"vpn":1,"relay":0,"proxy":0,"hosting":9,"service":0},"uploaders":{"size":4,"mobile":0,"satellite":0,"tor":0,"tor_exit_nodes":0,"vpn":0,"relay":0,"proxy":0,"hosting":0,"service":0}},"geometry":{"type":"Point","coordinates":[-85.65983,30.15946]}},{"type":"Feature","properties":{"country_code":"USA","city":"Evansville","geoname_id":"4257227","h3_hexagon":590647407239233535,"h3_resolution":3,"downloaders":{"size":1249,"mobile":0,"satellite":0,"tor":0,"tor_exit_nodes":0,"vpn":1,"relay":0,"proxy":0,"hosting":13,"service":0},"uploaders":{"size":21,"mobile":0,"satellite":0,"tor":0,"tor_exit_nodes":0,"vpn":0,"relay":0,"proxy":0,"hosting":0,"service":0}},"geometry":{"type":"Point","coordinates":[-87.5548,38.0617]}},{"type":"Feature","properties":{"country_code":"COL","city":"Colombia","geoname_id":"3686120","h3_hexagon":591781622202761215,"h3_resolution":3,"downloaders":{"size":1246,"mobile":230,"satellite":0,"tor":0,"tor_exit_nodes":0,"vpn":0,"relay":0,"proxy":0,"hosting":17,"service":0},"uploaders":{"size":13,"mobile":0,"satellite":0,"tor":0,"tor_exit_nodes":0,"vpn":0,"relay":0,"proxy":0,"hosting":0,"service":0}},"geometry":{"type":"Point","coordinates":[-74.8015,3.37606]}},{"type":"Feature","properties":{"country_code":"VNM","city":"Da Nang","geoname_id":"1583992","h3_hexagon":591121983945572351,"h3_resolution":3,"downloaders":{"size":1241,"mobile":309,"satellite":0,"tor":0,"tor_exit_nodes":0,"vpn":24,"relay":0,"proxy":0,"hosting":1,"service":0},"uploaders":{"size":34,"mobile":17,"satellite":0,"tor":0,"tor_exit_nodes":0,"vpn":0,"relay":0,"proxy":0,"hosting":0,"service":0}},"geometry":{"type":"Point","coordinates":[108.22083,16.06778]}},{"type":"Feature","properties":{"country_code":"ZAF","city":"Middelburg","geoname_id":"976361","h3_hexagon":593293313251999743,"h3_resolution":3,"downloaders":{"size":1240,"mobile":29,"satellite":0,"tor":0,"tor_exit_nodes":0,"vpn":9,"relay":0,"proxy":0,"hosting":658,"service":0},"uploaders":{"size":23,"mobile":0,"satellite":0,"tor":0,"tor_exit_nodes":0,"vpn":0,"relay":0,"proxy":0,"hosting":10,"service":0}},"geometry":{"type":"Point","coordinates":[29.46482,-25.77507]}},{"type":"Feature","properties":{"country_code":"ESP","city":"Manacor","geoname_id":"2514216","h3_hexagon":590980696701403135,"h3_resolution":3,"downloaders":{"size":1240,"mobile":114,"satellite":0,"tor":0,"tor_exit_nodes":0,"vpn":4,"relay":0,"proxy":0,"hosting":0,"service":0},"uploaders":{"size":27,"mobile":0,"satellite":0,"tor":0,"tor_exit_nodes":0,"vpn":0,"relay":0,"proxy":0,"hosting":0,"service":0}},"geometry":{"type":"Point","coordinates":[3.20955,39.56964]}},{"type":"Feature","properties":{"country_code":"USA","city":"Oak Ridge","geoname_id":"4646571","h3_hexagon":591181838609809407,"h3_resolution":3,"downloaders":{"size":1239,"mobile":0,"satellite":0,"tor":0,"tor_exit_nodes":0,"vpn":12,"relay":0,"proxy":0,"hosting":0,"service":0},"uploaders":{"size":10,"mobile":0,"satellite":0,"tor":0,"tor_exit_nodes":0,"vpn":0,"relay":0,"proxy":0,"hosting":0,"service":0}},"geometry":{"type":"Point","coordinates":[-84.26964,36.01036]}},{"type":"Feature","properties":{"country_code":"GBR","city":"Aberdeen","geoname_id":"2657832","h3_hexagon":590419533454376959,"h3_resolution":3,"downloaders":{"size":1239,"mobile":134,"satellite":0,"tor":0,"tor_exit_nodes":0,"vpn":0,"relay":0,"proxy":0,"hosting":1,"service":0},"uploaders":{"size":13,"mobile":0,"satellite":0,"tor":0,"tor_exit_nodes":0,"vpn":0,"relay":0,"proxy":0,"hosting":0,"service":0}},"geometry":{"type":"Point","coordinates":[-2.09814,57.14369]}},{"type":"Feature","properties":{"country_code":"THA","city":"Hat Yai","geoname_id":"1610780","h3_hexagon":591750079962939391,"h3_resolution":3,"downloaders":{"size":1234,"mobile":369,"satellite":0,"tor":0,"tor_exit_nodes":0,"vpn":15,"relay":0,"proxy":0,"hosting":1,"service":7},"uploaders":{"size":14,"mobile":1,"satellite":0,"tor":0,"tor_exit_nodes":0,"vpn":0,"relay":0,"proxy":0,"hosting":0,"service":0}},"geometry":{"type":"Point","coordinates":[100.47668,7.00836]}},{"type":"Feature","properties":{"country_code":"CAN","city":"Lethbridge","geoname_id":"6053154","h3_hexagon":590302023149158399,"h3_resolution":3,"downloaders":{"size":1234,"mobile":174,"satellite":0,"tor":0,"tor_exit_nodes":0,"vpn":10,"relay":0,"proxy":0,"hosting":0,"service":0},"uploaders":{"size":30,"mobile":0,"satellite":0,"tor":0,"tor_exit_nodes":0,"vpn":0,"relay":0,"proxy":0,"hosting":0,"service":0}},"geometry":{"type":"Point","coordinates":[-112.81856,49.69999]}},{"type":"Feature","properties":{"country_code":"UGA","city":"Kampala","geoname_id":"232422","h3_hexagon":591850135521067007,"h3_resolution":3,"downloaders":{"size":1232,"mobile":530,"satellite":0,"tor":0,"tor_exit_nodes":0,"vpn":9,"relay":0,"proxy":0,"hosting":23,"service":0},"uploaders":{"size":108,"mobile":47,"satellite":0,"tor":0,"tor_exit_nodes":0,"vpn":1,"relay":0,"proxy":0,"hosting":0,"service":0}},"geometry":{"type":"Point","coordinates":[32.58219,0.31628]}},{"type":"Feature","properties":{"country_code":"THA","city":"Rayong","geoname_id":"1607017","h3_hexagon":591757776544333823,"h3_resolution":3,"downloaders":{"size":1230,"mobile":256,"satellite":0,"tor":0,"tor_exit_nodes":0,"vpn":12,"relay":0,"proxy":0,"hosting":0,"service":0},"uploaders":{"size":7,"mobile":0,"satellite":0,"tor":0,"tor_exit_nodes":0,"vpn":0,"relay":0,"proxy":0,"hosting":0,"service":0}},"geometry":{"type":"Point","coordinates":[101.25798,12.68095]}},{"type":"Feature","properties":{"country_code":"PAK","city":"Hazro City","geoname_id":"1176948","h3_hexagon":591140194606907391,"h3_resolution":3,"downloaders":{"size":1228,"mobile":122,"satellite":0,"tor":0,"tor_exit_nodes":0,"vpn":3,"relay":0,"proxy":0,"hosting":219,"service":0},"uploaders":{"size":47,"mobile":4,"satellite":0,"tor":0,"tor_exit_nodes":0,"vpn":0,"relay":0,"proxy":0,"hosting":1,"service":0}},"geometry":{"type":"Point","coordinates":[72.49179,33.9099]}},{"type":"Feature","properties":{"country_code":"NOR","city":"Mandal","geoname_id":"3146463","h3_hexagon":590139913903538175,"h3_resolution":3,"downloaders":{"size":1212,"mobile":8,"satellite":0,"tor":0,"tor_exit_nodes":0,"vpn":0,"relay":0,"proxy":0,"hosting":0,"service":0},"uploaders":{"size":5,"mobile":3,"satellite":0,"tor":0,"tor_exit_nodes":0,"vpn":0,"relay":0,"proxy":0,"hosting":0,"service":0}},"geometry":{"type":"Point","coordinates":[7.45342,58.0274]}},{"type":"Feature","properties":{"country_code":"USA","city":"North Pembroke","geoname_id":"4945700","h3_hexagon":590713858973237247,"h3_resolution":3,"downloaders":{"size":1208,"mobile":0,"satellite":0,"tor":0,"tor_exit_nodes":0,"vpn":13,"relay":0,"proxy":0,"hosting":0,"service":0},"uploaders":{"size":3,"mobile":0,"satellite":0,"tor":0,"tor_exit_nodes":0,"vpn":0,"relay":0,"proxy":0,"hosting":0,"service":0}},"geometry":{"type":"Point","coordinates":[-70.79254,42.09316]}},{"type":"Feature","properties":{"country_code":"USA","city":"Neosho","geoname_id":"4400183","h3_hexagon":590656340771209215,"h3_resolution":3,"downloaders":{"size":1207,"mobile":0,"satellite":0,"tor":0,"tor_exit_nodes":0,"vpn":1,"relay":1,"proxy":0,"hosting":1,"service":1},"uploaders":{"size":16,"mobile":0,"satellite":0,"tor":0,"tor_exit_nodes":0,"vpn":0,"relay":0,"proxy":0,"hosting":0,"service":0}},"geometry":{"type":"Point","coordinates":[-94.368,36.86896]}},{"type":"Feature","properties":{"country_code":"CHL","city":"Temuco","geoname_id":"3870011","h3_hexagon":593605093517950975,"h3_resolution":3,"downloaders":{"size":1198,"mobile":172,"satellite":0,"tor":0,"tor_exit_nodes":0,"vpn":10,"relay":0,"proxy":0,"hosting":0,"service":0},"uploaders":{"size":23,"mobile":5,"satellite":0,"tor":0,"tor_exit_nodes":0,"vpn":0,"relay":0,"proxy":0,"hosting":0,"service":0}},"geometry":{"type":"Point","coordinates":[-72.59738,-38.73628]}},{"type":"Feature","properties":{"country_code":"BRA","city":"Pedro Canário","geoname_id":"6317915","h3_hexagon":592937964837797887,"h3_resolution":3,"downloaders":{"size":1192,"mobile":22,"satellite":0,"tor":0,"tor_exit_nodes":0,"vpn":8,"relay":0,"proxy":0,"hosting":0,"service":0},"uploaders":{"size":6,"mobile":0,"satellite":0,"tor":0,"tor_exit_nodes":0,"vpn":0,"relay":0,"proxy":0,"hosting":0,"service":0}},"geometry":{"type":"Point","coordinates":[-40.15056,-18.03028]}},{"type":"Feature","properties":{"country_code":"USA","city":"Waynesville","geoname_id":"4413802","h3_hexagon":590645689252315135,"h3_resolution":3,"downloaders":{"size":1182,"mobile":0,"satellite":0,"tor":0,"tor_exit_nodes":0,"vpn":1,"relay":0,"proxy":0,"hosting":0,"service":0},"uploaders":{"size":5,"mobile":0,"satellite":0,"tor":0,"tor_exit_nodes":0,"vpn":0,"relay":0,"proxy":0,"hosting":0,"service":0}},"geometry":{"type":"Point","coordinates":[-92.20072,37.82865]}},{"type":"Feature","properties":{"country_code":"IND","city":"Rohtak","geoname_id":"1258076","h3_hexagon":591056081967382527,"h3_resolution":3,"downloaders":{"size":1181,"mobile":68,"satellite":0,"tor":0,"tor_exit_nodes":0,"vpn":1,"relay":0,"proxy":0,"hosting":121,"service":0},"uploaders":{"size":8,"mobile":0,"satellite":0,"tor":0,"tor_exit_nodes":0,"vpn":0,"relay":0,"proxy":0,"hosting":0,"service":0}},"geometry":{"type":"Point","coordinates":[76.58917,28.89447]}},{"type":"Feature","properties":{"country_code":"ARG","city":"Zárate","geoname_id":"3427213","h3_hexagon":593400859233091583,"h3_resolution":3,"downloaders":{"size":1177,"mobile":7,"satellite":0,"tor":0,"tor_exit_nodes":0,"vpn":2,"relay":0,"proxy":0,"hosting":0,"service":0},"uploaders":{"size":8,"mobile":0,"satellite":0,"tor":0,"tor_exit_nodes":0,"vpn":0,"relay":0,"proxy":0,"hosting":0,"service":0}},"geometry":{"type":"Point","coordinates":[-59.02423,-34.09584]}},{"type":"Feature","properties":{"country_code":"TTO","city":"Point Fortin","geoname_id":"3573899","h3_hexagon":591649268490567679,"h3_resolution":3,"downloaders":{"size":1170,"mobile":0,"satellite":0,"tor":0,"tor_exit_nodes":0,"vpn":0,"relay":0,"proxy":0,"hosting":0,"service":0},"uploaders":{"size":3,"mobile":0,"satellite":0,"tor":0,"tor_exit_nodes":0,"vpn":0,"relay":0,"proxy":0,"hosting":0,"service":0}},"geometry":{"type":"Point","coordinates":[-61.68407,10.17411]}},{"type":"Feature","properties":{"country_code":"MYS","city":"Malacca","geoname_id":"1734759","h3_hexagon":591750835877183487,"h3_resolution":3,"downloaders":{"size":1167,"mobile":205,"satellite":0,"tor":0,"tor_exit_nodes":0,"vpn":5,"relay":0,"proxy":0,"hosting":0,"service":0},"uploaders":{"size":20,"mobile":3,"satellite":0,"tor":0,"tor_exit_nodes":0,"vpn":0,"relay":0,"proxy":0,"hosting":0,"service":0}},"geometry":{"type":"Point","coordinates":[102.2405,2.196]}},{"type":"Feature","properties":{"country_code":"RUS","city":"Leninogorsk","geoname_id":"536162","h3_hexagon":590262715608465407,"h3_resolution":3,"downloaders":{"size":1166,"mobile":0,"satellite":0,"tor":0,"tor_exit_nodes":0,"vpn":9,"relay":0,"proxy":0,"hosting":0,"service":0},"uploaders":{"size":4,"mobile":0,"satellite":0,"tor":0,"tor_exit_nodes":0,"vpn":0,"relay":0,"proxy":0,"hosting":0,"service":0}},"geometry":{"type":"Point","coordinates":[52.46087,54.60256]}},{"type":"Feature","properties":{"country_code":"COL","city":"Cúcuta","geoname_id":"3685533","h3_hexagon":591768977819041791,"h3_resolution":3,"downloaders":{"size":1165,"mobile":497,"satellite":0,"tor":0,"tor_exit_nodes":0,"vpn":13,"relay":0,"proxy":0,"hosting":9,"service":0},"uploaders":{"size":13,"mobile":0,"satellite":0,"tor":0,"tor_exit_nodes":0,"vpn":0,"relay":0,"proxy":0,"hosting":0,"service":0}},"geometry":{"type":"Point","coordinates":[-72.5049,7.90745]}},{"type":"Feature","properties":{"country_code":"HND","city":"El Progreso","geoname_id":"3610613","h3_hexagon":591187817204285439,"h3_resolution":3,"downloaders":{"size":1157,"mobile":0,"satellite":0,"tor":0,"tor_exit_nodes":0,"vpn":13,"relay":0,"proxy":0,"hosting":0,"service":0},"uploaders":{"size":7,"mobile":0,"satellite":0,"tor":0,"tor_exit_nodes":0,"vpn":0,"relay":0,"proxy":0,"hosting":0,"service":0}},"geometry":{"type":"Point","coordinates":[-87.8,15.4]}},{"type":"Feature","properties":{"country_code":"ECU","city":"Cuenca","geoname_id":"3658666","h3_hexagon":592495411407618047,"h3_resolution":3,"downloaders":{"size":1146,"mobile":38,"satellite":0,"tor":0,"tor_exit_nodes":0,"vpn":39,"relay":0,"proxy":0,"hosting":0,"service":33},"uploaders":{"size":16,"mobile":0,"satellite":0,"tor":0,"tor_exit_nodes":0,"vpn":0,"relay":0,"proxy":0,"hosting":0,"service":0}},"geometry":{"type":"Point","coordinates":[-78.9963,-2.8953]}},{"type":"Feature","properties":{"country_code":"BRA","city":"Teixeira de Freitas","geoname_id":"6318755","h3_hexagon":592937689959890943,"h3_resolution":3,"downloaders":{"size":1142,"mobile":25,"satellite":0,"tor":0,"tor_exit_nodes":0,"vpn":15,"relay":0,"proxy":0,"hosting":0,"service":0},"uploaders":{"size":9,"mobile":0,"satellite":0,"tor":0,"tor_exit_nodes":0,"vpn":0,"relay":0,"proxy":0,"hosting":0,"service":0}},"geometry":{"type":"Point","coordinates":[-39.74194,-17.535]}},{"type":"Feature","properties":{"country_code":"USA","city":"State College","geoname_id":"5213681","h3_hexagon":590721692993585151,"h3_resolution":3,"downloaders":{"size":1140,"mobile":0,"satellite":0,"tor":0,"tor_exit_nodes":0,"vpn":6,"relay":1,"proxy":0,"hosting":1,"service":1},"uploaders":{"size":7,"mobile":0,"satellite":0,"tor":0,"tor_exit_nodes":0,"vpn":0,"relay":0,"proxy":0,"hosting":0,"service":0}},"geometry":{"type":"Point","coordinates":[-77.86,40.79339]}},{"type":"Feature","properties":{"country_code":"CAN","city":"Prince George","geoname_id":"6113365","h3_hexagon":590305184245088255,"h3_resolution":3,"downloaders":{"size":1130,"mobile":337,"satellite":0,"tor":0,"tor_exit_nodes":0,"vpn":7,"relay":0,"proxy":0,"hosting":2,"service":0},"uploaders":{"size":8,"mobile":5,"satellite":0,"tor":0,"tor_exit_nodes":0,"vpn":0,"relay":0,"proxy":0,"hosting":0,"service":0}},"geometry":{"type":"Point","coordinates":[-122.75301,53.9166]}},{"type":"Feature","properties":{"country_code":"IND","city":"Bharūch","geoname_id":"1276100","h3_hexagon":591146585518243839,"h3_resolution":3,"downloaders":{"size":1126,"mobile":176,"satellite":0,"tor":0,"tor_exit_nodes":0,"vpn":5,"relay":0,"proxy":0,"hosting":3,"service":3},"uploaders":{"size":4,"mobile":1,"satellite":0,"tor":0,"tor_exit_nodes":0,"vpn":0,"relay":0,"proxy":0,"hosting":0,"service":0}},"geometry":{"type":"Point","coordinates":[72.9805,21.69482]}},{"type":"Feature","properties":{"country_code":"USA","city":"Saint George","geoname_id":"5546220","h3_hexagon":590703138734866431,"h3_resolution":3,"downloaders":{"size":1124,"mobile":1,"satellite":0,"tor":0,"tor_exit_nodes":0,"vpn":45,"relay":0,"proxy":0,"hosting":0,"service":0},"uploaders":{"size":11,"mobile":0,"satellite":0,"tor":0,"tor_exit_nodes":0,"vpn":0,"relay":0,"proxy":0,"hosting":0,"service":0}},"geometry":{"type":"Point","coordinates":[-113.58412,37.10415]}},{"type":"Feature","properties":{"country_code":"USA","city":"Gadsden","geoname_id":"4063619","h3_hexagon":591184037633064959,"h3_resolution":3,"downloaders":{"size":1122,"mobile":0,"satellite":0,"tor":0,"tor_exit_nodes":0,"vpn":10,"relay":0,"proxy":0,"hosting":0,"service":0},"uploaders":{"size":4,"mobile":0,"satellite":0,"tor":0,"tor_exit_nodes":0,"vpn":0,"relay":0,"proxy":0,"hosting":0,"service":0}},"geometry":{"type":"Point","coordinates":[-86.00639,34.01434]}},{"type":"Feature","properties":{"country_code":"IND","city":"Guntur","geoname_id":"1270668","h3_hexagon":591688507311783935,"h3_resolution":3,"downloaders":{"size":1122,"mobile":170,"satellite":0,"tor":0,"tor_exit_nodes":0,"vpn":4,"relay":0,"proxy":0,"hosting":9,"service":2},"uploaders":{"size":6,"mobile":4,"satellite":0,"tor":0,"tor_exit_nodes":0,"vpn":0,"relay":0,"proxy":0,"hosting":0,"service":0}},"geometry":{"type":"Point","coordinates":[80.45729,16.29974]}},{"type":"Feature","properties":{"country_code":"USA","city":"Paso Robles","geoname_id":"5381438","h3_hexagon":590704788002308095,"h3_resolution":3,"downloaders":{"size":1118,"mobile":0,"satellite":0,"tor":0,"tor_exit_nodes":0,"vpn":54,"relay":0,"proxy":0,"hosting":4,"service":0},"uploaders":{"size":9,"mobile":0,"satellite":0,"tor":0,"tor_exit_nodes":0,"vpn":0,"relay":0,"proxy":0,"hosting":0,"service":0}},"geometry":{"type":"Point","coordinates":[-120.691,35.62664]}},{"type":"Feature","properties":{"country_code":"USA","city":"Catoosa","geoname_id":"4532493","h3_hexagon":590656065893302271,"h3_resolution":3,"downloaders":{"size":1108,"mobile":0,"satellite":0,"tor":0,"tor_exit_nodes":0,"vpn":7,"relay":0,"proxy":0,"hosting":1,"service":0},"uploaders":{"size":22,"mobile":0,"satellite":0,"tor":0,"tor_exit_nodes":0,"vpn":0,"relay":0,"proxy":0,"hosting":0,"service":0}},"geometry":{"type":"Point","coordinates":[-95.74582,36.18899]}},{"type":"Feature","properties":{"country_code":"BRA","city":"Patos de Minas","geoname_id":"3454783","h3_hexagon":592943737273843711,"h3_resolution":3,"downloaders":{"size":1106,"mobile":155,"satellite":0,"tor":0,"tor_exit_nodes":0,"vpn":1,"relay":0,"proxy":0,"hosting":0,"service":0},"uploaders":{"size":3,"mobile":3,"satellite":0,"tor":0,"tor_exit_nodes":0,"vpn":0,"relay":0,"proxy":0,"hosting":0,"service":0}},"geometry":{"type":"Point","coordinates":[-46.51806,-18.57889]}},{"type":"Feature","properties":{"country_code":"USA","city":"Topeka","geoname_id":"4280539","h3_hexagon":590655859734872063,"h3_resolution":3,"downloaders":{"size":1100,"mobile":0,"satellite":0,"tor":0,"tor_exit_nodes":0,"vpn":9,"relay":0,"proxy":0,"hosting":0,"service":0},"uploaders":{"size":12,"mobile":0,"satellite":0,"tor":0,"tor_exit_nodes":0,"vpn":0,"relay":0,"proxy":0,"hosting":0,"service":0}},"geometry":{"type":"Point","coordinates":[-95.7178,39.0405]}},{"type":"Feature","properties":{"country_code":"CHL","city":"Puerto Montt","geoname_id":"3874960","h3_hexagon":593607292541206527,"h3_resolution":3,"downloaders":{"size":1091,"mobile":103,"satellite":0,"tor":0,"tor_exit_nodes":0,"vpn":2,"relay":0,"proxy":0,"hosting":0,"service":0},"uploaders":{"size":9,"mobile":1,"satellite":0,"tor":0,"tor_exit_nodes":0,"vpn":0,"relay":0,"proxy":0,"hosting":0,"service":0}},"geometry":{"type":"Point","coordinates":[-72.94237,-41.4693]}},{"type":"Feature","properties":{"country_code":"NOR","city":"Molde","geoname_id":"3145580","h3_hexagon":590115793367203839,"h3_resolution":3,"downloaders":{"size":1089,"mobile":11,"satellite":0,"tor":0,"tor_exit_nodes":0,"vpn":44,"relay":0,"proxy":0,"hosting":0,"service":0},"uploaders":{"size":5,"mobile":5,"satellite":0,"tor":0,"tor_exit_nodes":0,"vpn":0,"relay":0,"proxy":0,"hosting":0,"service":0}},"geometry":{"type":"Point","coordinates":[7.15912,62.73752]}},{"type":"Feature","properties":{"country_code":"USA","city":"Eugene","geoname_id":"5725846","h3_hexagon":590677162772660223,"h3_resolution":3,"downloaders":{"size":1084,"mobile":0,"satellite":0,"tor":0,"tor_exit_nodes":0,"vpn":1,"relay":0,"proxy":0,"hosting":0,"service":0},"uploaders":{"size":70,"mobile":0,"satellite":0,"tor":0,"tor_exit_nodes":0,"vpn":0,"relay":0,"proxy":0,"hosting":0,"service":0}},"geometry":{"type":"Point","coordinates":[-123.0819,44.0682]}},{"type":"Feature","properties":{"country_code":"CAN","city":"Penticton","geoname_id":"6101141","h3_hexagon":590303534977646591,"h3_resolution":3,"downloaders":{"size":1083,"mobile":108,"satellite":0,"tor":0,"tor_exit_nodes":0,"vpn":0,"relay":0,"proxy":0,"hosting":12,"service":0},"uploaders":{"size":10,"mobile":1,"satellite":0,"tor":0,"tor_exit_nodes":0,"vpn":0,"relay":0,"proxy":0,"hosting":0,"service":0}},"geometry":{"type":"Point","coordinates":[-119.58584,49.48062]}},{"type":"Feature","properties":{"country_code":"RUS","city":"Zmeinogorsk","geoname_id":"1485042","h3_hexagon":590541373086629887,"h3_resolution":3,"downloaders":{"size":1081,"mobile":17,"satellite":0,"tor":0,"tor_exit_nodes":0,"vpn":2,"relay":0,"proxy":0,"hosting":0,"service":0},"uploaders":{"size":7,"mobile":0,"satellite":0,"tor":0,"tor_exit_nodes":0,"vpn":0,"relay":0,"proxy":0,"hosting":0,"service":0}},"geometry":{"type":"Point","coordinates":[82.1941,51.15814]}},{"type":"Feature","properties":{"country_code":"PHL","city":"Olongapo","geoname_id":"1697175","h3_hexagon":591823403644616703,"h3_resolution":3,"downloaders":{"size":1081,"mobile":243,"satellite":0,"tor":0,"tor_exit_nodes":0,"vpn":7,"relay":0,"proxy":0,"hosting":0,"service":0},"uploaders":{"size":56,"mobile":9,"satellite":0,"tor":0,"tor_exit_nodes":0,"vpn":0,"relay":0,"proxy":0,"hosting":0,"service":0}},"geometry":{"type":"Point","coordinates":[120.28278,14.82917]}},{"type":"Feature","properties":{"country_code":"THA","city":"Khon Kaen","geoname_id":"1609776","h3_hexagon":591743208015265791,"h3_resolution":3,"downloaders":{"size":1078,"mobile":497,"satellite":0,"tor":0,"tor_exit_nodes":0,"vpn":13,"relay":0,"proxy":0,"hosting":0,"service":13},"uploaders":{"size":23,"mobile":22,"satellite":0,"tor":0,"tor_exit_nodes":0,"vpn":6,"relay":0,"proxy":0,"hosting":0,"service":6}},"geometry":{"type":"Point","coordinates":[102.833,16.44671]}},{"type":"Feature","properties":{"country_code":"IND","city":"Patna","geoname_id":"1260086","h3_hexagon":591028456737734655,"h3_resolution":3,"downloaders":{"size":1078,"mobile":695,"satellite":0,"tor":0,"tor_exit_nodes":0,"vpn":2,"relay":0,"proxy":0,"hosting":6,"service":0},"uploaders":{"size":26,"mobile":17,"satellite":0,"tor":0,"tor_exit_nodes":0,"vpn":0,"relay":0,"proxy":0,"hosting":0,"service":0}},"geometry":{"type":"Point","coordinates":[85.13563,25.59408]}},{"type":"Feature","properties":{"country_code":"CMR","city":"Douala","geoname_id":"2232593","h3_hexagon":592273035180900351,"h3_resolution":3,"downloaders":{"size":1074,"mobile":294,"satellite":0,"tor":0,"tor_exit_nodes":0,"vpn":7,"relay":0,"proxy":0,"hosting":27,"service":1},"uploaders":{"size":23,"mobile":0,"satellite":0,"tor":0,"tor_exit_nodes":0,"vpn":0,"relay":0,"proxy":0,"hosting":5,"service":0}},"geometry":{"type":"Point","coordinates":[9.70428,4.04827]}},{"type":"Feature","properties":{"country_code":"BRA","city":"Monteiro","geoname_id":"3394549","h3_hexagon":592250632631484415,"h3_resolution":3,"downloaders":{"size":1067,"mobile":0,"satellite":0,"tor":0,"tor_exit_nodes":0,"vpn":3,"relay":0,"proxy":0,"hosting":2,"service":0},"uploaders":{"size":51,"mobile":0,"satellite":0,"tor":0,"tor_exit_nodes":0,"vpn":0,"relay":0,"proxy":0,"hosting":0,"service":0}},"geometry":{"type":"Point","coordinates":[-37.12,-7.88944]}},{"type":"Feature","properties":{"country_code":"IND","city":"Surat","geoname_id":"1255364","h3_hexagon":591147616310394879,"h3_resolution":3,"downloaders":{"size":1063,"mobile":330,"satellite":0,"tor":0,"tor_exit_nodes":0,"vpn":1,"relay":0,"proxy":0,"hosting":8,"service":0},"uploaders":{"size":12,"mobile":9,"satellite":0,"tor":0,"tor_exit_nodes":0,"vpn":0,"relay":0,"proxy":0,"hosting":0,"service":0}},"geometry":{"type":"Point","coordinates":[72.83023,21.19594]}},{"type":"Feature","properties":{"country_code":"GBR","city":"Dumfries","geoname_id":"2650798","h3_hexagon":590417196992167935,"h3_resolution":3,"downloaders":{"size":1063,"mobile":30,"satellite":0,"tor":0,"tor_exit_nodes":0,"vpn":8,"relay":0,"proxy":0,"hosting":10,"service":0},"uploaders":{"size":21,"mobile":0,"satellite":0,"tor":0,"tor_exit_nodes":0,"vpn":0,"relay":0,"proxy":0,"hosting":4,"service":0}},"geometry":{"type":"Point","coordinates":[-3.61139,55.06959]}},{"type":"Feature","properties":{"country_code":"EGY","city":"Port Said","geoname_id":"358619","h3_hexagon":591069276106915839,"h3_resolution":3,"downloaders":{"size":1061,"mobile":1,"satellite":0,"tor":0,"tor_exit_nodes":0,"vpn":0,"relay":0,"proxy":0,"hosting":0,"service":0},"uploaders":{"size":4,"mobile":0,"satellite":0,"tor":0,"tor_exit_nodes":0,"vpn":0,"relay":0,"proxy":0,"hosting":0,"service":0}},"geometry":{"type":"Point","coordinates":[32.3019,31.26531]}},{"type":"Feature","properties":{"country_code":"RUS","city":"Mikhaylovka","geoname_id":"527012","h3_hexagon":590265601826488319,"h3_resolution":3,"downloaders":{"size":1061,"mobile":6,"satellite":0,"tor":0,"tor_exit_nodes":0,"vpn":3,"relay":0,"proxy":0,"hosting":0,"service":0},"uploaders":{"size":5,"mobile":0,"satellite":0,"tor":0,"tor_exit_nodes":0,"vpn":0,"relay":0,"proxy":0,"hosting":0,"service":0}},"geometry":{"type":"Point","coordinates":[43.23335,50.06187]}},{"type":"Feature","properties":{"country_code":"ARG","city":"Palpalá","geoname_id":"3842190","h3_hexagon":593126187484577791,"h3_resolution":3,"downloaders":{"size":1057,"mobile":513,"satellite":0,"tor":0,"tor_exit_nodes":0,"vpn":1,"relay":0,"proxy":0,"hosting":0,"service":0},"uploaders":{"size":9,"mobile":4,"satellite":0,"tor":0,"tor_exit_nodes":0,"vpn":0,"relay":0,"proxy":0,"hosting":0,"service":0}},"geometry":{"type":"Point","coordinates":[-65.21358,-24.25798]}},{"type":"Feature","properties":{"country_code":"ITA","city":"San Remo","geoname_id":"3167777","h3_hexagon":590511754992156671,"h3_resolution":3,"downloaders":{"size":1056,"mobile":50,"satellite":0,"tor":0,"tor_exit_nodes":0,"vpn":0,"relay":0,"proxy":0,"hosting":1,"service":0},"uploaders":{"size":4,"mobile":1,"satellite":0,"tor":0,"tor_exit_nodes":0,"vpn":0,"relay":0,"proxy":0,"hosting":0,"service":0}},"geometry":{"type":"Point","coordinates":[7.7772,43.81725]}},{"type":"Feature","properties":{"country_code":"USA","city":"Bossier City","geoname_id":"4317639","h3_hexagon":591173111236263935,"h3_resolution":3,"downloaders":{"size":1056,"mobile":0,"satellite":0,"tor":0,"tor_exit_nodes":0,"vpn":19,"relay":1,"proxy":0,"hosting":11,"service":10},"uploaders":{"size":14,"mobile":0,"satellite":0,"tor":0,"tor_exit_nodes":0,"vpn":8,"relay":0,"proxy":0,"hosting":8,"service":8}},"geometry":{"type":"Point","coordinates":[-93.7038,32.5449]}},{"type":"Feature","properties":{"country_code":"USA","city":"Onalaska","geoname_id":"5265702","h3_hexagon":590664174791557119,"h3_resolution":3,"downloaders":{"size":1047,"mobile":0,"satellite":0,"tor":0,"tor_exit_nodes":0,"vpn":4,"relay":0,"proxy":0,"hosting":0,"service":0},"uploaders":{"size":3,"mobile":0,"satellite":0,"tor":0,"tor_exit_nodes":0,"vpn":0,"relay":0,"proxy":0,"hosting":0,"service":0}},"geometry":{"type":"Point","coordinates":[-91.23514,43.88441]}},{"type":"Feature","properties":{"country_code":"CHN","city":"Zhongxin","geoname_id":"1784272","h3_hexagon":591102055297318911,"h3_resolution":3,"downloaders":{"size":1046,"mobile":0,"satellite":0,"tor":0,"tor_exit_nodes":0,"vpn":0,"relay":0,"proxy":0,"hosting":0,"service":0},"uploaders":{"size":11,"mobile":0,"satellite":0,"tor":0,"tor_exit_nodes":0,"vpn":0,"relay":0,"proxy":0,"hosting":0,"service":0}},"geometry":{"type":"Point","coordinates":[101.27154,26.61667]}},{"type":"Feature","properties":{"country_code":"CAN","city":"Airdrie","geoname_id":"5882799","h3_hexagon":590304359611367423,"h3_resolution":3,"downloaders":{"size":1045,"mobile":103,"satellite":0,"tor":0,"tor_exit_nodes":0,"vpn":71,"relay":0,"proxy":0,"hosting":0,"service":0},"uploaders":{"size":42,"mobile":10,"satellite":0,"tor":0,"tor_exit_nodes":0,"vpn":28,"relay":0,"proxy":0,"hosting":0,"service":0}},"geometry":{"type":"Point","coordinates":[-114.03528,51.30011]}},{"type":"Feature","properties":{"country_code":"FRA","city":"Fouesnant","geoname_id":"3017624","h3_hexagon":590398642733449215,"h3_resolution":3,"downloaders":{"size":1034,"mobile":148,"satellite":0,"tor":0,"tor_exit_nodes":0,"vpn":33,"relay":0,"proxy":0,"hosting":0,"service":0},"uploaders":{"size":6,"mobile":2,"satellite":0,"tor":0,"tor_exit_nodes":0,"vpn":0,"relay":0,"proxy":0,"hosting":0,"service":0}},"geometry":{"type":"Point","coordinates":[-4.0124,47.89342]}},{"type":"Feature","properties":{"country_code":"CPV","city":"Praia","geoname_id":"3374333","h3_hexagon":591459534015299583,"h3_resolution":3,"downloaders":{"size":1033,"mobile":40,"satellite":13,"tor":0,"tor_exit_nodes":0,"vpn":1,"relay":0,"proxy":0,"hosting":0,"service":0},"uploaders":{"size":271,"mobile":9,"satellite":0,"tor":0,"tor_exit_nodes":0,"vpn":0,"relay":0,"proxy":0,"hosting":0,"service":0}},"geometry":{"type":"Point","coordinates":[-23.51254,14.93152]}},{"type":"Feature","properties":{"country_code":"FRA","city":"Ajaccio","geoname_id":"3038334","h3_hexagon":590511617553203199,"h3_resolution":3,"downloaders":{"size":1032,"mobile":29,"satellite":0,"tor":0,"tor_exit_nodes":0,"vpn":0,"relay":0,"proxy":0,"hosting":0,"service":0},"uploaders":{"size":8,"mobile":0,"satellite":0,"tor":0,"tor_exit_nodes":0,"vpn":0,"relay":0,"proxy":0,"hosting":0,"service":0}},"geometry":{"type":"Point","coordinates":[8.73812,41.91886]}},{"type":"Feature","properties":{"country_code":"ITA","city":"Bolzano","geoname_id":"3181913","h3_hexagon":590526529679654911,"h3_resolution":3,"downloaders":{"size":1022,"mobile":56,"satellite":0,"tor":0,"tor_exit_nodes":0,"vpn":30,"relay":0,"proxy":0,"hosting":37,"service":0},"uploaders":{"size":13,"mobile":3,"satellite":0,"tor":0,"tor_exit_nodes":0,"vpn":0,"relay":0,"proxy":0,"hosting":0,"service":0}},"geometry":{"type":"Point","coordinates":[11.33982,46.49067]}},{"type":"Feature","properties":{"country_code":"IND","city":"Puttūr","geoname_id":"1259124","h3_hexagon":591661637996380159,"h3_resolution":3,"downloaders":{"size":1020,"mobile":11,"satellite":0,"tor":0,"tor_exit_nodes":0,"vpn":4,"relay":0,"proxy":0,"hosting":1,"service":0},"uploaders":{"size":7,"mobile":0,"satellite":0,"tor":0,"tor_exit_nodes":0,"vpn":0,"relay":0,"proxy":0,"hosting":0,"service":0}},"geometry":{"type":"Point","coordinates":[75.20169,12.75975]}},{"type":"Feature","properties":{"country_code":"USA","city":"Amarillo","geoname_id":"5516233","h3_hexagon":590654485345337343,"h3_resolution":3,"downloaders":{"size":1012,"mobile":0,"satellite":0,"tor":0,"tor_exit_nodes":0,"vpn":16,"relay":0,"proxy":0,"hosting":0,"service":0},"uploaders":{"size":5,"mobile":0,"satellite":0,"tor":0,"tor_exit_nodes":0,"vpn":5,"relay":0,"proxy":0,"hosting":0,"service":0}},"geometry":{"type":"Point","coordinates":[-101.8868,35.1663]}},{"type":"Feature","properties":{"country_code":"IDN","city":"Kediri","geoname_id":"1640660","h3_hexagon":592461257827680255,"h3_resolution":3,"downloaders":{"size":1007,"mobile":46,"satellite":0,"tor":0,"tor_exit_nodes":0,"vpn":27,"relay":0,"proxy":0,"hosting":56,"service":1},"uploaders":{"size":5,"mobile":0,"satellite":0,"tor":0,"tor_exit_nodes":0,"vpn":0,"relay":0,"proxy":0,"hosting":0,"service":0}},"geometry":{"type":"Point","coordinates":[112.01667,-7.81667]}},{"type":"Feature","properties":{"country_code":"USA","city":"Linton","geoname_id":"4260453","h3_hexagon":590647682117140479,"h3_resolution":3,"downloaders":{"size":1002,"mobile":0,"satellite":0,"tor":0,"tor_exit_nodes":0,"vpn":2,"relay":0,"proxy":0,"hosting":0,"service":0},"uploaders":{"size":5,"mobile":0,"satellite":0,"tor":0,"tor_exit_nodes":0,"vpn":0,"relay":0,"proxy":0,"hosting":0,"service":0}},"geometry":{"type":"Point","coordinates":[-87.16585,39.03477]}},{"type":"Feature","properties":{"country_code":"GBR","city":"Oswestry","geoname_id":"2640861","h3_hexagon":590417884186935295,"h3_resolution":3,"downloaders":{"size":1000,"mobile":78,"satellite":0,"tor":0,"tor_exit_nodes":0,"vpn":1,"relay":0,"proxy":0,"hosting":1,"service":0},"uploaders":{"size":7,"mobile":0,"satellite":0,"tor":0,"tor_exit_nodes":0,"vpn":0,"relay":0,"proxy":0,"hosting":0,"service":0}},"geometry":{"type":"Point","coordinates":[-3.05497,52.86195]}},{"type":"Feature","properties":{"country_code":"RUS","city":"Tyul’gan","geoname_id":"479871","h3_hexagon":590554635945639935,"h3_resolution":3,"downloaders":{"size":988,"mobile":0,"satellite":0,"tor":0,"tor_exit_nodes":0,"vpn":3,"relay":0,"proxy":0,"hosting":0,"service":0},"uploaders":{"size":5,"mobile":0,"satellite":0,"tor":0,"tor_exit_nodes":0,"vpn":0,"relay":0,"proxy":0,"hosting":0,"service":0}},"geometry":{"type":"Point","coordinates":[56.16157,52.34127]}},{"type":"Feature","properties":{"country_code":"ECU","city":"Portoviejo","geoname_id":"3652941","h3_hexagon":592490463605293055,"h3_resolution":3,"downloaders":{"size":988,"mobile":333,"satellite":0,"tor":0,"tor_exit_nodes":0,"vpn":3,"relay":0,"proxy":0,"hosting":19,"service":0},"uploaders":{"size":3,"mobile":0,"satellite":0,"tor":0,"tor_exit_nodes":0,"vpn":0,"relay":0,"proxy":0,"hosting":0,"service":0}},"geometry":{"type":"Point","coordinates":[-80.4544,-1.0546]}},{"type":"Feature","properties":{"country_code":"BRA","city":"São João del Rei","geoname_id":"3448879","h3_hexagon":592939064349425663,"h3_resolution":3,"downloaders":{"size":985,"mobile":0,"satellite":0,"tor":0,"tor_exit_nodes":0,"vpn":0,"relay":0,"proxy":0,"hosting":23,"service":0},"uploaders":{"size":10,"mobile":0,"satellite":0,"tor":0,"tor_exit_nodes":0,"vpn":0,"relay":0,"proxy":0,"hosting":0,"service":0}},"geometry":{"type":"Point","coordinates":[-44.26167,-21.13556]}},{"type":"Feature","properties":{"country_code":"KAZ","city":"Semey","geoname_id":"1519422","h3_hexagon":590541304367153151,"h3_resolution":3,"downloaders":{"size":980,"mobile":149,"satellite":0,"tor":0,"tor_exit_nodes":0,"vpn":2,"relay":0,"proxy":0,"hosting":0,"service":0},"uploaders":{"size":3,"mobile":0,"satellite":0,"tor":0,"tor_exit_nodes":0,"vpn":0,"relay":0,"proxy":0,"hosting":0,"service":0}},"geometry":{"type":"Point","coordinates":[80.25025,50.42064]}},{"type":"Feature","properties":{"country_code":"USA","city":"Plainview","geoname_id":"5528450","h3_hexagon":590655378698534911,"h3_resolution":3,"downloaders":{"size":976,"mobile":8,"satellite":0,"tor":0,"tor_exit_nodes":0,"vpn":5,"relay":2,"proxy":0,"hosting":3,"service":3},"uploaders":{"size":5,"mobile":2,"satellite":0,"tor":0,"tor_exit_nodes":0,"vpn":0,"relay":0,"proxy":0,"hosting":0,"service":0}},"geometry":{"type":"Point","coordinates":[-101.70684,34.18479]}},{"type":"Feature","properties":{"country_code":"BRA","city":"Hulha Negra","geoname_id":"3461653","h3_hexagon":592947791722971135,"h3_resolution":3,"downloaders":{"size":975,"mobile":0,"satellite":0,"tor":0,"tor_exit_nodes":0,"vpn":0,"relay":0,"proxy":0,"hosting":0,"service":0},"uploaders":{"size":7,"mobile":0,"satellite":0,"tor":0,"tor_exit_nodes":0,"vpn":0,"relay":0,"proxy":0,"hosting":0,"service":0}},"geometry":{"type":"Point","coordinates":[-53.86944,-31.40417]}},{"type":"Feature","properties":{"country_code":"ARG","city":"Formosa","geoname_id":"3433899","h3_hexagon":592949166112505855,"h3_resolution":3,"downloaders":{"size":953,"mobile":116,"satellite":0,"tor":0,"tor_exit_nodes":0,"vpn":3,"relay":0,"proxy":0,"hosting":0,"service":0},"uploaders":{"size":3,"mobile":0,"satellite":0,"tor":0,"tor_exit_nodes":0,"vpn":0,"relay":0,"proxy":0,"hosting":0,"service":0}},"geometry":{"type":"Point","coordinates":[-58.17313,-26.18489]}},{"type":"Feature","properties":{"country_code":"CAN","city":"Sault Ste. Marie","geoname_id":"6141439","h3_hexagon":590664518388940799,"h3_resolution":3,"downloaders":{"size":950,"mobile":15,"satellite":0,"tor":0,"tor_exit_nodes":0,"vpn":0,"relay":0,"proxy":0,"hosting":0,"service":0},"uploaders":{"size":7,"mobile":0,"satellite":0,"tor":0,"tor_exit_nodes":0,"vpn":0,"relay":0,"proxy":0,"hosting":0,"service":0}},"geometry":{"type":"Point","coordinates":[-84.33325,46.51677]}},{"type":"Feature","properties":{"country_code":"IND","city":"Dehra Dūn","geoname_id":"1273313","h3_hexagon":591045842765348863,"h3_resolution":3,"downloaders":{"size":949,"mobile":527,"satellite":0,"tor":0,"tor_exit_nodes":0,"vpn":5,"relay":0,"proxy":0,"hosting":67,"service":0},"uploaders":{"size":8,"mobile":6,"satellite":0,"tor":0,"tor_exit_nodes":0,"vpn":0,"relay":0,"proxy":0,"hosting":0,"service":0}},"geometry":{"type":"Point","coordinates":[78.03392,30.32443]}},{"type":"Feature","properties":{"country_code":"ESP","city":"Teruel","geoname_id":"3108126","h3_hexagon":590982208529891327,"h3_resolution":3,"downloaders":{"size":945,"mobile":159,"satellite":0,"tor":0,"tor_exit_nodes":0,"vpn":0,"relay":0,"proxy":0,"hosting":0,"service":0},"uploaders":{"size":3,"mobile":0,"satellite":0,"tor":0,"tor_exit_nodes":0,"vpn":0,"relay":0,"proxy":0,"hosting":0,"service":0}},"geometry":{"type":"Point","coordinates":[-1.10646,40.3456]}},{"type":"Feature","properties":{"country_code":"IND","city":"Nagpur","geoname_id":"1262180","h3_hexagon":591670777686786047,"h3_resolution":3,"downloaders":{"size":945,"mobile":395,"satellite":0,"tor":0,"tor_exit_nodes":0,"vpn":5,"relay":0,"proxy":0,"hosting":27,"service":0},"uploaders":{"size":25,"mobile":7,"satellite":0,"tor":0,"tor_exit_nodes":0,"vpn":0,"relay":0,"proxy":0,"hosting":0,"service":0}},"geometry":{"type":"Point","coordinates":[79.08491,21.14631]}},{"type":"Feature","properties":{"country_code":"ITA","city":"Cecina","geoname_id":"3179235","h3_hexagon":590511548833726463,"h3_resolution":3,"downloaders":{"size":940,"mobile":123,"satellite":0,"tor":0,"tor_exit_nodes":0,"vpn":43,"relay":0,"proxy":0,"hosting":1,"service":0},"uploaders":{"size":95,"mobile":0,"satellite":0,"tor":0,"tor_exit_nodes":0,"vpn":6,"relay":0,"proxy":0,"hosting":0,"service":0}},"geometry":{"type":"Point","coordinates":[10.51729,43.30621]}},{"type":"Feature","properties":{"country_code":"ARG","city":"San Luis","geoname_id":"3837056","h3_hexagon":593109213773823999,"h3_resolution":3,"downloaders":{"size":939,"mobile":98,"satellite":0,"tor":0,"tor_exit_nodes":0,"vpn":0,"relay":0,"proxy":0,"hosting":0,"service":0},"uploaders":{"size":15,"mobile":0,"satellite":0,"tor":0,"tor_exit_nodes":0,"vpn":0,"relay":0,"proxy":0,"hosting":0,"service":0}},"geometry":{"type":"Point","coordinates":[-66.32467,-33.2914]}},{"type":"Feature","properties":{"country_code":"USA","city":"Gridley","geoname_id":"5354307","h3_hexagon":590678812040101887,"h3_resolution":3,"downloaders":{"size":938,"mobile":0,"satellite":0,"tor":0,"tor_exit_nodes":0,"vpn":9,"relay":0,"proxy":0,"hosting":0,"service":9},"uploaders":{"size":3,"mobile":0,"satellite":0,"tor":0,"tor_exit_nodes":0,"vpn":0,"relay":0,"proxy":0,"hosting":0,"service":0}},"geometry":{"type":"Point","coordinates":[-121.69358,39.36378]}},{"type":"Feature","properties":{"country_code":"USA","city":"Slocomb","geoname_id":"4090470","h3_hexagon":591183350438297599,"h3_resolution":3,"downloaders":{"size":937,"mobile":0,"satellite":0,"tor":0,"tor_exit_nodes":0,"vpn":8,"relay":0,"proxy":0,"hosting":0,"service":0},"uploaders":{"size":3,"mobile":0,"satellite":0,"tor":0,"tor_exit_nodes":0,"vpn":0,"relay":0,"proxy":0,"hosting":0,"service":0}},"geometry":{"type":"Point","coordinates":[-85.59438,31.10823]}},{"type":"Feature","properties":{"country_code":"AUS","city":"Bendigo","geoname_id":"2176187","h3_hexagon":593318876897345535,"h3_resolution":3,"downloaders":{"size":936,"mobile":0,"satellite":1,"tor":0,"tor_exit_nodes":0,"vpn":4,"relay":0,"proxy":0,"hosting":0,"service":0},"uploaders":{"size":21,"mobile":0,"satellite":0,"tor":0,"tor_exit_nodes":0,"vpn":0,"relay":0,"proxy":0,"hosting":0,"service":0}},"geometry":{"type":"Point","coordinates":[144.28024,-36.75818]}},{"type":"Feature","properties":{"country_code":"VNM","city":"Haiphong","geoname_id":"1581298","h3_hexagon":591119647483363327,"h3_resolution":3,"downloaders":{"size":935,"mobile":99,"satellite":0,"tor":0,"tor_exit_nodes":0,"vpn":8,"relay":0,"proxy":0,"hosting":12,"service":0},"uploaders":{"size":7,"mobile":4,"satellite":0,"tor":0,"tor_exit_nodes":0,"vpn":0,"relay":0,"proxy":0,"hosting":2,"service":0}},"geometry":{"type":"Point","coordinates":[106.68345,20.86481]}},{"type":"Feature","properties":{"country_code":"USA","city":"Corpus Christi","geoname_id":"4683416","h3_hexagon":591248496502243327,"h3_resolution":3,"downloaders":{"size":934,"mobile":0,"satellite":0,"tor":0,"tor_exit_nodes":0,"vpn":27,"relay":1,"proxy":0,"hosting":1,"service":1},"uploaders":{"size":35,"mobile":0,"satellite":0,"tor":0,"tor_exit_nodes":0,"vpn":0,"relay":0,"proxy":0,"hosting":0,"service":0}},"geometry":{"type":"Point","coordinates":[-97.39638,27.80058]}},{"type":"Feature","properties":{"country_code":"CHL","city":"Talca","geoname_id":"3870294","h3_hexagon":593118216025276415,"h3_resolution":3,"downloaders":{"size":930,"mobile":177,"satellite":0,"tor":0,"tor_exit_nodes":0,"vpn":2,"relay":0,"proxy":0,"hosting":12,"service":0},"uploaders":{"size":6,"mobile":6,"satellite":0,"tor":0,"tor_exit_nodes":0,"vpn":0,"relay":0,"proxy":0,"hosting":0,"service":0}},"geometry":{"type":"Point","coordinates":[-71.64974,-35.4232]}},{"type":"Feature","properties":{"country_code":"NZL","city":"Dunedin","geoname_id":"2191562","h3_hexagon":593815787433623551,"h3_resolution":3,"downloaders":{"size":929,"mobile":544,"satellite":0,"tor":0,"tor_exit_nodes":0,"vpn":0,"relay":0,"proxy":0,"hosting":0,"service":0},"uploaders":{"size":9,"mobile":8,"satellite":0,"tor":0,"tor_exit_nodes":0,"vpn":0,"relay":0,"proxy":0,"hosting":0,"service":0}},"geometry":{"type":"Point","coordinates":[170.50361,-45.87416]}},{"type":"Feature","properties":{"country_code":"USA","city":"Navarre","geoname_id":"4165637","h3_hexagon":591173523553124351,"h3_resolution":3,"downloaders":{"size":925,"mobile":20,"satellite":0,"tor":0,"tor_exit_nodes":0,"vpn":16,"relay":0,"proxy":0,"hosting":0,"service":0},"uploaders":{"size":9,"mobile":0,"satellite":0,"tor":0,"tor_exit_nodes":0,"vpn":0,"relay":0,"proxy":0,"hosting":0,"service":0}},"geometry":{"type":"Point","coordinates":[-86.86357,30.40159]}},{"type":"Feature","properties":{"country_code":"PER","city":"Arequipa","geoname_id":"3947322","h3_hexagon":593124263339229183,"h3_resolution":3,"downloaders":{"size":923,"mobile":671,"satellite":0,"tor":0,"tor_exit_nodes":0,"vpn":0,"relay":0,"proxy":0,"hosting":0,"service":0},"uploaders":{"size":4,"mobile":1,"satellite":0,"tor":0,"tor_exit_nodes":0,"vpn":0,"relay":0,"proxy":0,"hosting":0,"service":0}},"geometry":{"type":"Point","coordinates":[-71.53747,-16.39899]}},{"type":"Feature","properties":{"country_code":"USA","city":"Athens","geoname_id":"4180386","h3_hexagon":591181288853995519,"h3_resolution":3,"downloaders":{"size":911,"mobile":0,"satellite":0,"tor":0,"tor_exit_nodes":0,"vpn":11,"relay":0,"proxy":0,"hosting":0,"service":0},"uploaders":{"size":4,"mobile":0,"satellite":0,"tor":0,"tor_exit_nodes":0,"vpn":0,"relay":0,"proxy":0,"hosting":0,"service":0}},"geometry":{"type":"Point","coordinates":[-83.418,33.9461]}},{"type":"Feature","properties":{"country_code":"CAN","city":"Caraquet","geoname_id":"6942803","h3_hexagon":590728496221782015,"h3_resolution":3,"downloaders":{"size":907,"mobile":113,"satellite":0,"tor":0,"tor_exit_nodes":0,"vpn":7,"relay":0,"proxy":0,"hosting":0,"service":0},"uploaders":{"size":6,"mobile":1,"satellite":0,"tor":0,"tor_exit_nodes":0,"vpn":0,"relay":0,"proxy":0,"hosting":0,"service":0}},"geometry":{"type":"Point","coordinates":[-64.9386,47.79413]}},{"type":"Feature","properties":{"country_code":"MLI","city":"Bamako","geoname_id":"2460596","h3_hexagon":591453761579253759,"h3_resolution":3,"downloaders":{"size":894,"mobile":43,"satellite":0,"tor":0,"tor_exit_nodes":0,"vpn":4,"relay":0,"proxy":0,"hosting":0,"service":0},"uploaders":{"size":31,"mobile":0,"satellite":0,"tor":0,"tor_exit_nodes":0,"vpn":0,"relay":0,"proxy":0,"hosting":0,"service":0}},"geometry":{"type":"Point","coordinates":[-7.97522,12.60915]}},{"type":"Feature","properties":{"country_code":"ITA","city":"Sassari","geoname_id":"3167096","h3_hexagon":590979391031345151,"h3_resolution":3,"downloaders":{"size":894,"mobile":124,"satellite":0,"tor":0,"tor_exit_nodes":0,"vpn":1,"relay":0,"proxy":0,"hosting":0,"service":0},"uploaders":{"size":4,"mobile":1,"satellite":0,"tor":0,"tor_exit_nodes":0,"vpn":0,"relay":0,"proxy":0,"hosting":0,"service":0}},"geometry":{"type":"Point","coordinates":[8.55552,40.72586]}},{"type":"Feature","properties":{"country_code":"USA","city":"Kennett","geoname_id":"4393451","h3_hexagon":590646513886035967,"h3_resolution":3,"downloaders":{"size":890,"mobile":0,"satellite":0,"tor":0,"tor_exit_nodes":0,"vpn":18,"relay":0,"proxy":0,"hosting":0,"service":0},"uploaders":{"size":9,"mobile":0,"satellite":0,"tor":0,"tor_exit_nodes":0,"vpn":0,"relay":0,"proxy":0,"hosting":0,"service":0}},"geometry":{"type":"Point","coordinates":[-90.05565,36.23618]}},{"type":"Feature","properties":{"country_code":"GBR","city":"Alness","geoname_id":"2657445","h3_hexagon":590414379493621759,"h3_resolution":3,"downloaders":{"size":887,"mobile":30,"satellite":0,"tor":0,"tor_exit_nodes":0,"vpn":0,"relay":0,"proxy":0,"hosting":0,"service":0},"uploaders":{"size":3,"mobile":0,"satellite":0,"tor":0,"tor_exit_nodes":0,"vpn":0,"relay":0,"proxy":0,"hosting":0,"service":0}},"geometry":{"type":"Point","coordinates":[-4.2551,57.69596]}},{"type":"Feature","properties":{"country_code":"CHN","city":"Nanping","geoname_id":"1799846","h3_hexagon":591124182968827903,"h3_resolution":3,"downloaders":{"size":881,"mobile":0,"satellite":0,"tor":0,"tor_exit_nodes":0,"vpn":28,"relay":0,"proxy":0,"hosting":0,"service":0},"uploaders":{"size":7,"mobile":0,"satellite":0,"tor":0,"tor_exit_nodes":0,"vpn":0,"relay":0,"proxy":0,"hosting":0,"service":0}},"geometry":{"type":"Point","coordinates":[118.17361,26.645]}},{"type":"Feature","properties":{"country_code":"CHL","city":"Iquique","geoname_id":"3887127","h3_hexagon":593120827365392383,"h3_resolution":3,"downloaders":{"size":873,"mobile":134,"satellite":0,"tor":0,"tor_exit_nodes":0,"vpn":0,"relay":0,"proxy":0,"hosting":65,"service":0},"uploaders":{"size":7,"mobile":0,"satellite":0,"tor":0,"tor_exit_nodes":0,"vpn":0,"relay":0,"proxy":0,"hosting":0,"service":0}},"geometry":{"type":"Point","coordinates":[-70.15027,-20.21326]}},{"type":"Feature","properties":{"country_code":"CAN","city":"Goderich","geoname_id":"5962442","h3_hexagon":590664930705801215,"h3_resolution":3,"downloaders":{"size":873,"mobile":0,"satellite":0,"tor":0,"tor_exit_nodes":0,"vpn":2,"relay":0,"proxy":0,"hosting":0,"service":0},"uploaders":{"size":3,"mobile":0,"satellite":0,"tor":0,"tor_exit_nodes":0,"vpn":0,"relay":0,"proxy":0,"hosting":0,"service":0}},"geometry":{"type":"Point","coordinates":[-81.71339,43.74171]}},{"type":"Feature","properties":{"country_code":"USA","city":"Gardendale","geoname_id":"4063765","h3_hexagon":591183900194111487,"h3_resolution":3,"downloaders":{"size":871,"mobile":0,"satellite":0,"tor":0,"tor_exit_nodes":0,"vpn":69,"relay":0,"proxy":0,"hosting":0,"service":0},"uploaders":{"size":3,"mobile":0,"satellite":0,"tor":0,"tor_exit_nodes":0,"vpn":0,"relay":0,"proxy":0,"hosting":0,"service":0}},"geometry":{"type":"Point","coordinates":[-86.81277,33.6601]}},{"type":"Feature","properties":{"country_code":"USA","city":"Virginia Beach","geoname_id":"4791259","h3_hexagon":590726984393293823,"h3_resolution":3,"downloaders":{"size":863,"mobile":0,"satellite":0,"tor":0,"tor_exit_nodes":0,"vpn":4,"relay":7,"proxy":0,"hosting":608,"service":11},"uploaders":{"size":14,"mobile":0,"satellite":0,"tor":0,"tor_exit_nodes":0,"vpn":0,"relay":0,"proxy":0,"hosting":14,"service":0}},"geometry":{"type":"Point","coordinates":[-76.0126,36.7957]}},{"type":"Feature","properties":{"country_code":"LBY","city":"Tripoli","geoname_id":"2210247","h3_hexagon":590961936284254207,"h3_resolution":3,"downloaders":{"size":861,"mobile":67,"satellite":0,"tor":0,"tor_exit_nodes":0,"vpn":14,"relay":0,"proxy":0,"hosting":23,"service":0},"uploaders":{"size":24,"mobile":0,"satellite":0,"tor":0,"tor_exit_nodes":0,"vpn":0,"relay":0,"proxy":0,"hosting":0,"service":0}},"geometry":{"type":"Point","coordinates":[13.18733,32.88743]}},{"type":"Feature","properties":{"country_code":"BRA","city":"Dois Vizinhos","geoname_id":"3464579","h3_hexagon":592930130817449983,"h3_resolution":3,"downloaders":{"size":853,"mobile":0,"satellite":0,"tor":0,"tor_exit_nodes":0,"vpn":7,"relay":0,"proxy":0,"hosting":90,"service":0},"uploaders":{"size":3,"mobile":0,"satellite":0,"tor":0,"tor_exit_nodes":0,"vpn":0,"relay":0,"proxy":0,"hosting":3,"service":0}},"geometry":{"type":"Point","coordinates":[-53.05722,-25.73361]}},{"type":"Feature","properties":{"country_code":"RUS","city":"Krasnyy Klyuch","geoname_id":"541679","h3_hexagon":590267663410790399,"h3_resolution":3,"downloaders":{"size":853,"mobile":0,"satellite":0,"tor":0,"tor_exit_nodes":0,"vpn":9,"relay":0,"proxy":0,"hosting":0,"service":1},"uploaders":{"size":4,"mobile":0,"satellite":0,"tor":0,"tor_exit_nodes":0,"vpn":0,"relay":0,"proxy":0,"hosting":0,"service":0}},"geometry":{"type":"Point","coordinates":[56.65287,55.38625]}},{"type":"Feature","properties":{"country_code":"GUM","city":"Hagåtña","geoname_id":"4044012","h3_hexagon":591366419124322303,"h3_resolution":3,"downloaders":{"size":853,"mobile":106,"satellite":0,"tor":0,"tor_exit_nodes":0,"vpn":3,"relay":0,"proxy":0,"hosting":28,"service":0},"uploaders":{"size":22,"mobile":11,"satellite":0,"tor":0,"tor_exit_nodes":0,"vpn":0,"relay":0,"proxy":0,"hosting":7,"service":0}},"geometry":{"type":"Point","coordinates":[144.74886,13.47567]}},{"type":"Feature","properties":{"country_code":"CAN","city":"Pembroke","geoname_id":"6100832","h3_hexagon":590737017436897279,"h3_resolution":3,"downloaders":{"size":852,"mobile":54,"satellite":0,"tor":0,"tor_exit_nodes":0,"vpn":1,"relay":0,"proxy":0,"hosting":0,"service":0},"uploaders":{"size":18,"mobile":0,"satellite":0,"tor":0,"tor_exit_nodes":0,"vpn":0,"relay":0,"proxy":0,"hosting":0,"service":0}},"geometry":{"type":"Point","coordinates":[-77.11616,45.81681]}},{"type":"Feature","properties":{"country_code":"NZL","city":"Hastings","geoname_id":"2190224","h3_hexagon":593261908451131391,"h3_resolution":3,"downloaders":{"size":852,"mobile":406,"satellite":0,"tor":0,"tor_exit_nodes":0,"vpn":33,"relay":0,"proxy":0,"hosting":0,"service":0},"uploaders":{"size":11,"mobile":4,"satellite":0,"tor":0,"tor_exit_nodes":0,"vpn":0,"relay":0,"proxy":0,"hosting":0,"service":0}},"geometry":{"type":"Point","coordinates":[176.84918,-39.6381]}},{"type":"Feature","properties":{"country_code":"VEN","city":"Los Teques","geoname_id":"3633622","h3_hexagon":591788975186771967,"h3_resolution":3,"downloaders":{"size":851,"mobile":0,"satellite":0,"tor":0,"tor_exit_nodes":0,"vpn":24,"relay":0,"proxy":0,"hosting":10,"service":10},"uploaders":{"size":30,"mobile":0,"satellite":0,"tor":0,"tor_exit_nodes":0,"vpn":3,"relay":0,"proxy":0,"hosting":2,"service":2}},"geometry":{"type":"Point","coordinates":[-67.04266,10.34954]}},{"type":"Feature","properties":{"country_code":"ITA","city":"Matera","geoname_id":"3173721","h3_hexagon":590508868774133759,"h3_resolution":3,"downloaders":{"size":850,"mobile":28,"satellite":0,"tor":0,"tor_exit_nodes":0,"vpn":0,"relay":0,"proxy":0,"hosting":0,"service":0},"uploaders":{"size":5,"mobile":0,"satellite":0,"tor":0,"tor_exit_nodes":0,"vpn":0,"relay":0,"proxy":0,"hosting":0,"service":0}},"geometry":{"type":"Point","coordinates":[16.60463,40.66599]}},{"type":"Feature","properties":{"country_code":"NZL","city":"New Plymouth","geoname_id":"2186239","h3_hexagon":593269192715665407,"h3_resolution":3,"downloaders":{"size":849,"mobile":261,"satellite":0,"tor":0,"tor_exit_nodes":0,"vpn":11,"relay":0,"proxy":0,"hosting":0,"service":0},"uploaders":{"size":13,"mobile":5,"satellite":0,"tor":0,"tor_exit_nodes":0,"vpn":0,"relay":0,"proxy":0,"hosting":0,"service":0}},"geometry":{"type":"Point","coordinates":[174.08333,-39.06667]}},{"type":"Feature","properties":{"country_code":"USA","city":"Mangum","geoname_id":"4542100","h3_hexagon":590653523272663039,"h3_resolution":3,"downloaders":{"size":848,"mobile":0,"satellite":0,"tor":0,"tor_exit_nodes":0,"vpn":4,"relay":0,"proxy":0,"hosting":0,"service":0},"uploaders":{"size":3,"mobile":0,"satellite":0,"tor":0,"tor_exit_nodes":0,"vpn":0,"relay":0,"proxy":0,"hosting":0,"service":0}},"geometry":{"type":"Point","coordinates":[-99.50426,34.872]}},{"type":"Feature","properties":{"country_code":"UKR","city":"Piskivka","geoname_id":"697489","h3_hexagon":590505982556110847,"h3_resolution":3,"downloaders":{"size":841,"mobile":0,"satellite":0,"tor":0,"tor_exit_nodes":0,"vpn":52,"relay":0,"proxy":0,"hosting":19,"service":15},"uploaders":{"size":10,"mobile":0,"satellite":0,"tor":0,"tor_exit_nodes":0,"vpn":10,"relay":0,"proxy":0,"hosting":10,"service":10}},"geometry":{"type":"Point","coordinates":[29.61934,50.69378]}},{"type":"Feature","properties":{"country_code":"USA","city":"Maricopa","geoname_id":"5303752","h3_hexagon":591254268938289151,"h3_resolution":3,"downloaders":{"size":841,"mobile":3,"satellite":0,"tor":0,"tor_exit_nodes":0,"vpn":0,"relay":0,"proxy":0,"hosting":2,"service":0},"uploaders":{"size":5,"mobile":0,"satellite":0,"tor":0,"tor_exit_nodes":0,"vpn":0,"relay":0,"proxy":0,"hosting":0,"service":0}},"geometry":{"type":"Point","coordinates":[-112.04764,33.05811]}},{"type":"Feature","properties":{"country_code":"USA","city":"Kingsland","geoname_id":"4204007","h3_hexagon":591184587388878847,"h3_resolution":3,"downloaders":{"size":840,"mobile":0,"satellite":0,"tor":0,"tor_exit_nodes":0,"vpn":1,"relay":0,"proxy":0,"hosting":1,"service":0},"uploaders":{"size":5,"mobile":0,"satellite":0,"tor":0,"tor_exit_nodes":0,"vpn":0,"relay":0,"proxy":0,"hosting":0,"service":0}},"geometry":{"type":"Point","coordinates":[-81.68983,30.79996]}},{"type":"Feature","properties":{"country_code":"COL","city":"Villavicencio","geoname_id":"3665900","h3_hexagon":591781759641714687,"h3_resolution":3,"downloaders":{"size":838,"mobile":450,"satellite":0,"tor":0,"tor_exit_nodes":0,"vpn":9,"relay":0,"proxy":0,"hosting":33,"service":0},"uploaders":{"size":3,"mobile":0,"satellite":0,"tor":0,"tor_exit_nodes":0,"vpn":0,"relay":0,"proxy":0,"hosting":0,"service":0}},"geometry":{"type":"Point","coordinates":[-73.62564,4.13238]}},{"type":"Feature","properties":{"country_code":"IND","city":"Nashik","geoname_id":"1261731","h3_hexagon":591670983845216255,"h3_resolution":3,"downloaders":{"size":836,"mobile":298,"satellite":0,"tor":0,"tor_exit_nodes":0,"vpn":1,"relay":0,"proxy":0,"hosting":3,"service":0},"uploaders":{"size":6,"mobile":4,"satellite":0,"tor":0,"tor_exit_nodes":0,"vpn":0,"relay":0,"proxy":0,"hosting":0,"service":0}},"geometry":{"type":"Point","coordinates":[73.79096,19.99727]}},{"type":"Feature","properties":{"country_code":"USA","city":"Santa Maria","geoname_id":"5393180","h3_hexagon":590694205202890751,"h3_resolution":3,"downloaders":{"size":834,"mobile":2,"satellite":0,"tor":0,"tor_exit_nodes":0,"vpn":0,"relay":0,"proxy":0,"hosting":0,"service":0},"uploaders":{"size":14,"mobile":0,"satellite":0,"tor":0,"tor_exit_nodes":0,"vpn":0,"relay":0,"proxy":0,"hosting":0,"service":0}},"geometry":{"type":"Point","coordinates":[-120.43572,34.95303]}},{"type":"Feature","properties":{"country_code":"USA","city":"Hot Springs","geoname_id":"4115412","h3_hexagon":591173042516787199,"h3_resolution":3,"downloaders":{"size":833,"mobile":0,"satellite":0,"tor":0,"tor_exit_nodes":0,"vpn":15,"relay":0,"proxy":0,"hosting":0,"service":0},"uploaders":{"size":10,"mobile":0,"satellite":0,"tor":0,"tor_exit_nodes":0,"vpn":1,"relay":0,"proxy":0,"hosting":0,"service":0}},"geometry":{"type":"Point","coordinates":[-93.05517999999999,34.5037]}},{"type":"Feature","properties":{"country_code":"USA","city":"Port Arthur","geoname_id":"4720039","h3_hexagon":591175447698472959,"h3_resolution":3,"downloaders":{"size":832,"mobile":11,"satellite":0,"tor":0,"tor_exit_nodes":0,"vpn":5,"relay":1,"proxy":0,"hosting":1,"service":1},"uploaders":{"size":14,"mobile":0,"satellite":0,"tor":0,"tor_exit_nodes":0,"vpn":0,"relay":0,"proxy":0,"hosting":0,"service":0}},"geometry":{"type":"Point","coordinates":[-93.927,29.9212]}},{"type":"Feature","properties":{"country_code":"VEN","city":"Ciudad Guayana","geoname_id":"3645528","h3_hexagon":591647344345219071,"h3_resolution":3,"downloaders":{"size":828,"mobile":0,"satellite":0,"tor":0,"tor_exit_nodes":0,"vpn":15,"relay":0,"proxy":0,"hosting":2,"service":0},"uploaders":{"size":11,"mobile":0,"satellite":0,"tor":0,"tor_exit_nodes":0,"vpn":0,"relay":0,"proxy":0,"hosting":0,"service":0}},"geometry":{"type":"Point","coordinates":[-62.64102,8.35122]}},{"type":"Feature","properties":{"country_code":"USA","city":"Ellensburg","geoname_id":"5793639","h3_hexagon":590684721915101183,"h3_resolution":3,"downloaders":{"size":825,"mobile":10,"satellite":0,"tor":0,"tor_exit_nodes":0,"vpn":1,"relay":0,"proxy":0,"hosting":0,"service":0},"uploaders":{"size":10,"mobile":7,"satellite":0,"tor":0,"tor_exit_nodes":0,"vpn":0,"relay":0,"proxy":0,"hosting":0,"service":0}},"geometry":{"type":"Point","coordinates":[-120.54785,46.99651]}},{"type":"Feature","properties":{"country_code":"BRB","city":"Crane","geoname_id":"3373477","h3_hexagon":591633119413534719,"h3_resolution":3,"downloaders":{"size":815,"mobile":0,"satellite":0,"tor":0,"tor_exit_nodes":0,"vpn":0,"relay":0,"proxy":0,"hosting":0,"service":0},"uploaders":{"size":39,"mobile":0,"satellite":0,"tor":0,"tor_exit_nodes":0,"vpn":0,"relay":0,"proxy":0,"hosting":0,"service":0}},"geometry":{"type":"Point","coordinates":[-59.44861,13.10487]}},{"type":"Feature","properties":{"country_code":"USA","city":"San Angelo","geoname_id":"5530022","h3_hexagon":591247740587999231,"h3_resolution":3,"downloaders":{"size":813,"mobile":0,"satellite":0,"tor":0,"tor_exit_nodes":0,"vpn":0,"relay":0,"proxy":0,"hosting":34,"service":0},"uploaders":{"size":5,"mobile":0,"satellite":0,"tor":0,"tor_exit_nodes":0,"vpn":0,"relay":0,"proxy":0,"hosting":4,"service":0}},"geometry":{"type":"Point","coordinates":[-100.43704,31.46377]}},{"type":"Feature","properties":{"country_code":"USA","city":"The Dalles","geoname_id":"5756304","h3_hexagon":590692212338065407,"h3_resolution":3,"downloaders":{"size":811,"mobile":0,"satellite":0,"tor":0,"tor_exit_nodes":0,"vpn":0,"relay":0,"proxy":0,"hosting":586,"service":0},"uploaders":{"size":12,"mobile":0,"satellite":0,"tor":0,"tor_exit_nodes":0,"vpn":0,"relay":0,"proxy":0,"hosting":12,"service":0}},"geometry":{"type":"Point","coordinates":[-121.17868,45.59456]}},{"type":"Feature","properties":{"country_code":"USA","city":"Fountain","geoname_id":"5422191","h3_hexagon":590649468823535615,"h3_resolution":3,"downloaders":{"size":806,"mobile":0,"satellite":0,"tor":0,"tor_exit_nodes":0,"vpn":0,"relay":0,"proxy":0,"hosting":0,"service":0},"uploaders":{"size":5,"mobile":0,"satellite":0,"tor":0,"tor_exit_nodes":0,"vpn":0,"relay":0,"proxy":0,"hosting":0,"service":0}},"geometry":{"type":"Point","coordinates":[-104.70081,38.68222]}},{"type":"Feature","properties":{"country_code":"BLR","city":"Zhlobin","geoname_id":"618806","h3_hexagon":590522131633143807,"h3_resolution":3,"downloaders":{"size":796,"mobile":17,"satellite":0,"tor":0,"tor_exit_nodes":0,"vpn":12,"relay":0,"proxy":0,"hosting":0,"service":0},"uploaders":{"size":3,"mobile":0,"satellite":0,"tor":0,"tor_exit_nodes":0,"vpn":0,"relay":0,"proxy":0,"hosting":0,"service":0}},"geometry":{"type":"Point","coordinates":[30.024,52.8926]}},{"type":"Feature","properties":{"country_code":"USA","city":"Tiptonville","geoname_id":"4662809","h3_hexagon":590645483093884927,"h3_resolution":3,"downloaders":{"size":791,"mobile":0,"satellite":0,"tor":0,"tor_exit_nodes":0,"vpn":4,"relay":0,"proxy":0,"hosting":0,"service":0},"uploaders":{"size":4,"mobile":0,"satellite":0,"tor":0,"tor_exit_nodes":0,"vpn":0,"relay":0,"proxy":0,"hosting":0,"service":0}},"geometry":{"type":"Point","coordinates":[-89.47202,36.3784]}},{"type":"Feature","properties":{"country_code":"MYS","city":"Kuching","geoname_id":"1735634","h3_hexagon":592444833872740351,"h3_resolution":3,"downloaders":{"size":789,"mobile":30,"satellite":0,"tor":0,"tor_exit_nodes":0,"vpn":0,"relay":0,"proxy":0,"hosting":0,"service":0},"uploaders":{"size":19,"mobile":0,"satellite":0,"tor":0,"tor_exit_nodes":0,"vpn":0,"relay":0,"proxy":0,"hosting":0,"service":0}},"geometry":{"type":"Point","coordinates":[110.33333,1.55]}},{"type":"Feature","properties":{"country_code":"SLV","city":"San Miguel","geoname_id":"3583446","h3_hexagon":591896177570480127,"h3_resolution":3,"downloaders":{"size":772,"mobile":8,"satellite":0,"tor":0,"tor_exit_nodes":0,"vpn":1,"relay":0,"proxy":0,"hosting":72,"service":0},"uploaders":{"size":14,"mobile":0,"satellite":0,"tor":0,"tor_exit_nodes":0,"vpn":0,"relay":0,"proxy":0,"hosting":0,"service":0}},"geometry":{"type":"Point","coordinates":[-88.18211,13.48261]}},{"type":"Feature","properties":{"country_code":"IND","city":"Indore","geoname_id":"1269743","h3_hexagon":591055051175231487,"h3_resolution":3,"downloaders":{"size":771,"mobile":498,"satellite":0,"tor":0,"tor_exit_nodes":0,"vpn":8,"relay":0,"proxy":0,"hosting":0,"service":0},"uploaders":{"size":3,"mobile":1,"satellite":0,"tor":0,"tor_exit_nodes":0,"vpn":0,"relay":0,"proxy":0,"hosting":0,"service":0}},"geometry":{"type":"Point","coordinates":[75.8333,22.71792]}},{"type":"Feature","properties":{"country_code":"USA","city":"Billings","geoname_id":"5640350","h3_hexagon":590668572838068223,"h3_resolution":3,"downloaders":{"size":770,"mobile":0,"satellite":20,"tor":0,"tor_exit_nodes":0,"vpn":211,"relay":0,"proxy":0,"hosting":205,"service":205},"uploaders":{"size":14,"mobile":0,"satellite":0,"tor":0,"tor_exit_nodes":0,"vpn":11,"relay":0,"proxy":0,"hosting":11,"service":11}},"geometry":{"type":"Point","coordinates":[-108.50069,45.78329]}},{"type":"Feature","properties":{"country_code":"RWA","city":"Kigali","geoname_id":"202061","h3_hexagon":591851235032694783,"h3_resolution":3,"downloaders":{"size":767,"mobile":82,"satellite":18,"tor":0,"tor_exit_nodes":0,"vpn":4,"relay":0,"proxy":0,"hosting":0,"service":0},"uploaders":{"size":11,"mobile":0,"satellite":0,"tor":0,"tor_exit_nodes":0,"vpn":0,"relay":0,"proxy":0,"hosting":0,"service":0}},"geometry":{"type":"Point","coordinates":[30.05885,-1.94995]}},{"type":"Feature","properties":{"country_code":"USA","city":"Ozark","geoname_id":"4125181","h3_hexagon":590656134612779007,"h3_resolution":3,"downloaders":{"size":764,"mobile":0,"satellite":0,"tor":0,"tor_exit_nodes":0,"vpn":2,"relay":0,"proxy":0,"hosting":0,"service":0},"uploaders":{"size":5,"mobile":0,"satellite":0,"tor":0,"tor_exit_nodes":0,"vpn":0,"relay":0,"proxy":0,"hosting":0,"service":0}},"geometry":{"type":"Point","coordinates":[-93.8277,35.48703]}},{"type":"Feature","properties":{"country_code":"CAN","city":"Medicine Hat","geoname_id":"6071618","h3_hexagon":590669947227602943,"h3_resolution":3,"downloaders":{"size":762,"mobile":99,"satellite":0,"tor":0,"tor_exit_nodes":0,"vpn":18,"relay":0,"proxy":0,"hosting":0,"service":0},"uploaders":{"size":19,"mobile":0,"satellite":0,"tor":0,"tor_exit_nodes":0,"vpn":0,"relay":0,"proxy":0,"hosting":0,"service":0}},"geometry":{"type":"Point","coordinates":[-110.67661,50.03928]}},{"type":"Feature","properties":{"country_code":"USA","city":"Reynoldsville","geoname_id":"5208111","h3_hexagon":590721624274108415,"h3_resolution":3,"downloaders":{"size":758,"mobile":0,"satellite":0,"tor":0,"tor_exit_nodes":0,"vpn":14,"relay":0,"proxy":0,"hosting":0,"service":0},"uploaders":{"size":7,"mobile":0,"satellite":0,"tor":0,"tor_exit_nodes":0,"vpn":0,"relay":0,"proxy":0,"hosting":0,"service":0}},"geometry":{"type":"Point","coordinates":[-78.88864,41.09701]}},{"type":"Feature","properties":{"country_code":"PHL","city":"Bacolod City","geoname_id":"1729564","h3_hexagon":591807941762351103,"h3_resolution":3,"downloaders":{"size":754,"mobile":222,"satellite":0,"tor":0,"tor_exit_nodes":0,"vpn":1,"relay":0,"proxy":0,"hosting":0,"service":0},"uploaders":{"size":78,"mobile":5,"satellite":0,"tor":0,"tor_exit_nodes":0,"vpn":0,"relay":0,"proxy":0,"hosting":0,"service":0}},"geometry":{"type":"Point","coordinates":[122.95,10.66667]}},{"type":"Feature","properties":{"country_code":"NGA","city":"Abuja","geoname_id":"2352778","h3_hexagon":591536224951336959,"h3_resolution":3,"downloaders":{"size":753,"mobile":553,"satellite":0,"tor":0,"tor_exit_nodes":0,"vpn":10,"relay":0,"proxy":0,"hosting":10,"service":0},"uploaders":{"size":107,"mobile":83,"satellite":0,"tor":0,"tor_exit_nodes":0,"vpn":2,"relay":0,"proxy":0,"hosting":0,"service":0}},"geometry":{"type":"Point","coordinates":[7.49508,9.05785]}},{"type":"Feature","properties":{"country_code":"USA","city":"Grand Forks","geoname_id":"5059429","h3_hexagon":590659433147662335,"h3_resolution":3,"downloaders":{"size":753,"mobile":0,"satellite":0,"tor":0,"tor_exit_nodes":0,"vpn":7,"relay":0,"proxy":0,"hosting":0,"service":0},"uploaders":{"size":12,"mobile":0,"satellite":0,"tor":0,"tor_exit_nodes":0,"vpn":0,"relay":0,"proxy":0,"hosting":0,"service":0}},"geometry":{"type":"Point","coordinates":[-97.03285,47.92526]}},{"type":"Feature","properties":{"country_code":"BFA","city":"Ouagadougou","geoname_id":"2357048","h3_hexagon":591547288787091455,"h3_resolution":3,"downloaders":{"size":752,"mobile":61,"satellite":0,"tor":0,"tor_exit_nodes":0,"vpn":0,"relay":0,"proxy":0,"hosting":0,"service":0},"uploaders":{"size":3,"mobile":0,"satellite":0,"tor":0,"tor_exit_nodes":0,"vpn":0,"relay":0,"proxy":0,"hosting":0,"service":0}},"geometry":{"type":"Point","coordinates":[-1.53388,12.36566]}},{"type":"Feature","properties":{"country_code":"RUS","city":"Dalnegorsk","geoname_id":"2051471","h3_hexagon":590794123322064895,"h3_resolution":3,"downloaders":{"size":751,"mobile":0,"satellite":0,"tor":0,"tor_exit_nodes":0,"vpn":3,"relay":0,"proxy":0,"hosting":0,"service":3},"uploaders":{"size":7,"mobile":0,"satellite":0,"tor":0,"tor_exit_nodes":0,"vpn":0,"relay":0,"proxy":0,"hosting":0,"service":0}},"geometry":{"type":"Point","coordinates":[135.6209,44.55745]}},{"type":"Feature","properties":{"country_code":"AUS","city":"Sunshine Coast","geoname_id":"10630449","h3_hexagon":593323481102286847,"h3_resolution":3,"downloaders":{"size":735,"mobile":0,"satellite":0,"tor":0,"tor_exit_nodes":0,"vpn":0,"relay":0,"proxy":0,"hosting":1,"service":0},"uploaders":{"size":5,"mobile":0,"satellite":0,"tor":0,"tor_exit_nodes":0,"vpn":0,"relay":0,"proxy":0,"hosting":0,"service":0}},"geometry":{"type":"Point","coordinates":[153.07955,-26.65682]}},{"type":"Feature","properties":{"country_code":"ARG","city":"Tandil","geoname_id":"3427833","h3_hexagon":593387252776697855,"h3_resolution":3,"downloaders":{"size":727,"mobile":5,"satellite":0,"tor":0,"tor_exit_nodes":0,"vpn":7,"relay":0,"proxy":0,"hosting":0,"service":0},"uploaders":{"size":3,"mobile":0,"satellite":0,"tor":0,"tor_exit_nodes":0,"vpn":0,"relay":0,"proxy":0,"hosting":0,"service":0}},"geometry":{"type":"Point","coordinates":[-59.1369,-37.3287]}},{"type":"Feature","properties":{"country_code":"IND","city":"Nalgonda","geoname_id":"1262067","h3_hexagon":591672907990564863,"h3_resolution":3,"downloaders":{"size":724,"mobile":6,"satellite":0,"tor":0,"tor_exit_nodes":0,"vpn":2,"relay":0,"proxy":0,"hosting":58,"service":0},"uploaders":{"size":11,"mobile":0,"satellite":0,"tor":0,"tor_exit_nodes":0,"vpn":0,"relay":0,"proxy":0,"hosting":0,"service":0}},"geometry":{"type":"Point","coordinates":[79.26707,17.05439]}},{"type":"Feature","properties":{"country_code":"IND","city":"Agra","geoname_id":"1279259","h3_hexagon":591053882944126975,"h3_resolution":3,"downloaders":{"size":724,"mobile":554,"satellite":0,"tor":0,"tor_exit_nodes":0,"vpn":1,"relay":0,"proxy":0,"hosting":0,"service":0},"uploaders":{"size":5,"mobile":1,"satellite":0,"tor":0,"tor_exit_nodes":0,"vpn":0,"relay":0,"proxy":0,"hosting":0,"service":0}},"geometry":{"type":"Point","coordinates":[78.01667,27.18333]}},{"type":"Feature","properties":{"country_code":"CAN","city":"Steinbach","geoname_id":"6156102","h3_hexagon":590657921319174143,"h3_resolution":3,"downloaders":{"size":722,"mobile":16,"satellite":0,"tor":0,"tor_exit_nodes":0,"vpn":9,"relay":0,"proxy":0,"hosting":0,"service":0},"uploaders":{"size":10,"mobile":0,"satellite":0,"tor":0,"tor_exit_nodes":0,"vpn":0,"relay":0,"proxy":0,"hosting":0,"service":0}},"geometry":{"type":"Point","coordinates":[-96.68451,49.52579]}},{"type":"Feature","properties":{"country_code":"USA","city":"Mililani Town","geoname_id":"5851030","h3_hexagon":591208020730445823,"h3_resolution":3,"downloaders":{"size":718,"mobile":9,"satellite":0,"tor":0,"tor_exit_nodes":0,"vpn":40,"relay":0,"proxy":0,"hosting":0,"service":0},"uploaders":{"size":7,"mobile":0,"satellite":0,"tor":0,"tor_exit_nodes":0,"vpn":0,"relay":0,"proxy":0,"hosting":0,"service":0}},"geometry":{"type":"Point","coordinates":[-158.01503,21.4504]}},{"type":"Feature","properties":{"country_code":"CRI","city":"Sardinal","geoname_id":"3621490","h3_hexagon":591896315009433599,"h3_resolution":3,"downloaders":{"size":717,"mobile":502,"satellite":0,"tor":0,"tor_exit_nodes":0,"vpn":0,"relay":0,"proxy":0,"hosting":0,"service":0},"uploaders":{"size":23,"mobile":22,"satellite":0,"tor":0,"tor_exit_nodes":0,"vpn":0,"relay":0,"proxy":0,"hosting":0,"service":0}},"geometry":{"type":"Point","coordinates":[-85.64748,10.51674]}},{"type":"Feature","properties":{"country_code":"GBR","city":"Camborne","geoname_id":"2653945","h3_hexagon":590401528951472127,"h3_resolution":3,"downloaders":{"size":716,"mobile":14,"satellite":0,"tor":0,"tor_exit_nodes":0,"vpn":0,"relay":0,"proxy":0,"hosting":0,"service":0},"uploaders":{"size":4,"mobile":0,"satellite":0,"tor":0,"tor_exit_nodes":0,"vpn":0,"relay":0,"proxy":0,"hosting":0,"service":0}},"geometry":{"type":"Point","coordinates":[-5.29731,50.21306]}},{"type":"Feature","properties":{"country_code":"NOR","city":"Lillehammer","geoname_id":"3147474","h3_hexagon":590139501586677759,"h3_resolution":3,"downloaders":{"size":712,"mobile":16,"satellite":0,"tor":0,"tor_exit_nodes":0,"vpn":0,"relay":0,"proxy":0,"hosting":0,"service":0},"uploaders":{"size":4,"mobile":4,"satellite":0,"tor":0,"tor_exit_nodes":0,"vpn":0,"relay":0,"proxy":0,"hosting":0,"service":0}},"geometry":{"type":"Point","coordinates":[10.46628,61.11514]}},{"type":"Feature","properties":{"country_code":"USA","city":"Princeton","geoname_id":"5604529","h3_hexagon":590684790634577919,"h3_resolution":3,"downloaders":{"size":707,"mobile":0,"satellite":0,"tor":0,"tor_exit_nodes":0,"vpn":5,"relay":0,"proxy":0,"hosting":1,"service":0},"uploaders":{"size":17,"mobile":0,"satellite":0,"tor":0,"tor_exit_nodes":0,"vpn":0,"relay":0,"proxy":0,"hosting":0,"service":0}},"geometry":{"type":"Point","coordinates":[-116.83405,46.91406]}},{"type":"Feature","properties":{"country_code":"USA","city":"Merritt Island","geoname_id":"4164092","h3_hexagon":591179639586553855,"h3_resolution":3,"downloaders":{"size":703,"mobile":11,"satellite":0,"tor":0,"tor_exit_nodes":0,"vpn":5,"relay":0,"proxy":0,"hosting":237,"service":0},"uploaders":{"size":10,"mobile":0,"satellite":0,"tor":0,"tor_exit_nodes":0,"vpn":0,"relay":0,"proxy":0,"hosting":0,"service":0}},"geometry":{"type":"Point","coordinates":[-80.69,28.359]}},{"type":"Feature","properties":{"country_code":"PHL","city":"Iloilo","geoname_id":"1711005","h3_hexagon":591809247432409087,"h3_resolution":3,"downloaders":{"size":697,"mobile":436,"satellite":0,"tor":0,"tor_exit_nodes":0,"vpn":2,"relay":0,"proxy":1,"hosting":0,"service":0},"uploaders":{"size":27,"mobile":18,"satellite":0,"tor":0,"tor_exit_nodes":0,"vpn":0,"relay":0,"proxy":0,"hosting":0,"service":0}},"geometry":{"type":"Point","coordinates":[122.56444,10.69694]}},{"type":"Feature","properties":{"country_code":"IND","city":"Nellore","geoname_id":"1261529","h3_hexagon":591687545239109631,"h3_resolution":3,"downloaders":{"size":694,"mobile":375,"satellite":0,"tor":0,"tor_exit_nodes":0,"vpn":0,"relay":0,"proxy":0,"hosting":3,"service":0},"uploaders":{"size":7,"mobile":6,"satellite":0,"tor":0,"tor_exit_nodes":0,"vpn":0,"relay":0,"proxy":0,"hosting":0,"service":0}},"geometry":{"type":"Point","coordinates":[79.98697,14.44992]}},{"type":"Feature","properties":{"country_code":"CAN","city":"Corner Brook","geoname_id":"5927969","h3_hexagon":590457191727628287,"h3_resolution":3,"downloaders":{"size":689,"mobile":408,"satellite":0,"tor":0,"tor_exit_nodes":0,"vpn":0,"relay":0,"proxy":0,"hosting":0,"service":0},"uploaders":{"size":9,"mobile":9,"satellite":0,"tor":0,"tor_exit_nodes":0,"vpn":0,"relay":0,"proxy":0,"hosting":0,"service":0}},"geometry":{"type":"Point","coordinates":[-57.95202,48.95001]}},{"type":"Feature","properties":{"country_code":"NOR","city":"Stokmarknes","geoname_id":"3136690","h3_hexagon":590135996893364223,"h3_resolution":3,"downloaders":{"size":683,"mobile":0,"satellite":0,"tor":0,"tor_exit_nodes":0,"vpn":0,"relay":0,"proxy":0,"hosting":0,"service":0},"uploaders":{"size":57,"mobile":0,"satellite":0,"tor":0,"tor_exit_nodes":0,"vpn":0,"relay":0,"proxy":0,"hosting":0,"service":0}},"geometry":{"type":"Point","coordinates":[14.91075,68.56462]}},{"type":"Feature","properties":{"country_code":"USA","city":"Bismarck","geoname_id":"5688025","h3_hexagon":590643833826443263,"h3_resolution":3,"downloaders":{"size":679,"mobile":0,"satellite":0,"tor":0,"tor_exit_nodes":0,"vpn":0,"relay":0,"proxy":0,"hosting":0,"service":0},"uploaders":{"size":3,"mobile":0,"satellite":0,"tor":0,"tor_exit_nodes":0,"vpn":0,"relay":0,"proxy":0,"hosting":0,"service":0}},"geometry":{"type":"Point","coordinates":[-100.78374,46.80833]}},{"type":"Feature","properties":{"country_code":"NOR","city":"Mo i Rana","geoname_id":"3145614","h3_hexagon":590115312330866687,"h3_resolution":3,"downloaders":{"size":671,"mobile":0,"satellite":0,"tor":0,"tor_exit_nodes":0,"vpn":25,"relay":0,"proxy":0,"hosting":0,"service":0},"uploaders":{"size":55,"mobile":0,"satellite":0,"tor":0,"tor_exit_nodes":0,"vpn":0,"relay":0,"proxy":0,"hosting":0,"service":0}},"geometry":{"type":"Point","coordinates":[14.14278,66.31278]}},{"type":"Feature","properties":{"country_code":"VEN","city":"Guatire","geoname_id":"3639898","h3_hexagon":591788837747818495,"h3_resolution":3,"downloaders":{"size":669,"mobile":2,"satellite":0,"tor":0,"tor_exit_nodes":0,"vpn":0,"relay":0,"proxy":0,"hosting":0,"service":0},"uploaders":{"size":12,"mobile":0,"satellite":0,"tor":0,"tor_exit_nodes":0,"vpn":0,"relay":0,"proxy":0,"hosting":0,"service":0}},"geometry":{"type":"Point","coordinates":[-66.54241,10.474]}},{"type":"Feature","properties":{"country_code":"THA","city":"Chiang Rai","geoname_id":"1153669","h3_hexagon":591740734114103295,"h3_resolution":3,"downloaders":{"size":665,"mobile":66,"satellite":0,"tor":0,"tor_exit_nodes":0,"vpn":28,"relay":0,"proxy":0,"hosting":0,"service":27},"uploaders":{"size":14,"mobile":0,"satellite":0,"tor":0,"tor_exit_nodes":0,"vpn":0,"relay":0,"proxy":0,"hosting":0,"service":0}},"geometry":{"type":"Point","coordinates":[99.8325,19.90858]}},{"type":"Feature","properties":{"country_code":"MMR","city":"Yangon","geoname_id":"1298824","h3_hexagon":591740459236196351,"h3_resolution":3,"downloaders":{"size":656,"mobile":118,"satellite":8,"tor":0,"tor_exit_nodes":0,"vpn":18,"relay":0,"proxy":0,"hosting":173,"service":11},"uploaders":{"size":37,"mobile":9,"satellite":0,"tor":0,"tor_exit_nodes":0,"vpn":1,"relay":0,"proxy":0,"hosting":25,"service":1}},"geometry":{"type":"Point","coordinates":[96.15611,16.80528]}},{"type":"Feature","properties":{"country_code":"MEX","city":"Navojoa","geoname_id":"3995019","h3_hexagon":591238944494977023,"h3_resolution":3,"downloaders":{"size":654,"mobile":0,"satellite":0,"tor":0,"tor_exit_nodes":0,"vpn":0,"relay":0,"proxy":0,"hosting":0,"service":0},"uploaders":{"size":8,"mobile":0,"satellite":0,"tor":0,"tor_exit_nodes":0,"vpn":0,"relay":0,"proxy":0,"hosting":0,"service":0}},"geometry":{"type":"Point","coordinates":[-109.44345,27.07057]}},{"type":"Feature","properties":{"country_code":"ZAF","city":"Sasolburg","geoname_id":"957487","h3_hexagon":593292145020895231,"h3_resolution":3,"downloaders":{"size":654,"mobile":12,"satellite":0,"tor":0,"tor_exit_nodes":0,"vpn":3,"relay":0,"proxy":0,"hosting":341,"service":0},"uploaders":{"size":21,"mobile":0,"satellite":0,"tor":0,"tor_exit_nodes":0,"vpn":0,"relay":0,"proxy":0,"hosting":7,"service":0}},"geometry":{"type":"Point","coordinates":[27.81695,-26.81358]}},{"type":"Feature","properties":{"country_code":"USA","city":"Ardmore","geoname_id":"4529469","h3_hexagon":590654279186907135,"h3_resolution":3,"downloaders":{"size":653,"mobile":0,"satellite":0,"tor":0,"tor_exit_nodes":0,"vpn":26,"relay":0,"proxy":0,"hosting":0,"service":0},"uploaders":{"size":5,"mobile":0,"satellite":0,"tor":0,"tor_exit_nodes":0,"vpn":0,"relay":0,"proxy":0,"hosting":0,"service":0}},"geometry":{"type":"Point","coordinates":[-97.1792,34.1566]}},{"type":"Feature","properties":{"country_code":"GBR","city":"Holyhead","geoname_id":"2646686","h3_hexagon":590417128272691199,"h3_resolution":3,"downloaders":{"size":647,"mobile":34,"satellite":0,"tor":0,"tor_exit_nodes":0,"vpn":5,"relay":0,"proxy":0,"hosting":17,"service":0},"uploaders":{"size":15,"mobile":0,"satellite":0,"tor":0,"tor_exit_nodes":0,"vpn":0,"relay":0,"proxy":0,"hosting":0,"service":0}},"geometry":{"type":"Point","coordinates":[-4.63211,53.30621]}},{"type":"Feature","properties":{"country_code":"IND","city":"Vriddhāchalam","geoname_id":"1253080","h3_hexagon":591689812981841919,"h3_resolution":3,"downloaders":{"size":646,"mobile":19,"satellite":0,"tor":0,"tor_exit_nodes":0,"vpn":1,"relay":0,"proxy":0,"hosting":3,"service":0},"uploaders":{"size":8,"mobile":0,"satellite":0,"tor":0,"tor_exit_nodes":0,"vpn":0,"relay":0,"proxy":0,"hosting":0,"service":0}},"geometry":{"type":"Point","coordinates":[79.32411,11.5183]}},{"type":"Feature","properties":{"country_code":"NER","city":"Niamey","geoname_id":"2440485","h3_hexagon":591547013909184511,"h3_resolution":3,"downloaders":{"size":644,"mobile":386,"satellite":33,"tor":0,"tor_exit_nodes":0,"vpn":0,"relay":0,"proxy":0,"hosting":0,"service":0},"uploaders":{"size":17,"mobile":16,"satellite":0,"tor":0,"tor_exit_nodes":0,"vpn":0,"relay":0,"proxy":0,"hosting":0,"service":0}},"geometry":{"type":"Point","coordinates":[2.1098,13.51366]}},{"type":"Feature","properties":{"country_code":"CAN","city":"Bridgewater","geoname_id":"5908723","h3_hexagon":590729045977595903,"h3_resolution":3,"downloaders":{"size":638,"mobile":29,"satellite":0,"tor":0,"tor_exit_nodes":0,"vpn":0,"relay":0,"proxy":0,"hosting":62,"service":0},"uploaders":{"size":30,"mobile":0,"satellite":0,"tor":0,"tor_exit_nodes":0,"vpn":0,"relay":0,"proxy":0,"hosting":0,"service":0}},"geometry":{"type":"Point","coordinates":[-64.51882,44.37856]}},{"type":"Feature","properties":{"country_code":"SAU","city":"Buraydah","geoname_id":"107304","h3_hexagon":591434726284197887,"h3_resolution":3,"downloaders":{"size":635,"mobile":60,"satellite":0,"tor":0,"tor_exit_nodes":0,"vpn":0,"relay":0,"proxy":0,"hosting":0,"service":0},"uploaders":{"size":6,"mobile":0,"satellite":0,"tor":0,"tor_exit_nodes":0,"vpn":0,"relay":0,"proxy":0,"hosting":0,"service":0}},"geometry":{"type":"Point","coordinates":[43.97497,26.32599]}},{"type":"Feature","properties":{"country_code":"NIC","city":"Juigalpa","geoname_id":"3618908","h3_hexagon":591896589887340543,"h3_resolution":3,"downloaders":{"size":633,"mobile":0,"satellite":0,"tor":0,"tor_exit_nodes":0,"vpn":0,"relay":0,"proxy":0,"hosting":0,"service":0},"uploaders":{"size":10,"mobile":0,"satellite":0,"tor":0,"tor_exit_nodes":0,"vpn":0,"relay":0,"proxy":0,"hosting":0,"service":0}},"geometry":{"type":"Point","coordinates":[-85.36549,12.10591]}},{"type":"Feature","properties":{"country_code":"MDG","city":"Antananarivo","geoname_id":"1070940","h3_hexagon":592824921298567167,"h3_resolution":3,"downloaders":{"size":633,"mobile":50,"satellite":144,"tor":0,"tor_exit_nodes":0,"vpn":3,"relay":0,"proxy":0,"hosting":0,"service":0},"uploaders":{"size":14,"mobile":0,"satellite":9,"tor":0,"tor_exit_nodes":0,"vpn":0,"relay":0,"proxy":0,"hosting":0,"service":0}},"geometry":{"type":"Point","coordinates":[47.53613,-18.91368]}},{"type":"Feature","properties":{"country_code":"AUS","city":"Toowoomba","geoname_id":"2146268","h3_hexagon":593330765366820863,"h3_resolution":3,"downloaders":{"size":632,"mobile":51,"satellite":2,"tor":0,"tor_exit_nodes":0,"vpn":1,"relay":0,"proxy":0,"hosting":5,"service":0},"uploaders":{"size":21,"mobile":7,"satellite":0,"tor":0,"tor_exit_nodes":0,"vpn":0,"relay":0,"proxy":0,"hosting":0,"service":0}},"geometry":{"type":"Point","coordinates":[151.95386,-27.56056]}},{"type":"Feature","properties":{"country_code":"USA","city":"Hattiesburg","geoname_id":"4429295","h3_hexagon":591173454833647615,"h3_resolution":3,"downloaders":{"size":631,"mobile":1,"satellite":0,"tor":0,"tor_exit_nodes":0,"vpn":1,"relay":0,"proxy":0,"hosting":0,"service":0},"uploaders":{"size":3,"mobile":0,"satellite":0,"tor":0,"tor_exit_nodes":0,"vpn":0,"relay":0,"proxy":0,"hosting":0,"service":0}},"geometry":{"type":"Point","coordinates":[-89.29034,31.32712]}},{"type":"Feature","properties":{"country_code":"USA","city":"Starkville","geoname_id":"4447161","h3_hexagon":591174073308938239,"h3_resolution":3,"downloaders":{"size":630,"mobile":4,"satellite":0,"tor":0,"tor_exit_nodes":0,"vpn":0,"relay":0,"proxy":0,"hosting":0,"service":0},"uploaders":{"size":9,"mobile":0,"satellite":0,"tor":0,"tor_exit_nodes":0,"vpn":0,"relay":0,"proxy":0,"hosting":0,"service":0}},"geometry":{"type":"Point","coordinates":[-88.81961,33.45049]}},{"type":"Feature","properties":{"country_code":"SYC","city":"Perseverance","geoname_id":"12718739","h3_hexagon":592322513204150271,"h3_resolution":3,"downloaders":{"size":629,"mobile":28,"satellite":0,"tor":0,"tor_exit_nodes":0,"vpn":0,"relay":0,"proxy":0,"hosting":22,"service":0},"uploaders":{"size":9,"mobile":5,"satellite":0,"tor":0,"tor_exit_nodes":0,"vpn":0,"relay":0,"proxy":0,"hosting":0,"service":0}},"geometry":{"type":"Point","coordinates":[55.46428,-4.60445]}},{"type":"Feature","properties":{"country_code":"VEN","city":"Barinas","geoname_id":"3648546","h3_hexagon":591789799820492799,"h3_resolution":3,"downloaders":{"size":625,"mobile":0,"satellite":0,"tor":0,"tor_exit_nodes":0,"vpn":0,"relay":0,"proxy":0,"hosting":20,"service":0},"uploaders":{"size":40,"mobile":0,"satellite":0,"tor":0,"tor_exit_nodes":0,"vpn":0,"relay":0,"proxy":0,"hosting":9,"service":0}},"geometry":{"type":"Point","coordinates":[-70.23105,8.62064]}},{"type":"Feature","properties":{"country_code":"USA","city":"Wichita Falls","geoname_id":"4741752","h3_hexagon":590655309979058175,"h3_resolution":3,"downloaders":{"size":622,"mobile":0,"satellite":0,"tor":0,"tor_exit_nodes":0,"vpn":8,"relay":0,"proxy":0,"hosting":0,"service":0},"uploaders":{"size":9,"mobile":0,"satellite":0,"tor":0,"tor_exit_nodes":0,"vpn":0,"relay":0,"proxy":0,"hosting":0,"service":0}},"geometry":{"type":"Point","coordinates":[-98.5145,33.9519]}},{"type":"Feature","properties":{"country_code":"IND","city":"Mapusa","geoname_id":"1263580","h3_hexagon":591672083356844031,"h3_resolution":3,"downloaders":{"size":617,"mobile":89,"satellite":0,"tor":0,"tor_exit_nodes":0,"vpn":3,"relay":0,"proxy":0,"hosting":0,"service":0},"uploaders":{"size":46,"mobile":7,"satellite":0,"tor":0,"tor_exit_nodes":0,"vpn":0,"relay":0,"proxy":0,"hosting":0,"service":0}},"geometry":{"type":"Point","coordinates":[73.80898,15.59154]}},{"type":"Feature","properties":{"country_code":"IRL","city":"Ballina","geoname_id":"2966778","h3_hexagon":590396237551763455,"h3_resolution":3,"downloaders":{"size":617,"mobile":1,"satellite":0,"tor":0,"tor_exit_nodes":0,"vpn":27,"relay":0,"proxy":0,"hosting":11,"service":0},"uploaders":{"size":7,"mobile":0,"satellite":0,"tor":0,"tor_exit_nodes":0,"vpn":0,"relay":0,"proxy":0,"hosting":0,"service":0}},"geometry":{"type":"Point","coordinates":[-9.16667,54.11667]}},{"type":"Feature","properties":{"country_code":"IDN","city":"Medan","geoname_id":"1214520","h3_hexagon":591749324048695295,"h3_resolution":3,"downloaders":{"size":616,"mobile":197,"satellite":0,"tor":0,"tor_exit_nodes":0,"vpn":2,"relay":0,"proxy":0,"hosting":86,"service":0},"uploaders":{"size":7,"mobile":3,"satellite":0,"tor":0,"tor_exit_nodes":0,"vpn":0,"relay":0,"proxy":0,"hosting":2,"service":0}},"geometry":{"type":"Point","coordinates":[98.8888,3.56145]}},{"type":"Feature","properties":{"country_code":"PHL","city":"Butuan","geoname_id":"1722186","h3_hexagon":591805811458572287,"h3_resolution":3,"downloaders":{"size":615,"mobile":204,"satellite":0,"tor":0,"tor_exit_nodes":0,"vpn":0,"relay":0,"proxy":0,"hosting":3,"service":0},"uploaders":{"size":8,"mobile":2,"satellite":0,"tor":0,"tor_exit_nodes":0,"vpn":0,"relay":0,"proxy":0,"hosting":0,"service":0}},"geometry":{"type":"Point","coordinates":[125.54361,8.94917]}},{"type":"Feature","properties":{"country_code":"SWE","city":"Ludvika","geoname_id":"2693759","h3_hexagon":590123489948598271,"h3_resolution":3,"downloaders":{"size":611,"mobile":4,"satellite":0,"tor":0,"tor_exit_nodes":0,"vpn":12,"relay":0,"proxy":0,"hosting":0,"service":0},"uploaders":{"size":7,"mobile":0,"satellite":0,"tor":0,"tor_exit_nodes":0,"vpn":0,"relay":0,"proxy":0,"hosting":0,"service":0}},"geometry":{"type":"Point","coordinates":[15.18776,60.14959]}},{"type":"Feature","properties":{"country_code":"USA","city":"Danville","geoname_id":"5235353","h3_hexagon":590739834935443455,"h3_resolution":3,"downloaders":{"size":609,"mobile":1,"satellite":0,"tor":0,"tor_exit_nodes":0,"vpn":25,"relay":0,"proxy":0,"hosting":0,"service":0},"uploaders":{"size":12,"mobile":0,"satellite":0,"tor":0,"tor_exit_nodes":0,"vpn":0,"relay":0,"proxy":0,"hosting":0,"service":0}},"geometry":{"type":"Point","coordinates":[-72.13926,44.41117]}},{"type":"Feature","properties":{"country_code":"CAN","city":"Big River","geoname_id":"5900745","h3_hexagon":590294670165147647,"h3_resolution":3,"downloaders":{"size":607,"mobile":488,"satellite":0,"tor":0,"tor_exit_nodes":0,"vpn":0,"relay":0,"proxy":0,"hosting":0,"service":0},"uploaders":{"size":11,"mobile":11,"satellite":0,"tor":0,"tor_exit_nodes":0,"vpn":0,"relay":0,"proxy":0,"hosting":0,"service":0}},"geometry":{"type":"Point","coordinates":[-107.01783,53.83341]}},{"type":"Feature","properties":{"country_code":"BEN","city":"Cotonou","geoname_id":"2394819","h3_hexagon":591529696601047039,"h3_resolution":3,"downloaders":{"size":593,"mobile":54,"satellite":16,"tor":0,"tor_exit_nodes":0,"vpn":20,"relay":0,"proxy":0,"hosting":0,"service":0},"uploaders":{"size":23,"mobile":0,"satellite":0,"tor":0,"tor_exit_nodes":0,"vpn":0,"relay":0,"proxy":0,"hosting":0,"service":0}},"geometry":{"type":"Point","coordinates":[2.41833,6.36536]}},{"type":"Feature","properties":{"country_code":"CAN","city":"Timmins","geoname_id":"6166739","h3_hexagon":590738391826431999,"h3_resolution":3,"downloaders":{"size":593,"mobile":21,"satellite":0,"tor":0,"tor_exit_nodes":0,"vpn":1,"relay":0,"proxy":0,"hosting":0,"service":0},"uploaders":{"size":10,"mobile":0,"satellite":0,"tor":0,"tor_exit_nodes":0,"vpn":0,"relay":0,"proxy":0,"hosting":0,"service":0}},"geometry":{"type":"Point","coordinates":[-81.33312,48.46686]}},{"type":"Feature","properties":{"country_code":"USA","city":"Lincoln City","geoname_id":"5736645","h3_hexagon":590692143618588671,"h3_resolution":3,"downloaders":{"size":592,"mobile":1,"satellite":0,"tor":0,"tor_exit_nodes":0,"vpn":3,"relay":0,"proxy":0,"hosting":0,"service":0},"uploaders":{"size":4,"mobile":0,"satellite":0,"tor":0,"tor_exit_nodes":0,"vpn":0,"relay":0,"proxy":0,"hosting":0,"service":0}},"geometry":{"type":"Point","coordinates":[-124.01789,44.95816]}},{"type":"Feature","properties":{"country_code":"SWZ","city":"Manzini","geoname_id":"934995","h3_hexagon":593293519410429951,"h3_resolution":3,"downloaders":{"size":591,"mobile":15,"satellite":30,"tor":0,"tor_exit_nodes":0,"vpn":1,"relay":0,"proxy":0,"hosting":0,"service":0},"uploaders":{"size":68,"mobile":2,"satellite":7,"tor":0,"tor_exit_nodes":0,"vpn":0,"relay":0,"proxy":0,"hosting":0,"service":0}},"geometry":{"type":"Point","coordinates":[31.38004,-26.49884]}},{"type":"Feature","properties":{"country_code":"PRT","city":"Angra do Heroísmo","geoname_id":"3373348","h3_hexagon":590905861191237631,"h3_resolution":3,"downloaders":{"size":587,"mobile":3,"satellite":0,"tor":0,"tor_exit_nodes":0,"vpn":0,"relay":0,"proxy":0,"hosting":0,"service":0},"uploaders":{"size":14,"mobile":0,"satellite":0,"tor":0,"tor_exit_nodes":0,"vpn":0,"relay":0,"proxy":0,"hosting":0,"service":0}},"geometry":{"type":"Point","coordinates":[-27.21839,38.6539]}},{"type":"Feature","properties":{"country_code":"CYM","city":"George Town","geoname_id":"3580661","h3_hexagon":591196682016784383,"h3_resolution":3,"downloaders":{"size":571,"mobile":3,"satellite":0,"tor":0,"tor_exit_nodes":0,"vpn":25,"relay":0,"proxy":0,"hosting":4,"service":2},"uploaders":{"size":42,"mobile":0,"satellite":0,"tor":0,"tor_exit_nodes":0,"vpn":0,"relay":0,"proxy":0,"hosting":0,"service":0}},"geometry":{"type":"Point","coordinates":[-81.37436,19.2866]}},{"type":"Feature","properties":{"country_code":"BGD","city":"Thākurgaon","geoname_id":"1185092","h3_hexagon":591028869054595071,"h3_resolution":3,"downloaders":{"size":569,"mobile":295,"satellite":0,"tor":0,"tor_exit_nodes":0,"vpn":1,"relay":0,"proxy":0,"hosting":0,"service":0},"uploaders":{"size":8,"mobile":8,"satellite":0,"tor":0,"tor_exit_nodes":0,"vpn":0,"relay":0,"proxy":0,"hosting":0,"service":0}},"geometry":{"type":"Point","coordinates":[88.46989,26.03097]}},{"type":"Feature","properties":{"country_code":"ARG","city":"Junín","geoname_id":"3853354","h3_hexagon":593400790513614847,"h3_resolution":3,"downloaders":{"size":559,"mobile":12,"satellite":0,"tor":0,"tor_exit_nodes":0,"vpn":1,"relay":0,"proxy":0,"hosting":0,"service":0},"uploaders":{"size":9,"mobile":0,"satellite":0,"tor":0,"tor_exit_nodes":0,"vpn":0,"relay":0,"proxy":0,"hosting":0,"service":0}},"geometry":{"type":"Point","coordinates":[-60.94644,-34.59391]}},{"type":"Feature","properties":{"country_code":"VGB","city":"Road Town","geoname_id":"3577430","h3_hexagon":591324568962990079,"h3_resolution":3,"downloaders":{"size":559,"mobile":0,"satellite":2,"tor":0,"tor_exit_nodes":0,"vpn":355,"relay":0,"proxy":0,"hosting":0,"service":353},"uploaders":{"size":46,"mobile":0,"satellite":0,"tor":0,"tor_exit_nodes":0,"vpn":45,"relay":0,"proxy":0,"hosting":0,"service":45}},"geometry":{"type":"Point","coordinates":[-64.62079,18.42693]}},{"type":"Feature","properties":{"country_code":"BRA","city":"Boa Vista","geoname_id":"3664980","h3_hexagon":592414322425069567,"h3_resolution":3,"downloaders":{"size":555,"mobile":5,"satellite":0,"tor":0,"tor_exit_nodes":0,"vpn":2,"relay":0,"proxy":0,"hosting":0,"service":0},"uploaders":{"size":3,"mobile":0,"satellite":0,"tor":0,"tor_exit_nodes":0,"vpn":0,"relay":0,"proxy":0,"hosting":0,"service":0}},"geometry":{"type":"Point","coordinates":[-60.67333,2.81972]}},{"type":"Feature","properties":{"country_code":"BLR","city":"Slutsk","geoname_id":"621741","h3_hexagon":590522062913667071,"h3_resolution":3,"downloaders":{"size":553,"mobile":0,"satellite":0,"tor":0,"tor_exit_nodes":0,"vpn":0,"relay":0,"proxy":0,"hosting":0,"service":0},"uploaders":{"size":13,"mobile":0,"satellite":0,"tor":0,"tor_exit_nodes":0,"vpn":0,"relay":0,"proxy":0,"hosting":0,"service":0}},"geometry":{"type":"Point","coordinates":[27.54159,53.01522]}},{"type":"Feature","properties":{"country_code":"NZL","city":"Nelson","geoname_id":"2186280","h3_hexagon":593269330154618879,"h3_resolution":3,"downloaders":{"size":551,"mobile":105,"satellite":0,"tor":0,"tor_exit_nodes":0,"vpn":23,"relay":0,"proxy":0,"hosting":0,"service":0},"uploaders":{"size":44,"mobile":2,"satellite":0,"tor":0,"tor_exit_nodes":0,"vpn":0,"relay":0,"proxy":0,"hosting":0,"service":0}},"geometry":{"type":"Point","coordinates":[173.28404,-41.27078]}},{"type":"Feature","properties":{"country_code":"IND","city":"Bangaon","geoname_id":"1277324","h3_hexagon":591043643742093311,"h3_resolution":3,"downloaders":{"size":548,"mobile":7,"satellite":0,"tor":0,"tor_exit_nodes":0,"vpn":8,"relay":0,"proxy":0,"hosting":352,"service":0},"uploaders":{"size":25,"mobile":0,"satellite":0,"tor":0,"tor_exit_nodes":0,"vpn":0,"relay":0,"proxy":0,"hosting":25,"service":0}},"geometry":{"type":"Point","coordinates":[88.83084,23.04553]}},{"type":"Feature","properties":{"country_code":"IND","city":"Madurai","geoname_id":"1264521","h3_hexagon":591664043178065919,"h3_resolution":3,"downloaders":{"size":544,"mobile":30,"satellite":0,"tor":0,"tor_exit_nodes":0,"vpn":1,"relay":0,"proxy":0,"hosting":1,"service":0},"uploaders":{"size":36,"mobile":0,"satellite":0,"tor":0,"tor_exit_nodes":0,"vpn":0,"relay":0,"proxy":0,"hosting":0,"service":0}},"geometry":{"type":"Point","coordinates":[78.11953,9.919]}},{"type":"Feature","properties":{"country_code":"ECU","city":"Tulcán","geoname_id":"3650472","h3_hexagon":591780385252179967,"h3_resolution":3,"downloaders":{"size":544,"mobile":0,"satellite":0,"tor":0,"tor_exit_nodes":0,"vpn":8,"relay":0,"proxy":0,"hosting":2,"service":0},"uploaders":{"size":13,"mobile":0,"satellite":0,"tor":0,"tor_exit_nodes":0,"vpn":0,"relay":0,"proxy":0,"hosting":0,"service":0}},"geometry":{"type":"Point","coordinates":[-77.71709,0.8124]}},{"type":"Feature","properties":{"country_code":"DOM","city":"Santa Cruz de Barahona","geoname_id":"3492985","h3_hexagon":591323332012408831,"h3_resolution":3,"downloaders":{"size":543,"mobile":17,"satellite":0,"tor":0,"tor_exit_nodes":0,"vpn":3,"relay":0,"proxy":0,"hosting":0,"service":0},"uploaders":{"size":14,"mobile":1,"satellite":0,"tor":0,"tor_exit_nodes":0,"vpn":0,"relay":0,"proxy":0,"hosting":0,"service":0}},"geometry":{"type":"Point","coordinates":[-71.10068,18.20861]}},{"type":"Feature","properties":{"country_code":"CAN","city":"Elliot Lake","geoname_id":"5947866","h3_hexagon":590665136864231423,"h3_resolution":3,"downloaders":{"size":541,"mobile":21,"satellite":0,"tor":0,"tor_exit_nodes":0,"vpn":0,"relay":0,"proxy":0,"hosting":0,"service":0},"uploaders":{"size":15,"mobile":0,"satellite":0,"tor":0,"tor_exit_nodes":0,"vpn":0,"relay":0,"proxy":0,"hosting":0,"service":0}},"geometry":{"type":"Point","coordinates":[-82.63315,46.38336]}},{"type":"Feature","properties":{"country_code":"USA","city":"Pocatello","geoname_id":"5604045","h3_hexagon":590687539413647359,"h3_resolution":3,"downloaders":{"size":541,"mobile":0,"satellite":0,"tor":0,"tor_exit_nodes":0,"vpn":3,"relay":0,"proxy":0,"hosting":0,"service":0},"uploaders":{"size":12,"mobile":0,"satellite":0,"tor":0,"tor_exit_nodes":0,"vpn":0,"relay":0,"proxy":0,"hosting":0,"service":0}},"geometry":{"type":"Point","coordinates":[-112.44553,42.8713]}},{"type":"Feature","properties":{"country_code":"THA","city":"Lampang","geoname_id":"1152473","h3_hexagon":591740046919335935,"h3_resolution":3,"downloaders":{"size":540,"mobile":35,"satellite":0,"tor":0,"tor_exit_nodes":0,"vpn":5,"relay":0,"proxy":0,"hosting":0,"service":5},"uploaders":{"size":18,"mobile":9,"satellite":0,"tor":0,"tor_exit_nodes":0,"vpn":0,"relay":0,"proxy":0,"hosting":0,"service":0}},"geometry":{"type":"Point","coordinates":[99.49277,18.29232]}},{"type":"Feature","properties":{"country_code":"USA","city":"Miltonvale","geoname_id":"4275562","h3_hexagon":590655791015395327,"h3_resolution":3,"downloaders":{"size":540,"mobile":0,"satellite":0,"tor":0,"tor_exit_nodes":0,"vpn":1,"relay":0,"proxy":0,"hosting":1,"service":0},"uploaders":{"size":8,"mobile":0,"satellite":0,"tor":0,"tor_exit_nodes":0,"vpn":0,"relay":0,"proxy":0,"hosting":0,"service":0}},"geometry":{"type":"Point","coordinates":[-97.44614,39.34833]}},{"type":"Feature","properties":{"country_code":"THA","city":"Maha Sarakham","geoname_id":"1608900","h3_hexagon":591759013494915071,"h3_resolution":3,"downloaders":{"size":540,"mobile":148,"satellite":0,"tor":0,"tor_exit_nodes":0,"vpn":26,"relay":0,"proxy":0,"hosting":0,"service":15},"uploaders":{"size":12,"mobile":12,"satellite":0,"tor":0,"tor_exit_nodes":0,"vpn":4,"relay":0,"proxy":0,"hosting":0,"service":4}},"geometry":{"type":"Point","coordinates":[103.30067,16.18483]}},{"type":"Feature","properties":{"country_code":"USA","city":"Mason City","geoname_id":"4866445","h3_hexagon":590642871753768959,"h3_resolution":3,"downloaders":{"size":538,"mobile":0,"satellite":0,"tor":0,"tor_exit_nodes":0,"vpn":0,"relay":0,"proxy":0,"hosting":0,"service":0},"uploaders":{"size":13,"mobile":0,"satellite":0,"tor":0,"tor_exit_nodes":0,"vpn":0,"relay":0,"proxy":0,"hosting":0,"service":0}},"geometry":{"type":"Point","coordinates":[-93.20104,43.15357]}},{"type":"Feature","properties":{"country_code":"FIN","city":"Nokia","geoname_id":"644450","h3_hexagon":590121840681156607,"h3_resolution":3,"downloaders":{"size":536,"mobile":6,"satellite":0,"tor":0,"tor_exit_nodes":0,"vpn":1,"relay":0,"proxy":0,"hosting":51,"service":0},"uploaders":{"size":5,"mobile":0,"satellite":0,"tor":0,"tor_exit_nodes":0,"vpn":0,"relay":0,"proxy":0,"hosting":5,"service":0}},"geometry":{"type":"Point","coordinates":[23.5,61.46667]}},{"type":"Feature","properties":{"country_code":"USA","city":"Shady Spring","geoname_id":"4821800","h3_hexagon":590721280676724735,"h3_resolution":3,"downloaders":{"size":536,"mobile":0,"satellite":0,"tor":0,"tor_exit_nodes":0,"vpn":0,"relay":0,"proxy":0,"hosting":0,"service":0},"uploaders":{"size":5,"mobile":0,"satellite":0,"tor":0,"tor_exit_nodes":0,"vpn":0,"relay":0,"proxy":0,"hosting":0,"service":0}},"geometry":{"type":"Point","coordinates":[-81.09843,37.70567]}},{"type":"Feature","properties":{"country_code":"KAZ","city":"Arys","geoname_id":"1526168","h3_hexagon":590536081686921215,"h3_resolution":3,"downloaders":{"size":535,"mobile":1,"satellite":0,"tor":0,"tor_exit_nodes":0,"vpn":1,"relay":0,"proxy":0,"hosting":0,"service":0},"uploaders":{"size":10,"mobile":0,"satellite":0,"tor":0,"tor_exit_nodes":0,"vpn":0,"relay":0,"proxy":0,"hosting":0,"service":0}},"geometry":{"type":"Point","coordinates":[68.8087,42.43015]}},{"type":"Feature","properties":{"country_code":"USA","city":"Bakersfield","geoname_id":"5325738","h3_hexagon":590704719282831359,"h3_resolution":3,"downloaders":{"size":534,"mobile":0,"satellite":0,"tor":0,"tor_exit_nodes":0,"vpn":0,"relay":0,"proxy":0,"hosting":0,"service":0},"uploaders":{"size":9,"mobile":0,"satellite":0,"tor":0,"tor_exit_nodes":0,"vpn":0,"relay":0,"proxy":0,"hosting":0,"service":0}},"geometry":{"type":"Point","coordinates":[-119.1205,35.3935]}},{"type":"Feature","properties":{"country_code":"MYS","city":"Kampar","geoname_id":"1735274","h3_hexagon":591748636853927935,"h3_resolution":3,"downloaders":{"size":534,"mobile":35,"satellite":0,"tor":0,"tor_exit_nodes":0,"vpn":2,"relay":0,"proxy":0,"hosting":1,"service":0},"uploaders":{"size":9,"mobile":0,"satellite":0,"tor":0,"tor_exit_nodes":0,"vpn":0,"relay":0,"proxy":0,"hosting":0,"service":0}},"geometry":{"type":"Point","coordinates":[101.15,4.3]}},{"type":"Feature","properties":{"country_code":"CAN","city":"Fort McMurray","geoname_id":"5955895","h3_hexagon":590296113274159103,"h3_resolution":3,"downloaders":{"size":532,"mobile":28,"satellite":0,"tor":0,"tor_exit_nodes":0,"vpn":0,"relay":0,"proxy":0,"hosting":0,"service":0},"uploaders":{"size":34,"mobile":0,"satellite":0,"tor":0,"tor_exit_nodes":0,"vpn":0,"relay":0,"proxy":0,"hosting":0,"service":0}},"geometry":{"type":"Point","coordinates":[-111.38103,56.72676]}},{"type":"Feature","properties":{"country_code":"TWN","city":"Taitung","geoname_id":"1668295","h3_hexagon":591300104829272063,"h3_resolution":3,"downloaders":{"size":532,"mobile":0,"satellite":0,"tor":0,"tor_exit_nodes":0,"vpn":12,"relay":0,"proxy":0,"hosting":6,"service":0},"uploaders":{"size":3,"mobile":0,"satellite":0,"tor":0,"tor_exit_nodes":0,"vpn":0,"relay":0,"proxy":0,"hosting":0,"service":0}},"geometry":{"type":"Point","coordinates":[121.14457,22.75991]}},{"type":"Feature","properties":{"country_code":"USA","city":"Manning","geoname_id":"4586196","h3_hexagon":591182388365623295,"h3_resolution":3,"downloaders":{"size":532,"mobile":0,"satellite":1,"tor":0,"tor_exit_nodes":0,"vpn":0,"relay":0,"proxy":0,"hosting":0,"service":0},"uploaders":{"size":9,"mobile":0,"satellite":0,"tor":0,"tor_exit_nodes":0,"vpn":0,"relay":0,"proxy":0,"hosting":0,"service":0}},"geometry":{"type":"Point","coordinates":[-80.21091,33.69516]}},{"type":"Feature","properties":{"country_code":"BRN","city":"Bandar Seri Begawan","geoname_id":"1820906","h3_hexagon":591802719082119167,"h3_resolution":3,"downloaders":{"size":530,"mobile":172,"satellite":0,"tor":0,"tor_exit_nodes":0,"vpn":2,"relay":0,"proxy":0,"hosting":0,"service":0},"uploaders":{"size":25,"mobile":12,"satellite":0,"tor":0,"tor_exit_nodes":0,"vpn":0,"relay":0,"proxy":0,"hosting":0,"service":0}},"geometry":{"type":"Point","coordinates":[114.94006,4.89035]}},{"type":"Feature","properties":{"country_code":"VEN","city":"Ciudad Bolívar","geoname_id":"3645532","h3_hexagon":591648100259463167,"h3_resolution":3,"downloaders":{"size":526,"mobile":1,"satellite":0,"tor":0,"tor_exit_nodes":0,"vpn":0,"relay":0,"proxy":0,"hosting":0,"service":0},"uploaders":{"size":197,"mobile":0,"satellite":0,"tor":0,"tor_exit_nodes":0,"vpn":0,"relay":0,"proxy":0,"hosting":0,"service":0}},"geometry":{"type":"Point","coordinates":[-63.54694,8.12366]}},{"type":"Feature","properties":{"country_code":"MYS","city":"Kota Kinabalu","geoname_id":"1733432","h3_hexagon":591802650362642431,"h3_resolution":3,"downloaders":{"size":520,"mobile":328,"satellite":0,"tor":0,"tor_exit_nodes":0,"vpn":1,"relay":0,"proxy":0,"hosting":1,"service":1},"uploaders":{"size":20,"mobile":6,"satellite":0,"tor":0,"tor_exit_nodes":0,"vpn":0,"relay":0,"proxy":0,"hosting":0,"service":0}},"geometry":{"type":"Point","coordinates":[116.0724,5.9749]}},{"type":"Feature","properties":{"country_code":"CHL","city":"Curicó","geoname_id":"3892870","h3_hexagon":593116429318881279,"h3_resolution":3,"downloaders":{"size":520,"mobile":189,"satellite":0,"tor":0,"tor_exit_nodes":0,"vpn":1,"relay":0,"proxy":0,"hosting":135,"service":0},"uploaders":{"size":39,"mobile":0,"satellite":0,"tor":0,"tor_exit_nodes":0,"vpn":0,"relay":0,"proxy":0,"hosting":19,"service":0}},"geometry":{"type":"Point","coordinates":[-71.23943,-34.98279]}},{"type":"Feature","properties":{"country_code":"ESP","city":"Arrecife","geoname_id":"2521570","h3_hexagon":590893629124378623,"h3_resolution":3,"downloaders":{"size":517,"mobile":73,"satellite":0,"tor":0,"tor_exit_nodes":0,"vpn":4,"relay":0,"proxy":0,"hosting":0,"service":0},"uploaders":{"size":5,"mobile":0,"satellite":0,"tor":0,"tor_exit_nodes":0,"vpn":0,"relay":0,"proxy":0,"hosting":0,"service":0}},"geometry":{"type":"Point","coordinates":[-13.54769,28.96302]}},{"type":"Feature","properties":{"country_code":"BLR","city":"Pinsk","geoname_id":"623549","h3_hexagon":590523024986341375,"h3_resolution":3,"downloaders":{"size":512,"mobile":6,"satellite":0,"tor":0,"tor_exit_nodes":0,"vpn":0,"relay":0,"proxy":0,"hosting":0,"service":0},"uploaders":{"size":8,"mobile":0,"satellite":0,"tor":0,"tor_exit_nodes":0,"vpn":0,"relay":0,"proxy":0,"hosting":0,"service":0}},"geometry":{"type":"Point","coordinates":[26.06726,52.12153]}},{"type":"Feature","properties":{"country_code":"USA","city":"Cheyenne","geoname_id":"5821086","h3_hexagon":590652080163651583,"h3_resolution":3,"downloaders":{"size":512,"mobile":0,"satellite":0,"tor":0,"tor_exit_nodes":0,"vpn":245,"relay":0,"proxy":0,"hosting":292,"service":157},"uploaders":{"size":11,"mobile":0,"satellite":0,"tor":0,"tor_exit_nodes":0,"vpn":3,"relay":0,"proxy":0,"hosting":3,"service":3}},"geometry":{"type":"Point","coordinates":[-104.82025,41.13998]}},{"type":"Feature","properties":{"country_code":"KHM","city":"Chantrea","geoname_id":"11482666","h3_hexagon":591760594042879999,"h3_resolution":3,"downloaders":{"size":507,"mobile":148,"satellite":0,"tor":0,"tor_exit_nodes":0,"vpn":12,"relay":0,"proxy":0,"hosting":18,"service":1},"uploaders":{"size":6,"mobile":6,"satellite":0,"tor":0,"tor_exit_nodes":0,"vpn":0,"relay":0,"proxy":0,"hosting":0,"service":0}},"geometry":{"type":"Point","coordinates":[106.12486,10.98431]}},{"type":"Feature","properties":{"country_code":"DZA","city":"Akbou","geoname_id":"2507646","h3_hexagon":590964753782800383,"h3_resolution":3,"downloaders":{"size":506,"mobile":1,"satellite":0,"tor":0,"tor_exit_nodes":0,"vpn":0,"relay":0,"proxy":0,"hosting":0,"service":0},"uploaders":{"size":3,"mobile":0,"satellite":0,"tor":0,"tor_exit_nodes":0,"vpn":0,"relay":0,"proxy":0,"hosting":0,"service":0}},"geometry":{"type":"Point","coordinates":[4.53494,36.4575]}},{"type":"Feature","properties":{"country_code":"USA","city":"Colville","geoname_id":"5790660","h3_hexagon":590303122660786175,"h3_resolution":3,"downloaders":{"size":500,"mobile":13,"satellite":0,"tor":0,"tor_exit_nodes":0,"vpn":6,"relay":0,"proxy":0,"hosting":8,"service":0},"uploaders":{"size":8,"mobile":0,"satellite":0,"tor":0,"tor_exit_nodes":0,"vpn":0,"relay":0,"proxy":0,"hosting":0,"service":0}},"geometry":{"type":"Point","coordinates":[-117.90554,48.54657]}},{"type":"Feature","properties":{"country_code":"NZL","city":"Wanaka","geoname_id":"2184707","h3_hexagon":593815718714146815,"h3_resolution":3,"downloaders":{"size":499,"mobile":184,"satellite":0,"tor":0,"tor_exit_nodes":0,"vpn":5,"relay":0,"proxy":0,"hosting":0,"service":0},"uploaders":{"size":16,"mobile":4,"satellite":0,"tor":0,"tor_exit_nodes":0,"vpn":0,"relay":0,"proxy":0,"hosting":0,"service":0}},"geometry":{"type":"Point","coordinates":[169.15,-44.7]}},{"type":"Feature","properties":{"country_code":"IND","city":"Kanpur","geoname_id":"1267995","h3_hexagon":591054363980464127,"h3_resolution":3,"downloaders":{"size":498,"mobile":311,"satellite":0,"tor":0,"tor_exit_nodes":0,"vpn":10,"relay":0,"proxy":0,"hosting":0,"service":0},"uploaders":{"size":52,"mobile":39,"satellite":0,"tor":0,"tor_exit_nodes":0,"vpn":5,"relay":0,"proxy":0,"hosting":0,"service":0}},"geometry":{"type":"Point","coordinates":[80.34975,26.46523]}},{"type":"Feature","properties":{"country_code":"FRO","city":"Tórshavn","geoname_id":"2611396","h3_hexagon":590414035896238079,"h3_resolution":3,"downloaders":{"size":495,"mobile":0,"satellite":0,"tor":0,"tor_exit_nodes":0,"vpn":2,"relay":0,"proxy":0,"hosting":0,"service":0},"uploaders":{"size":5,"mobile":0,"satellite":0,"tor":0,"tor_exit_nodes":0,"vpn":0,"relay":0,"proxy":0,"hosting":0,"service":0}},"geometry":{"type":"Point","coordinates":[-6.77164,62.00973]}},{"type":"Feature","properties":{"country_code":"NGA","city":"Ibadan","geoname_id":"2339354","h3_hexagon":591528734528372735,"h3_resolution":3,"downloaders":{"size":491,"mobile":457,"satellite":0,"tor":0,"tor_exit_nodes":0,"vpn":3,"relay":0,"proxy":0,"hosting":4,"service":0},"uploaders":{"size":181,"mobile":179,"satellite":0,"tor":0,"tor_exit_nodes":0,"vpn":0,"relay":0,"proxy":0,"hosting":1,"service":0}},"geometry":{"type":"Point","coordinates":[3.90591,7.37756]}},{"type":"Feature","properties":{"country_code":"NGA","city":"Ikeja","geoname_id":"2338313","h3_hexagon":591528665808895999,"h3_resolution":3,"downloaders":{"size":488,"mobile":352,"satellite":0,"tor":0,"tor_exit_nodes":0,"vpn":6,"relay":0,"proxy":0,"hosting":0,"service":0},"uploaders":{"size":96,"mobile":61,"satellite":0,"tor":0,"tor_exit_nodes":0,"vpn":0,"relay":0,"proxy":0,"hosting":0,"service":0}},"geometry":{"type":"Point","coordinates":[3.34205,6.59651]}},{"type":"Feature","properties":{"country_code":"ARG","city":"Jardín América","geoname_id":"3433349","h3_hexagon":592950540502040575,"h3_resolution":3,"downloaders":{"size":488,"mobile":13,"satellite":0,"tor":0,"tor_exit_nodes":0,"vpn":2,"relay":0,"proxy":0,"hosting":9,"service":0},"uploaders":{"size":5,"mobile":0,"satellite":0,"tor":0,"tor_exit_nodes":0,"vpn":0,"relay":0,"proxy":0,"hosting":0,"service":0}},"geometry":{"type":"Point","coordinates":[-55.22698,-27.04346]}},{"type":"Feature","properties":{"country_code":"GHA","city":"Kumasi","geoname_id":"2298890","h3_hexagon":592032791890231295,"h3_resolution":3,"downloaders":{"size":488,"mobile":283,"satellite":0,"tor":0,"tor_exit_nodes":0,"vpn":3,"relay":0,"proxy":0,"hosting":0,"service":0},"uploaders":{"size":33,"mobile":6,"satellite":0,"tor":0,"tor_exit_nodes":0,"vpn":0,"relay":0,"proxy":0,"hosting":0,"service":0}},"geometry":{"type":"Point","coordinates":[-1.62443,6.68848]}},{"type":"Feature","properties":{"country_code":"CAN","city":"Campbell River","geoname_id":"5914132","h3_hexagon":590690219473240063,"h3_resolution":3,"downloaders":{"size":487,"mobile":133,"satellite":0,"tor":0,"tor_exit_nodes":0,"vpn":0,"relay":0,"proxy":0,"hosting":0,"service":0},"uploaders":{"size":12,"mobile":2,"satellite":0,"tor":0,"tor_exit_nodes":0,"vpn":0,"relay":0,"proxy":0,"hosting":0,"service":0}},"geometry":{"type":"Point","coordinates":[-125.24459,50.01634]}},{"type":"Feature","properties":{"country_code":"USA","city":"Kingman","geoname_id":"5301067","h3_hexagon":590705062880215039,"h3_resolution":3,"downloaders":{"size":484,"mobile":0,"satellite":0,"tor":0,"tor_exit_nodes":0,"vpn":2,"relay":0,"proxy":0,"hosting":3,"service":0},"uploaders":{"size":4,"mobile":0,"satellite":0,"tor":0,"tor_exit_nodes":0,"vpn":0,"relay":0,"proxy":0,"hosting":0,"service":0}},"geometry":{"type":"Point","coordinates":[-114.05301,35.18944]}},{"type":"Feature","properties":{"country_code":"BGD","city":"Chattogram","geoname_id":"1205733","h3_hexagon":591040482646163455,"h3_resolution":3,"downloaders":{"size":475,"mobile":35,"satellite":0,"tor":0,"tor_exit_nodes":0,"vpn":22,"relay":0,"proxy":0,"hosting":6,"service":0},"uploaders":{"size":3,"mobile":0,"satellite":0,"tor":0,"tor_exit_nodes":0,"vpn":0,"relay":0,"proxy":0,"hosting":0,"service":0}},"geometry":{"type":"Point","coordinates":[91.83168,22.3384]}},{"type":"Feature","properties":{"country_code":"VEN","city":"Lecherías","geoname_id":"3642497","h3_hexagon":591647894101032959,"h3_resolution":3,"downloaders":{"size":475,"mobile":20,"satellite":0,"tor":0,"tor_exit_nodes":0,"vpn":10,"relay":0,"proxy":0,"hosting":0,"service":0},"uploaders":{"size":9,"mobile":0,"satellite":0,"tor":0,"tor_exit_nodes":0,"vpn":0,"relay":0,"proxy":0,"hosting":0,"service":0}},"geometry":{"type":"Point","coordinates":[-64.69207,10.19167]}},{"type":"Feature","properties":{"country_code":"CAN","city":"Glace Bay","geoname_id":"5961564","h3_hexagon":590731107561897983,"h3_resolution":3,"downloaders":{"size":474,"mobile":144,"satellite":0,"tor":0,"tor_exit_nodes":0,"vpn":0,"relay":0,"proxy":0,"hosting":0,"service":0},"uploaders":{"size":3,"mobile":1,"satellite":0,"tor":0,"tor_exit_nodes":0,"vpn":0,"relay":0,"proxy":0,"hosting":0,"service":0}},"geometry":{"type":"Point","coordinates":[-59.95698,46.19695]}},{"type":"Feature","properties":{"country_code":"UZB","city":"Qo‘qon","geoname_id":"1512979","h3_hexagon":590546527047385087,"h3_resolution":3,"downloaders":{"size":473,"mobile":28,"satellite":0,"tor":0,"tor_exit_nodes":0,"vpn":0,"relay":0,"proxy":0,"hosting":445,"service":0},"uploaders":{"size":8,"mobile":0,"satellite":0,"tor":0,"tor_exit_nodes":0,"vpn":0,"relay":0,"proxy":0,"hosting":8,"service":0}},"geometry":{"type":"Point","coordinates":[70.9425,40.52861]}},{"type":"Feature","properties":{"country_code":"CYM","city":"West Bay","geoname_id":"3580477","h3_hexagon":591197437931028479,"h3_resolution":3,"downloaders":{"size":472,"mobile":0,"satellite":0,"tor":0,"tor_exit_nodes":0,"vpn":1,"relay":0,"proxy":0,"hosting":0,"service":0},"uploaders":{"size":42,"mobile":0,"satellite":0,"tor":0,"tor_exit_nodes":0,"vpn":0,"relay":0,"proxy":0,"hosting":0,"service":0}},"geometry":{"type":"Point","coordinates":[-81.39281,19.38197]}},{"type":"Feature","properties":{"country_code":"NOR","city":"Borkenes","geoname_id":"3160630","h3_hexagon":590136065612840959,"h3_resolution":3,"downloaders":{"size":470,"mobile":1,"satellite":0,"tor":0,"tor_exit_nodes":0,"vpn":1,"relay":0,"proxy":0,"hosting":0,"service":0},"uploaders":{"size":5,"mobile":0,"satellite":0,"tor":0,"tor_exit_nodes":0,"vpn":0,"relay":0,"proxy":0,"hosting":0,"service":0}},"geometry":{"type":"Point","coordinates":[16.17115,68.77261]}},{"type":"Feature","properties":{"country_code":"IND","city":"Ballari","geoname_id":"1276509","h3_hexagon":591671533601030143,"h3_resolution":3,"downloaders":{"size":464,"mobile":2,"satellite":0,"tor":0,"tor_exit_nodes":0,"vpn":0,"relay":0,"proxy":0,"hosting":35,"service":0},"uploaders":{"size":10,"mobile":0,"satellite":0,"tor":0,"tor_exit_nodes":0,"vpn":0,"relay":0,"proxy":0,"hosting":9,"service":0}},"geometry":{"type":"Point","coordinates":[76.92398,15.14205]}},{"type":"Feature","properties":{"country_code":"GRC","city":"Paralía Portariás","geoname_id":"9347379","h3_hexagon":590514503771226111,"h3_resolution":3,"downloaders":{"size":460,"mobile":0,"satellite":0,"tor":0,"tor_exit_nodes":0,"vpn":0,"relay":0,"proxy":0,"hosting":4,"service":0},"uploaders":{"size":4,"mobile":0,"satellite":0,"tor":0,"tor_exit_nodes":0,"vpn":0,"relay":0,"proxy":0,"hosting":0,"service":0}},"geometry":{"type":"Point","coordinates":[23.26415,40.24674]}},{"type":"Feature","properties":{"country_code":"IND","city":"Udaipur","geoname_id":"1253986","h3_hexagon":591057250198487039,"h3_resolution":3,"downloaders":{"size":456,"mobile":158,"satellite":0,"tor":0,"tor_exit_nodes":0,"vpn":1,"relay":0,"proxy":0,"hosting":0,"service":0},"uploaders":{"size":8,"mobile":6,"satellite":0,"tor":0,"tor_exit_nodes":0,"vpn":0,"relay":0,"proxy":0,"hosting":0,"service":0}},"geometry":{"type":"Point","coordinates":[73.71346,24.58584]}},{"type":"Feature","properties":{"country_code":"HTI","city":"Delmas","geoname_id":"3726786","h3_hexagon":591786157688225791,"h3_resolution":3,"downloaders":{"size":453,"mobile":100,"satellite":119,"tor":0,"tor_exit_nodes":0,"vpn":4,"relay":0,"proxy":0,"hosting":1,"service":1},"uploaders":{"size":51,"mobile":8,"satellite":10,"tor":0,"tor_exit_nodes":0,"vpn":0,"relay":0,"proxy":0,"hosting":0,"service":0}},"geometry":{"type":"Point","coordinates":[-72.30036,18.54478]}},{"type":"Feature","properties":{"country_code":"USA","city":"Saint Helen","geoname_id":"5008207","h3_hexagon":590664999425277951,"h3_resolution":3,"downloaders":{"size":453,"mobile":0,"satellite":0,"tor":0,"tor_exit_nodes":0,"vpn":17,"relay":0,"proxy":0,"hosting":0,"service":0},"uploaders":{"size":7,"mobile":0,"satellite":0,"tor":0,"tor_exit_nodes":0,"vpn":0,"relay":0,"proxy":0,"hosting":0,"service":0}},"geometry":{"type":"Point","coordinates":[-84.41029,44.36363]}},{"type":"Feature","properties":{"country_code":"AUS","city":"Newcastle","geoname_id":"2155472","h3_hexagon":593316128118276095,"h3_resolution":3,"downloaders":{"size":451,"mobile":2,"satellite":0,"tor":0,"tor_exit_nodes":0,"vpn":4,"relay":0,"proxy":0,"hosting":3,"service":1},"uploaders":{"size":13,"mobile":0,"satellite":0,"tor":0,"tor_exit_nodes":0,"vpn":0,"relay":0,"proxy":0,"hosting":0,"service":0}},"geometry":{"type":"Point","coordinates":[151.7801,-32.92953]}},{"type":"Feature","properties":{"country_code":"VNM","city":"Nha Trang","geoname_id":"1572151","h3_hexagon":591820173829210111,"h3_resolution":3,"downloaders":{"size":449,"mobile":95,"satellite":0,"tor":0,"tor_exit_nodes":0,"vpn":6,"relay":0,"proxy":0,"hosting":3,"service":3},"uploaders":{"size":4,"mobile":0,"satellite":0,"tor":0,"tor_exit_nodes":0,"vpn":2,"relay":0,"proxy":0,"hosting":2,"service":2}},"geometry":{"type":"Point","coordinates":[109.19432,12.24507]}},{"type":"Feature","properties":{"country_code":"SXM","city":"Simson Bay Village","geoname_id":"3513236","h3_hexagon":591630439353942015,"h3_resolution":3,"downloaders":{"size":449,"mobile":0,"satellite":19,"tor":0,"tor_exit_nodes":0,"vpn":6,"relay":0,"proxy":0,"hosting":0,"service":0},"uploaders":{"size":4,"mobile":0,"satellite":2,"tor":0,"tor_exit_nodes":0,"vpn":0,"relay":0,"proxy":0,"hosting":0,"service":0}},"geometry":{"type":"Point","coordinates":[-63.11852,18.03783]}},{"type":"Feature","properties":{"country_code":"BRA","city":"Cândido Godói","geoname_id":"3467543","h3_hexagon":592952602086342655,"h3_resolution":3,"downloaders":{"size":447,"mobile":5,"satellite":0,"tor":0,"tor_exit_nodes":0,"vpn":3,"relay":0,"proxy":0,"hosting":0,"service":0},"uploaders":{"size":4,"mobile":0,"satellite":0,"tor":0,"tor_exit_nodes":0,"vpn":0,"relay":0,"proxy":0,"hosting":0,"service":0}},"geometry":{"type":"Point","coordinates":[-54.75194,-27.95194]}},{"type":"Feature","properties":{"country_code":"USA","city":"Victoria","geoname_id":"4739157","h3_hexagon":591248221624336383,"h3_resolution":3,"downloaders":{"size":444,"mobile":0,"satellite":0,"tor":0,"tor_exit_nodes":0,"vpn":1,"relay":0,"proxy":0,"hosting":0,"service":0},"uploaders":{"size":11,"mobile":0,"satellite":0,"tor":0,"tor_exit_nodes":0,"vpn":0,"relay":0,"proxy":0,"hosting":0,"service":0}},"geometry":{"type":"Point","coordinates":[-97.0036,28.80527]}},{"type":"Feature","properties":{"country_code":"GBR","city":"Larne","geoname_id":"2644849","h3_hexagon":590417334431121407,"h3_resolution":3,"downloaders":{"size":443,"mobile":8,"satellite":0,"tor":0,"tor_exit_nodes":0,"vpn":0,"relay":0,"proxy":0,"hosting":0,"service":0},"uploaders":{"size":6,"mobile":0,"satellite":0,"tor":0,"tor_exit_nodes":0,"vpn":0,"relay":0,"proxy":0,"hosting":0,"service":0}},"geometry":{"type":"Point","coordinates":[-5.81667,54.85]}},{"type":"Feature","properties":{"country_code":"USA","city":"Brookings","geoname_id":"5226534","h3_hexagon":590640397852606463,"h3_resolution":3,"downloaders":{"size":442,"mobile":4,"satellite":0,"tor":0,"tor_exit_nodes":0,"vpn":42,"relay":0,"proxy":0,"hosting":0,"service":42},"uploaders":{"size":20,"mobile":0,"satellite":0,"tor":0,"tor_exit_nodes":0,"vpn":17,"relay":0,"proxy":0,"hosting":0,"service":17}},"geometry":{"type":"Point","coordinates":[-96.79839,44.31136]}},{"type":"Feature","properties":{"country_code":"USA","city":"North Ogden","geoname_id":"5779036","h3_hexagon":590687814291554303,"h3_resolution":3,"downloaders":{"size":442,"mobile":0,"satellite":0,"tor":0,"tor_exit_nodes":0,"vpn":4,"relay":0,"proxy":0,"hosting":12,"service":0},"uploaders":{"size":13,"mobile":0,"satellite":0,"tor":0,"tor_exit_nodes":0,"vpn":0,"relay":0,"proxy":0,"hosting":1,"service":0}},"geometry":{"type":"Point","coordinates":[-111.96022,41.30716]}},{"type":"Feature","properties":{"country_code":"KEN","city":"Mombasa","geoname_id":"186301","h3_hexagon":592141574821904383,"h3_resolution":3,"downloaders":{"size":441,"mobile":24,"satellite":0,"tor":0,"tor_exit_nodes":0,"vpn":9,"relay":0,"proxy":0,"hosting":1,"service":0},"uploaders":{"size":44,"mobile":0,"satellite":0,"tor":0,"tor_exit_nodes":0,"vpn":1,"relay":0,"proxy":0,"hosting":0,"service":0}},"geometry":{"type":"Point","coordinates":[39.66359,-4.05466]}},{"type":"Feature","properties":{"country_code":"USA","city":"Fairview","geoname_id":"5539005","h3_hexagon":590650156018302975,"h3_resolution":3,"downloaders":{"size":438,"mobile":0,"satellite":0,"tor":0,"tor_exit_nodes":0,"vpn":4,"relay":0,"proxy":0,"hosting":35,"service":0},"uploaders":{"size":13,"mobile":0,"satellite":0,"tor":0,"tor_exit_nodes":0,"vpn":0,"relay":0,"proxy":0,"hosting":0,"service":0}},"geometry":{"type":"Point","coordinates":[-111.43963,39.62635]}},{"type":"Feature","properties":{"country_code":"AUS","city":"Quamby Brook","geoname_id":"2152320","h3_hexagon":593336675241820159,"h3_resolution":3,"downloaders":{"size":437,"mobile":16,"satellite":0,"tor":0,"tor_exit_nodes":0,"vpn":9,"relay":0,"proxy":0,"hosting":8,"service":0},"uploaders":{"size":4,"mobile":0,"satellite":0,"tor":0,"tor_exit_nodes":0,"vpn":0,"relay":0,"proxy":0,"hosting":0,"service":0}},"geometry":{"type":"Point","coordinates":[146.72711,-41.60142]}},{"type":"Feature","properties":{"country_code":"ARG","city":"San Rafael","geoname_id":"3836669","h3_hexagon":593119178097950719,"h3_resolution":3,"downloaders":{"size":432,"mobile":249,"satellite":0,"tor":0,"tor_exit_nodes":0,"vpn":0,"relay":0,"proxy":0,"hosting":0,"service":0},"uploaders":{"size":13,"mobile":0,"satellite":0,"tor":0,"tor_exit_nodes":0,"vpn":0,"relay":0,"proxy":0,"hosting":0,"service":0}},"geometry":{"type":"Point","coordinates":[-68.33238,-34.61531]}},{"type":"Feature","properties":{"country_code":"USA","city":"Glenwood Springs","geoname_id":"5423092","h3_hexagon":590649125226151935,"h3_resolution":3,"downloaders":{"size":428,"mobile":0,"satellite":0,"tor":0,"tor_exit_nodes":0,"vpn":1,"relay":0,"proxy":0,"hosting":0,"service":0},"uploaders":{"size":11,"mobile":0,"satellite":0,"tor":0,"tor_exit_nodes":0,"vpn":0,"relay":0,"proxy":0,"hosting":0,"service":0}},"geometry":{"type":"Point","coordinates":[-107.32478,39.55054]}},{"type":"Feature","properties":{"country_code":"FJI","city":"Nasinu","geoname_id":"8740209","h3_hexagon":592702875507884031,"h3_resolution":3,"downloaders":{"size":427,"mobile":218,"satellite":0,"tor":0,"tor_exit_nodes":0,"vpn":1,"relay":0,"proxy":0,"hosting":0,"service":0},"uploaders":{"size":125,"mobile":71,"satellite":0,"tor":0,"tor_exit_nodes":0,"vpn":0,"relay":0,"proxy":0,"hosting":0,"service":0}},"geometry":{"type":"Point","coordinates":[178.51313,-18.07051]}},{"type":"Feature","properties":{"country_code":"RUS","city":"Ipatovo","geoname_id":"556230","h3_hexagon":590769590468870143,"h3_resolution":3,"downloaders":{"size":427,"mobile":0,"satellite":0,"tor":0,"tor_exit_nodes":0,"vpn":19,"relay":0,"proxy":0,"hosting":0,"service":0},"uploaders":{"size":5,"mobile":0,"satellite":0,"tor":0,"tor_exit_nodes":0,"vpn":0,"relay":0,"proxy":0,"hosting":0,"service":0}},"geometry":{"type":"Point","coordinates":[42.90612,45.71801]}},{"type":"Feature","properties":{"country_code":"ZAF","city":"KwaDukuza","geoname_id":"952734","h3_hexagon":593295787153162239,"h3_resolution":3,"downloaders":{"size":426,"mobile":225,"satellite":0,"tor":0,"tor_exit_nodes":0,"vpn":1,"relay":0,"proxy":0,"hosting":0,"service":0},"uploaders":{"size":93,"mobile":69,"satellite":0,"tor":0,"tor_exit_nodes":0,"vpn":0,"relay":0,"proxy":0,"hosting":0,"service":0}},"geometry":{"type":"Point","coordinates":[31.28954,-29.32816]}},{"type":"Feature","properties":{"country_code":"CHL","city":"Los Andes","geoname_id":"3882434","h3_hexagon":593118628342136831,"h3_resolution":3,"downloaders":{"size":426,"mobile":272,"satellite":0,"tor":0,"tor_exit_nodes":0,"vpn":0,"relay":0,"proxy":0,"hosting":0,"service":0},"uploaders":{"size":8,"mobile":0,"satellite":0,"tor":0,"tor_exit_nodes":0,"vpn":0,"relay":0,"proxy":0,"hosting":0,"service":0}},"geometry":{"type":"Point","coordinates":[-70.59827,-32.83369]}},{"type":"Feature","properties":{"country_code":"PHL","city":"Dagupan","geoname_id":"1716198","h3_hexagon":591823541083570175,"h3_resolution":3,"downloaders":{"size":421,"mobile":11,"satellite":0,"tor":0,"tor_exit_nodes":0,"vpn":0,"relay":0,"proxy":0,"hosting":0,"service":0},"uploaders":{"size":13,"mobile":0,"satellite":0,"tor":0,"tor_exit_nodes":0,"vpn":0,"relay":0,"proxy":0,"hosting":0,"service":0}},"geometry":{"type":"Point","coordinates":[120.33325,16.04313]}},{"type":"Feature","properties":{"country_code":"CAN","city":"Tofino","geoname_id":"6354950","h3_hexagon":590690494351147007,"h3_resolution":3,"downloaders":{"size":418,"mobile":6,"satellite":0,"tor":0,"tor_exit_nodes":0,"vpn":1,"relay":0,"proxy":0,"hosting":0,"service":0},"uploaders":{"size":20,"mobile":0,"satellite":0,"tor":0,"tor_exit_nodes":0,"vpn":0,"relay":0,"proxy":0,"hosting":0,"service":0}},"geometry":{"type":"Point","coordinates":[-125.90744,49.15314]}},{"type":"Feature","properties":{"country_code":"USA","city":"Arcata","geoname_id":"5558953","h3_hexagon":590675444785741823,"h3_resolution":3,"downloaders":{"size":417,"mobile":0,"satellite":0,"tor":0,"tor_exit_nodes":0,"vpn":3,"relay":0,"proxy":0,"hosting":0,"service":0},"uploaders":{"size":3,"mobile":0,"satellite":0,"tor":0,"tor_exit_nodes":0,"vpn":0,"relay":0,"proxy":0,"hosting":0,"service":0}},"geometry":{"type":"Point","coordinates":[-124.08284,40.86652]}},{"type":"Feature","properties":{"country_code":"BGD","city":"Khulna","geoname_id":"1336135","h3_hexagon":591043849900523519,"h3_resolution":3,"downloaders":{"size":413,"mobile":13,"satellite":0,"tor":0,"tor_exit_nodes":0,"vpn":10,"relay":0,"proxy":0,"hosting":24,"service":0},"uploaders":{"size":9,"mobile":0,"satellite":0,"tor":0,"tor_exit_nodes":0,"vpn":0,"relay":0,"proxy":0,"hosting":0,"service":0}},"geometry":{"type":"Point","coordinates":[89.56439,22.80979]}},{"type":"Feature","properties":{"country_code":"ARG","city":"San Carlos de Bariloche","geoname_id":"7647007","h3_hexagon":593604406323183615,"h3_resolution":3,"downloaders":{"size":408,"mobile":3,"satellite":0,"tor":0,"tor_exit_nodes":0,"vpn":4,"relay":0,"proxy":0,"hosting":0,"service":0},"uploaders":{"size":9,"mobile":0,"satellite":0,"tor":0,"tor_exit_nodes":0,"vpn":0,"relay":0,"proxy":0,"hosting":0,"service":0}},"geometry":{"type":"Point","coordinates":[-71.30822,-41.14557]}},{"type":"Feature","properties":{"country_code":"IRL","city":"Beaufort","geoname_id":"2966272","h3_hexagon":590393901089554431,"h3_resolution":3,"downloaders":{"size":407,"mobile":2,"satellite":0,"tor":0,"tor_exit_nodes":0,"vpn":3,"relay":0,"proxy":0,"hosting":4,"service":0},"uploaders":{"size":8,"mobile":0,"satellite":0,"tor":0,"tor_exit_nodes":0,"vpn":0,"relay":0,"proxy":0,"hosting":0,"service":0}},"geometry":{"type":"Point","coordinates":[-9.63333,52.06667]}},{"type":"Feature","properties":{"country_code":"PRI","city":"Cayey","geoname_id":"4563308","h3_hexagon":591324706401943551,"h3_resolution":3,"downloaders":{"size":407,"mobile":121,"satellite":0,"tor":0,"tor_exit_nodes":0,"vpn":2,"relay":0,"proxy":0,"hosting":0,"service":0},"uploaders":{"size":4,"mobile":2,"satellite":0,"tor":0,"tor_exit_nodes":0,"vpn":0,"relay":0,"proxy":0,"hosting":0,"service":0}},"geometry":{"type":"Point","coordinates":[-66.166,18.11191]}},{"type":"Feature","properties":{"country_code":"PAN","city":"Chitré","geoname_id":"3712384","h3_hexagon":591777224156250111,"h3_resolution":3,"downloaders":{"size":401,"mobile":1,"satellite":0,"tor":0,"tor_exit_nodes":0,"vpn":0,"relay":0,"proxy":0,"hosting":0,"service":0},"uploaders":{"size":18,"mobile":0,"satellite":0,"tor":0,"tor_exit_nodes":0,"vpn":0,"relay":0,"proxy":0,"hosting":0,"service":0}},"geometry":{"type":"Point","coordinates":[-80.42876,7.96011]}},{"type":"Feature","properties":{"country_code":"IDN","city":"Pekanbaru","geoname_id":"1631761","h3_hexagon":591751454352474111,"h3_resolution":3,"downloaders":{"size":396,"mobile":60,"satellite":0,"tor":0,"tor_exit_nodes":0,"vpn":4,"relay":0,"proxy":0,"hosting":9,"service":0},"uploaders":{"size":3,"mobile":0,"satellite":0,"tor":0,"tor_exit_nodes":0,"vpn":0,"relay":0,"proxy":0,"hosting":0,"service":0}},"geometry":{"type":"Point","coordinates":[101.44167,0.51667]}},{"type":"Feature","properties":{"country_code":"ARG","city":"Chajarí","geoname_id":"3435486","h3_hexagon":593398385331929087,"h3_resolution":3,"downloaders":{"size":396,"mobile":14,"satellite":0,"tor":0,"tor_exit_nodes":0,"vpn":5,"relay":0,"proxy":0,"hosting":1,"service":0},"uploaders":{"size":9,"mobile":0,"satellite":0,"tor":0,"tor_exit_nodes":0,"vpn":0,"relay":0,"proxy":0,"hosting":0,"service":0}},"geometry":{"type":"Point","coordinates":[-57.98196,-30.75482]}},{"type":"Feature","properties":{"country_code":"CAN","city":"Lloydminster","geoname_id":"6058024","h3_hexagon":590294738884624383,"h3_resolution":3,"downloaders":{"size":394,"mobile":175,"satellite":0,"tor":0,"tor_exit_nodes":0,"vpn":0,"relay":0,"proxy":0,"hosting":0,"service":0},"uploaders":{"size":8,"mobile":0,"satellite":0,"tor":0,"tor_exit_nodes":0,"vpn":0,"relay":0,"proxy":0,"hosting":0,"service":0}},"geometry":{"type":"Point","coordinates":[-110.02256,53.27237]}},{"type":"Feature","properties":{"country_code":"USA","city":"Minot","geoname_id":"5690532","h3_hexagon":590669603630219263,"h3_resolution":3,"downloaders":{"size":393,"mobile":0,"satellite":0,"tor":0,"tor_exit_nodes":0,"vpn":1,"relay":0,"proxy":0,"hosting":0,"service":0},"uploaders":{"size":6,"mobile":0,"satellite":0,"tor":0,"tor_exit_nodes":0,"vpn":0,"relay":0,"proxy":0,"hosting":0,"service":0}},"geometry":{"type":"Point","coordinates":[-101.29627,48.23251]}},{"type":"Feature","properties":{"country_code":"NZL","city":"Timaru","geoname_id":"2181133","h3_hexagon":593815924872577023,"h3_resolution":3,"downloaders":{"size":391,"mobile":239,"satellite":0,"tor":0,"tor_exit_nodes":0,"vpn":0,"relay":0,"proxy":0,"hosting":0,"service":0},"uploaders":{"size":5,"mobile":5,"satellite":0,"tor":0,"tor_exit_nodes":0,"vpn":0,"relay":0,"proxy":0,"hosting":0,"service":0}},"geometry":{"type":"Point","coordinates":[171.25364,-44.39672]}},{"type":"Feature","properties":{"country_code":"RUS","city":"Plesetsk","geoname_id":"509026","h3_hexagon":590255637502361599,"h3_resolution":3,"downloaders":{"size":390,"mobile":0,"satellite":0,"tor":0,"tor_exit_nodes":0,"vpn":0,"relay":0,"proxy":0,"hosting":0,"service":0},"uploaders":{"size":3,"mobile":0,"satellite":0,"tor":0,"tor_exit_nodes":0,"vpn":0,"relay":0,"proxy":0,"hosting":0,"service":0}},"geometry":{"type":"Point","coordinates":[40.29104,62.71165]}},{"type":"Feature","properties":{"country_code":"CYP","city":"Germasógeia","geoname_id":"145963","h3_hexagon":591085219025518591,"h3_resolution":3,"downloaders":{"size":388,"mobile":0,"satellite":0,"tor":0,"tor_exit_nodes":0,"vpn":163,"relay":0,"proxy":0,"hosting":62,"service":163},"uploaders":{"size":13,"mobile":0,"satellite":0,"tor":0,"tor_exit_nodes":0,"vpn":13,"relay":0,"proxy":0,"hosting":2,"service":13}},"geometry":{"type":"Point","coordinates":[33.0845,34.7207]}},{"type":"Feature","properties":{"country_code":"USA","city":"Presque Isle","geoname_id":"4975966","h3_hexagon":590729252136026111,"h3_resolution":3,"downloaders":{"size":388,"mobile":2,"satellite":0,"tor":0,"tor_exit_nodes":0,"vpn":2,"relay":0,"proxy":0,"hosting":0,"service":0},"uploaders":{"size":6,"mobile":0,"satellite":0,"tor":0,"tor_exit_nodes":0,"vpn":0,"relay":0,"proxy":0,"hosting":0,"service":0}},"geometry":{"type":"Point","coordinates":[-68.01586,46.68115]}},{"type":"Feature","properties":{"country_code":"USA","city":"Saint Matthews","geoname_id":"4594258","h3_hexagon":591182250926669823,"h3_resolution":3,"downloaders":{"size":386,"mobile":0,"satellite":0,"tor":0,"tor_exit_nodes":0,"vpn":0,"relay":0,"proxy":0,"hosting":29,"service":0},"uploaders":{"size":9,"mobile":0,"satellite":0,"tor":0,"tor_exit_nodes":0,"vpn":0,"relay":0,"proxy":0,"hosting":0,"service":0}},"geometry":{"type":"Point","coordinates":[-80.77787,33.66488]}},{"type":"Feature","properties":{"country_code":"RUS","city":"Anadyr","geoname_id":"2127202","h3_hexagon":590210420086669311,"h3_resolution":3,"downloaders":{"size":383,"mobile":0,"satellite":0,"tor":0,"tor_exit_nodes":0,"vpn":0,"relay":0,"proxy":0,"hosting":0,"service":0},"uploaders":{"size":4,"mobile":0,"satellite":0,"tor":0,"tor_exit_nodes":0,"vpn":0,"relay":0,"proxy":0,"hosting":0,"service":0}},"geometry":{"type":"Point","coordinates":[177.5103,64.73424]}},{"type":"Feature","properties":{"country_code":"COL","city":"Tunja","geoname_id":"3666608","h3_hexagon":591766778795786239,"h3_resolution":3,"downloaders":{"size":381,"mobile":15,"satellite":0,"tor":0,"tor_exit_nodes":0,"vpn":8,"relay":0,"proxy":0,"hosting":21,"service":0},"uploaders":{"size":3,"mobile":0,"satellite":0,"tor":0,"tor_exit_nodes":0,"vpn":0,"relay":0,"proxy":0,"hosting":0,"service":0}},"geometry":{"type":"Point","coordinates":[-73.35756,5.54481]}},{"type":"Feature","properties":{"country_code":"ESP","city":"Santa Cruz de la Palma","geoname_id":"2511180","h3_hexagon":590890880345309183,"h3_resolution":3,"downloaders":{"size":380,"mobile":73,"satellite":0,"tor":0,"tor_exit_nodes":0,"vpn":0,"relay":0,"proxy":0,"hosting":0,"service":0},"uploaders":{"size":4,"mobile":0,"satellite":0,"tor":0,"tor_exit_nodes":0,"vpn":0,"relay":0,"proxy":0,"hosting":0,"service":0}},"geometry":{"type":"Point","coordinates":[-17.76421,28.68351]}},{"type":"Feature","properties":{"country_code":"USA","city":"Chiefland","geoname_id":"4150733","h3_hexagon":591184724827832319,"h3_resolution":3,"downloaders":{"size":380,"mobile":0,"satellite":0,"tor":0,"tor_exit_nodes":0,"vpn":0,"relay":0,"proxy":0,"hosting":0,"service":0},"uploaders":{"size":3,"mobile":0,"satellite":0,"tor":0,"tor_exit_nodes":0,"vpn":0,"relay":0,"proxy":0,"hosting":0,"service":0}},"geometry":{"type":"Point","coordinates":[-82.8809,29.4832]}},{"type":"Feature","properties":{"country_code":"IND","city":"Bokāro","geoname_id":"1275362","h3_hexagon":591038695939768319,"h3_resolution":3,"downloaders":{"size":373,"mobile":252,"satellite":0,"tor":0,"tor_exit_nodes":0,"vpn":1,"relay":0,"proxy":0,"hosting":0,"service":0},"uploaders":{"size":7,"mobile":6,"satellite":0,"tor":0,"tor_exit_nodes":0,"vpn":0,"relay":0,"proxy":0,"hosting":0,"service":0}},"geometry":{"type":"Point","coordinates":[86.15161,23.66934]}},{"type":"Feature","properties":{"country_code":"NZL","city":"Whangarei","geoname_id":"6230919","h3_hexagon":593267062411886591,"h3_resolution":3,"downloaders":{"size":373,"mobile":38,"satellite":0,"tor":0,"tor_exit_nodes":0,"vpn":12,"relay":0,"proxy":0,"hosting":0,"service":0},"uploaders":{"size":4,"mobile":0,"satellite":0,"tor":0,"tor_exit_nodes":0,"vpn":0,"relay":0,"proxy":0,"hosting":0,"service":0}},"geometry":{"type":"Point","coordinates":[174.32391,-35.73167]}},{"type":"Feature","properties":{"country_code":"IND","city":"Chānda","geoname_id":"1274693","h3_hexagon":591672701832134655,"h3_resolution":3,"downloaders":{"size":372,"mobile":0,"satellite":0,"tor":0,"tor_exit_nodes":0,"vpn":2,"relay":0,"proxy":0,"hosting":0,"service":0},"uploaders":{"size":14,"mobile":0,"satellite":0,"tor":0,"tor_exit_nodes":0,"vpn":0,"relay":0,"proxy":0,"hosting":0,"service":0}},"geometry":{"type":"Point","coordinates":[79.29523,19.95076]}},{"type":"Feature","properties":{"country_code":"CHL","city":"Panguipulli","geoname_id":"3877348","h3_hexagon":593605368395857919,"h3_resolution":3,"downloaders":{"size":370,"mobile":11,"satellite":0,"tor":0,"tor_exit_nodes":0,"vpn":7,"relay":0,"proxy":0,"hosting":0,"service":0},"uploaders":{"size":4,"mobile":0,"satellite":0,"tor":0,"tor_exit_nodes":0,"vpn":0,"relay":0,"proxy":0,"hosting":0,"service":0}},"geometry":{"type":"Point","coordinates":[-72.33269,-39.64355]}},{"type":"Feature","properties":{"country_code":"USA","city":"Bozeman","geoname_id":"5641727","h3_hexagon":590685340390391807,"h3_resolution":3,"downloaders":{"size":370,"mobile":0,"satellite":0,"tor":0,"tor_exit_nodes":0,"vpn":1,"relay":0,"proxy":0,"hosting":0,"service":0},"uploaders":{"size":7,"mobile":0,"satellite":0,"tor":0,"tor_exit_nodes":0,"vpn":0,"relay":0,"proxy":0,"hosting":0,"service":0}},"geometry":{"type":"Point","coordinates":[-111.03856,45.67965]}},{"type":"Feature","properties":{"country_code":"VEN","city":"Cumanacoa","geoname_id":"3644767","h3_hexagon":591648031539986431,"h3_resolution":3,"downloaders":{"size":368,"mobile":0,"satellite":0,"tor":0,"tor_exit_nodes":0,"vpn":7,"relay":0,"proxy":0,"hosting":0,"service":0},"uploaders":{"size":9,"mobile":0,"satellite":0,"tor":0,"tor_exit_nodes":0,"vpn":0,"relay":0,"proxy":0,"hosting":0,"service":0}},"geometry":{"type":"Point","coordinates":[-63.91938,10.25056]}},{"type":"Feature","properties":{"country_code":"ECU","city":"Machala","geoname_id":"3654533","h3_hexagon":592488195862560767,"h3_resolution":3,"downloaders":{"size":367,"mobile":88,"satellite":0,"tor":0,"tor_exit_nodes":0,"vpn":5,"relay":0,"proxy":0,"hosting":0,"service":1},"uploaders":{"size":11,"mobile":0,"satellite":0,"tor":0,"tor_exit_nodes":0,"vpn":0,"relay":0,"proxy":0,"hosting":0,"service":0}},"geometry":{"type":"Point","coordinates":[-79.9605,-3.2586]}},{"type":"Feature","properties":{"country_code":"SWE","city":"Kiruna","geoname_id":"605155","h3_hexagon":590128712628830207,"h3_resolution":3,"downloaders":{"size":365,"mobile":0,"satellite":0,"tor":0,"tor_exit_nodes":0,"vpn":0,"relay":0,"proxy":0,"hosting":0,"service":0},"uploaders":{"size":8,"mobile":0,"satellite":0,"tor":0,"tor_exit_nodes":0,"vpn":0,"relay":0,"proxy":0,"hosting":0,"service":0}},"geometry":{"type":"Point","coordinates":[20.22513,67.85572]}},{"type":"Feature","properties":{"country_code":"THA","city":"Ban Mai Khao","geoname_id":"1156383","h3_hexagon":591733174971662335,"h3_resolution":3,"downloaders":{"size":364,"mobile":184,"satellite":0,"tor":0,"tor_exit_nodes":0,"vpn":2,"relay":0,"proxy":0,"hosting":32,"service":1},"uploaders":{"size":4,"mobile":4,"satellite":0,"tor":0,"tor_exit_nodes":0,"vpn":0,"relay":0,"proxy":0,"hosting":0,"service":0}},"geometry":{"type":"Point","coordinates":[98.30738,8.12713]}},{"type":"Feature","properties":{"country_code":"ARG","city":"Villa María","geoname_id":"3832694","h3_hexagon":593108114262196223,"h3_resolution":3,"downloaders":{"size":364,"mobile":32,"satellite":0,"tor":0,"tor_exit_nodes":0,"vpn":4,"relay":0,"proxy":0,"hosting":19,"service":0},"uploaders":{"size":6,"mobile":0,"satellite":0,"tor":0,"tor_exit_nodes":0,"vpn":0,"relay":0,"proxy":0,"hosting":0,"service":0}},"geometry":{"type":"Point","coordinates":[-63.24016,-32.40751]}},{"type":"Feature","properties":{"country_code":"NOR","city":"Gaupne","geoname_id":"7626363","h3_hexagon":590139639025631231,"h3_resolution":3,"downloaders":{"size":359,"mobile":26,"satellite":0,"tor":0,"tor_exit_nodes":0,"vpn":119,"relay":0,"proxy":0,"hosting":119,"service":119},"uploaders":{"size":44,"mobile":17,"satellite":0,"tor":0,"tor_exit_nodes":0,"vpn":6,"relay":0,"proxy":0,"hosting":6,"service":6}},"geometry":{"type":"Point","coordinates":[7.29458,61.40472]}},{"type":"Feature","properties":{"country_code":"CHL","city":"San Antonio","geoname_id":"3872395","h3_hexagon":593116223160451071,"h3_resolution":3,"downloaders":{"size":358,"mobile":49,"satellite":0,"tor":0,"tor_exit_nodes":0,"vpn":0,"relay":0,"proxy":0,"hosting":0,"service":0},"uploaders":{"size":4,"mobile":0,"satellite":0,"tor":0,"tor_exit_nodes":0,"vpn":0,"relay":0,"proxy":0,"hosting":0,"service":0}},"geometry":{"type":"Point","coordinates":[-71.60746,-33.59473]}},{"type":"Feature","properties":{"country_code":"PHL","city":"Zamboanga","geoname_id":"1679432","h3_hexagon":591807117128630271,"h3_resolution":3,"downloaders":{"size":353,"mobile":56,"satellite":0,"tor":0,"tor_exit_nodes":0,"vpn":16,"relay":0,"proxy":0,"hosting":0,"service":0},"uploaders":{"size":18,"mobile":0,"satellite":0,"tor":0,"tor_exit_nodes":0,"vpn":0,"relay":0,"proxy":0,"hosting":0,"service":0}},"geometry":{"type":"Point","coordinates":[122.07389,6.91028]}},{"type":"Feature","properties":{"country_code":"ZAF","city":"Worcester","geoname_id":"3359041","h3_hexagon":593286303865372671,"h3_resolution":3,"downloaders":{"size":351,"mobile":5,"satellite":0,"tor":0,"tor_exit_nodes":0,"vpn":0,"relay":0,"proxy":0,"hosting":0,"service":0},"uploaders":{"size":5,"mobile":0,"satellite":0,"tor":0,"tor_exit_nodes":0,"vpn":0,"relay":0,"proxy":0,"hosting":0,"service":0}},"geometry":{"type":"Point","coordinates":[19.44852,-33.64651]}},{"type":"Feature","properties":{"country_code":"SWE","city":"Visby","geoname_id":"2662689","h3_hexagon":590122665314877439,"h3_resolution":3,"downloaders":{"size":351,"mobile":0,"satellite":0,"tor":0,"tor_exit_nodes":0,"vpn":0,"relay":0,"proxy":0,"hosting":0,"service":0},"uploaders":{"size":4,"mobile":0,"satellite":0,"tor":0,"tor_exit_nodes":0,"vpn":0,"relay":0,"proxy":0,"hosting":0,"service":0}},"geometry":{"type":"Point","coordinates":[18.29602,57.64089]}},{"type":"Feature","properties":{"country_code":"ZAF","city":"Port Elizabeth","geoname_id":"964420","h3_hexagon":593286853621186559,"h3_resolution":3,"downloaders":{"size":350,"mobile":22,"satellite":0,"tor":0,"tor_exit_nodes":0,"vpn":2,"relay":0,"proxy":0,"hosting":3,"service":0},"uploaders":{"size":12,"mobile":1,"satellite":0,"tor":0,"tor_exit_nodes":0,"vpn":0,"relay":0,"proxy":0,"hosting":0,"service":0}},"geometry":{"type":"Point","coordinates":[25.61494,-33.96109]}},{"type":"Feature","properties":{"country_code":"CHN","city":"Hengyang","geoname_id":"1808370","h3_hexagon":591100955785691135,"h3_resolution":3,"downloaders":{"size":344,"mobile":0,"satellite":0,"tor":0,"tor_exit_nodes":0,"vpn":13,"relay":0,"proxy":0,"hosting":0,"service":0},"uploaders":{"size":3,"mobile":0,"satellite":0,"tor":0,"tor_exit_nodes":0,"vpn":0,"relay":0,"proxy":0,"hosting":0,"service":0}},"geometry":{"type":"Point","coordinates":[112.61888,26.88946]}},{"type":"Feature","properties":{"country_code":"IND","city":"Karnāl","geoname_id":"1267708","h3_hexagon":591045980204302335,"h3_resolution":3,"downloaders":{"size":343,"mobile":227,"satellite":0,"tor":0,"tor_exit_nodes":0,"vpn":2,"relay":0,"proxy":0,"hosting":1,"service":0},"uploaders":{"size":10,"mobile":10,"satellite":0,"tor":0,"tor_exit_nodes":0,"vpn":0,"relay":0,"proxy":0,"hosting":0,"service":0}},"geometry":{"type":"Point","coordinates":[76.98448,29.69197]}},{"type":"Feature","properties":{"country_code":"ZAF","city":"East London","geoname_id":"1006984","h3_hexagon":593279569356652543,"h3_resolution":3,"downloaders":{"size":342,"mobile":11,"satellite":0,"tor":0,"tor_exit_nodes":0,"vpn":1,"relay":0,"proxy":0,"hosting":0,"service":0},"uploaders":{"size":32,"mobile":0,"satellite":0,"tor":0,"tor_exit_nodes":0,"vpn":0,"relay":0,"proxy":0,"hosting":0,"service":0}},"geometry":{"type":"Point","coordinates":[27.91162,-33.01529]}},{"type":"Feature","properties":{"country_code":"ARG","city":"Cariló","geoname_id":"7116865","h3_hexagon":593386153265070079,"h3_resolution":3,"downloaders":{"size":338,"mobile":0,"satellite":0,"tor":0,"tor_exit_nodes":0,"vpn":0,"relay":0,"proxy":0,"hosting":0,"service":0},"uploaders":{"size":7,"mobile":0,"satellite":0,"tor":0,"tor_exit_nodes":0,"vpn":0,"relay":0,"proxy":0,"hosting":0,"service":0}},"geometry":{"type":"Point","coordinates":[-56.89133,-37.16524]}},{"type":"Feature","properties":{"country_code":"CHL","city":"Punta Arenas","geoname_id":"3874787","h3_hexagon":593902167815880703,"h3_resolution":3,"downloaders":{"size":334,"mobile":263,"satellite":0,"tor":0,"tor_exit_nodes":0,"vpn":0,"relay":0,"proxy":0,"hosting":0,"service":0},"uploaders":{"size":13,"mobile":12,"satellite":0,"tor":0,"tor_exit_nodes":0,"vpn":0,"relay":0,"proxy":0,"hosting":0,"service":0}},"geometry":{"type":"Point","coordinates":[-70.90922,-53.16282]}},{"type":"Feature","properties":{"country_code":"NOR","city":"Odda","geoname_id":"3143830","h3_hexagon":590138951830863871,"h3_resolution":3,"downloaders":{"size":330,"mobile":0,"satellite":0,"tor":0,"tor_exit_nodes":0,"vpn":10,"relay":0,"proxy":0,"hosting":0,"service":0},"uploaders":{"size":5,"mobile":0,"satellite":0,"tor":0,"tor_exit_nodes":0,"vpn":3,"relay":0,"proxy":0,"hosting":0,"service":0}},"geometry":{"type":"Point","coordinates":[6.54565,60.06912]}},{"type":"Feature","properties":{"country_code":"USA","city":"Tuscaloosa","geoname_id":"4094455","h3_hexagon":591184175072018431,"h3_resolution":3,"downloaders":{"size":323,"mobile":0,"satellite":0,"tor":0,"tor_exit_nodes":0,"vpn":4,"relay":0,"proxy":0,"hosting":0,"service":0},"uploaders":{"size":9,"mobile":0,"satellite":0,"tor":0,"tor_exit_nodes":0,"vpn":0,"relay":0,"proxy":0,"hosting":0,"service":0}},"geometry":{"type":"Point","coordinates":[-87.56917,33.20984]}},{"type":"Feature","properties":{"country_code":"BRA","city":"São Raimundo Nonato","geoname_id":"3388145","h3_hexagon":592225893619859455,"h3_resolution":3,"downloaders":{"size":322,"mobile":0,"satellite":0,"tor":0,"tor_exit_nodes":0,"vpn":1,"relay":0,"proxy":0,"hosting":0,"service":0},"uploaders":{"size":15,"mobile":0,"satellite":0,"tor":0,"tor_exit_nodes":0,"vpn":0,"relay":0,"proxy":0,"hosting":0,"service":0}},"geometry":{"type":"Point","coordinates":[-42.69944,-9.01528]}},{"type":"Feature","properties":{"country_code":"MYS","city":"Teluk Intan","geoname_id":"1735459","h3_hexagon":591748499414974463,"h3_resolution":3,"downloaders":{"size":321,"mobile":0,"satellite":0,"tor":0,"tor_exit_nodes":0,"vpn":0,"relay":0,"proxy":0,"hosting":0,"service":0},"uploaders":{"size":3,"mobile":0,"satellite":0,"tor":0,"tor_exit_nodes":0,"vpn":0,"relay":0,"proxy":0,"hosting":0,"service":0}},"geometry":{"type":"Point","coordinates":[101.02083,4.02219]}},{"type":"Feature","properties":{"country_code":"TZA","city":"Arusha","geoname_id":"161325","h3_hexagon":592620480855277567,"h3_resolution":3,"downloaders":{"size":309,"mobile":43,"satellite":0,"tor":0,"tor_exit_nodes":0,"vpn":21,"relay":0,"proxy":0,"hosting":4,"service":0},"uploaders":{"size":11,"mobile":2,"satellite":0,"tor":0,"tor_exit_nodes":0,"vpn":0,"relay":0,"proxy":0,"hosting":1,"service":0}},"geometry":{"type":"Point","coordinates":[36.68333,-3.36667]}},{"type":"Feature","properties":{"country_code":"USA","city":"Kailua-Kona","geoname_id":"5847504","h3_hexagon":591608792718770175,"h3_resolution":3,"downloaders":{"size":309,"mobile":0,"satellite":0,"tor":0,"tor_exit_nodes":0,"vpn":0,"relay":0,"proxy":0,"hosting":0,"service":0},"uploaders":{"size":4,"mobile":0,"satellite":0,"tor":0,"tor_exit_nodes":0,"vpn":0,"relay":0,"proxy":0,"hosting":0,"service":0}},"geometry":{"type":"Point","coordinates":[-155.99912,19.64016]}},{"type":"Feature","properties":{"country_code":"SAU","city":"Ta’if","geoname_id":"107968","h3_hexagon":591417752573444095,"h3_resolution":3,"downloaders":{"size":307,"mobile":293,"satellite":0,"tor":0,"tor_exit_nodes":0,"vpn":0,"relay":0,"proxy":0,"hosting":0,"service":0},"uploaders":{"size":7,"mobile":7,"satellite":0,"tor":0,"tor_exit_nodes":0,"vpn":0,"relay":0,"proxy":0,"hosting":0,"service":0}},"geometry":{"type":"Point","coordinates":[40.41583,21.27028]}},{"type":"Feature","properties":{"country_code":"IND","city":"Bhimavaram","geoname_id":"1275947","h3_hexagon":591688919628644351,"h3_resolution":3,"downloaders":{"size":304,"mobile":0,"satellite":0,"tor":0,"tor_exit_nodes":0,"vpn":1,"relay":0,"proxy":0,"hosting":5,"service":0},"uploaders":{"size":3,"mobile":0,"satellite":0,"tor":0,"tor_exit_nodes":0,"vpn":0,"relay":0,"proxy":0,"hosting":0,"service":0}},"geometry":{"type":"Point","coordinates":[81.52322,16.54078]}},{"type":"Feature","properties":{"country_code":"BES","city":"Kralendijk","geoname_id":"3513563","h3_hexagon":591788287992004607,"h3_resolution":3,"downloaders":{"size":302,"mobile":0,"satellite":0,"tor":0,"tor_exit_nodes":0,"vpn":1,"relay":0,"proxy":0,"hosting":0,"service":0},"uploaders":{"size":8,"mobile":0,"satellite":0,"tor":0,"tor_exit_nodes":0,"vpn":0,"relay":0,"proxy":0,"hosting":0,"service":0}},"geometry":{"type":"Point","coordinates":[-68.26667,12.15]}},{"type":"Feature","properties":{"country_code":"MWI","city":"Lilongwe","geoname_id":"927967","h3_hexagon":592637729443938303,"h3_resolution":3,"downloaders":{"size":300,"mobile":227,"satellite":50,"tor":0,"tor_exit_nodes":0,"vpn":2,"relay":0,"proxy":0,"hosting":0,"service":0},"uploaders":{"size":19,"mobile":15,"satellite":4,"tor":0,"tor_exit_nodes":0,"vpn":0,"relay":0,"proxy":0,"hosting":0,"service":0}},"geometry":{"type":"Point","coordinates":[33.78725,-13.96692]}},{"type":"Feature","properties":{"country_code":"IRN","city":"Mashhad","geoname_id":"124665","h3_hexagon":591156893439754239,"h3_resolution":3,"downloaders":{"size":300,"mobile":47,"satellite":0,"tor":0,"tor_exit_nodes":0,"vpn":6,"relay":0,"proxy":0,"hosting":198,"service":1},"uploaders":{"size":3,"mobile":2,"satellite":0,"tor":0,"tor_exit_nodes":0,"vpn":0,"relay":0,"proxy":0,"hosting":0,"service":0}},"geometry":{"type":"Point","coordinates":[59.60567,36.29807]}},{"type":"Feature","properties":{"country_code":"PAN","city":"Aguadulce","geoname_id":"3715042","h3_hexagon":591777017997819903,"h3_resolution":3,"downloaders":{"size":298,"mobile":5,"satellite":0,"tor":0,"tor_exit_nodes":0,"vpn":6,"relay":0,"proxy":0,"hosting":0,"service":0},"uploaders":{"size":15,"mobile":0,"satellite":0,"tor":0,"tor_exit_nodes":0,"vpn":0,"relay":0,"proxy":0,"hosting":0,"service":0}},"geometry":{"type":"Point","coordinates":[-80.53978,8.24146]}},{"type":"Feature","properties":{"country_code":"IDN","city":"Mataram","geoname_id":"1635882","h3_hexagon":592604194339291135,"h3_resolution":3,"downloaders":{"size":290,"mobile":0,"satellite":0,"tor":0,"tor_exit_nodes":0,"vpn":182,"relay":0,"proxy":0,"hosting":0,"service":0},"uploaders":{"size":3,"mobile":0,"satellite":0,"tor":0,"tor_exit_nodes":0,"vpn":0,"relay":0,"proxy":0,"hosting":0,"service":0}},"geometry":{"type":"Point","coordinates":[116.11667,-8.58333]}},{"type":"Feature","properties":{"country_code":"USA","city":"Pahrump","geoname_id":"5509851","h3_hexagon":590701970503761919,"h3_resolution":3,"downloaders":{"size":289,"mobile":0,"satellite":0,"tor":0,"tor_exit_nodes":0,"vpn":0,"relay":0,"proxy":0,"hosting":0,"service":0},"uploaders":{"size":14,"mobile":0,"satellite":0,"tor":0,"tor_exit_nodes":0,"vpn":0,"relay":0,"proxy":0,"hosting":0,"service":0}},"geometry":{"type":"Point","coordinates":[-115.98391,36.20829]}},{"type":"Feature","properties":{"country_code":"PRT","city":"Madalena","geoname_id":"3372908","h3_hexagon":590915619356934143,"h3_resolution":3,"downloaders":{"size":285,"mobile":0,"satellite":0,"tor":0,"tor_exit_nodes":0,"vpn":0,"relay":0,"proxy":0,"hosting":0,"service":0},"uploaders":{"size":3,"mobile":0,"satellite":0,"tor":0,"tor_exit_nodes":0,"vpn":0,"relay":0,"proxy":0,"hosting":0,"service":0}},"geometry":{"type":"Point","coordinates":[-28.5266,38.53642]}},{"type":"Feature","properties":{"country_code":"USA","city":"Paradise","geoname_id":"5381002","h3_hexagon":590676681736323071,"h3_resolution":3,"downloaders":{"size":284,"mobile":0,"satellite":0,"tor":0,"tor_exit_nodes":0,"vpn":0,"relay":0,"proxy":0,"hosting":0,"service":0},"uploaders":{"size":9,"mobile":0,"satellite":0,"tor":0,"tor_exit_nodes":0,"vpn":0,"relay":0,"proxy":0,"hosting":0,"service":0}},"geometry":{"type":"Point","coordinates":[-121.62192,39.75961]}},{"type":"Feature","properties":{"country_code":"USA","city":"Walker","geoname_id":"5051735","h3_hexagon":590642596875862015,"h3_resolution":3,"downloaders":{"size":283,"mobile":0,"satellite":0,"tor":0,"tor_exit_nodes":0,"vpn":76,"relay":0,"proxy":0,"hosting":0,"service":76},"uploaders":{"size":24,"mobile":0,"satellite":0,"tor":0,"tor_exit_nodes":0,"vpn":24,"relay":0,"proxy":0,"hosting":0,"service":24}},"geometry":{"type":"Point","coordinates":[-94.58722,47.10135]}},{"type":"Feature","properties":{"country_code":"MRT","city":"Nouakchott","geoname_id":"2377450","h3_hexagon":591450737922277375,"h3_resolution":3,"downloaders":{"size":277,"mobile":14,"satellite":0,"tor":0,"tor_exit_nodes":0,"vpn":3,"relay":0,"proxy":0,"hosting":0,"service":0},"uploaders":{"size":7,"mobile":0,"satellite":0,"tor":0,"tor_exit_nodes":0,"vpn":0,"relay":0,"proxy":0,"hosting":0,"service":0}},"geometry":{"type":"Point","coordinates":[-15.9785,18.08581]}},{"type":"Feature","properties":{"country_code":"PHL","city":"Tuguegarao","geoname_id":"1680932","h3_hexagon":591825946265255935,"h3_resolution":3,"downloaders":{"size":271,"mobile":96,"satellite":0,"tor":0,"tor_exit_nodes":0,"vpn":0,"relay":0,"proxy":0,"hosting":0,"service":0},"uploaders":{"size":6,"mobile":2,"satellite":0,"tor":0,"tor_exit_nodes":0,"vpn":0,"relay":0,"proxy":0,"hosting":0,"service":0}},"geometry":{"type":"Point","coordinates":[121.72285,17.61577]}},{"type":"Feature","properties":{"country_code":"USA","city":"Fairbanks","geoname_id":"5861897","h3_hexagon":590206503076495359,"h3_resolution":3,"downloaders":{"size":270,"mobile":0,"satellite":0,"tor":0,"tor_exit_nodes":0,"vpn":0,"relay":0,"proxy":0,"hosting":0,"service":0},"uploaders":{"size":11,"mobile":0,"satellite":0,"tor":0,"tor_exit_nodes":0,"vpn":0,"relay":0,"proxy":0,"hosting":0,"service":0}},"geometry":{"type":"Point","coordinates":[-147.71639,64.83778]}},{"type":"Feature","properties":{"country_code":"USA","city":"Brookfield","geoname_id":"4378488","h3_hexagon":590645895410745343,"h3_resolution":3,"downloaders":{"size":270,"mobile":0,"satellite":0,"tor":0,"tor_exit_nodes":0,"vpn":0,"relay":0,"proxy":0,"hosting":0,"service":0},"uploaders":{"size":7,"mobile":0,"satellite":0,"tor":0,"tor_exit_nodes":0,"vpn":0,"relay":0,"proxy":0,"hosting":0,"service":0}},"geometry":{"type":"Point","coordinates":[-93.07353,39.78447]}},{"type":"Feature","properties":{"country_code":"DZA","city":"Laghouat","geoname_id":"2491191","h3_hexagon":590957675676696575,"h3_resolution":3,"downloaders":{"size":268,"mobile":0,"satellite":0,"tor":0,"tor_exit_nodes":0,"vpn":0,"relay":0,"proxy":0,"hosting":0,"service":0},"uploaders":{"size":3,"mobile":0,"satellite":0,"tor":0,"tor_exit_nodes":0,"vpn":0,"relay":0,"proxy":0,"hosting":0,"service":0}},"geometry":{"type":"Point","coordinates":[2.86514,33.8]}},{"type":"Feature","properties":{"country_code":"CAN","city":"Nelson","geoname_id":"6086871","h3_hexagon":590303397538693119,"h3_resolution":3,"downloaders":{"size":265,"mobile":51,"satellite":0,"tor":0,"tor_exit_nodes":0,"vpn":0,"relay":0,"proxy":0,"hosting":7,"service":0},"uploaders":{"size":4,"mobile":0,"satellite":0,"tor":0,"tor_exit_nodes":0,"vpn":0,"relay":0,"proxy":0,"hosting":0,"service":0}},"geometry":{"type":"Point","coordinates":[-117.28553,49.49985]}},{"type":"Feature","properties":{"country_code":"PRY","city":"Santa Rita","geoname_id":"3436968","h3_hexagon":592950265624133631,"h3_resolution":3,"downloaders":{"size":265,"mobile":6,"satellite":0,"tor":0,"tor_exit_nodes":0,"vpn":1,"relay":0,"proxy":0,"hosting":1,"service":0},"uploaders":{"size":8,"mobile":0,"satellite":0,"tor":0,"tor_exit_nodes":0,"vpn":0,"relay":0,"proxy":0,"hosting":0,"service":0}},"geometry":{"type":"Point","coordinates":[-55.08847,-25.79632]}},{"type":"Feature","properties":{"country_code":"BRA","city":"Ribas do Rio Pardo","geoname_id":"3451399","h3_hexagon":592932879596519423,"h3_resolution":3,"downloaders":{"size":264,"mobile":0,"satellite":0,"tor":0,"tor_exit_nodes":0,"vpn":0,"relay":0,"proxy":0,"hosting":0,"service":0},"uploaders":{"size":22,"mobile":0,"satellite":0,"tor":0,"tor_exit_nodes":0,"vpn":0,"relay":0,"proxy":0,"hosting":0,"service":0}},"geometry":{"type":"Point","coordinates":[-53.75917,-20.44306]}},{"type":"Feature","properties":{"country_code":"FIN","city":"Pori","geoname_id":"640999","h3_hexagon":590121703242203135,"h3_resolution":3,"downloaders":{"size":260,"mobile":20,"satellite":0,"tor":0,"tor_exit_nodes":0,"vpn":76,"relay":0,"proxy":0,"hosting":76,"service":0},"uploaders":{"size":9,"mobile":9,"satellite":0,"tor":0,"tor_exit_nodes":0,"vpn":0,"relay":0,"proxy":0,"hosting":0,"service":0}},"geometry":{"type":"Point","coordinates":[21.78333,61.48333]}},{"type":"Feature","properties":{"country_code":"LBY","city":"Misratah","geoname_id":"2214846","h3_hexagon":591081164576391167,"h3_resolution":3,"downloaders":{"size":260,"mobile":0,"satellite":0,"tor":0,"tor_exit_nodes":0,"vpn":1,"relay":0,"proxy":0,"hosting":0,"service":0},"uploaders":{"size":5,"mobile":0,"satellite":0,"tor":0,"tor_exit_nodes":0,"vpn":0,"relay":0,"proxy":0,"hosting":0,"service":0}},"geometry":{"type":"Point","coordinates":[15.09254,32.37535]}},{"type":"Feature","properties":{"country_code":"USA","city":"Great Falls","geoname_id":"5655240","h3_hexagon":590667610765393919,"h3_resolution":3,"downloaders":{"size":260,"mobile":0,"satellite":0,"tor":0,"tor_exit_nodes":0,"vpn":1,"relay":0,"proxy":0,"hosting":0,"service":0},"uploaders":{"size":4,"mobile":0,"satellite":0,"tor":0,"tor_exit_nodes":0,"vpn":0,"relay":0,"proxy":0,"hosting":0,"service":0}},"geometry":{"type":"Point","coordinates":[-111.2734,47.5098]}},{"type":"Feature","properties":{"country_code":"VNM","city":"Ðà Lạt","geoname_id":"1584071","h3_hexagon":591760937640263679,"h3_resolution":3,"downloaders":{"size":254,"mobile":52,"satellite":0,"tor":0,"tor_exit_nodes":0,"vpn":10,"relay":0,"proxy":0,"hosting":0,"service":0},"uploaders":{"size":3,"mobile":3,"satellite":0,"tor":0,"tor_exit_nodes":0,"vpn":0,"relay":0,"proxy":0,"hosting":0,"service":0}},"geometry":{"type":"Point","coordinates":[108.44193,11.94646]}},{"type":"Feature","properties":{"country_code":"IRN","city":"Isfahan","geoname_id":"418863","h3_hexagon":591152838990626815,"h3_resolution":3,"downloaders":{"size":254,"mobile":37,"satellite":0,"tor":0,"tor_exit_nodes":0,"vpn":2,"relay":0,"proxy":0,"hosting":114,"service":0},"uploaders":{"size":4,"mobile":3,"satellite":0,"tor":0,"tor_exit_nodes":0,"vpn":0,"relay":0,"proxy":0,"hosting":0,"service":0}},"geometry":{"type":"Point","coordinates":[51.67462,32.65246]}},{"type":"Feature","properties":{"country_code":"USA","city":"Bibb City","geoname_id":"4182753","h3_hexagon":591181426292948991,"h3_resolution":3,"downloaders":{"size":254,"mobile":0,"satellite":0,"tor":0,"tor_exit_nodes":0,"vpn":0,"relay":0,"proxy":0,"hosting":1,"service":0},"uploaders":{"size":12,"mobile":0,"satellite":0,"tor":0,"tor_exit_nodes":0,"vpn":0,"relay":0,"proxy":0,"hosting":0,"service":0}},"geometry":{"type":"Point","coordinates":[-84.8559,32.5616]}},{"type":"Feature","properties":{"country_code":"ZWE","city":"Bulawayo","geoname_id":"894701","h3_hexagon":592635874018066431,"h3_resolution":3,"downloaders":{"size":253,"mobile":0,"satellite":0,"tor":0,"tor_exit_nodes":0,"vpn":5,"relay":0,"proxy":0,"hosting":0,"service":0},"uploaders":{"size":7,"mobile":0,"satellite":0,"tor":0,"tor_exit_nodes":0,"vpn":0,"relay":0,"proxy":0,"hosting":0,"service":0}},"geometry":{"type":"Point","coordinates":[28.58333,-20.15]}},{"type":"Feature","properties":{"country_code":"VIR","city":"Saint Croix","geoname_id":"4796512","h3_hexagon":591324775121420287,"h3_resolution":3,"downloaders":{"size":252,"mobile":0,"satellite":0,"tor":0,"tor_exit_nodes":0,"vpn":0,"relay":0,"proxy":0,"hosting":0,"service":0},"uploaders":{"size":21,"mobile":0,"satellite":0,"tor":0,"tor_exit_nodes":0,"vpn":0,"relay":0,"proxy":0,"hosting":0,"service":0}},"geometry":{"type":"Point","coordinates":[-64.74698,17.72751]}},{"type":"Feature","properties":{"country_code":"ESP","city":"Arnuero","geoname_id":"3129460","h3_hexagon":590398917611356159,"h3_resolution":3,"downloaders":{"size":247,"mobile":5,"satellite":0,"tor":0,"tor_exit_nodes":0,"vpn":2,"relay":0,"proxy":0,"hosting":0,"service":0},"uploaders":{"size":4,"mobile":0,"satellite":0,"tor":0,"tor_exit_nodes":0,"vpn":0,"relay":0,"proxy":0,"hosting":0,"service":0}},"geometry":{"type":"Point","coordinates":[-3.56959,43.47756]}},{"type":"Feature","properties":{"country_code":"SLE","city":"Freetown","geoname_id":"2409306","h3_hexagon":591463382305996799,"h3_resolution":3,"downloaders":{"size":247,"mobile":31,"satellite":50,"tor":0,"tor_exit_nodes":0,"vpn":0,"relay":0,"proxy":0,"hosting":0,"service":0},"uploaders":{"size":11,"mobile":0,"satellite":1,"tor":0,"tor_exit_nodes":0,"vpn":0,"relay":0,"proxy":0,"hosting":0,"service":0}},"geometry":{"type":"Point","coordinates":[-13.2356,8.48714]}},{"type":"Feature","properties":{"country_code":"USA","city":"Snyder","geoname_id":"5530921","h3_hexagon":590655103820627967,"h3_resolution":3,"downloaders":{"size":245,"mobile":0,"satellite":0,"tor":0,"tor_exit_nodes":0,"vpn":2,"relay":0,"proxy":0,"hosting":1,"service":1},"uploaders":{"size":5,"mobile":0,"satellite":0,"tor":0,"tor_exit_nodes":0,"vpn":0,"relay":0,"proxy":0,"hosting":0,"service":0}},"geometry":{"type":"Point","coordinates":[-100.91762,32.71789]}},{"type":"Feature","properties":{"country_code":"UGA","city":"Kira","geoname_id":"231165","h3_hexagon":591850479118450687,"h3_resolution":3,"downloaders":{"size":244,"mobile":2,"satellite":0,"tor":0,"tor_exit_nodes":0,"vpn":3,"relay":0,"proxy":0,"hosting":0,"service":0},"uploaders":{"size":7,"mobile":1,"satellite":0,"tor":0,"tor_exit_nodes":0,"vpn":0,"relay":0,"proxy":0,"hosting":0,"service":0}},"geometry":{"type":"Point","coordinates":[32.63333,0.4]}},{"type":"Feature","properties":{"country_code":"NGA","city":"Port Harcourt","geoname_id":"2324774","h3_hexagon":592273447497760767,"h3_resolution":3,"downloaders":{"size":243,"mobile":187,"satellite":0,"tor":0,"tor_exit_nodes":0,"vpn":1,"relay":0,"proxy":0,"hosting":0,"service":0},"uploaders":{"size":17,"mobile":12,"satellite":0,"tor":0,"tor_exit_nodes":0,"vpn":0,"relay":0,"proxy":0,"hosting":0,"service":0}},"geometry":{"type":"Point","coordinates":[7.0134,4.77742]}},{"type":"Feature","properties":{"country_code":"THA","city":"Koh Tao","geoname_id":"6698659","h3_hexagon":591734549361197055,"h3_resolution":3,"downloaders":{"size":240,"mobile":2,"satellite":0,"tor":0,"tor_exit_nodes":0,"vpn":1,"relay":0,"proxy":0,"hosting":0,"service":0},"uploaders":{"size":8,"mobile":0,"satellite":0,"tor":0,"tor_exit_nodes":0,"vpn":1,"relay":0,"proxy":0,"hosting":0,"service":0}},"geometry":{"type":"Point","coordinates":[99.83809,10.09808]}},{"type":"Feature","properties":{"country_code":"AUS","city":"Wodonga","geoname_id":"2143285","h3_hexagon":593322037993275391,"h3_resolution":3,"downloaders":{"size":240,"mobile":0,"satellite":0,"tor":0,"tor_exit_nodes":0,"vpn":0,"relay":0,"proxy":0,"hosting":2,"service":0},"uploaders":{"size":7,"mobile":0,"satellite":0,"tor":0,"tor_exit_nodes":0,"vpn":0,"relay":0,"proxy":0,"hosting":0,"service":0}},"geometry":{"type":"Point","coordinates":[146.87,-36.12263]}},{"type":"Feature","properties":{"country_code":"IND","city":"Udupi","geoname_id":"1253952","h3_hexagon":591662531349577727,"h3_resolution":3,"downloaders":{"size":238,"mobile":1,"satellite":0,"tor":0,"tor_exit_nodes":0,"vpn":0,"relay":0,"proxy":0,"hosting":0,"service":0},"uploaders":{"size":9,"mobile":0,"satellite":0,"tor":0,"tor_exit_nodes":0,"vpn":0,"relay":0,"proxy":0,"hosting":0,"service":0}},"geometry":{"type":"Point","coordinates":[74.74617,13.33467]}},{"type":"Feature","properties":{"country_code":"MWI","city":"Blantyre","geoname_id":"931755","h3_hexagon":592639584869810175,"h3_resolution":3,"downloaders":{"size":234,"mobile":87,"satellite":0,"tor":0,"tor_exit_nodes":0,"vpn":8,"relay":0,"proxy":0,"hosting":0,"service":0},"uploaders":{"size":8,"mobile":6,"satellite":0,"tor":0,"tor_exit_nodes":0,"vpn":0,"relay":0,"proxy":0,"hosting":0,"service":0}},"geometry":{"type":"Point","coordinates":[35.00854,-15.78499]}},{"type":"Feature","properties":{"country_code":"CAN","city":"Whitehorse","geoname_id":"6180550","h3_hexagon":590315079849738239,"h3_resolution":3,"downloaders":{"size":232,"mobile":0,"satellite":0,"tor":0,"tor_exit_nodes":0,"vpn":2,"relay":0,"proxy":0,"hosting":0,"service":0},"uploaders":{"size":10,"mobile":0,"satellite":0,"tor":0,"tor_exit_nodes":0,"vpn":0,"relay":0,"proxy":0,"hosting":0,"service":0}},"geometry":{"type":"Point","coordinates":[-135.05375,60.71611]}},{"type":"Feature","properties":{"country_code":"ARG","city":"Noetinger","geoname_id":"3843026","h3_hexagon":593107976823242751,"h3_resolution":3,"downloaders":{"size":231,"mobile":0,"satellite":0,"tor":0,"tor_exit_nodes":0,"vpn":0,"relay":0,"proxy":0,"hosting":60,"service":0},"uploaders":{"size":9,"mobile":0,"satellite":0,"tor":0,"tor_exit_nodes":0,"vpn":0,"relay":0,"proxy":0,"hosting":0,"service":0}},"geometry":{"type":"Point","coordinates":[-62.30723,-32.36604]}},{"type":"Feature","properties":{"country_code":"AUS","city":"Mildura","geoname_id":"2157698","h3_hexagon":593320526164787199,"h3_resolution":3,"downloaders":{"size":229,"mobile":0,"satellite":0,"tor":0,"tor_exit_nodes":0,"vpn":0,"relay":0,"proxy":0,"hosting":0,"service":0},"uploaders":{"size":11,"mobile":0,"satellite":0,"tor":0,"tor_exit_nodes":0,"vpn":0,"relay":0,"proxy":0,"hosting":0,"service":0}},"geometry":{"type":"Point","coordinates":[142.16251,-34.18551]}},{"type":"Feature","properties":{"country_code":"PHL","city":"Lucena","geoname_id":"1705357","h3_hexagon":591823884680953855,"h3_resolution":3,"downloaders":{"size":229,"mobile":13,"satellite":0,"tor":0,"tor_exit_nodes":0,"vpn":0,"relay":0,"proxy":0,"hosting":0,"service":0},"uploaders":{"size":9,"mobile":0,"satellite":0,"tor":0,"tor_exit_nodes":0,"vpn":0,"relay":0,"proxy":0,"hosting":0,"service":0}},"geometry":{"type":"Point","coordinates":[121.61722,13.93139]}},{"type":"Feature","properties":{"country_code":"SWE","city":"Lycksele","geoname_id":"2693347","h3_hexagon":590129124945690623,"h3_resolution":3,"downloaders":{"size":227,"mobile":0,"satellite":0,"tor":0,"tor_exit_nodes":0,"vpn":5,"relay":0,"proxy":0,"hosting":19,"service":0},"uploaders":{"size":5,"mobile":0,"satellite":0,"tor":0,"tor_exit_nodes":0,"vpn":0,"relay":0,"proxy":0,"hosting":0,"service":0}},"geometry":{"type":"Point","coordinates":[18.67351,64.59537]}},{"type":"Feature","properties":{"country_code":"KEN","city":"Thika","geoname_id":"179330","h3_hexagon":592122608246325247,"h3_resolution":3,"downloaders":{"size":225,"mobile":67,"satellite":0,"tor":0,"tor_exit_nodes":0,"vpn":2,"relay":0,"proxy":0,"hosting":0,"service":0},"uploaders":{"size":14,"mobile":4,"satellite":0,"tor":0,"tor_exit_nodes":0,"vpn":0,"relay":0,"proxy":0,"hosting":0,"service":0}},"geometry":{"type":"Point","coordinates":[37.06933,-1.03326]}},{"type":"Feature","properties":{"country_code":"ZMB","city":"Kitwe","geoname_id":"911148","h3_hexagon":592610516531150847,"h3_resolution":3,"downloaders":{"size":225,"mobile":108,"satellite":0,"tor":0,"tor_exit_nodes":0,"vpn":45,"relay":0,"proxy":0,"hosting":0,"service":0},"uploaders":{"size":9,"mobile":6,"satellite":0,"tor":0,"tor_exit_nodes":0,"vpn":3,"relay":0,"proxy":0,"hosting":0,"service":0}},"geometry":{"type":"Point","coordinates":[28.21323,-12.80243]}},{"type":"Feature","properties":{"country_code":"AUS","city":"Coffs Harbour","geoname_id":"2171085","h3_hexagon":593315921959845887,"h3_resolution":3,"downloaders":{"size":225,"mobile":0,"satellite":11,"tor":0,"tor_exit_nodes":0,"vpn":2,"relay":0,"proxy":0,"hosting":0,"service":0},"uploaders":{"size":4,"mobile":0,"satellite":0,"tor":0,"tor_exit_nodes":0,"vpn":0,"relay":0,"proxy":0,"hosting":0,"service":0}},"geometry":{"type":"Point","coordinates":[153.11351,-30.29626]}},{"type":"Feature","properties":{"country_code":"BOL","city":"Oruro","geoname_id":"3909234","h3_hexagon":593123644863938559,"h3_resolution":3,"downloaders":{"size":220,"mobile":197,"satellite":0,"tor":0,"tor_exit_nodes":0,"vpn":0,"relay":0,"proxy":0,"hosting":0,"service":0},"uploaders":{"size":28,"mobile":26,"satellite":0,"tor":0,"tor_exit_nodes":0,"vpn":0,"relay":0,"proxy":0,"hosting":0,"service":0}},"geometry":{"type":"Point","coordinates":[-67.0932,-17.97153]}},{"type":"Feature","properties":{"country_code":"USA","city":"Los Banos","geoname_id":"5368453","h3_hexagon":590704513124401151,"h3_resolution":3,"downloaders":{"size":219,"mobile":0,"satellite":0,"tor":0,"tor_exit_nodes":0,"vpn":0,"relay":0,"proxy":0,"hosting":0,"service":0},"uploaders":{"size":3,"mobile":0,"satellite":0,"tor":0,"tor_exit_nodes":0,"vpn":0,"relay":0,"proxy":0,"hosting":0,"service":0}},"geometry":{"type":"Point","coordinates":[-120.84992,37.05828]}},{"type":"Feature","properties":{"country_code":"LBY","city":"Benghazi","geoname_id":"88319","h3_hexagon":591081645612728319,"h3_resolution":3,"downloaders":{"size":213,"mobile":35,"satellite":0,"tor":0,"tor_exit_nodes":0,"vpn":26,"relay":0,"proxy":0,"hosting":11,"service":0},"uploaders":{"size":5,"mobile":3,"satellite":0,"tor":0,"tor_exit_nodes":0,"vpn":0,"relay":0,"proxy":0,"hosting":0,"service":0}},"geometry":{"type":"Point","coordinates":[20.06859,32.11486]}},{"type":"Feature","properties":{"country_code":"ESP","city":"Llanes","geoname_id":"3118304","h3_hexagon":590399948403507199,"h3_resolution":3,"downloaders":{"size":213,"mobile":14,"satellite":0,"tor":0,"tor_exit_nodes":0,"vpn":5,"relay":0,"proxy":0,"hosting":0,"service":0},"uploaders":{"size":3,"mobile":0,"satellite":0,"tor":0,"tor_exit_nodes":0,"vpn":0,"relay":0,"proxy":0,"hosting":0,"service":0}},"geometry":{"type":"Point","coordinates":[-4.75485,43.41982]}},{"type":"Feature","properties":{"country_code":"IND","city":"Kota","geoname_id":"1266049","h3_hexagon":591057044040056831,"h3_resolution":3,"downloaders":{"size":212,"mobile":99,"satellite":0,"tor":0,"tor_exit_nodes":0,"vpn":0,"relay":0,"proxy":0,"hosting":0,"service":0},"uploaders":{"size":4,"mobile":4,"satellite":0,"tor":0,"tor_exit_nodes":0,"vpn":0,"relay":0,"proxy":0,"hosting":0,"service":0}},"geometry":{"type":"Point","coordinates":[75.83907,25.18254]}},{"type":"Feature","properties":{"country_code":"IDN","city":"Bandar Lampung","geoname_id":"1624917","h3_hexagon":592446414420705279,"h3_resolution":3,"downloaders":{"size":211,"mobile":85,"satellite":0,"tor":0,"tor_exit_nodes":0,"vpn":5,"relay":0,"proxy":0,"hosting":19,"service":0},"uploaders":{"size":3,"mobile":0,"satellite":0,"tor":0,"tor_exit_nodes":0,"vpn":0,"relay":0,"proxy":0,"hosting":0,"service":0}},"geometry":{"type":"Point","coordinates":[105.26111,-5.42917]}},{"type":"Feature","properties":{"country_code":"IRN","city":"Pāsārgād","geoname_id":"401202","h3_hexagon":591152632832196607,"h3_resolution":3,"downloaders":{"size":208,"mobile":0,"satellite":0,"tor":0,"tor_exit_nodes":0,"vpn":7,"relay":0,"proxy":0,"hosting":7,"service":0},"uploaders":{"size":7,"mobile":0,"satellite":0,"tor":0,"tor_exit_nodes":0,"vpn":0,"relay":0,"proxy":0,"hosting":0,"service":0}},"geometry":{"type":"Point","coordinates":[53.18,30.20194]}},{"type":"Feature","properties":{"country_code":"NOR","city":"Vadsø","geoname_id":"777073","h3_hexagon":589992854223323135,"h3_resolution":3,"downloaders":{"size":206,"mobile":0,"satellite":0,"tor":0,"tor_exit_nodes":0,"vpn":0,"relay":0,"proxy":0,"hosting":0,"service":0},"uploaders":{"size":3,"mobile":0,"satellite":0,"tor":0,"tor_exit_nodes":0,"vpn":0,"relay":0,"proxy":0,"hosting":0,"service":0}},"geometry":{"type":"Point","coordinates":[29.74943,70.07348]}},{"type":"Feature","properties":{"country_code":"VNM","city":"Buôn Ma Thuột","geoname_id":"1586896","h3_hexagon":591760662762356735,"h3_resolution":3,"downloaders":{"size":205,"mobile":24,"satellite":0,"tor":0,"tor_exit_nodes":0,"vpn":0,"relay":0,"proxy":0,"hosting":0,"service":0},"uploaders":{"size":15,"mobile":5,"satellite":0,"tor":0,"tor_exit_nodes":0,"vpn":0,"relay":0,"proxy":0,"hosting":0,"service":0}},"geometry":{"type":"Point","coordinates":[108.03775,12.66747]}},{"type":"Feature","properties":{"country_code":"IDN","city":"Pasarkemis","geoname_id":"1632228","h3_hexagon":592435831621287935,"h3_resolution":3,"downloaders":{"size":203,"mobile":9,"satellite":0,"tor":0,"tor_exit_nodes":0,"vpn":10,"relay":0,"proxy":0,"hosting":10,"service":0},"uploaders":{"size":5,"mobile":0,"satellite":0,"tor":0,"tor_exit_nodes":0,"vpn":0,"relay":0,"proxy":0,"hosting":0,"service":0}},"geometry":{"type":"Point","coordinates":[106.53028,-6.17028]}},{"type":"Feature","properties":{"country_code":"MYS","city":"Tawau","geoname_id":"1734199","h3_hexagon":591802993960026111,"h3_resolution":3,"downloaders":{"size":203,"mobile":63,"satellite":0,"tor":0,"tor_exit_nodes":0,"vpn":1,"relay":0,"proxy":0,"hosting":0,"service":0},"uploaders":{"size":15,"mobile":3,"satellite":0,"tor":0,"tor_exit_nodes":0,"vpn":0,"relay":0,"proxy":0,"hosting":0,"service":0}},"geometry":{"type":"Point","coordinates":[117.89115,4.24482]}},{"type":"Feature","properties":{"country_code":"TTO","city":"Scarborough","geoname_id":"3573703","h3_hexagon":591649131051614207,"h3_resolution":3,"downloaders":{"size":199,"mobile":1,"satellite":0,"tor":0,"tor_exit_nodes":0,"vpn":0,"relay":0,"proxy":0,"hosting":0,"service":0},"uploaders":{"size":3,"mobile":0,"satellite":0,"tor":0,"tor_exit_nodes":0,"vpn":0,"relay":0,"proxy":0,"hosting":0,"service":0}},"geometry":{"type":"Point","coordinates":[-60.73525,11.18229]}},{"type":"Feature","properties":{"country_code":"IDN","city":"Banjarmasin","geoname_id":"1650213","h3_hexagon":592462151180877823,"h3_resolution":3,"downloaders":{"size":192,"mobile":88,"satellite":0,"tor":0,"tor_exit_nodes":0,"vpn":4,"relay":0,"proxy":0,"hosting":0,"service":0},"uploaders":{"size":3,"mobile":1,"satellite":0,"tor":0,"tor_exit_nodes":0,"vpn":0,"relay":0,"proxy":0,"hosting":0,"service":0}},"geometry":{"type":"Point","coordinates":[114.59075,-3.31987]}},{"type":"Feature","properties":{"country_code":"IND","city":"Ajmer","geoname_id":"1279159","h3_hexagon":591057181479010303,"h3_resolution":3,"downloaders":{"size":191,"mobile":2,"satellite":0,"tor":0,"tor_exit_nodes":0,"vpn":0,"relay":0,"proxy":0,"hosting":1,"service":0},"uploaders":{"size":5,"mobile":0,"satellite":0,"tor":0,"tor_exit_nodes":0,"vpn":0,"relay":0,"proxy":0,"hosting":0,"service":0}},"geometry":{"type":"Point","coordinates":[74.63867,26.4521]}},{"type":"Feature","properties":{"country_code":"USA","city":"Helena","geoname_id":"5656882","h3_hexagon":590667748204347391,"h3_resolution":3,"downloaders":{"size":189,"mobile":0,"satellite":0,"tor":0,"tor_exit_nodes":0,"vpn":0,"relay":0,"proxy":0,"hosting":0,"service":0},"uploaders":{"size":3,"mobile":0,"satellite":0,"tor":0,"tor_exit_nodes":0,"vpn":0,"relay":0,"proxy":0,"hosting":0,"service":0}},"geometry":{"type":"Point","coordinates":[-112.0213,46.6131]}},{"type":"Feature","properties":{"country_code":"CAN","city":"Terrace","geoname_id":"6162949","h3_hexagon":590297350224740351,"h3_resolution":3,"downloaders":{"size":186,"mobile":22,"satellite":0,"tor":0,"tor_exit_nodes":0,"vpn":0,"relay":0,"proxy":0,"hosting":0,"service":0},"uploaders":{"size":3,"mobile":2,"satellite":0,"tor":0,"tor_exit_nodes":0,"vpn":0,"relay":0,"proxy":0,"hosting":0,"service":0}},"geometry":{"type":"Point","coordinates":[-128.60345,54.51634]}},{"type":"Feature","properties":{"country_code":"DZA","city":"Aïn Defla","geoname_id":"2508228","h3_hexagon":590959531102568447,"h3_resolution":3,"downloaders":{"size":184,"mobile":6,"satellite":0,"tor":0,"tor_exit_nodes":0,"vpn":0,"relay":0,"proxy":0,"hosting":0,"service":0},"uploaders":{"size":6,"mobile":0,"satellite":0,"tor":0,"tor_exit_nodes":0,"vpn":0,"relay":0,"proxy":0,"hosting":0,"service":0}},"geometry":{"type":"Point","coordinates":[1.9679,36.26405]}},{"type":"Feature","properties":{"country_code":"USA","city":"White Haven","geoname_id":"5686032","h3_hexagon":590303191380262911,"h3_resolution":3,"downloaders":{"size":183,"mobile":0,"satellite":0,"tor":0,"tor_exit_nodes":0,"vpn":17,"relay":0,"proxy":0,"hosting":0,"service":0},"uploaders":{"size":8,"mobile":0,"satellite":0,"tor":0,"tor_exit_nodes":0,"vpn":0,"relay":0,"proxy":0,"hosting":0,"service":0}},"geometry":{"type":"Point","coordinates":[-115.51739,48.34495]}},{"type":"Feature","properties":{"country_code":"MMR","city":"Mandalay","geoname_id":"1311874","h3_hexagon":591741490028347391,"h3_resolution":3,"downloaders":{"size":179,"mobile":98,"satellite":0,"tor":0,"tor_exit_nodes":0,"vpn":9,"relay":0,"proxy":0,"hosting":20,"service":6},"uploaders":{"size":6,"mobile":4,"satellite":0,"tor":0,"tor_exit_nodes":0,"vpn":0,"relay":0,"proxy":0,"hosting":0,"service":0}},"geometry":{"type":"Point","coordinates":[96.08359,21.97473]}},{"type":"Feature","properties":{"country_code":"PAN","city":"Nueva Gorgona","geoname_id":"3703839","h3_hexagon":591777086717296639,"h3_resolution":3,"downloaders":{"size":179,"mobile":0,"satellite":0,"tor":0,"tor_exit_nodes":0,"vpn":0,"relay":0,"proxy":0,"hosting":0,"service":0},"uploaders":{"size":11,"mobile":0,"satellite":0,"tor":0,"tor_exit_nodes":0,"vpn":0,"relay":0,"proxy":0,"hosting":0,"service":0}},"geometry":{"type":"Point","coordinates":[-79.87427,8.55479]}},{"type":"Feature","properties":{"country_code":"NZL","city":"Ashburton","geoname_id":"6217081","h3_hexagon":593816955664728063,"h3_resolution":3,"downloaders":{"size":178,"mobile":80,"satellite":0,"tor":0,"tor_exit_nodes":0,"vpn":3,"relay":0,"proxy":0,"hosting":0,"service":0},"uploaders":{"size":11,"mobile":3,"satellite":0,"tor":0,"tor_exit_nodes":0,"vpn":0,"relay":0,"proxy":0,"hosting":0,"service":0}},"geometry":{"type":"Point","coordinates":[171.73011,-43.89834]}},{"type":"Feature","properties":{"country_code":"MYS","city":"Kuala Rompin","geoname_id":"1734914","h3_hexagon":591750767157706751,"h3_resolution":3,"downloaders":{"size":177,"mobile":2,"satellite":0,"tor":0,"tor_exit_nodes":0,"vpn":0,"relay":0,"proxy":0,"hosting":0,"service":0},"uploaders":{"size":5,"mobile":0,"satellite":0,"tor":0,"tor_exit_nodes":0,"vpn":0,"relay":0,"proxy":0,"hosting":0,"service":0}},"geometry":{"type":"Point","coordinates":[103.48333,2.81667]}},{"type":"Feature","properties":{"country_code":"CAN","city":"Smithers","geoname_id":"6149996","h3_hexagon":590297418944217087,"h3_resolution":3,"downloaders":{"size":176,"mobile":0,"satellite":0,"tor":0,"tor_exit_nodes":0,"vpn":0,"relay":0,"proxy":0,"hosting":0,"service":0},"uploaders":{"size":8,"mobile":0,"satellite":0,"tor":0,"tor_exit_nodes":0,"vpn":0,"relay":0,"proxy":0,"hosting":0,"service":0}},"geometry":{"type":"Point","coordinates":[-127.17428,54.78036]}},{"type":"Feature","properties":{"country_code":"USA","city":"Sisseton","geoname_id":"5231863","h3_hexagon":590642459436908543,"h3_resolution":3,"downloaders":{"size":176,"mobile":0,"satellite":0,"tor":0,"tor_exit_nodes":0,"vpn":1,"relay":0,"proxy":0,"hosting":0,"service":0},"uploaders":{"size":11,"mobile":0,"satellite":0,"tor":0,"tor_exit_nodes":0,"vpn":0,"relay":0,"proxy":0,"hosting":0,"service":0}},"geometry":{"type":"Point","coordinates":[-97.0498,45.66468]}},{"type":"Feature","properties":{"country_code":"CAN","city":"Estevan","geoname_id":"5949568","h3_hexagon":590669672349695999,"h3_resolution":3,"downloaders":{"size":175,"mobile":75,"satellite":0,"tor":0,"tor_exit_nodes":0,"vpn":0,"relay":0,"proxy":0,"hosting":0,"service":0},"uploaders":{"size":14,"mobile":0,"satellite":0,"tor":0,"tor_exit_nodes":0,"vpn":0,"relay":0,"proxy":0,"hosting":0,"service":0}},"geometry":{"type":"Point","coordinates":[-102.98422,49.13337]}},{"type":"Feature","properties":{"country_code":"LKA","city":"Kalutara","geoname_id":"1241964","h3_hexagon":591678268109750271,"h3_resolution":3,"downloaders":{"size":175,"mobile":11,"satellite":0,"tor":0,"tor_exit_nodes":0,"vpn":0,"relay":0,"proxy":0,"hosting":0,"service":0},"uploaders":{"size":4,"mobile":0,"satellite":0,"tor":0,"tor_exit_nodes":0,"vpn":0,"relay":0,"proxy":0,"hosting":0,"service":0}},"geometry":{"type":"Point","coordinates":[79.9593,6.5831]}},{"type":"Feature","properties":{"country_code":"FRA","city":"Porto-Vecchio","geoname_id":"2985947","h3_hexagon":590511686272679935,"h3_resolution":3,"downloaders":{"size":175,"mobile":145,"satellite":0,"tor":0,"tor_exit_nodes":0,"vpn":0,"relay":0,"proxy":0,"hosting":0,"service":0},"uploaders":{"size":9,"mobile":9,"satellite":0,"tor":0,"tor_exit_nodes":0,"vpn":0,"relay":0,"proxy":0,"hosting":0,"service":0}},"geometry":{"type":"Point","coordinates":[9.27947,41.59101]}},{"type":"Feature","properties":{"country_code":"NZL","city":"Gisborne","geoname_id":"2206854","h3_hexagon":593262045890084863,"h3_resolution":3,"downloaders":{"size":174,"mobile":33,"satellite":0,"tor":0,"tor_exit_nodes":0,"vpn":0,"relay":0,"proxy":0,"hosting":0,"service":0},"uploaders":{"size":15,"mobile":0,"satellite":0,"tor":0,"tor_exit_nodes":0,"vpn":0,"relay":0,"proxy":0,"hosting":0,"service":0}},"geometry":{"type":"Point","coordinates":[178.00417,-38.65333]}},{"type":"Feature","properties":{"country_code":"BGD","city":"Kishorganj","geoname_id":"1337249","h3_hexagon":591042681669419007,"h3_resolution":3,"downloaders":{"size":174,"mobile":9,"satellite":0,"tor":0,"tor_exit_nodes":0,"vpn":7,"relay":0,"proxy":0,"hosting":9,"service":0},"uploaders":{"size":3,"mobile":0,"satellite":0,"tor":0,"tor_exit_nodes":0,"vpn":0,"relay":0,"proxy":0,"hosting":0,"service":0}},"geometry":{"type":"Point","coordinates":[90.78291,24.43944]}},{"type":"Feature","properties":{"country_code":"USA","city":"Rio Grande City","geoname_id":"4722837","h3_hexagon":591250420647591935,"h3_resolution":3,"downloaders":{"size":172,"mobile":0,"satellite":0,"tor":0,"tor_exit_nodes":0,"vpn":2,"relay":0,"proxy":0,"hosting":0,"service":0},"uploaders":{"size":7,"mobile":0,"satellite":0,"tor":0,"tor_exit_nodes":0,"vpn":0,"relay":0,"proxy":0,"hosting":0,"service":0}},"geometry":{"type":"Point","coordinates":[-98.8203,26.37979]}},{"type":"Feature","properties":{"country_code":"PER","city":"Junín","geoname_id":"3937486","h3_hexagon":592476582270992383,"h3_resolution":3,"downloaders":{"size":169,"mobile":44,"satellite":0,"tor":0,"tor_exit_nodes":0,"vpn":1,"relay":0,"proxy":0,"hosting":0,"service":0},"uploaders":{"size":6,"mobile":6,"satellite":0,"tor":0,"tor_exit_nodes":0,"vpn":0,"relay":0,"proxy":0,"hosting":0,"service":0}},"geometry":{"type":"Point","coordinates":[-75.99304,-11.15895]}},{"type":"Feature","properties":{"country_code":"AUS","city":"Darwin","geoname_id":"2073124","h3_hexagon":592580760997724159,"h3_resolution":3,"downloaders":{"size":167,"mobile":0,"satellite":0,"tor":0,"tor_exit_nodes":0,"vpn":1,"relay":0,"proxy":0,"hosting":0,"service":0},"uploaders":{"size":3,"mobile":0,"satellite":0,"tor":0,"tor_exit_nodes":0,"vpn":0,"relay":0,"proxy":0,"hosting":0,"service":0}},"geometry":{"type":"Point","coordinates":[130.84185,-12.46113]}},{"type":"Feature","properties":{"country_code":"CAN","city":"Haliburton Village","geoname_id":"12076628","h3_hexagon":590738804143292415,"h3_resolution":3,"downloaders":{"size":167,"mobile":20,"satellite":0,"tor":0,"tor_exit_nodes":0,"vpn":0,"relay":0,"proxy":0,"hosting":0,"service":0},"uploaders":{"size":9,"mobile":0,"satellite":0,"tor":0,"tor_exit_nodes":0,"vpn":0,"relay":0,"proxy":0,"hosting":0,"service":0}},"geometry":{"type":"Point","coordinates":[-78.50854,45.04921]}},{"type":"Feature","properties":{"country_code":"MYS","city":"Kuantan","geoname_id":"1735227","h3_hexagon":591748843012358143,"h3_resolution":3,"downloaders":{"size":166,"mobile":5,"satellite":0,"tor":0,"tor_exit_nodes":0,"vpn":0,"relay":0,"proxy":0,"hosting":0,"service":0},"uploaders":{"size":7,"mobile":0,"satellite":0,"tor":0,"tor_exit_nodes":0,"vpn":0,"relay":0,"proxy":0,"hosting":0,"service":0}},"geometry":{"type":"Point","coordinates":[103.326,3.8077]}},{"type":"Feature","properties":{"country_code":"RUS","city":"Tokaryovka","geoname_id":"482522","h3_hexagon":590281269867184127,"h3_resolution":3,"downloaders":{"size":164,"mobile":0,"satellite":0,"tor":0,"tor_exit_nodes":0,"vpn":0,"relay":0,"proxy":0,"hosting":0,"service":0},"uploaders":{"size":4,"mobile":0,"satellite":0,"tor":0,"tor_exit_nodes":0,"vpn":0,"relay":0,"proxy":0,"hosting":0,"service":0}},"geometry":{"type":"Point","coordinates":[41.14972,52.00014]}},{"type":"Feature","properties":{"country_code":"USA","city":"Payson","geoname_id":"5308305","h3_hexagon":591252344792940543,"h3_resolution":3,"downloaders":{"size":163,"mobile":0,"satellite":0,"tor":0,"tor_exit_nodes":0,"vpn":3,"relay":0,"proxy":0,"hosting":0,"service":0},"uploaders":{"size":9,"mobile":0,"satellite":0,"tor":0,"tor_exit_nodes":0,"vpn":0,"relay":0,"proxy":0,"hosting":0,"service":0}},"geometry":{"type":"Point","coordinates":[-111.32514,34.23087]}},{"type":"Feature","properties":{"country_code":"ZAF","city":"Mbombela","geoname_id":"971534","h3_hexagon":593293244532523007,"h3_resolution":3,"downloaders":{"size":162,"mobile":5,"satellite":0,"tor":0,"tor_exit_nodes":0,"vpn":2,"relay":0,"proxy":0,"hosting":0,"service":0},"uploaders":{"size":5,"mobile":0,"satellite":0,"tor":0,"tor_exit_nodes":0,"vpn":0,"relay":0,"proxy":0,"hosting":0,"service":0}},"geometry":{"type":"Point","coordinates":[30.96935,-25.47512]}},{"type":"Feature","properties":{"country_code":"GIN","city":"Conakry","geoname_id":"2422465","h3_hexagon":591465443890298879,"h3_resolution":3,"downloaders":{"size":159,"mobile":90,"satellite":0,"tor":0,"tor_exit_nodes":0,"vpn":4,"relay":0,"proxy":0,"hosting":0,"service":0},"uploaders":{"size":5,"mobile":5,"satellite":0,"tor":0,"tor_exit_nodes":0,"vpn":0,"relay":0,"proxy":0,"hosting":0,"service":0}},"geometry":{"type":"Point","coordinates":[-13.67729,9.53795]}},{"type":"Feature","properties":{"country_code":"AUS","city":"Goulburn","geoname_id":"2164837","h3_hexagon":593315028606648319,"h3_resolution":3,"downloaders":{"size":159,"mobile":0,"satellite":0,"tor":0,"tor_exit_nodes":0,"vpn":0,"relay":0,"proxy":0,"hosting":0,"service":0},"uploaders":{"size":4,"mobile":0,"satellite":0,"tor":0,"tor_exit_nodes":0,"vpn":0,"relay":0,"proxy":0,"hosting":0,"service":0}},"geometry":{"type":"Point","coordinates":[149.72086,-34.75155]}},{"type":"Feature","properties":{"country_code":"THA","city":"Phatthalung","geoname_id":"1607779","h3_hexagon":591750286121369599,"h3_resolution":3,"downloaders":{"size":157,"mobile":2,"satellite":0,"tor":0,"tor_exit_nodes":0,"vpn":0,"relay":0,"proxy":0,"hosting":0,"service":0},"uploaders":{"size":4,"mobile":0,"satellite":0,"tor":0,"tor_exit_nodes":0,"vpn":0,"relay":0,"proxy":0,"hosting":0,"service":0}},"geometry":{"type":"Point","coordinates":[100.07792,7.61786]}},{"type":"Feature","properties":{"country_code":"MOZ","city":"Beira","geoname_id":"1052373","h3_hexagon":592629483106729983,"h3_resolution":3,"downloaders":{"size":151,"mobile":5,"satellite":0,"tor":0,"tor_exit_nodes":0,"vpn":2,"relay":0,"proxy":0,"hosting":0,"service":0},"uploaders":{"size":5,"mobile":1,"satellite":0,"tor":0,"tor_exit_nodes":0,"vpn":1,"relay":0,"proxy":0,"hosting":0,"service":0}},"geometry":{"type":"Point","coordinates":[34.83889,-19.84361]}},{"type":"Feature","properties":{"country_code":"IND","city":"Gangtok","geoname_id":"1271631","h3_hexagon":591027838262444031,"h3_resolution":3,"downloaders":{"size":150,"mobile":41,"satellite":0,"tor":0,"tor_exit_nodes":0,"vpn":0,"relay":0,"proxy":0,"hosting":0,"service":0},"uploaders":{"size":8,"mobile":0,"satellite":0,"tor":0,"tor_exit_nodes":0,"vpn":0,"relay":0,"proxy":0,"hosting":0,"service":0}},"geometry":{"type":"Point","coordinates":[88.61216,27.32574]}},{"type":"Feature","properties":{"country_code":"ARG","city":"San Martín de los Andes","geoname_id":"3836951","h3_hexagon":593604612481613823,"h3_resolution":3,"downloaders":{"size":149,"mobile":0,"satellite":0,"tor":0,"tor_exit_nodes":0,"vpn":3,"relay":0,"proxy":0,"hosting":0,"service":0},"uploaders":{"size":5,"mobile":0,"satellite":0,"tor":0,"tor_exit_nodes":0,"vpn":0,"relay":0,"proxy":0,"hosting":0,"service":0}},"geometry":{"type":"Point","coordinates":[-71.35337,-40.15789]}},{"type":"Feature","properties":{"country_code":"PHL","city":"Legaspi","geoname_id":"1706889","h3_hexagon":591808147920781311,"h3_resolution":3,"downloaders":{"size":149,"mobile":6,"satellite":0,"tor":0,"tor_exit_nodes":0,"vpn":1,"relay":0,"proxy":0,"hosting":0,"service":0},"uploaders":{"size":16,"mobile":0,"satellite":0,"tor":0,"tor_exit_nodes":0,"vpn":0,"relay":0,"proxy":0,"hosting":0,"service":0}},"geometry":{"type":"Point","coordinates":[123.74073,13.14125]}},{"type":"Feature","properties":{"country_code":"PRI","city":"Cabo Rojo","geoname_id":"4562996","h3_hexagon":591321820183920639,"h3_resolution":3,"downloaders":{"size":148,"mobile":143,"satellite":0,"tor":0,"tor_exit_nodes":0,"vpn":0,"relay":0,"proxy":0,"hosting":0,"service":0},"uploaders":{"size":11,"mobile":11,"satellite":0,"tor":0,"tor_exit_nodes":0,"vpn":0,"relay":0,"proxy":0,"hosting":0,"service":0}},"geometry":{"type":"Point","coordinates":[-67.14573,18.08663]}},{"type":"Feature","properties":{"country_code":"ARG","city":"San Justo","geoname_id":"3837124","h3_hexagon":593398316612452351,"h3_resolution":3,"downloaders":{"size":148,"mobile":6,"satellite":0,"tor":0,"tor_exit_nodes":0,"vpn":2,"relay":0,"proxy":0,"hosting":0,"service":0},"uploaders":{"size":7,"mobile":0,"satellite":0,"tor":0,"tor_exit_nodes":0,"vpn":0,"relay":0,"proxy":0,"hosting":0,"service":0}},"geometry":{"type":"Point","coordinates":[-60.59276,-30.78991]}},{"type":"Feature","properties":{"country_code":"PAK","city":"Muzaffargarh","geoname_id":"1169605","h3_hexagon":591137102230454271,"h3_resolution":3,"downloaders":{"size":148,"mobile":30,"satellite":0,"tor":0,"tor_exit_nodes":0,"vpn":0,"relay":0,"proxy":0,"hosting":94,"service":0},"uploaders":{"size":6,"mobile":6,"satellite":0,"tor":0,"tor_exit_nodes":0,"vpn":0,"relay":0,"proxy":0,"hosting":0,"service":0}},"geometry":{"type":"Point","coordinates":[71.19379,30.07258]}},{"type":"Feature","properties":{"country_code":"PHL","city":"San Agustin","geoname_id":"1690508","h3_hexagon":591823953400430591,"h3_resolution":3,"downloaders":{"size":147,"mobile":10,"satellite":0,"tor":0,"tor_exit_nodes":0,"vpn":0,"relay":0,"proxy":0,"hosting":0,"service":0},"uploaders":{"size":4,"mobile":0,"satellite":0,"tor":0,"tor_exit_nodes":0,"vpn":0,"relay":0,"proxy":0,"hosting":0,"service":0}},"geometry":{"type":"Point","coordinates":[123.2641,13.574]}},{"type":"Feature","properties":{"country_code":"TZA","city":"Iringa","geoname_id":"159071","h3_hexagon":592622611159056383,"h3_resolution":3,"downloaders":{"size":147,"mobile":0,"satellite":0,"tor":0,"tor_exit_nodes":0,"vpn":0,"relay":0,"proxy":0,"hosting":0,"service":0},"uploaders":{"size":43,"mobile":0,"satellite":0,"tor":0,"tor_exit_nodes":0,"vpn":0,"relay":0,"proxy":0,"hosting":0,"service":0}},"geometry":{"type":"Point","coordinates":[35.7,-7.76667]}},{"type":"Feature","properties":{"country_code":"IND","city":"Kolhāpur","geoname_id":"1266285","h3_hexagon":591672220795797503,"h3_resolution":3,"downloaders":{"size":147,"mobile":45,"satellite":0,"tor":0,"tor_exit_nodes":0,"vpn":1,"relay":0,"proxy":0,"hosting":1,"service":0},"uploaders":{"size":10,"mobile":1,"satellite":0,"tor":0,"tor_exit_nodes":0,"vpn":0,"relay":0,"proxy":0,"hosting":0,"service":0}},"geometry":{"type":"Point","coordinates":[74.23167,16.69563]}},{"type":"Feature","properties":{"country_code":"USA","city":"Independence","geoname_id":"4273359","h3_hexagon":590655584856965119,"h3_resolution":3,"downloaders":{"size":145,"mobile":0,"satellite":0,"tor":0,"tor_exit_nodes":0,"vpn":5,"relay":0,"proxy":0,"hosting":0,"service":0},"uploaders":{"size":4,"mobile":0,"satellite":0,"tor":0,"tor_exit_nodes":0,"vpn":0,"relay":0,"proxy":0,"hosting":0,"service":0}},"geometry":{"type":"Point","coordinates":[-95.70831,37.22424]}},{"type":"Feature","properties":{"country_code":"IND","city":"Virudunagar","geoname_id":"1253113","h3_hexagon":591664111897542655,"h3_resolution":3,"downloaders":{"size":144,"mobile":1,"satellite":0,"tor":0,"tor_exit_nodes":0,"vpn":0,"relay":0,"proxy":0,"hosting":1,"service":0},"uploaders":{"size":4,"mobile":0,"satellite":0,"tor":0,"tor_exit_nodes":0,"vpn":0,"relay":0,"proxy":0,"hosting":0,"service":0}},"geometry":{"type":"Point","coordinates":[77.95787,9.58509]}},{"type":"Feature","properties":{"country_code":"CAN","city":"Grand Falls-Windsor","geoname_id":"5964378","h3_hexagon":590457260447105023,"h3_resolution":3,"downloaders":{"size":137,"mobile":69,"satellite":0,"tor":0,"tor_exit_nodes":0,"vpn":0,"relay":0,"proxy":0,"hosting":0,"service":0},"uploaders":{"size":15,"mobile":15,"satellite":0,"tor":0,"tor_exit_nodes":0,"vpn":0,"relay":0,"proxy":0,"hosting":0,"service":0}},"geometry":{"type":"Point","coordinates":[-55.66492,48.93324]}},{"type":"Feature","properties":{"country_code":"AUS","city":"Bedfordale","geoname_id":"2076923","h3_hexagon":593517682343542783,"h3_resolution":3,"downloaders":{"size":135,"mobile":0,"satellite":0,"tor":0,"tor_exit_nodes":0,"vpn":0,"relay":0,"proxy":0,"hosting":0,"service":0},"uploaders":{"size":6,"mobile":0,"satellite":0,"tor":0,"tor_exit_nodes":0,"vpn":0,"relay":0,"proxy":0,"hosting":0,"service":0}},"geometry":{"type":"Point","coordinates":[116.0504,-32.17406]}},{"type":"Feature","properties":{"country_code":"ARG","city":"Lincoln","geoname_id":"3846864","h3_hexagon":593408212217102335,"h3_resolution":3,"downloaders":{"size":132,"mobile":4,"satellite":0,"tor":0,"tor_exit_nodes":0,"vpn":0,"relay":0,"proxy":0,"hosting":0,"service":0},"uploaders":{"size":12,"mobile":0,"satellite":0,"tor":0,"tor_exit_nodes":0,"vpn":0,"relay":0,"proxy":0,"hosting":0,"service":0}},"geometry":{"type":"Point","coordinates":[-61.52929,-34.86819]}},{"type":"Feature","properties":{"country_code":"CAN","city":"Coaldale","geoname_id":"5924417","h3_hexagon":590302366746542079,"h3_resolution":3,"downloaders":{"size":131,"mobile":15,"satellite":0,"tor":0,"tor_exit_nodes":0,"vpn":1,"relay":0,"proxy":0,"hosting":0,"service":0},"uploaders":{"size":9,"mobile":0,"satellite":0,"tor":0,"tor_exit_nodes":0,"vpn":0,"relay":0,"proxy":0,"hosting":0,"service":0}},"geometry":{"type":"Point","coordinates":[-112.61854,49.7167]}},{"type":"Feature","properties":{"country_code":"BRA","city":"Alto Araguaia","geoname_id":"3472473","h3_hexagon":592943393676460031,"h3_resolution":3,"downloaders":{"size":131,"mobile":1,"satellite":0,"tor":0,"tor_exit_nodes":0,"vpn":1,"relay":0,"proxy":0,"hosting":0,"service":0},"uploaders":{"size":6,"mobile":0,"satellite":0,"tor":0,"tor_exit_nodes":0,"vpn":0,"relay":0,"proxy":0,"hosting":0,"service":0}},"geometry":{"type":"Point","coordinates":[-53.21528,-17.31472]}},{"type":"Feature","properties":{"country_code":"NZL","city":"Invercargill","geoname_id":"2189529","h3_hexagon":593818398773739519,"h3_resolution":3,"downloaders":{"size":130,"mobile":66,"satellite":0,"tor":0,"tor_exit_nodes":0,"vpn":0,"relay":0,"proxy":0,"hosting":0,"service":0},"uploaders":{"size":10,"mobile":7,"satellite":0,"tor":0,"tor_exit_nodes":0,"vpn":0,"relay":0,"proxy":0,"hosting":0,"service":0}},"geometry":{"type":"Point","coordinates":[168.35,-46.4]}},{"type":"Feature","properties":{"country_code":"MYS","city":"Temerluh","geoname_id":"1735022","h3_hexagon":591748705573404671,"h3_resolution":3,"downloaders":{"size":127,"mobile":4,"satellite":0,"tor":0,"tor_exit_nodes":0,"vpn":2,"relay":0,"proxy":0,"hosting":0,"service":0},"uploaders":{"size":13,"mobile":0,"satellite":0,"tor":0,"tor_exit_nodes":0,"vpn":0,"relay":0,"proxy":0,"hosting":0,"service":0}},"geometry":{"type":"Point","coordinates":[102.4176,3.4506]}},{"type":"Feature","properties":{"country_code":"NAM","city":"Tsumeb","geoname_id":"3352593","h3_hexagon":593009776690987007,"h3_resolution":3,"downloaders":{"size":125,"mobile":0,"satellite":0,"tor":0,"tor_exit_nodes":0,"vpn":1,"relay":0,"proxy":0,"hosting":33,"service":0},"uploaders":{"size":17,"mobile":0,"satellite":0,"tor":0,"tor_exit_nodes":0,"vpn":0,"relay":0,"proxy":0,"hosting":9,"service":0}},"geometry":{"type":"Point","coordinates":[17.71345,-19.24842]}},{"type":"Feature","properties":{"country_code":"AUS","city":"Horsham","geoname_id":"2163055","h3_hexagon":593321419517984767,"h3_resolution":3,"downloaders":{"size":124,"mobile":0,"satellite":0,"tor":0,"tor_exit_nodes":0,"vpn":0,"relay":0,"proxy":0,"hosting":0,"service":0},"uploaders":{"size":3,"mobile":0,"satellite":0,"tor":0,"tor_exit_nodes":0,"vpn":0,"relay":0,"proxy":0,"hosting":0,"service":0}},"geometry":{"type":"Point","coordinates":[142.19981,-36.71131]}},{"type":"Feature","properties":{"country_code":"USA","city":"Torrington","geoname_id":"5841207","h3_hexagon":590651186810454015,"h3_resolution":3,"downloaders":{"size":124,"mobile":0,"satellite":0,"tor":0,"tor_exit_nodes":0,"vpn":0,"relay":0,"proxy":0,"hosting":0,"service":0},"uploaders":{"size":12,"mobile":0,"satellite":0,"tor":0,"tor_exit_nodes":0,"vpn":0,"relay":0,"proxy":0,"hosting":0,"service":0}},"geometry":{"type":"Point","coordinates":[-104.18439,42.06246]}},{"type":"Feature","properties":{"country_code":"MYS","city":"Sipitang","geoname_id":"1733868","h3_hexagon":591802306765258751,"h3_resolution":3,"downloaders":{"size":123,"mobile":25,"satellite":0,"tor":0,"tor_exit_nodes":0,"vpn":6,"relay":0,"proxy":0,"hosting":0,"service":0},"uploaders":{"size":19,"mobile":0,"satellite":0,"tor":0,"tor_exit_nodes":0,"vpn":0,"relay":0,"proxy":0,"hosting":0,"service":0}},"geometry":{"type":"Point","coordinates":[115.54964,5.07903]}},{"type":"Feature","properties":{"country_code":"CAN","city":"Fort Frances","geoname_id":"5955826","h3_hexagon":590658264916557823,"h3_resolution":3,"downloaders":{"size":118,"mobile":3,"satellite":0,"tor":0,"tor_exit_nodes":0,"vpn":14,"relay":0,"proxy":0,"hosting":0,"service":0},"uploaders":{"size":6,"mobile":0,"satellite":0,"tor":0,"tor_exit_nodes":0,"vpn":5,"relay":0,"proxy":0,"hosting":0,"service":0}},"geometry":{"type":"Point","coordinates":[-93.4003,48.61667]}},{"type":"Feature","properties":{"country_code":"YEM","city":"Aden","geoname_id":"415189","h3_hexagon":591427785617047551,"h3_resolution":3,"downloaders":{"size":118,"mobile":0,"satellite":49,"tor":0,"tor_exit_nodes":0,"vpn":4,"relay":0,"proxy":0,"hosting":0,"service":0},"uploaders":{"size":3,"mobile":0,"satellite":0,"tor":0,"tor_exit_nodes":0,"vpn":0,"relay":0,"proxy":0,"hosting":0,"service":0}},"geometry":{"type":"Point","coordinates":[45.03667,12.77944]}},{"type":"Feature","properties":{"country_code":"BOL","city":"Cobija","geoname_id":"3919998","h3_hexagon":592421469250650111,"h3_resolution":3,"downloaders":{"size":111,"mobile":33,"satellite":0,"tor":0,"tor_exit_nodes":0,"vpn":0,"relay":0,"proxy":0,"hosting":0,"service":0},"uploaders":{"size":10,"mobile":0,"satellite":0,"tor":0,"tor_exit_nodes":0,"vpn":0,"relay":0,"proxy":0,"hosting":0,"service":0}},"geometry":{"type":"Point","coordinates":[-68.76918,-11.02671]}},{"type":"Feature","properties":{"country_code":"NPL","city":"Pokhara","geoname_id":"1282898","h3_hexagon":591030518322036735,"h3_resolution":3,"downloaders":{"size":110,"mobile":0,"satellite":0,"tor":0,"tor_exit_nodes":0,"vpn":0,"relay":0,"proxy":0,"hosting":0,"service":0},"uploaders":{"size":15,"mobile":0,"satellite":0,"tor":0,"tor_exit_nodes":0,"vpn":0,"relay":0,"proxy":0,"hosting":0,"service":0}},"geometry":{"type":"Point","coordinates":[83.96851,28.26689]}},{"type":"Feature","properties":{"country_code":"GRL","city":"Nuuk","geoname_id":"3421319","h3_hexagon":590092360025636863,"h3_resolution":3,"downloaders":{"size":107,"mobile":27,"satellite":0,"tor":0,"tor_exit_nodes":0,"vpn":0,"relay":0,"proxy":0,"hosting":0,"service":0},"uploaders":{"size":7,"mobile":1,"satellite":0,"tor":0,"tor_exit_nodes":0,"vpn":0,"relay":0,"proxy":0,"hosting":0,"service":0}},"geometry":{"type":"Point","coordinates":[-51.72157,64.18347]}},{"type":"Feature","properties":{"country_code":"USA","city":"Soldotna","geoname_id":"5874678","h3_hexagon":590188567293067263,"h3_resolution":3,"downloaders":{"size":107,"mobile":0,"satellite":0,"tor":0,"tor_exit_nodes":0,"vpn":0,"relay":0,"proxy":0,"hosting":0,"service":0},"uploaders":{"size":9,"mobile":0,"satellite":0,"tor":0,"tor_exit_nodes":0,"vpn":0,"relay":0,"proxy":0,"hosting":0,"service":0}},"geometry":{"type":"Point","coordinates":[-151.05833,60.48778]}},{"type":"Feature","properties":{"country_code":"LKA","city":"Kandy","geoname_id":"1241622","h3_hexagon":591679230182424575,"h3_resolution":3,"downloaders":{"size":107,"mobile":10,"satellite":0,"tor":0,"tor_exit_nodes":0,"vpn":0,"relay":0,"proxy":0,"hosting":0,"service":0},"uploaders":{"size":3,"mobile":0,"satellite":0,"tor":0,"tor_exit_nodes":0,"vpn":0,"relay":0,"proxy":0,"hosting":0,"service":0}},"geometry":{"type":"Point","coordinates":[80.6336,7.2906]}},{"type":"Feature","properties":{"country_code":"USA","city":"Marquette","geoname_id":"5000947","h3_hexagon":590662388085161983,"h3_resolution":3,"downloaders":{"size":104,"mobile":0,"satellite":0,"tor":0,"tor_exit_nodes":0,"vpn":0,"relay":0,"proxy":0,"hosting":0,"service":0},"uploaders":{"size":11,"mobile":0,"satellite":0,"tor":0,"tor_exit_nodes":0,"vpn":0,"relay":0,"proxy":0,"hosting":0,"service":0}},"geometry":{"type":"Point","coordinates":[-87.39542,46.54354]}},{"type":"Feature","properties":{"country_code":"IND","city":"Jabalpur","geoname_id":"1269633","h3_hexagon":591055188614184959,"h3_resolution":3,"downloaders":{"size":102,"mobile":77,"satellite":0,"tor":0,"tor_exit_nodes":0,"vpn":0,"relay":0,"proxy":0,"hosting":0,"service":0},"uploaders":{"size":5,"mobile":5,"satellite":0,"tor":0,"tor_exit_nodes":0,"vpn":0,"relay":0,"proxy":0,"hosting":0,"service":0}},"geometry":{"type":"Point","coordinates":[79.95006,23.16697]}},{"type":"Feature","properties":{"country_code":"URY","city":"Carmelo","geoname_id":"3443341","h3_hexagon":593398041734545407,"h3_resolution":3,"downloaders":{"size":99,"mobile":0,"satellite":0,"tor":0,"tor_exit_nodes":0,"vpn":0,"relay":0,"proxy":0,"hosting":0,"service":0},"uploaders":{"size":17,"mobile":0,"satellite":0,"tor":0,"tor_exit_nodes":0,"vpn":0,"relay":0,"proxy":0,"hosting":0,"service":0}},"geometry":{"type":"Point","coordinates":[-58.28402,-34.00023]}},{"type":"Feature","properties":{"country_code":"KEN","city":"Kisumu","geoname_id":"191245","h3_hexagon":592125219586441215,"h3_resolution":3,"downloaders":{"size":96,"mobile":73,"satellite":0,"tor":0,"tor_exit_nodes":0,"vpn":0,"relay":0,"proxy":0,"hosting":0,"service":0},"uploaders":{"size":6,"mobile":5,"satellite":0,"tor":0,"tor_exit_nodes":0,"vpn":0,"relay":0,"proxy":0,"hosting":0,"service":0}},"geometry":{"type":"Point","coordinates":[34.76171,-0.10221]}},{"type":"Feature","properties":{"country_code":"ARG","city":"Huinca Renancó","geoname_id":"3853974","h3_hexagon":593407318863904767,"h3_resolution":3,"downloaders":{"size":95,"mobile":3,"satellite":0,"tor":0,"tor_exit_nodes":0,"vpn":2,"relay":0,"proxy":0,"hosting":0,"service":0},"uploaders":{"size":5,"mobile":0,"satellite":0,"tor":0,"tor_exit_nodes":0,"vpn":0,"relay":0,"proxy":0,"hosting":0,"service":0}},"geometry":{"type":"Point","coordinates":[-64.3746,-34.84131]}},{"type":"Feature","properties":{"country_code":"MDG","city":"Ivato","geoname_id":"1063858","h3_hexagon":592825196176474111,"h3_resolution":3,"downloaders":{"size":95,"mobile":16,"satellite":0,"tor":0,"tor_exit_nodes":0,"vpn":1,"relay":0,"proxy":0,"hosting":0,"service":0},"uploaders":{"size":12,"mobile":4,"satellite":0,"tor":0,"tor_exit_nodes":0,"vpn":0,"relay":0,"proxy":0,"hosting":0,"service":0}},"geometry":{"type":"Point","coordinates":[47.48333,-18.8]}},{"type":"Feature","properties":{"country_code":"IND","city":"Kalaburagi","geoname_id":"1270752","h3_hexagon":591669540736204799,"h3_resolution":3,"downloaders":{"size":94,"mobile":5,"satellite":0,"tor":0,"tor_exit_nodes":0,"vpn":1,"relay":0,"proxy":0,"hosting":0,"service":0},"uploaders":{"size":4,"mobile":0,"satellite":0,"tor":0,"tor_exit_nodes":0,"vpn":0,"relay":0,"proxy":0,"hosting":0,"service":0}},"geometry":{"type":"Point","coordinates":[76.83757,17.33583]}},{"type":"Feature","properties":{"country_code":"PER","city":"Huacho","geoname_id":"3940002","h3_hexagon":592493555981746175,"h3_resolution":3,"downloaders":{"size":92,"mobile":38,"satellite":0,"tor":0,"tor_exit_nodes":0,"vpn":1,"relay":0,"proxy":0,"hosting":0,"service":0},"uploaders":{"size":3,"mobile":0,"satellite":0,"tor":0,"tor_exit_nodes":0,"vpn":0,"relay":0,"proxy":0,"hosting":0,"service":0}},"geometry":{"type":"Point","coordinates":[-77.60584,-11.11718]}},{"type":"Feature","properties":{"country_code":"WSM","city":"Apia","geoname_id":"4035413","h3_hexagon":592682259664863231,"h3_resolution":3,"downloaders":{"size":90,"mobile":0,"satellite":0,"tor":0,"tor_exit_nodes":0,"vpn":0,"relay":0,"proxy":0,"hosting":0,"service":0},"uploaders":{"size":27,"mobile":0,"satellite":0,"tor":0,"tor_exit_nodes":0,"vpn":0,"relay":0,"proxy":0,"hosting":0,"service":0}},"geometry":{"type":"Point","coordinates":[-171.76666,-13.83333]}},{"type":"Feature","properties":{"country_code":"ZAF","city":"Thulamahashi","geoname_id":"949026","h3_hexagon":593293381971476479,"h3_resolution":3,"downloaders":{"size":89,"mobile":0,"satellite":0,"tor":0,"tor_exit_nodes":0,"vpn":2,"relay":0,"proxy":0,"hosting":0,"service":0},"uploaders":{"size":8,"mobile":0,"satellite":0,"tor":0,"tor_exit_nodes":0,"vpn":0,"relay":0,"proxy":0,"hosting":0,"service":0}},"geometry":{"type":"Point","coordinates":[31.19939,-24.72459]}},{"type":"Feature","properties":{"country_code":"KEN","city":"Nakuru","geoname_id":"184622","h3_hexagon":592125150866964479,"h3_resolution":3,"downloaders":{"size":88,"mobile":12,"satellite":0,"tor":0,"tor_exit_nodes":0,"vpn":0,"relay":0,"proxy":0,"hosting":0,"service":0},"uploaders":{"size":7,"mobile":5,"satellite":0,"tor":0,"tor_exit_nodes":0,"vpn":0,"relay":0,"proxy":0,"hosting":0,"service":0}},"geometry":{"type":"Point","coordinates":[36.07225,-0.30719]}},{"type":"Feature","properties":{"country_code":"GHA","city":"Tema","geoname_id":"2294700","h3_hexagon":592032723170754559,"h3_resolution":3,"downloaders":{"size":88,"mobile":1,"satellite":0,"tor":0,"tor_exit_nodes":0,"vpn":8,"relay":0,"proxy":0,"hosting":22,"service":0},"uploaders":{"size":5,"mobile":0,"satellite":0,"tor":0,"tor_exit_nodes":0,"vpn":0,"relay":0,"proxy":0,"hosting":1,"service":0}},"geometry":{"type":"Point","coordinates":[-0.01657,5.6698]}},{"type":"Feature","properties":{"country_code":"CHN","city":"Ganzhou","geoname_id":"1810638","h3_hexagon":591126656869990399,"h3_resolution":3,"downloaders":{"size":88,"mobile":0,"satellite":0,"tor":0,"tor_exit_nodes":0,"vpn":0,"relay":0,"proxy":0,"hosting":0,"service":0},"uploaders":{"size":3,"mobile":0,"satellite":0,"tor":0,"tor_exit_nodes":0,"vpn":0,"relay":0,"proxy":0,"hosting":0,"service":0}},"geometry":{"type":"Point","coordinates":[114.9326,25.84664]}},{"type":"Feature","properties":{"country_code":"PER","city":"Huaraz","geoname_id":"3696378","h3_hexagon":592493349823315967,"h3_resolution":3,"downloaders":{"size":87,"mobile":38,"satellite":0,"tor":0,"tor_exit_nodes":0,"vpn":0,"relay":0,"proxy":0,"hosting":0,"service":0},"uploaders":{"size":3,"mobile":0,"satellite":0,"tor":0,"tor_exit_nodes":0,"vpn":0,"relay":0,"proxy":0,"hosting":0,"service":0}},"geometry":{"type":"Point","coordinates":[-77.52869,-9.52614]}},{"type":"Feature","properties":{"country_code":"CAN","city":"Dawson Creek","geoname_id":"5935804","h3_hexagon":590289928521252863,"h3_resolution":3,"downloaders":{"size":86,"mobile":22,"satellite":0,"tor":0,"tor_exit_nodes":0,"vpn":4,"relay":0,"proxy":0,"hosting":0,"service":0},"uploaders":{"size":9,"mobile":0,"satellite":0,"tor":0,"tor_exit_nodes":0,"vpn":0,"relay":0,"proxy":0,"hosting":0,"service":0}},"geometry":{"type":"Point","coordinates":[-120.2403,55.75984]}},{"type":"Feature","properties":{"country_code":"CRI","city":"Sámara","geoname_id":"3621990","h3_hexagon":591896521167863807,"h3_resolution":3,"downloaders":{"size":85,"mobile":9,"satellite":0,"tor":0,"tor_exit_nodes":0,"vpn":0,"relay":0,"proxy":0,"hosting":0,"service":0},"uploaders":{"size":7,"mobile":0,"satellite":0,"tor":0,"tor_exit_nodes":0,"vpn":0,"relay":0,"proxy":0,"hosting":0,"service":0}},"geometry":{"type":"Point","coordinates":[-85.52809,9.88147]}},{"type":"Feature","properties":{"country_code":"RUS","city":"Balakhta","geoname_id":"1510998","h3_hexagon":590625004689817599,"h3_resolution":3,"downloaders":{"size":84,"mobile":0,"satellite":0,"tor":0,"tor_exit_nodes":0,"vpn":0,"relay":0,"proxy":0,"hosting":0,"service":0},"uploaders":{"size":4,"mobile":0,"satellite":0,"tor":0,"tor_exit_nodes":0,"vpn":0,"relay":0,"proxy":0,"hosting":0,"service":0}},"geometry":{"type":"Point","coordinates":[91.61872,55.38425]}},{"type":"Feature","properties":{"country_code":"AUS","city":"Murrays Beach","geoname_id":"11704437","h3_hexagon":593314822448218111,"h3_resolution":3,"downloaders":{"size":84,"mobile":0,"satellite":0,"tor":0,"tor_exit_nodes":0,"vpn":1,"relay":0,"proxy":0,"hosting":0,"service":0},"uploaders":{"size":7,"mobile":0,"satellite":0,"tor":0,"tor_exit_nodes":0,"vpn":0,"relay":0,"proxy":0,"hosting":0,"service":0}},"geometry":{"type":"Point","coordinates":[151.62116,-33.1175]}},{"type":"Feature","properties":{"country_code":"USA","city":"Wittenberg","geoname_id":"5279483","h3_hexagon":590662250646208511,"h3_resolution":3,"downloaders":{"size":83,"mobile":0,"satellite":0,"tor":0,"tor_exit_nodes":0,"vpn":0,"relay":0,"proxy":0,"hosting":0,"service":0},"uploaders":{"size":5,"mobile":0,"satellite":0,"tor":0,"tor_exit_nodes":0,"vpn":0,"relay":0,"proxy":0,"hosting":0,"service":0}},"geometry":{"type":"Point","coordinates":[-89.16956,44.8272]}},{"type":"Feature","properties":{"country_code":"ZMB","city":"Livingstone","geoname_id":"910111","h3_hexagon":592633606275334143,"h3_resolution":3,"downloaders":{"size":82,"mobile":77,"satellite":0,"tor":0,"tor_exit_nodes":0,"vpn":77,"relay":0,"proxy":0,"hosting":0,"service":0},"uploaders":{"size":4,"mobile":4,"satellite":0,"tor":0,"tor_exit_nodes":0,"vpn":4,"relay":0,"proxy":0,"hosting":0,"service":0}},"geometry":{"type":"Point","coordinates":[25.85425,-17.84194]}},{"type":"Feature","properties":{"country_code":"NGA","city":"Kano","geoname_id":"2335204","h3_hexagon":591520419471687679,"h3_resolution":3,"downloaders":{"size":82,"mobile":75,"satellite":0,"tor":0,"tor_exit_nodes":0,"vpn":0,"relay":0,"proxy":0,"hosting":1,"service":0},"uploaders":{"size":6,"mobile":6,"satellite":0,"tor":0,"tor_exit_nodes":0,"vpn":0,"relay":0,"proxy":0,"hosting":0,"service":0}},"geometry":{"type":"Point","coordinates":[8.51672,12.00012]}},{"type":"Feature","properties":{"country_code":"IDN","city":"Ambon","geoname_id":"1651531","h3_hexagon":592597322391617535,"h3_resolution":3,"downloaders":{"size":82,"mobile":5,"satellite":0,"tor":0,"tor_exit_nodes":0,"vpn":0,"relay":0,"proxy":0,"hosting":0,"service":0},"uploaders":{"size":3,"mobile":0,"satellite":0,"tor":0,"tor_exit_nodes":0,"vpn":0,"relay":0,"proxy":0,"hosting":0,"service":0}},"geometry":{"type":"Point","coordinates":[128.18333,-3.69583]}},{"type":"Feature","properties":{"country_code":"CAN","city":"Shelburne","geoname_id":"6145887","h3_hexagon":590728771099688959,"h3_resolution":3,"downloaders":{"size":80,"mobile":0,"satellite":0,"tor":0,"tor_exit_nodes":0,"vpn":0,"relay":0,"proxy":0,"hosting":0,"service":0},"uploaders":{"size":3,"mobile":0,"satellite":0,"tor":0,"tor_exit_nodes":0,"vpn":0,"relay":0,"proxy":0,"hosting":0,"service":0}},"geometry":{"type":"Point","coordinates":[-65.32355,43.76325]}},{"type":"Feature","properties":{"country_code":"CAN","city":"Revelstoke","geoname_id":"6121621","h3_hexagon":590301610832297983,"h3_resolution":3,"downloaders":{"size":76,"mobile":0,"satellite":0,"tor":0,"tor_exit_nodes":0,"vpn":0,"relay":0,"proxy":0,"hosting":0,"service":0},"uploaders":{"size":5,"mobile":0,"satellite":0,"tor":0,"tor_exit_nodes":0,"vpn":0,"relay":0,"proxy":0,"hosting":0,"service":0}},"geometry":{"type":"Point","coordinates":[-118.1953,50.99712]}},{"type":"Feature","properties":{"country_code":"GBR","city":"Saxmundham","geoname_id":"2638464","h3_hexagon":590416647236354047,"h3_resolution":3,"downloaders":{"size":74,"mobile":0,"satellite":0,"tor":0,"tor_exit_nodes":0,"vpn":2,"relay":0,"proxy":0,"hosting":0,"service":0},"uploaders":{"size":5,"mobile":0,"satellite":0,"tor":0,"tor_exit_nodes":0,"vpn":0,"relay":0,"proxy":0,"hosting":0,"service":0}},"geometry":{"type":"Point","coordinates":[1.48805,52.21497]}},{"type":"Feature","properties":{"country_code":"CAN","city":"Grande Cache","geoname_id":"5964304","h3_hexagon":590305115525611519,"h3_resolution":3,"downloaders":{"size":65,"mobile":0,"satellite":0,"tor":0,"tor_exit_nodes":0,"vpn":1,"relay":0,"proxy":0,"hosting":0,"service":0},"uploaders":{"size":10,"mobile":0,"satellite":0,"tor":0,"tor_exit_nodes":0,"vpn":0,"relay":0,"proxy":0,"hosting":0,"service":0}},"geometry":{"type":"Point","coordinates":[-119.13585,53.88335]}},{"type":"Feature","properties":{"country_code":"VUT","city":"Port-Vila","geoname_id":"2135171","h3_hexagon":592753521762238463,"h3_resolution":3,"downloaders":{"size":56,"mobile":10,"satellite":0,"tor":0,"tor_exit_nodes":0,"vpn":3,"relay":0,"proxy":0,"hosting":0,"service":0},"uploaders":{"size":5,"mobile":4,"satellite":0,"tor":0,"tor_exit_nodes":0,"vpn":0,"relay":0,"proxy":0,"hosting":0,"service":0}},"geometry":{"type":"Point","coordinates":[168.31366,-17.73648]}},{"type":"Feature","properties":{"country_code":"USA","city":"Mammoth Lakes","geoname_id":"5370006","h3_hexagon":590702520259575807,"h3_resolution":3,"downloaders":{"size":53,"mobile":0,"satellite":0,"tor":0,"tor_exit_nodes":0,"vpn":0,"relay":0,"proxy":0,"hosting":0,"service":0},"uploaders":{"size":3,"mobile":0,"satellite":0,"tor":0,"tor_exit_nodes":0,"vpn":0,"relay":0,"proxy":0,"hosting":0,"service":0}},"geometry":{"type":"Point","coordinates":[-118.97208,37.64855]}},{"type":"Feature","properties":{"country_code":"SLB","city":"Honiara","geoname_id":"2108502","h3_hexagon":592766441023864831,"h3_resolution":3,"downloaders":{"size":50,"mobile":0,"satellite":0,"tor":0,"tor_exit_nodes":0,"vpn":0,"relay":0,"proxy":0,"hosting":0,"service":0},"uploaders":{"size":4,"mobile":0,"satellite":0,"tor":0,"tor_exit_nodes":0,"vpn":0,"relay":0,"proxy":0,"hosting":0,"service":0}},"geometry":{"type":"Point","coordinates":[159.95,-9.43333]}},{"type":"Feature","properties":{"country_code":"AUS","city":"Geraldton","geoname_id":"2070998","h3_hexagon":592909721132859391,"h3_resolution":3,"downloaders":{"size":46,"mobile":0,"satellite":0,"tor":0,"tor_exit_nodes":0,"vpn":5,"relay":0,"proxy":0,"hosting":0,"service":0},"uploaders":{"size":9,"mobile":0,"satellite":0,"tor":0,"tor_exit_nodes":0,"vpn":0,"relay":0,"proxy":0,"hosting":0,"service":0}},"geometry":{"type":"Point","coordinates":[114.61459,-28.77897]}},{"type":"Feature","properties":{"country_code":"ZAF","city":"Rustenburg","geoname_id":"958724","h3_hexagon":593294137885720575,"h3_resolution":3,"downloaders":{"size":42,"mobile":10,"satellite":0,"tor":0,"tor_exit_nodes":0,"vpn":2,"relay":0,"proxy":0,"hosting":0,"service":0},"uploaders":{"size":3,"mobile":3,"satellite":0,"tor":0,"tor_exit_nodes":0,"vpn":0,"relay":0,"proxy":0,"hosting":0,"service":0}},"geometry":{"type":"Point","coordinates":[27.24208,-25.66756]}},{"type":"Feature","properties":{"country_code":"VEN","city":"Ciudad Ojeda","geoname_id":"3645527","h3_hexagon":591789318784155647,"h3_resolution":3,"downloaders":{"size":42,"mobile":0,"satellite":0,"tor":0,"tor_exit_nodes":0,"vpn":0,"relay":0,"proxy":0,"hosting":0,"service":0},"uploaders":{"size":3,"mobile":0,"satellite":0,"tor":0,"tor_exit_nodes":0,"vpn":0,"relay":0,"proxy":0,"hosting":0,"service":0}},"geometry":{"type":"Point","coordinates":[-71.3148,10.20161]}},{"type":"Feature","properties":{"country_code":"CAN","city":"Hinton","geoname_id":"5975503","h3_hexagon":590303809855553535,"h3_resolution":3,"downloaders":{"size":37,"mobile":18,"satellite":0,"tor":0,"tor_exit_nodes":0,"vpn":0,"relay":0,"proxy":0,"hosting":0,"service":0},"uploaders":{"size":7,"mobile":7,"satellite":0,"tor":0,"tor_exit_nodes":0,"vpn":0,"relay":0,"proxy":0,"hosting":0,"service":0}},"geometry":{"type":"Point","coordinates":[-117.58567,53.40009]}},{"type":"Feature","properties":{"country_code":"GRC","city":"Palaiá Fókaia","geoname_id":"256173","h3_hexagon":591087899085111295,"h3_resolution":3,"downloaders":{"size":36,"mobile":0,"satellite":0,"tor":0,"tor_exit_nodes":0,"vpn":0,"relay":0,"proxy":0,"hosting":0,"service":0},"uploaders":{"size":5,"mobile":0,"satellite":0,"tor":0,"tor_exit_nodes":0,"vpn":0,"relay":0,"proxy":0,"hosting":0,"service":0}},"geometry":{"type":"Point","coordinates":[23.94792,37.71998]}},{"type":"Feature","properties":{"country_code":"MYS","city":"Sandakan","geoname_id":"1734052","h3_hexagon":591803200118456319,"h3_resolution":3,"downloaders":{"size":36,"mobile":20,"satellite":0,"tor":0,"tor_exit_nodes":0,"vpn":0,"relay":0,"proxy":0,"hosting":0,"service":0},"uploaders":{"size":8,"mobile":0,"satellite":0,"tor":0,"tor_exit_nodes":0,"vpn":0,"relay":0,"proxy":0,"hosting":0,"service":0}},"geometry":{"type":"Point","coordinates":[118.1179,5.8402]}},{"type":"Feature","properties":{"country_code":"KEN","city":"Nkubu","geoname_id":"183296","h3_hexagon":592122264648941567,"h3_resolution":3,"downloaders":{"size":35,"mobile":1,"satellite":0,"tor":0,"tor_exit_nodes":0,"vpn":1,"relay":0,"proxy":0,"hosting":0,"service":0},"uploaders":{"size":5,"mobile":0,"satellite":0,"tor":0,"tor_exit_nodes":0,"vpn":0,"relay":0,"proxy":0,"hosting":0,"service":0}},"geometry":{"type":"Point","coordinates":[37.66618,-0.06929]}},{"type":"Feature","properties":{"country_code":"PHL","city":"Masbate","geoname_id":"1700712","h3_hexagon":591807804323397631,"h3_resolution":3,"downloaders":{"size":31,"mobile":0,"satellite":0,"tor":0,"tor_exit_nodes":0,"vpn":0,"relay":0,"proxy":0,"hosting":0,"service":0},"uploaders":{"size":9,"mobile":0,"satellite":0,"tor":0,"tor_exit_nodes":0,"vpn":0,"relay":0,"proxy":0,"hosting":0,"service":0}},"geometry":{"type":"Point","coordinates":[123.62494,12.37169]}},{"type":"Feature","properties":{"country_code":"CAN","city":"Vanderhoof","geoname_id":"6173361","h3_hexagon":590300030284333055,"h3_resolution":3,"downloaders":{"size":29,"mobile":0,"satellite":0,"tor":0,"tor_exit_nodes":0,"vpn":0,"relay":0,"proxy":0,"hosting":0,"service":0},"uploaders":{"size":7,"mobile":0,"satellite":0,"tor":0,"tor_exit_nodes":0,"vpn":0,"relay":0,"proxy":0,"hosting":0,"service":0}},"geometry":{"type":"Point","coordinates":[-124.01982,54.01657]}},{"type":"Feature","properties":{"country_code":"IND","city":"Bāruni","geoname_id":"1276829","h3_hexagon":591029212651978751,"h3_resolution":3,"downloaders":{"size":29,"mobile":8,"satellite":0,"tor":0,"tor_exit_nodes":0,"vpn":0,"relay":0,"proxy":0,"hosting":1,"service":0},"uploaders":{"size":4,"mobile":0,"satellite":0,"tor":0,"tor_exit_nodes":0,"vpn":0,"relay":0,"proxy":0,"hosting":0,"service":0}},"geometry":{"type":"Point","coordinates":[85.96813,25.47509]}},{"type":"Feature","properties":{"country_code":"MDV","city":"Eydhafushi","geoname_id":"1337606","h3_hexagon":591684384143179775,"h3_resolution":3,"downloaders":{"size":29,"mobile":0,"satellite":0,"tor":0,"tor_exit_nodes":0,"vpn":1,"relay":0,"proxy":0,"hosting":0,"service":0},"uploaders":{"size":4,"mobile":0,"satellite":0,"tor":0,"tor_exit_nodes":0,"vpn":0,"relay":0,"proxy":0,"hosting":0,"service":0}},"geometry":{"type":"Point","coordinates":[73.07078,5.10327]}},{"type":"Feature","properties":{"country_code":"KEN","city":"Busia","geoname_id":"199989","h3_hexagon":592123158002139135,"h3_resolution":3,"downloaders":{"size":29,"mobile":3,"satellite":0,"tor":0,"tor_exit_nodes":0,"vpn":0,"relay":0,"proxy":0,"hosting":0,"service":0},"uploaders":{"size":6,"mobile":0,"satellite":0,"tor":0,"tor_exit_nodes":0,"vpn":0,"relay":0,"proxy":0,"hosting":0,"service":0}},"geometry":{"type":"Point","coordinates":[34.11169,0.46005]}},{"type":"Feature","properties":{"country_code":"ARG","city":"Florentino Ameghino","geoname_id":"3865888","h3_hexagon":593407181424951295,"h3_resolution":3,"downloaders":{"size":22,"mobile":1,"satellite":0,"tor":0,"tor_exit_nodes":0,"vpn":0,"relay":0,"proxy":0,"hosting":0,"service":0},"uploaders":{"size":4,"mobile":0,"satellite":0,"tor":0,"tor_exit_nodes":0,"vpn":0,"relay":0,"proxy":0,"hosting":0,"service":0}},"geometry":{"type":"Point","coordinates":[-62.46701,-34.84405]}},{"type":"Feature","properties":{"country_code":"MDV","city":"Mahibadhoo","geoname_id":"1337605","h3_hexagon":591682666156261375,"h3_resolution":3,"downloaders":{"size":17,"mobile":0,"satellite":0,"tor":0,"tor_exit_nodes":0,"vpn":0,"relay":0,"proxy":0,"hosting":0,"service":0},"uploaders":{"size":3,"mobile":0,"satellite":0,"tor":0,"tor_exit_nodes":0,"vpn":0,"relay":0,"proxy":0,"hosting":0,"service":0}},"geometry":{"type":"Point","coordinates":[72.96893,3.75713]}},{"type":"Feature","properties":{"country_code":"CUB","city":"Havana","geoname_id":"3553478","h3_hexagon":591171324529868799,"h3_resolution":3,"downloaders":{"size":16,"mobile":7,"satellite":0,"tor":0,"tor_exit_nodes":0,"vpn":2,"relay":0,"proxy":0,"hosting":5,"service":2},"uploaders":{"size":4,"mobile":0,"satellite":0,"tor":0,"tor_exit_nodes":0,"vpn":1,"relay":0,"proxy":0,"hosting":4,"service":1}},"geometry":{"type":"Point","coordinates":[-82.38304,23.13302]}},{"type":"Feature","properties":{"country_code":"BGD","city":"East Hetālia","geoname_id":"7476508","h3_hexagon":591041788316221439,"h3_resolution":3,"downloaders":{"size":10,"mobile":1,"satellite":0,"tor":0,"tor_exit_nodes":0,"vpn":0,"relay":0,"proxy":0,"hosting":1,"service":0},"uploaders":{"size":5,"mobile":0,"satellite":0,"tor":0,"tor_exit_nodes":0,"vpn":0,"relay":0,"proxy":0,"hosting":0,"service":0}},"geometry":{"type":"Point","coordinates":[90.3122,22.34187]}},{"type":"Feature","properties":{"country_code":"NGA","city":"Ilorin","geoname_id":"2337639","h3_hexagon":591531414587965439,"h3_resolution":3,"downloaders":{"size":8,"mobile":1,"satellite":0,"tor":0,"tor_exit_nodes":0,"vpn":0,"relay":0,"proxy":0,"hosting":0,"service":0},"uploaders":{"size":3,"mobile":0,"satellite":0,"tor":0,"tor_exit_nodes":0,"vpn":0,"relay":0,"proxy":0,"hosting":0,"service":0}},"geometry":{"type":"Point","coordinates":[4.54214,8.49664]}},{"type":"Feature","properties":{"country_code":"CAF","city":"Bangui","geoname_id":"2389853","h3_hexagon":591864566611181567,"h3_resolution":3,"downloaders":{"size":8,"mobile":1,"satellite":0,"tor":0,"tor_exit_nodes":0,"vpn":0,"relay":0,"proxy":0,"hosting":0,"service":0},"uploaders":{"size":3,"mobile":0,"satellite":0,"tor":0,"tor_exit_nodes":0,"vpn":0,"relay":0,"proxy":0,"hosting":0,"service":0}},"geometry":{"type":"Point","coordinates":[18.55496,4.36122]}},{"type":"Feature","properties":{"country_code":"MMR","city":"Taungdwingyi","geoname_id":"1294041","h3_hexagon":591741352589393919,"h3_resolution":3,"downloaders":{"size":7,"mobile":7,"satellite":0,"tor":0,"tor_exit_nodes":0,"vpn":0,"relay":0,"proxy":0,"hosting":0,"service":0},"uploaders":{"size":3,"mobile":3,"satellite":0,"tor":0,"tor_exit_nodes":0,"vpn":0,"relay":0,"proxy":0,"hosting":0,"service":0}},"geometry":{"type":"Point","coordinates":[95.54531,20.0065]}},{"type":"Feature","properties":{"country_code":"BWA","city":"Selebi-Phikwe","geoname_id":"933099","h3_hexagon":592636011457019903,"h3_resolution":3,"downloaders":{"size":4,"mobile":4,"satellite":0,"tor":0,"tor_exit_nodes":0,"vpn":0,"relay":0,"proxy":0,"hosting":0,"service":0},"uploaders":{"size":3,"mobile":3,"satellite":0,"tor":0,"tor_exit_nodes":0,"vpn":0,"relay":0,"proxy":0,"hosting":0,"service":0}},"geometry":{"type":"Point","coordinates":[27.84296,-21.97895]}}]}